# prontera-vendors price table: what each item sells for, as a range each
# stall rolls inside. Edit freely; the server reads it at startup, and
# registry/tools/prontera-vendors/build_vendors.py keeps existing rows; Id decides.
# 0,0 = no price yet: fill one in and re-run the generator, and the item
# can then show up in the themes it fits.
# Source: kro (RagMAYA, kRO vending), ragnastats (iRO, converted),
# npc (from the NPC price), sibling (a same-named item's price),
# estimate (a model's guess from drops, levels and stats: a ballpark,
# worth checking), manual (changed by hand; kept on re-runs),
# set (fixed in build_vendors.py's PRICE_SET; wins over this file).
# Refined, forged and carded lines are priced in population_vendors.yml.
# BuyersPerDay / SellersPerDay: how many customers a day, at a fair
# price, buy the item from a player's stall / sell it into a player's
# buying store (the mod's customer settings). Whole numbers; the generator
# rewrites them from its rules on every run, so tune those, or the pace
# settings, rather than these columns.
Id,Name,Min,Max,Source,BuyersPerDay,SellersPerDay
105831,+10 [C] Crown of Good and Evil (Night's Watch) Se,0,0,,12,0
105833,+10 [C] Spear of Wrath Shield Box,0,0,,12,0
105835,+10 [C] Two-Handed Dagger of Wrath Box,0,0,,12,0
102812,+10 Almighty Shadow Selection Box,0,0,,12,3
100382,+10 Lv3 Weapon Refine Permission Exchange Hammer,0,0,,12,0
100386,+10 Lv4 Weapon Refine Permission Exchange Hammer,920000,1080000,kro,4,0
103505,+10 Yorscalp Equipment Refine Hammer,87400000,102600000,kro,4,3
102224,+11 Ancient Hero Armor Opening Cube,29440000,34560000,kro,4,0
101653,+11 Helm of Face Chest,0,0,,12,3
100383,+11 Lv3 Weapon Refine Permission Exchange Hammer,0,0,,12,0
100387,+11 Lv4 Weapon Refine Permission Exchange Hammer,0,0,,12,0
105830,+12 [A] Crown of Good and Evil (Night's Watch) Se,82800000,97200000,kro,4,0
105832,+12 [A] Spear of Wrath Shield Box,132940000,156060000,kro,4,0
105834,+12 [A] Two-Handed Dagger of Wrath Box,91999500,107999500,kro,4,0
100384,+12 Lv3 Weapon Refine Permission Exchange Hammer,0,0,,12,0
22932,+13 Armor Upgrade Certificate,450800000,529200000,kro,4,0
22917,+13 Weapon Upgrade Certificate,193200000,226800000,kro,4,0
22933,+14 Armor Upgrade Certificate,0,0,,12,0
22918,+14 Weapon Upgrade Certificate,0,0,,12,0
22934,+15 Armor Upgrade Certificate,0,0,,12,0
22919,+15 Weapon Upgrade Certificate,0,0,,12,0
22935,+16 Armor Upgrade Certificate,0,0,,12,0
22920,+16 Weapon Upgrade Certificate,0,0,,12,0
22936,+17 Armor Upgrade Certificate,0,0,,12,0
22921,+17 Weapon Upgrade Certificate,0,0,,12,0
22937,+18 Armor Upgrade Certificate,0,0,,12,0
22922,+18 Weapon Upgrade Certificate,0,0,,12,0
22938,+19 Armor Upgrade Certificate,0,0,,12,0
22923,+19 Weapon Upgrade Certificate,0,0,,12,0
22924,+5 Armor Upgrade Certificate,0,0,,12,0
22909,+5 Weapon Upgrade Certificate,0,0,,12,0
22925,+6 Armor Upgrade Certificate,0,0,,12,0
22910,+6 Weapon Upgrade Certificate,2760000,3240000,kro,4,0
103635,+7 Refine Hammer for NPC,0,0,,12,0
100381,+9 Lv3 Weapon Refine Permission Exchange Hammer,0,0,,12,0
100385,+9 Lv4 Weapon Refine Permission Exchange Hammer,0,0,,12,0
18940,10 Gallon Hat Of Flame,0,0,,8,0
16674,10 New Life Insurance Box,0,0,,12,0
19027,10 Type Glasses,0,0,,8,0
12784,1000 Zeny Check,0,0,,12,0
12783,10000 Zeny Check,0,0,,12,0
12782,100T Zeny Check,0,0,,12,0
19045,104 Styles Rainbow Feathers,0,0,,8,0
12780,10M Zeny Check,0,0,,12,0
19577,10th Anni Poring Hat,0,0,,8,0
2975,10th Anniversary Badge,0,0,,8,0
102216,11 refine selection cube,90620000,106380000,kro,4,0
4623,11th Anniversary Card,0,0,,6,3
6797,11th Anniversary Coin,0,0,,12,3
19038,12 Anniversary Crown of Saint,0,0,,8,0
19039,12 Anniversary Elf Ears,0,0,,8,0
102215,12 refine selection cube,89240000,104760000,kro,4,0
6024,17Carat Diamond,0,0,,12,0
730,1carat Diamond,6900,8100,ragnastats,51,6
540068,1Lv Book,0,0,,8,0
700070,1Lv Bow,0,0,,8,0
490286,1Lv Clip,0,0,,8,0
510096,1Lv Dagger,0,0,,8,0
650035,1Lv Fuuma Shuriken,0,0,,8,0
830028,1Lv Gatling Gun,0,0,,8,0
410208,1Lv Glasses,0,0,,8,0
840023,1Lv Grenade Launcher,0,0,,8,0
400359,1Lv Hat,0,0,,8,0
480249,1Lv Hood,0,0,,8,0
570040,1Lv Instrument,0,0,,8,0
610047,1Lv Katar,0,0,,8,0
560043,1Lv Knuckle,0,0,,8,0
420178,1Lv Mask,0,0,,8,0
520024,1Lv One-handed Axe.,0,0,,8,0
590056,1Lv One-handed Macee,0,0,,8,0
530040,1Lv One-handed Spear,0,0,,8,0
550108,1Lv One-handed Staff,0,0,,8,0
500067,1Lv One-handed Swords,0,0,,8,0
800029,1Lv Revolver,0,0,,8,0
810029,1Lv Rifle,0,0,,8,0
470178,1Lv Sandals,0,0,,8,0
24778,1Lv Shadow Armor,0,0,,8,0
24782,1Lv Shadow Earring,0,0,,8,0
24783,1Lv Shadow Pendant,0,0,,8,0
24780,1Lv Shadow Shield,0,0,,8,0
24781,1Lv Shadow Shoes,0,0,,8,0
24779,1Lv Shadow Weapon,0,0,,8,0
460048,1Lv Shield,0,0,,8,0
450249,1Lv Shirts,0,0,,8,0
820023,1Lv Shotgun,0,0,,8,0
620023,1Lv Two-handed Axe,0,0,,8,0
630021,1Lv Two-handed Spear,0,0,,8,0
640041,1Lv Two-handed Staff,0,0,,8,0
600035,1Lv Two-handed Swords,0,0,,8,0
580041,1Lv Whip,0,0,,8,0
12781,1M Zeny Check,0,0,,12,0
300291,1st Anniversary Card,0,0,,6,0
15211,1st Anniversary Commemorative Armor,0,0,,8,0
19276,1st Anniversary Commemorative Hat,0,0,,8,0
490147,1st Anniversary Ring,0,0,,8,0
12409,1st Class Pork Belly,0,0,,12,0
490308,1st Golden Ring,0,0,,8,0
7280,1st Quiz Entry,0,0,,12,0
5688,2009 Love Dad,0,0,,8,0
15035,2010 Love Dad,0,0,,8,0
18686,2011 RMSC 1,0,0,,8,0
18687,2011 RMSC 2,0,0,,8,0
18688,2011 RMSC 3,0,0,,8,0
18689,2011 RMSC 4,0,0,,8,0
15059,2011Love Daddy,0,0,,8,0
18831,2012 RWC Special Helmet,0,0,,8,0
15207,2017 RTC Battle Robe,0,0,,8,0
22139,2017 RTC Boots,0,0,,8,0
28516,2017 RTC Ring,0,0,,8,0
19261,2017 RTC Symbols,0,0,,8,0
23663,2018 Material Shadow Cube,0,0,,12,0
20926,2018-RTC Memorial Cloak,0,0,,8,0
400014,2019 RTC Memorial Poring Pool,0,0,,8,0
25863,2019 Superstar R Ticket,1700,2000,estimate,12,18
9586,2019 Superstar R Ticket Box,714000,838500,estimate,7,0
400082,2020RTC Naughty Ghost,0,0,,8,0
410102,2021RTC 3rd Place Gaming Headset,0,0,,8,0
410100,2021RTC Champion Gaming Headset,0,0,,8,0
400164,2021RTC Gaming Headset,0,0,,8,0
410101,2021RTC Runner-Up Gaming Headset,0,0,,8,0
480192,2022RTC Memorial Victory Coat,0,0,,8,0
480325,2023 ROS Champion Spark Cloak,0,0,,8,0
480328,2023 ROS Decisive Battle Spark Cloak,0,0,,8,0
480326,2023 ROS Runner Up Spark Cloak,0,0,,8,0
480327,2023 ROS Third Place Spark Cloak,0,0,,8,0
420186,20th Anniversary Balloon,0,0,,8,0
1001009,20th Anniversary Coin,0,0,,12,0
1001038,20th Anniversary Effect (Mid),15640000,18360000,kro,4,0
311459,20th Anniversary Effects,0,0,,6,0
18577,24 Bolt,0,0,,8,0
731,2carat Diamond,16000,18500,kro,76,6
540069,2Lv Book,0,0,,8,0
700071,2Lv Bow,0,0,,8,0
510097,2Lv Dagger,0,0,,8,0
650036,2Lv Fuuma Shuriken,0,0,,8,0
830029,2Lv Gatling Gun,0,0,,8,0
840024,2Lv Grenade Launcher,0,0,,8,0
570041,2Lv Instrument,0,0,,8,0
610049,2Lv Katar,0,0,,8,0
560044,2Lv Knuckle,0,0,,8,0
420179,2Lv Mask,0,0,,8,0
520027,2Lv One-handed Axe.,0,0,,8,0
590057,2Lv One-handed Macee,0,0,,8,0
530041,2Lv One-handed Spear,0,0,,8,0
550110,2Lv One-handed Staff,0,0,,8,0
500068,2Lv One-handed Swords,0,0,,8,0
800030,2Lv Revolver,0,0,,8,0
810030,2Lv Rifle,0,0,,8,0
820024,2Lv Shotgun,0,0,,8,0
620024,2Lv Two-handed Axe,0,0,,8,0
630022,2Lv Two-handed Spear,0,0,,8,0
640042,2Lv Two-handed Staff,0,0,,8,0
600036,2Lv Two-handed Swords,0,0,,8,0
580042,2Lv Whip,0,0,,8,0
575,2nd Anniversary Cake,0,0,,12,0
27417,2nd Anniversary Card,0,0,,6,3
5105,2nd Anniversary Hat,0,0,,8,0
7281,2nd Quiz Entry,0,0,,12,0
9530,300 Points Costume Box,0,0,,12,0
19034,307 Styles Scute,0,0,,8,0
732,3carat Diamond,49500,58000,kro,76,72
12564,3D Glasses Box,17500,20500,estimate,12,0
540071,3Lv Book,0,0,,8,0
700072,3Lv Bow,0,0,,8,0
510098,3Lv Dagger,0,0,,8,0
650037,3Lv Fuuma Shuriken,0,0,,8,0
830030,3Lv Gatling Gun,0,0,,8,0
840025,3Lv Grenade Launcher,0,0,,8,0
570042,3Lv Instrument,0,0,,8,0
610050,3Lv Katar,0,0,,8,0
560045,3Lv Knuckle,0,0,,8,0
520028,3Lv One-handed Axe.,0,0,,8,0
590058,3Lv One-handed Macee,0,0,,8,0
530042,3Lv One-handed Spear,0,0,,8,0
550111,3Lv One-handed Staff,0,0,,8,0
500069,3Lv One-handed Swords,0,0,,8,0
800031,3Lv Revolver,0,0,,8,0
810031,3Lv Rifle,0,0,,8,0
820025,3Lv Shotgun,0,0,,8,0
620025,3Lv Two-handed Axe,0,0,,8,0
630023,3Lv Two-handed Spear,0,0,,8,0
640043,3Lv Two-handed Staff,0,0,,8,0
600037,3Lv Two-handed Swords,0,0,,8,0
580043,3Lv Whip,0,0,,8,0
2672,3rd Anniversary Celebration Ring,0,0,,8,0
102333,3rd Expansion Stone III (Drapping) Box,0,0,,12,0
7282,3rd Quiz Entry,0,0,,12,0
103624,3rd Stone (Lower) Box,0,0,,12,0
103623,3rd Stone (Middle) Box,0,0,,12,0
103622,3rd Stone (Upper) Box,0,0,,12,0
6583,3rd Test Pass,0,0,,12,0
17184,3rd Test Pass Box,0,0,,12,0
100465,3rd/Expanded Stone (Garment) Box,0,0,,12,0
100495,3rd/Expanded Stone II (Garment) Box,0,0,,12,0
540072,4Lv Book,0,0,,8,0
700073,4Lv Bow,0,0,,8,0
510099,4Lv Dagger,0,0,,8,0
650038,4Lv Fuuma Shuriken,0,0,,8,0
830031,4Lv Gatling Gun,0,0,,8,0
840026,4Lv Grenade Launcher,0,0,,8,0
570043,4Lv Instrument,0,0,,8,0
610051,4Lv Katar,0,0,,8,0
560046,4Lv Knuckle,0,0,,8,0
520029,4Lv One-handed Axe.,0,0,,8,0
590059,4Lv One-handed Macee,0,0,,8,0
530043,4Lv One-handed Spear,0,0,,8,0
550112,4Lv One-handed Staff,0,0,,8,0
500070,4Lv One-handed Swords,0,0,,8,0
800032,4Lv Revolver,0,0,,8,0
810032,4Lv Rifle,0,0,,8,0
820026,4Lv Shotgun,0,0,,8,0
620026,4Lv Two-handed Axe,0,0,,8,0
630024,4Lv Two-handed Spear,0,0,,8,0
640044,4Lv Two-handed Staff,0,0,,8,0
600038,4Lv Two-handed Swords,0,0,,8,0
580044,4Lv Whip,0,0,,8,0
100060,4m Enchant Stone Recipe SynthesisBox,920000,1080000,kro,4,0
103309,4th Class Jobs Skills Random Option Grant Cube,0,0,,12,0
1000684,4th Expanded Job Change Guide,0,0,,12,0
1000346,4th Job Guide,0,0,,12,0
7283,4th Quiz Entry,0,0,,12,0
700074,5Lv Bow,0,0,,8,0
840027,5Lv Grenade Launcher,0,0,,8,0
810033,5Lv Rifle,0,0,,8,0
7284,5th Quiz Entry,0,0,,12,0
19041,666 Styles Demon's Ears,0,0,,8,0
410002,7-Eleven Headphones,0,0,,8,0
410003,7-Eleven Headphones,0,0,,8,0
18610,7th Anni Hat B,0,0,,8,0
16359,7th Years Random Box,0,0,,12,0
5936,8 Styles Purgatory Wings,22080000,25920000,kro,2,0
19037,93 Styles Bloody Wings,0,0,,8,0
12671,99lv Battle Manual,0,0,,12,0
22721,? Box,0,0,,12,0
23342,[1 Day] Consignment Merchant Envelope Lv1,266500,313000,kro,7,0
23343,[1 Day] Consignment Merchant Envelope Lv2,345000,405000,kro,7,0
23344,[1 Day] Consignment Merchant Envelope Lv3,597500,701500,kro,7,0
23345,[1 Day] Personal Shopper Envelope Lv1,289500,340000,kro,7,0
23346,[1 Day] Personal Shopper Envelope Lv2,506000,594000,kro,7,0
23347,[1 Day] Personal Shopper Envelope Lv3,722000,847500,kro,7,0
23354,[3 Day] Consignment Merchant Envelope Lv1,772500,907000,kro,7,0
23356,[3 Day] Consignment Merchant Envelope Lv3,1798500,2111000,kro,4,0
23357,[3 Day] Personal Shopper Envelope Lv1,818500,961000,kro,7,0
23359,[3 Day] Personal Shopper Envelope Lv3,1748000,2052000,kro,4,0
300479,[3rd Anniversary] Agony of Royal Knight Card,0,0,,6,3
300480,[3rd Anniversary] Grudge of Royal Knight Card,0,0,,6,3
300481,[3rd Anniversary] Himmelmez Card,0,0,,6,3
105828,[A] Time Gap Dagger Box,0,0,,12,0
105829,[A] Time Gap Kurojin Boxes,0,0,,12,0
105220,[A] Wrathful Spear Shield Box,32200000,37800000,kro,4,0
105219,[A] Wrathful Two-Handed Dagger Box,29900000,35100000,kro,4,0
1001886,[Collab] Kung Fu Coin,0,0,,12,0
1002224,[Collab] Viking Mark,0,0,,12,0
31692,[Costume] Emperor Dragon's Wings,0,0,,8,0
29230,[ECO] Tiny Alma Card,0,0,,6,0
300546,[Event] Alphoccio's Memory,0,0,,6,0
300539,[Event] Cecil's Memory,0,0,,6,0
300543,[Event] Celia's Memory,0,0,,6,0
300544,[Event] Chen's Memory,0,0,,6,0
300536,[Event] Eremes's Memory,0,0,,6,0
300541,[Event] Flamel's Memory,0,0,,6,0
300542,[Event] Flamel's Memory,0,0,,6,0
300535,[Event] Howard's Memory,0,0,,6,0
300537,[Event] Kathryne's Memory,0,0,,6,0
300538,[Event] Margaretha's Memory,0,0,,6,0
17394,[Event] Old Headgear Box,0,0,,12,0
300540,[Event] Randel's Memory,0,0,,6,0
300534,[Event] Seyren's Memory,0,0,,6,0
1001023,[Event] Shard of Infinity Star,0,0,,12,0
22999,[Event] Transformation Pack,1012000,1188000,kro,11,3
300545,[Event] Trentini's Memory,0,0,,6,0
1002822,[Footprints] Flower Garden,138000000,162000000,kro,4,0
22996,[Gift] Neuralizer,64400000,75600000,kro,4,0
20817,[Katsua]Adventurer's Backpack,59800000,70200000,kro,2,0
28719,[Katsua]Lacma,9200000,10800000,kro,2,0
23246,[Limited] Lapine's Thump Box,0,0,,12,0
23664,[Limited] Lapine's Thump Box 2018,0,0,,12,0
400643,[NFS] Crown of Arcane Supremacy,0,0,,8,0
400642,[NFS] Crown of Unyielding Force,0,0,,8,0
23225,[Not For Sale] AGI Biscuit Stick,0,0,,12,3
23221,[Not For Sale] DEX Biscuit Stick,0,0,,12,3
23226,[Not For Sale] INT Biscuit Stick,0,0,,12,3
17888,[Not For Sale] Kafra Card Box (10),0,0,,12,0
23222,[Not For Sale] LUK Biscuit Stick,0,0,,12,3
23223,[Not For Sale] STR Biscuit Stick,138000,162000,kro,7,3
23224,[Not For Sale] VIT Biscuit Stick,0,0,,12,3
25135,[NotForSale] Spiritual Auger,1748000,2052000,kro,4,0
31977,[Rental] Costume Dog Officer,0,0,,8,0
1445,[Rental] Hunting Spear,0,0,,8,0
1689,[Rental] Hunting Wand,0,0,,8,0
420089,[Rental] Sealed Mob Scarf,0,0,,8,0
102121,[Scroll] AGI Biscuit Stick,0,0,,12,0
101336,[Scroll] DEX Biscuit Stick,0,0,,12,0
23388,[Scroll] Food Box,0,0,,12,0
101126,[Scroll] Halloween Candy,0,0,,12,0
101514,[Scroll] INT Biscuit Stick,0,0,,12,0
101513,[Scroll] STR Biscuit Stick,0,0,,12,0
101097,[Scroll] Unlimited Drink,0,0,,12,0
101337,[Scroll] VIT Biscuit Stick,0,0,,12,0
6418,A Grade Coin,0,0,,12,0
12617,A Grade Coin Bag,17,24,npc,12,36
25342,A healthy herb,0,0,,12,0
28510,A Vampire's Servant,1041000,1222000,estimate,2,0
29168,A-Flee,0,0,,6,0
29167,A-Hit,0,0,,6,0
300551,A-Ji and Geffen Card,0,0,,6,3
29169,A-Mdef,0,0,,6,0
29166,A-Tolerance,0,0,,6,0
18679,Abacus In Mouth,0,0,,8,0
7667,Abandoned Machine,0,0,,12,0
31022,Abandoned Teddy Bear Card,2438000,2862000,kro,2,3
1000940,Abbey Candy,0,0,,12,3
490364,Above B.E.2 475,0,0,,8,0
100691,Absolve Shadow Thump Box,0,0,,12,3
101729,Absorb Shadow Selection Box,0,0,,12,3
24685,Absorb Shadow Shield,0,0,,8,0
101726,Absorb Shadow Shield Box,0,0,,12,0
101262,Absorb Shadow Spellbook,1849500,2171000,kro,4,3
24686,Absorb Shadow Weapon,156400000,183600000,kro,2,0
101725,Absorb Shadow Weapon Box,0,0,,12,0
27401,Absorb Sprits Lv 1,0,0,,6,0
6069,Abundance,0,0,,12,0
300142,Abysmal Deviace Card,138000,162000,kro,4,0
300150,Abysmal King Dramoh Card,1587000,1863000,kro,2,0
4140,Abysmal Knight Card,20424000,23976000,kro,16,3
9132,Abysmal Knight Egg,588800000,691200000,kro,4,0
300151,Abysmal Kraken Card,2962500,3478000,estimate,2,0
300143,Abysmal Marse Card,82000,96500,kro,6,0
300144,Abysmal Merman Card,1196000,1404000,kro,2,0
300141,Abysmal Obeaune Card,193000,226500,kro,4,0
300149,Abysmal Phen Card,236500,278000,kro,4,0
300146,Abysmal Sedora Card,200000,234500,kro,4,0
300140,Abysmal Sropho Card,92000,108000,kro,4,0
300148,Abysmal Strouf Card,644000,756000,kro,4,0
300147,Abysmal Swordfish Card,358500,421000,kro,4,0
300145,Abysmal Witch Card,2978500,3496500,estimate,2,0
1331,Abyss Axe,0,0,,8,0
13492,Abyss Blade,0,0,,8,0
32106,Abyss Blade Whip,0,0,,8,0
28627,Abyss Book,0,0,,8,0
312214,Abyss Chaser Soul (Abyss Dagger),0,0,,6,0
313563,Abyss Chaser Soul (Abyss Flame),0,0,,6,0
312215,Abyss Chaser Soul (Abyss Square),0,0,,6,0
312212,Abyss Chaser Soul (Chain Reaction Shot),0,0,,6,0
313385,Abyss Chaser Soul (Chasing Break),0,0,,6,0
313386,Abyss Chaser Soul (Chasing Shot),0,0,,6,0
312211,Abyss Chaser Soul (Deft Stab),0,0,,6,0
312213,Abyss Chaser Soul (Frenzy Shot),0,0,,6,0
312216,Abyss Chaser Soul (From the Abyss),0,0,,6,0
313384,Abyss Chaser Soul (Hit and Sliding),0,0,,6,0
312692,Abyss Chaser Stone (Garment),368000000,432000000,kro,2,0
1001487,Abyss Chaser Stone (Garment),368000000,432000000,kro,4,0
314188,Abyss Chaser Stone II (Garment),0,0,,6,0
1002280,Abyss Chaser Stone II (Garment),0,0,,12,0
1861,Abyss Claw,0,0,,8,0
21046,Abyss Claymore,0,0,,8,0
28753,Abyss Dagger,0,0,,8,0
15204,Abyss Dress,0,0,,8,0
410216,Abyss Ears,0,0,,8,0
24983,Abyss Flame Shadow Earring,805000,945000,kro,4,0
24984,Abyss Flame Shadow Pendant,920000,1080000,kro,2,0
26150,Abyss Foxtail,0,0,,8,0
28250,Abyss Gatling Gun,0,0,,8,0
28252,Abyss Grenade Gun,0,0,,8,0
32300,Abyss Hand Gun,0,0,,8,0
13343,Abyss Huuma,0,0,,8,0
1001550,Abyss Jewel Fragment,3800,4450,kro,36,3
28037,Abyss Katar,0,0,,8,0
28517,Abyss King Ring,0,0,,8,0
300665,Abyss Knight Commander Card,4599500,5399500,kro,2,3
26021,Abyss Lance,0,0,,8,0
16087,Abyss Mace,0,0,,8,0
1001552,Abyss Magic Jewel,8250,9700,kro,36,3
1001555,Abyss Magic Rune,184000,216000,kro,7,3
1001554,Abyss Magic Rune Ore,21000,24500,kro,12,3
1000945,Abyss Mirror,348500,409000,kro,7,3
28249,Abyss Rifle,0,0,,8,0
28950,Abyss Shield,0,0,,8,0
28251,Abyss Shotgun,0,0,,8,0
32017,Abyss Spear,0,0,,8,0
311039,Abyss Square Tuning Device,0,0,,6,0
2053,Abyss Staff,0,0,,8,0
28135,Abyss Two Hand Axe,0,0,,8,0
32105,Abyss Violin,0,0,,8,0
26149,Abyss Wand,0,0,,8,0
18177,Abyss Wing,0,0,,8,0
15254,Abyssal Dress,0,0,,8,0
25899,Abyssal Essence,12500,15000,kro,36,18
310321,Abyssal King,0,0,,6,0
27128,Abyssal Old King Groza Card,0,0,,6,0
300005,Abyssman Card,690000,810000,kro,4,3
18180,AC-B44-OS,46000,54000,kro,8,0
700056,AC-B44-OSAD,0,0,,8,0
1317,Academy Axe,0,0,,8,0
14485,Academy Badge Box,0,0,,12,0
18105,Academy Bow,0,0,,8,0
13065,Academy Eti Knife,0,0,,8,0
14486,Academy Fresh Hat Box,0,0,,12,0
14487,Academy Gradu Cap Box,0,0,,12,0
13064,Academy Knife,0,0,,8,0
16012,Academy Mace,0,0,,8,0
2567,Academy Manteau,0,0,,8,0
2155,Academy Shield,0,0,,8,0
13433,Academy Sword,0,0,,8,0
1656,Academy Wand,0,0,,8,0
2800,Accelerator,82500,97000,npc,8,0
32203,Accelerator Chip,0,0,,8,0
12695,Accessory Card Album,0,0,,12,3
1000428,Accessory Enhancement Ore(High),0,0,,12,3
1000427,Accessory Enhancement Ore(Intermediate),0,0,,12,3
1000426,Accessory Enhancement Ore(Lower),2050,2400,kro,12,3
1000429,Accessory Enhancement Ore(Superior),0,0,,12,3
1000440,Accessory Upgrade Stone(High),851000,999000,kro,7,3
1000439,Accessory Upgrade Stone(Intermediate),230000,270000,kro,7,3
1000438,Accessory Upgrade Stone(Lower),14000,16500,kro,12,3
1000441,Accessory Upgrade Stone(Superior),920000,1080000,kro,4,3
18529,Accurate Wild Rose,0,0,,8,0
102733,Ace Card in Mouth Selection Box,4416000,5184000,kro,4,3
420269,Ace of Clovers in Mouth (Defense),18400000,21600000,kro,2,0
420220,Ace of Diamonds in Mouth (Long Ranged Physical),32200000,37800000,kro,2,0
420210,Ace of Hearts in Mouth (Melee Physical),27600000,32400000,kro,2,0
420213,Ace of Spades in Mouth (Magical),23000000,27000000,kro,2,0
7136,Acid Bottle,425,575,ragnastats,18,0
7129,Acid Bottle Creation Guide,57500,68000,ragnastats,12,3
310393,Acid Demonstration Lv.1,0,0,,6,0
310394,Acid Demonstration Lv.2,0,0,,6,0
310395,Acid Demonstration Lv.3,0,0,,6,0
310396,Acid Demonstration Lv.4,0,0,,6,0
310397,Acid Demonstration Lv.5,0,0,,6,0
310388,Acid Terror Lv.1,0,0,,6,0
310389,Acid Terror Lv.2,0,0,,6,0
310390,Acid Terror Lv.3,0,0,,6,0
310391,Acid Terror Lv.4,0,0,,6,0
310392,Acid Terror Lv.5,0,0,,6,0
17069,Acidbomb Box100,0,0,,12,0
17068,Acidbomb Box50,0,0,,12,0
17070,Acidbomb Box500,0,0,,12,0
1270027,Acidified Shadow Earring,1242000,1458000,kro,2,0
1270028,Acidified Shadow Pendant,920000,1080000,kro,2,0
311033,Acidified Zone Tuning Device,0,0,,6,0
11034,Acol Book Basic,0,0,,12,0
11036,Acol Book Misc,0,0,,12,0
11035,Acol Book Practice,0,0,,12,0
17059,Acolyte Card Album,0,0,,12,0
24248,Acolyte Shadow Earring,6440000,7560000,kro,4,0
24252,Acolyte Shadow Pendant,8694000,10206000,kro,4,0
1026,Acorn,1050,1250,ragnastats,51,36
11629,Acorn Chocolate Ball,0,0,,12,0
12347,Acorn Jelly,0,0,,12,3
312758,Acute Jewel 10Lv,0,0,,6,0
312749,Acute Jewel 1Lv,0,0,,6,0
312750,Acute Jewel 2Lv,0,0,,6,0
312751,Acute Jewel 3Lv,0,0,,6,0
312752,Acute Jewel 4Lv,0,0,,6,0
312753,Acute Jewel 5Lv,0,0,,6,0
312754,Acute Jewel 6Lv,0,0,,6,0
312755,Acute Jewel 7Lv,0,0,,6,0
312756,Acute Jewel 8Lv,0,0,,6,0
312757,Acute Jewel 9Lv,0,0,,6,0
29081,Acute Lv. 1,0,0,,6,0
29090,Acute Lv. 10,0,0,,6,0
29082,Acute Lv. 2,0,0,,6,0
29083,Acute Lv. 3,0,0,,6,0
29084,Acute Lv. 4,0,0,,6,0
29085,Acute Lv. 5,0,0,,6,0
29086,Acute Lv. 6,0,0,,6,0
29087,Acute Lv. 7,0,0,,6,0
29088,Acute Lv. 8,0,0,,6,0
29089,Acute Lv. 9,0,0,,6,0
310794,Adamantine Infinite Lv1,0,0,,6,0
310795,Adamantine Infinite Lv2,0,0,,6,0
310796,Adamantine Infinite Lv3,0,0,,6,0
310797,Adamantine Infinite Lv4,0,0,,6,0
310798,Adamantine Infinite Lv5,0,0,,6,0
312788,Adamantine Jewel 10Lv,0,0,,6,0
312779,Adamantine Jewel 1Lv,0,0,,6,0
312780,Adamantine Jewel 2Lv,0,0,,6,0
312781,Adamantine Jewel 3Lv,0,0,,6,0
312782,Adamantine Jewel 4Lv,0,0,,6,0
312783,Adamantine Jewel 5Lv,0,0,,6,0
312784,Adamantine Jewel 6Lv,0,0,,6,0
312785,Adamantine Jewel 7Lv,0,0,,6,0
312786,Adamantine Jewel 8Lv,0,0,,6,0
312787,Adamantine Jewel 9Lv,0,0,,6,0
29101,Adamantine Lv. 1,0,0,,6,0
29110,Adamantine Lv. 10,0,0,,6,0
29102,Adamantine Lv. 2,0,0,,6,0
29103,Adamantine Lv. 3,0,0,,6,0
29104,Adamantine Lv. 4,0,0,,6,0
29105,Adamantine Lv. 5,0,0,,6,0
29106,Adamantine Lv. 6,0,0,,6,0
29107,Adamantine Lv. 7,0,0,,6,0
29108,Adamantine Lv. 8,0,0,,6,0
29109,Adamantine Lv. 9,0,0,,6,0
550009,Addiction Wand,1380000,1620000,kro,2,0
7029,Admission for Duel,0,0,,12,0
24493,Adora Shadow Earring,920000,1080000,kro,2,0
24492,Adora Shadow Pendant,4554000,5346000,kro,2,0
24491,Adora Shadow Weapon,5934000,6966000,kro,2,0
2057,Adorare Staff,920000,1080000,kro,2,0
12527,Adrenaline Scroll,0,0,,12,0
24355,Adulate Shadow Shoes II,0,0,,12,0
700032,Adulter Fides Aiming Bow,0,0,,8,0
520008,Adulter Fides Axe,0,0,,8,0
700031,Adulter Fides Ballista,0,0,,8,0
540021,Adulter Fides Bible,0,0,,8,0
580017,Adulter Fides Chain Rope,0,0,,8,0
610020,Adulter Fides Chakram,2300000,2700000,kro,2,0
560019,Adulter Fides Claw,0,0,,8,0
650009,Adulter Fides Cross-Shaped Huuma Shuriken,0,0,,8,0
700030,Adulter Fides Crossbow,0,0,,8,0
510032,Adulter Fides Dagger,0,0,,8,0
550026,Adulter Fides Dark Wand,1840000,2160000,kro,2,0
550028,Adulter Fides Foxtail Model,1380000,1620000,kro,2,0
550027,Adulter Fides Foxtail Wand,0,0,,8,0
830003,Adulter Fides Gatling Gun,0,0,,8,0
530013,Adulter Fides Guardian Spear,3220000,3780000,kro,2,0
500025,Adulter Fides Guardian Sword,0,0,,8,0
590022,Adulter Fides Hall,0,0,,8,0
570018,Adulter Fides Harp,0,0,,8,0
650008,Adulter Fides Huuma Shuriken,0,0,,8,0
610021,Adulter Fides Katar,0,0,,8,0
560018,Adulter Fides Knuckle,368000,432000,kro,4,0
630012,Adulter Fides Lance,0,0,,8,0
840002,Adulter Fides Launcher,0,0,,8,0
590021,Adulter Fides Mace,0,0,,8,0
540019,Adulter Fides Magic Book,506000,594000,kro,4,0
540022,Adulter Fides Moon Book,368000,432000,kro,4,0
540020,Adulter Fides Poison Book,920000,1080000,kro,2,0
500026,Adulter Fides Rapier,0,0,,8,0
800003,Adulter Fides Revolver,0,0,,8,0
580018,Adulter Fides Ribbon,1380000,1620000,kro,2,0
810002,Adulter Fides Rifle,0,0,,8,0
640020,Adulter Fides Rod,0,0,,8,0
820002,Adulter Fides Shotgun,0,0,,8,0
550025,Adulter Fides Soul Stick,0,0,,8,0
540023,Adulter Fides Stardust Book,0,0,,8,0
640019,Adulter Fides Two-Handed Staff,0,0,,8,0
600017,Adulter Fides Two-Handed Sword,0,0,,8,0
570017,Adulter Fides Violin,4600000,5400000,kro,2,0
550024,Adulter Fides Wand,4600000,5400000,kro,2,0
101078,Adulter Weapon Modification Box,7176000,8424000,kro,4,3
18776,Advanced Angel's Kiss,8250,9700,npc,8,0
22015,Advanced Angel's Reincarnation,8250,9700,npc,8,0
20710,Advanced Angelic Cardigan,8250,9700,npc,8,0
2183,Advanced Angelic Guard,920000,1080000,kro,2,0
15068,Advanced Angelic Protection,8250,9700,npc,8,0
2119,Advanced Arm Guard,28500,33000,ragnastats,8,0
2120,Advanced Arm Guard,33000,38500,npc,8,0
18774,Advanced Assassin Mask,0,0,,8,0
100168,Advanced Automatic Improvement Device (Magical),2576000,3024000,kro,4,0
100165,Advanced Automatic Improvement Device (Physical),715500,840000,kro,7,0
6882,Advanced Bait,0,0,,12,0
18772,Advanced Binoculars,0,0,,8,0
1001015,Advanced Cookie Box,0,0,,12,0
11064,Advanced Elemental Arts Guide,0,0,,12,0
18773,Advanced Fin Helm,0,0,,8,0
18880,Advanced Jao King Hat,92000,108000,kro,4,0
100649,Advanced Purification Ritual,0,0,,12,0
100750,Advanced Refining Certificate Envelope,128800000,151200000,kro,4,3
2957,Advanced Ring Of Flame Lord,36800000,43200000,kro,3,0
2958,Advanced Ring Of Resonance,36800000,43200000,kro,2,0
2956,Advanced Safety Ring,460000,540000,kro,4,0
24215,Advanced Shadow Shield,4600000,5400000,kro,4,0
24214,Advanced Shadow Shoes,3680000,4320000,kro,4,0
15233,Advanced Simple Suits,0,0,,8,0
1270132,Advanced Trap Shadow Armor,644000,756000,kro,4,0
1270133,Advanced Trap Shadow Shoes,460000,540000,kro,4,0
23780,Advanced Weapon Modifier (Magic),0,0,,12,0
23777,Advanced Weapon Modifier (Physical),0,0,,12,0
12623,Advanced Weapons Box,179000,210500,kro,11,18
18775,Advanced Welding Mask,0,0,,8,0
1316,Adventure Axe,0,0,,8,0
18104,Adventure Bow,0,0,,8,0
420239,Adventure Clover,0,0,,8,0
13063,Adventure Knife,0,0,,8,0
16011,Adventure Mace,0,0,,8,0
1655,Adventure Staff,0,0,,8,0
11001,Adventure Story Vol.1,0,0,,12,3
11009,Adventure Story Vol.2,0,0,,12,3
13432,Adventure Sword,0,0,,8,0
16420,Adventurer Pack,0,0,,12,0
20767,Adventurer's Backpack,0,0,,8,0
23877,Adventurer's Backpack SynthesisBox,3036000,3564000,kro,4,3
1001338,Adventurer's Bag,167500,197000,kro,7,3
19036,Adventurer's Hat,0,0,,8,0
20831,Adventurer's Spirit,765,1000,npc,8,0
2305,Adventurer's Suit,920,1050,kro,8,0
2306,Adventurer's Suit,18000,21500,kro,11,0
15256,Adventurer's Suit,9650,11000,sibling,8,0
2776,Adventurer's Trusty Towel,0,0,,8,0
410349,Adventurous Poring,0,0,,8,0
2348,Aebecee's Raging Typhoon Armor,112500,132000,npc,4,0
2349,Aebecee's Raging Typhoon Armor,112500,132000,npc,4,0
15138,Aegir Armor,0,0,,8,0
20756,Aegir Cloak,0,0,,8,0
19026,Aegir Helm,0,0,,8,0
490091,Aegir Necklace,0,0,,8,0
490090,Aegir Ring,0,0,,8,0
22059,Aegir Shoes,0,0,,8,0
100467,Aegir's Magical Power Box,0,0,,12,0
100466,Aegir's Power Box,0,0,,12,0
100468,Aegirnian Box,0,0,,12,0
450164,Aegirnion Armor,0,0,,8,0
490235,Aegirnion Guardian Sword,2300000,2700000,kro,2,0
400097,Aegirnion Helm,0,0,,8,0
480083,Aegirnion Manteau,0,0,,8,0
490093,Aegirnion Necklace,0,0,,8,0
490092,Aegirnion Ring,0,0,,8,0
470070,Aegirnion Shoes,0,0,,8,0
460094,Aegis of the Illusive,0,0,,8,0
460095,Aegis of the Illusive-LT,0,0,,8,0
480156,Aegis System,0,0,,8,0
2048,Aeon Staff,0,0,,8,0
5011,Aerial,1926000,2261000,ragnastats,2,0
19316,Aeschylus's Hood,0,0,,8,0
300447,Aferde Card,9016000,10584000,kro,2,3
312798,Affection Jewel 10Lv,0,0,,6,0
312789,Affection Jewel 1Lv,0,0,,6,0
312790,Affection Jewel 2Lv,0,0,,6,0
312791,Affection Jewel 3Lv,0,0,,6,0
312792,Affection Jewel 4Lv,0,0,,6,0
312793,Affection Jewel 5Lv,0,0,,6,0
312794,Affection Jewel 6Lv,0,0,,6,0
312795,Affection Jewel 7Lv,0,0,,6,0
312796,Affection Jewel 8Lv,0,0,,6,0
312797,Affection Jewel 9Lv,0,0,,6,0
29111,Affection Lv. 1,0,0,,6,0
29120,Affection Lv. 10,0,0,,6,0
29112,Affection Lv. 2,0,0,,6,0
29113,Affection Lv. 3,0,0,,6,0
29114,Affection Lv. 4,0,0,,6,0
29115,Affection Lv. 5,0,0,,6,0
29116,Affection Lv. 6,0,0,,6,0
29117,Affection Lv. 7,0,0,,6,0
29118,Affection Lv. 8,0,0,,6,0
29119,Affection Lv. 9,0,0,,6,0
5474,AFK Hat,0,0,,8,0
10033,Afro,0,0,,12,0
5258,Afro Wig,0,0,,8,0
4948,After Skill Delay Lv1,0,0,,6,0
4949,After Skill Delay Lv2,0,0,,6,0
4950,After Skill Delay Lv3,0,0,,6,0
29055,After Skill Delay1 Lower,460000,540000,kro,4,0
29054,After Skill Delay1 Middle,460000,540000,kro,4,0
29053,After Skill Delay1 Upper,552000,648000,kro,4,0
7291,Agate,460000,540000,ragnastats,22,9
28049,Agate Filo,0,0,,8,0
4409,Agav Card,2300000,2700000,kro,3,3
25921,Aged Cacao Beans,2850,3400,estimate,12,0
15163,Agenda Robe,0,0,,8,0
19281,Agenda Robe,0,0,,8,0
1290,Agent Katar,33500,39500,npc,8,0
4777,Agi + 1,0,0,,6,0
4778,Agi + 2,0,0,,6,0
4779,Agi + 3,0,0,,6,0
310077,AGI Blessing,0,0,,6,0
12776,Agi Dish20,0,0,,12,0
25009,AGI Exchange Stone(Lower),0,0,,12,0
25004,AGI Exchange Stone(Middle),3680000,4320000,kro,4,0
2919,Agi Glove,62000,72500,npc,8,0
2925,Agi Glove,62000,72500,npc,8,0
312852,AGI I,0,0,,6,0
312853,AGI II,0,0,,6,0
312854,AGI III,0,0,,6,0
312855,AGI IV,0,0,,6,0
22703,AGI Reduction Potion,44000,51500,kro,12,0
15398,AGI Soutane,703500,826000,kro,4,0
6947,AGI Stone (Middle),0,0,,6,0
6638,AGI Stone (Upper),8,12,npc,12,0
4730,AGI+1,0,0,,6,0
4739,AGI+10,0,0,,6,0
4731,AGI+2,0,0,,6,0
4732,AGI+3,0,0,,6,0
29022,AGI+3 LUK-3,0,0,,6,0
29023,AGI+3 STR-3,0,0,,6,0
4733,AGI+4,0,0,,6,0
4734,AGI+5,0,0,,6,0
4735,AGI+6,0,0,,6,0
4736,AGI+7,0,0,,6,0
4737,AGI+8,0,0,,6,0
4738,AGI+9,0,0,,6,0
1000444,Agile Meteorite Fragment,216000,253500,kro,7,3
1000400,Agile Meteorite Powder,7350,8600,kro,12,3
310919,Agility,0,0,,6,0
1002141,Agility Meteorite Extract,0,0,,12,3
311964,Agility of Varmundt Lv1,0,0,,6,0
311965,Agility of Varmundt Lv2,0,0,,6,0
311966,Agility of Varmundt Lv3,0,0,,6,0
311967,Agility of Varmundt Lv4,0,0,,6,0
311968,Agility of Varmundt Lv5,0,0,,6,0
27201,Agnes Card,0,0,,6,3
300356,Agnes Lugenburg (Sign Stamp) Card,0,0,,6,0
27197,Agnes Lugenburg Card,1058000,1242000,kro,2,3
4605,Agony Of Royal Knight Card,777000,912500,kro,4,3
400477,Agricultural Tools,0,0,,8,0
15144,Agriculture Clothes,0,0,,8,0
28044,Agudo Filo,920000,1080000,kro,2,0
1478,Ahlspiess,4599500,5399500,kro,3,0
2199,Ahura Mazdah,0,0,,8,0
510142,Aikuchi-OS,0,0,,8,0
24457,Aimed Shadow Earring,0,0,,12,0
24456,Aimed Shadow Pendant,10119500,11879500,kro,4,0
24455,Aimed Shadow Weapon,17434000,20466000,kro,4,0
18186,Aiming Bow,82500,97000,kro,8,0
18195,Aiming Bow,82500,97000,sibling,8,0
2448,Air Boss,0,0,,8,0
18618,Airplane Hat,4094000,4806000,ragnastats,2,0
27181,Airship Raid Card,441500,518000,kro,4,3
12375,Akaraje,0,0,,12,0
18777,Aladdin Lamp,0,0,,8,0
4244,Alarm Card,151500,178000,kro,5,3
5086,Alarm Mask,138000,162000,ragnastats,7,0
19090,Alarm Mask,138000,162000,sibling,4,0
15451,Albatross's Armor,0,0,,8,0
1191,Alca Bringer,460000,540000,kro,7,0
21004,Alca Bringer,460000,540000,sibling,4,0
23169,Alchemist box,138000,162000,kro,7,3
101471,Alchemist Selection Box,23500,28000,kro,12,3
24272,Alchemist Shadow Armor,1150000,1350000,kro,4,0
24259,Alchemist Shadow Shoes,4600000,5400000,kro,4,0
2854,Alchemy Glove,69000,81000,kro,11,0
970,Alcohol,3650,4300,kro,76,3
7127,Alcohol Creation Guide,167000,196500,ragnastats,7,3
460084,Alice Body Pillow,0,0,,8,0
4253,Alice Card,6440000,7560000,kro,16,3
5137,Alice Doll,0,0,,8,0
9027,Alice Egg,4600000,5400000,kro,5,0
16692,Alice Hat Box,17,24,npc,12,0
490089,Alice Maid Pillow,0,0,,8,0
7047,Alice's Apron,8550,10000,kro,36,6
4401,Alicel Card,1012000,1188000,kro,3,3
9119,Alicel Egg,9154000,10746000,kro,4,0
4402,Aliot Card,920000,1080000,kro,3,3
9118,Aliot Egg,3680000,4320000,kro,4,0
4400,Aliza Card,2208000,2592000,kro,3,3
9120,Aliza Egg,0,0,,12,0
15981,All Above Time (Magic),0,0,,8,0
15983,All Above Time (Melee),0,0,,8,0
15982,All Above Time (Range),0,0,,8,0
312419,All Hit,0,0,,6,0
2834,All In One Ring,0,0,,8,0
2846,All In One Ring,0,0,,8,0
24342,All Race Shadow Shield,0,0,,12,0
24341,All Race Shadow Shoes,0,0,,12,0
100709,All Shadow Cube,2263000,2656500,kro,4,3
310423,All Size Physical Damage Lv.1,0,0,,6,0
310424,All Size Physical Damage Lv.2,0,0,,6,0
310425,All Size Physical Damage Lv.3,0,0,,6,0
310426,All Size Physical Damage Lv.4,0,0,,6,0
310427,All Size Physical Damage Lv.5,0,0,,6,0
102128,All-in-One Buff Potion,1150000,1350000,kro,4,3
102129,All-in-one Healing Potion,874000,1026000,kro,7,3
4252,Alligator Card,207000,243000,kro,5,3
400307,Ally of the Demons,0,0,,8,0
24339,Almighty Shadow Earring,7360000,8640000,kro,4,0
101655,Almighty Shadow Earring Box,0,0,,12,0
24340,Almighty Shadow Pendant,9194500,10794000,kro,4,0
101656,Almighty Shadow Pendant Box,0,0,,12,0
101654,Almighty Shadow Selection Box,0,0,,12,3
101564,Almighty Shadow Spellbook,1840000,2160000,kro,4,3
11535,Almond Chocolate,0,0,,12,0
4515,Alnoldi Card,222500,261000,ragnastats,4,3
704,Aloe,2650,3150,ragnastats,51,3
521,Aloe Leaflet,305,415,ragnastats,54,36
606,Aloevera,19500,23000,kro,54,6
490119,Alpha Core,0,0,,8,0
4567,Alphoccio Card,4140000,4860000,kro,11,3
29607,Alphoccio's Memory,0,0,,6,0
13122,Altair & Ares,1200500,1409000,npc,2,0
13124,Altair & Ares,0,0,,8,0
13134,Altair Ares,0,0,,8,0
400506,Altair Hat,0,0,,8,0
490285,Alternate Clip,0,0,,8,0
4245,Am Mut Card,828000,972000,kro,4,3
9089,Am Mut Egg,22540000,26460000,kro,4,0
6375,Amatsu Bead !,0,0,,12,0
6369,Amatsu Bead A,0,0,,12,0
6373,Amatsu Bead Bo,0,0,,12,0
6372,Amatsu Bead Jam,0,0,,12,0
6370,Amatsu Bead Ma,0,0,,12,0
6374,Amatsu Bead Ree,0,0,,12,0
6371,Amatsu Bead Tsu,0,0,,12,0
6473,Amatsu Orb01,0,0,,12,0
6474,Amatsu Orb02,0,0,,12,0
6475,Amatsu Orb03,0,0,,12,0
6476,Amatsu Orb04,0,0,,12,0
6477,Amatsu Orb05,0,0,,12,0
6478,Amatsu Orb06,0,0,,12,0
6479,Amatsu Orb07,0,0,,12,0
450291,Amazing Grace,0,0,,8,0
1000321,Amber,41000,48500,npc,12,0
4032,Ambernite Card,68500,80000,kro,6,3
4601,Amdarais Card,22540000,26460000,kro,2,3
27383,Amdarais's Phantom Card,414000000,486000000,kro,2,0
9078,Amelit Egg,0,0,,12,0
490290,Ameretat,0,0,,8,0
15065,Amesha Spenta,0,0,,8,0
719,Amethyst,5500,6450,kro,36,6
310298,Amethyst Emblem Lv1,0,0,,6,0
310299,Amethyst Emblem Lv2,0,0,,6,0
310300,Amethyst Emblem Lv3,0,0,,6,0
310301,Amethyst Emblem Lv4,0,0,,6,0
310302,Amethyst Emblem Lv5,0,0,,6,0
310303,Amethyst Emblem Lv6,0,0,,6,0
1000405,Amethyst Fragment,835,1100,kro,12,3
102547,Amethyst Piece Box,0,0,,12,3
490589,Amethyst Ring,0,0,,8,0
20706,Amistr Bag,0,0,,8,0
20784,Amistr Bag,0,0,,8,0
19308,Amistr Beret,0,0,,8,0
23885,Amistr Beret SynthesisBox,0,0,,12,3
23107,Amistr Box,0,0,,12,0
23832,Amistr Cap SynthesisBox,0,0,,12,3
300254,Amitera Card,1380000,1620000,kro,2,3
4236,Amon Ra Card,79604500,93449000,estimate,2,0
17588,Amora Lucky Egg,0,0,,12,0
29445,Amplification 1,0,0,,6,0
29446,Amplification 2,0,0,,6,0
29447,Amplification 3,0,0,,6,0
29448,Amplification 4,0,0,,6,0
29449,Amplification 5,0,0,,6,0
102022,Amplification Blueprint (Crowsword),0,0,,12,0
102029,Amplification Blueprint (Detecting Staff),0,0,,12,0
102030,Amplification Blueprint (Grinder Fengma Shuriken),0,0,,12,0
102019,Amplification Blueprint (Safety Saver),0,0,,12,0
102025,Amplification Blueprint (Saw Ax),0,0,,12,0
102023,Amplification Schematic (Blocking Spear),0,0,,12,0
102020,Amplification Schematic (Gem Detector Mk47),255000,299500,kro,7,0
102018,Amplification Schematic (Metal Detector MK47),0,0,,12,0
102126,Amplification Schematic (Metal Detector MK47-2),0,0,,12,0
102024,Amplification Schematic (Rubber Hammer),0,0,,12,0
102021,Amplification Schematic (Safety Foxtail),0,0,,12,0
102026,Amplification Schematic (Safety Knuckle),0,0,,12,0
102035,Amplification Schematic (Safety Lute),0,0,,12,0
102027,Amplification Schematic (Safety Manual),0,0,,12,0
102031,Amplification Schematic (Volt Shooter),0,0,,12,0
102028,Amplification Schematic (Welding Wand),0,0,,12,0
102032,Amplified Blueprint (Bolt Crusher),0,0,,12,0
312417,Amplified Hatred,0,0,,6,0
102034,Amplified Schematic (Safety Whip),322000,378000,kro,7,0
102033,Amplified Schematic (Volt Revolver),0,0,,12,0
609,Amulet,4950,5800,ragnastats,76,6
490337,Amulet of Genesis Stone,0,0,,8,0
4062,Anacondaq Card,174500,205000,kro,5,3
18637,Ancient Admiral Helm,0,0,,8,0
2507,Ancient Cape,67500,79500,npc,8,0
2525,Ancient Cape,67500,79500,npc,8,0
6482,Ancient City Key,0,0,,12,0
18701,Ancient Civil Man,0,0,,8,0
13062,Ancient Dagger,276000,324000,kro,7,0
19262,Ancient Dragon Crown,0,0,,8,0
27345,Ancient Dragon Zilant Card,0,0,,6,0
5973,Ancient Elven Ear,0,0,,8,0
18570,Ancient Gold Ornament,0,0,,8,0
6499,Ancient Grudge,425,575,npc,12,36
22171,Ancient Hero Boots,179000,210500,kro,4,0
100272,Ancient Hero Boots 9 Refine Permission,0,0,,12,0
100273,Ancient Hero Boots Modification Cube,0,0,,12,0
101512,Ancient Hero Box 1,0,0,,12,0
102413,Ancient Hero Box 2,0,0,,12,0
102414,Ancient Hero Box 3,0,0,,12,0
100023,Ancient Hero Bravery,1128000,1324000,kro,4,3
100271,Ancient Hero Weapon 9 Refine Permission,0,0,,12,3
100025,Ancient Hero Wisdom,1196000,1404000,kro,4,3
1001355,Ancient Hero's Modification Coupon I,0,0,,12,0
1001356,Ancient Hero's Modification Coupon II,0,0,,12,0
1001357,Ancient Hero's Modification Coupon III,0,0,,12,0
100753,Ancient Hero's Release Cube,36500,43000,kro,12,3
102221,Ancient Hero's Weapon Selection Box V,0,0,,12,0
102222,Ancient Hero's Weapon Selection Box VI,0,0,,12,0
102223,Ancient Hero's Weapon Selection Box VII,0,0,,12,0
102217,Ancient Hero's Weapon Selector I,0,0,,12,0
102218,Ancient Hero's Weapon Selector II,0,0,,12,0
102219,Ancient Hero's Weapon Selector III,10580000,12420000,kro,4,0
102220,Ancient Hero's Weapon Selector IV,0,0,,12,0
23806,Ancient Heros Weapon Box,768000,901500,kro,7,3
100437,Ancient Heros Weapon Modification Cube,0,0,,12,3
12381,Ancient Languages Scroll,8,12,npc,12,0
12382,Ancient Languages Scroll,8,12,npc,12,0
1054,Ancient Lips,1900,2250,ragnastats,51,18
1573,Ancient Magic,18000,21500,ragnastats,8,0
470289,Ancient Mechanic Greaves,0,0,,8,0
27293,Ancient Megalith Card,644000,756000,kro,4,3
27375,Ancient Megalith Card,644000,756000,sibling,4,0
20994,Ancient Megalith Cloak,0,0,,8,0
4387,Ancient Mimic Card,920000,1080000,kro,3,3
410254,Ancient Morocc Noble Jewelry,0,0,,8,0
4248,Ancient Mummy Card,101500,119000,ragnastats,5,3
9107,Ancient Mummy Egg,10120000,11880000,kro,4,0
460092,Ancient Prontera Book,0,0,,8,0
470329,Ancient Ranger Shoes,0,0,,8,0
19433,Ancient Resonance,0,0,,8,0
410000,Ancient Resonance,0,0,,8,0
550095,Ancient Royal Scepter,0,0,,8,0
12735,Ancient Rune,2750,3200,kro,51,18
24029,Ancient Shadow Armor,4600000,5400000,kro,4,0
2190,Ancient Shield Of Aeon,0,0,,8,0
27292,Ancient Stalactic Golem Card,1840000,2160000,kro,2,3
27374,Ancient Stalactic Golem Card,1840000,2160000,sibling,2,0
27295,Ancient Stone Shooter Card,910500,1069000,kro,4,3
27377,Ancient Stone Shooter Card,910500,1069000,sibling,4,0
27294,Ancient Tao Gunka Card,2456000,2883000,estimate,2,3
27376,Ancient Tao Gunka Card,0,0,,6,0
1053,Ancient Tooth,9100,10500,ragnastats,51,18
4473,Ancient Tree Card,437000,513000,kro,4,3
27291,Ancient Tri Joint Card,460000,540000,kro,4,3
27373,Ancient Tri Joint Card,460000,540000,sibling,4,0
27298,Ancient Wootan Defender Card,2456000,2883000,estimate,2,3
27380,Ancient Wootan Defender Card,0,0,,6,0
27297,Ancient Wootan Fighter Card,828000,972000,kro,4,3
27379,Ancient Wootan Fighter Card,828000,972000,sibling,4,0
27296,Ancient Wootan Shooter Card,1288000,1512000,kro,2,3
27378,Ancient Wootan Shooter Card,1288000,1512000,sibling,2,0
4249,Ancient Worm Card,1104000,1296000,kro,2,3
20770,Andfreimnir's Manteau,0,0,,8,0
4043,Andre Card,271000,318500,kro,5,3
4013,Andre Egg Card,368000,432000,kro,5,3
4018,Andre Larva Card,0,0,,6,3
24097,Andre Shadow Armor,0,0,,12,0
24098,Andre Shadow Shoes,0,0,,12,0
7834,Andvari's Ring,1,2,npc,12,3
300654,Anemone Card,4600000,5400000,kro,2,3
18786,Anemos Mask,0,0,,8,0
28921,Anemos Shield,0,0,,8,0
5207,Angel Blessing,778500,914000,estimate,4,0
300152,Angel Blessing Effect,0,0,,6,0
1000319,Angel Blessing Effect (Middle),0,0,,12,0
2965,Angel Egg,0,0,,8,0
20826,Angel Feather,0,0,,8,0
6395,Angel Magic Powder,10500,12500,ragnastats,12,18
12316,Angel Of Blessing,0,0,,12,0
14371,Angel of Blessing Box,0,0,,12,0
400344,Angel Of Happiness,0,0,,8,0
22101,Angel Poring Boots,188600000,221400000,kro,2,0
28592,Angel Poring Earrings,0,0,,8,0
28593,Angel Poring Ring,0,0,,8,0
20918,Angel Poring Wing,0,0,,8,0
18814,Angel School Cap,0,0,,8,0
300467,Angel Slug Card,13800000,16200000,kro,2,3
19087,Angel Spirit,27600000,32400000,kro,2,0
2254,Angel Wing,414000,486000,kro,20,0
700065,Angel Wing Bow,1380000,1620000,kro,2,0
5074,Angel Wing Ears,0,0,,8,0
18518,Angel Wing Ears,0,0,,8,0
23845,Angel's Blessing SynthesisBox,0,0,,12,3
25767,Angel's Dream,13500,15500,kro,12,3
5125,Angel's Kiss,92000,108000,kro,7,0
2420,Angel's Reincarnation,184000,216000,kro,7,0
103218,Angel's Song,368000,432000,kro,7,0
1001237,Angel's Tail,0,0,,12,3
5890,Angel's Whisper,0,0,,8,0
300008,Angelgolt Card,161000,189000,kro,4,3
9170,Angelgolt Egg,30697000,36036000,kro,4,0
2521,Angelic Cardigan,34000,40000,ragnastats,8,0
2116,Angelic Guard,27500,32000,kro,11,0
5246,Angelic Helm,0,0,,8,0
2355,Angelic Protection,874000,1026000,kro,4,0
2743,Angelic Ring,134000,157500,ragnastats,7,0
13005,Angelic Wing Dagger,0,0,,8,0
18859,Angeling Bubble,0,0,,8,0
4054,Angeling Card,1380000,1620000,kro,16,3
9088,Angeling Egg,23920000,28080000,kro,4,0
5153,Angeling Hairpin,0,0,,8,0
19047,Angeling Knit Cap,0,0,,8,0
22648,Angeling Package,0,0,,12,3
12350,Angeling Potion,17,24,npc,12,3
14376,Angeling Potion Box,0,0,,12,0
15239,Angeling Robes,0,0,,8,0
15171,Angeling Suit,0,0,,8,0
18838,Angeling Woolly Hat,0,0,,8,0
18922,Angeling Woolly Hat,0,0,,8,0
19152,Angelring Balloon,27600000,32400000,kro,2,0
24162,Angelus Shadow Weapon,1380000,1620000,kro,4,0
310197,Anger Lv1,0,0,,6,0
310198,Anger Lv2,0,0,,6,0
310199,Anger Lv3,0,0,,6,0
310200,Anger Lv4,0,0,,6,0
310201,Anger Lv5,0,0,,6,0
300274,Anger of Thanatos Card,230000,270000,kro,4,3
29140,Anger of the Brave,0,0,,6,0
2276,Angled Glasses,115000,135000,kro,4,0
4513,Angra Mantis Card,920000,1080000,kro,3,3
1599,Angra Manyu,0,0,,8,0
27081,Angry Moonlight Flower Card,103509000,121511000,estimate,2,0
27082,Angry Nine Tail Card,1840000,2160000,kro,2,3
18879,Angry Scorpion Hat,0,0,,8,0
5113,Angry Snarl,644000,756000,kro,7,0
5449,Angry Solo Hat,2760000,3240000,kro,2,0
4578,Angry Student Pyuriel Card,117087000,137450000,estimate,2,0
702,Animal Gore,38000,44500,ragnastats,36,6
7055,Animal Poop,0,0,,12,3
919,Animal Skin,22,32,kro,76,72
5670,Aniv Star Hat,0,0,,8,0
5486,Anniversary Hat,0,0,,8,0
5089,Annoyed Mask,1131500,1328000,ragnastats,2,0
605,Anodyne,4650,5450,ragnastats,54,6
4234,Anolian Card,391000,459000,kro,5,3
7003,Anolian Skin,3400,3950,kro,76,36
4344,Anopheles Card,55000,64500,kro,9,3
1000510,Ant Antennae,10000,12000,estimate,36,18
1014,Ant Jaw,14000,16500,ragnastats,36,36
1000511,Ant Legs,8300,9750,estimate,36,36
16459,Ant Queen Crown Box,0,0,,12,0
16460,Ant Queen Crown Box,0,0,,12,0
1000512,Ant's Jaw,9750,11000,estimate,36,18
7106,Antelope Horn,570,770,ragnastats,51,36
7107,Antelope Skin,9200,10500,kro,36,36
311060,Antenpou Tuning Device,0,0,,6,0
450149,Anti Conjurer Suit,0,0,,8,0
20944,Anti Magic Manteau,0,0,,8,0
15073,Anti-Magic Suits,0,0,,8,0
6128,Antidote,31500,37500,ragnastats,12,3
4596,Antique Book Card,828000,972000,kro,5,3
32108,Antique Cello,0,0,,8,0
32113,Antique Cello,0,0,,8,0
830005,Antique Gatling Gun,0,0,,8,0
25154,Antique Gunpowder,0,0,,12,0
102557,Antiquity Cor (EL-A17T),368000,432000,kro,7,0
102556,Antiquity Cor (Miguel),1462500,1717000,kro,4,0
102573,Antiquity Crash Site (Unidentified Creature),0,0,,12,0
102554,Antiquity Glast Heim (Amdarais),407000,477500,kro,7,0
102551,Antiquity Glast Heim (Curse-swallowed King (Hard),5520000,6480000,kro,4,0
102550,Antiquity Glast Heim (Curse-swallowed King),3404000,3996000,kro,4,0
102552,Antiquity Glast Heim (Phantom of Amdarais),487500,572000,kro,7,0
102553,Antiquity Glast Heim (Phantom of Himmelmez),1288000,1512000,kro,4,0
102555,Antiquity Glast Heim (Realized Amdarais),777000,912500,kro,7,0
102565,Antiquity Issgard (Aquila (First Class)),0,0,,12,0
102564,Antiquity Issgard (Aquila),1380000,1620000,kro,4,0
102566,Antiquity Issgard (Fallen Angel Slug),506000,594000,kro,7,0
102563,Antiquity Issgard (Juncea),1147000,1346500,kro,4,0
102568,Antiquity Issgard (Ultimate Lasgand (Hard)),0,0,,12,0
102567,Antiquity Issgard (Ultimate Lasgand),689000,808500,kro,7,0
102558,Antiquity Mansion (Meow),368000,432000,kro,7,0
102560,Antiquity Mansion (Red Pepper (Kappa)),1426000,1674000,kro,4,0
102561,Antiquity Mansion (Red Pepper (Lambda)),3036000,3564000,kro,4,0
102559,Antiquity Mansion (Sweety),349500,410000,kro,7,0
102947,Antiquity of Ghost Ship (Ghost Ship Captain),1196000,1404000,kro,4,0
102948,Antiquity of Giant Snake (Devouring Tan),1214000,1425500,kro,4,0
103537,Antiquity of Giant Snake (Encroached Tan Hard),0,0,,12,0
102570,Antiquity Remorse (Sakray),0,0,,12,0
102571,Antiquity Somatology Dungeon (Unknown Swordsman),1104000,1296000,kro,4,0
102572,Antiquity Thanatos Tower (Memory of Thanatos),460000,540000,kro,7,0
102569,Antiquity Toy Factory (Celine Kimi),4323500,5075500,kro,4,0
102562,Antiquity Villa (Twisted God),0,0,,12,0
18662,Antler Fedora,3220000,3780000,ragnastats,3,0
6322,Antler Helmet,680,920,npc,12,36
2284,Antlers,184000,216000,kro,4,0
4243,Antonio Card,1150000,1350000,kro,2,3
15249,Antonio's Coat,0,0,,8,0
5136,Antonio's Santa Hat,119500,140500,ragnastats,7,0
4138,Anubis Card,556000,653000,ragnastats,5,3
14380,Anubis Hat Box,0,0,,12,0
5490,Anubis Helm,0,0,,11,0
19180,Anubis Helm,0,0,,8,0
18504,Anubis Helm J,0,0,,8,0
23847,Anubis Helm SynthesisBox,0,0,,12,3
490110,Anulus Ira,0,0,,8,0
986,Anvil,43500,51500,ragnastats,27,3
7811,Anvil,43500,51500,sibling,12,0
6596,Anvil Of Velund,1,2,npc,12,3
4242,Apocalipse Card,573500,673500,ragnastats,4,3
460009,Apocalypse of the Saint,0,0,,8,0
15362,Apollo Armor,0,0,,8,0
450295,Apollo Armor-LT,0,0,,8,0
1000879,Appetite Booster,0,0,,12,0
22071,Applause Sandal,0,0,,8,0
512,Apple,12,18,ragnastats,51,72
13260,Apple Bomb,8400,9850,ragnastats,12,0
6279,Apple Bomb Guidebook,0,0,,12,3
531,Apple Juice,1350,1600,kro,76,18
2285,Apple of Archer,184000,216000,kro,4,0
6108,Apple Pudding,795,1050,ragnastats,12,3
1000951,Apple with a bite,92000,108000,kro,7,3
18887,Aqua Bunny Band,0,0,,8,0
4443,Aqua Elemental Card,1311000,1539000,kro,2,3
2860,Aqua Orb,539000,632500,estimate,4,0
15026,Aqua Robe,46000,54000,kro,8,0
2468,Aqua Shoes,4162000,4886000,ragnastats,2,0
2008,Aqua Staff,0,0,,8,0
720,Aquamarine,4600,5400,kro,51,18
4960,Aquarius,0,0,,6,0
5513,Aquarius Crown,1809500,2124500,ragnastats,2,0
19496,Aquarius Crown,1809500,2124500,sibling,2,0
14496,Aquarius Crown Box,0,0,,12,0
17017,Aquarius Di Scroll Box,0,0,,12,0
5512,Aquarius Diadem,2456000,2883000,ragnastats,2,0
14495,Aquarius Diadem Box,0,0,,12,0
17016,Aquarius Diadem Scroll,0,0,,12,0
15426,Aquarius Mail,0,0,,8,0
20972,Aquarius Manteau,0,0,,8,0
32266,Aquarius Ring,0,0,,8,0
17110,Aquarius Scroll,0,0,,12,0
22231,Aquarius Shoes,0,0,,8,0
26167,Aquarius Staff,0,0,,8,0
29151,Aquarius Stone,0,0,,6,0
313332,Aquarius Stone,0,0,,6,0
32018,Aquatic Spear,46000000,54000000,kro,2,0
100393,Aquatic Spear Remodeling Cube,0,0,,12,0
530019,Aquatic Spear-LT,0,0,,8,0
300382,Aquila Card,197800000,232200000,kro,2,3
480023,Arabian Manteau,0,0,,8,0
1713,Arbalest,44000,51500,kro,8,0
1715,Arbalest,46000,54000,kro,8,0
24967,Arbit Shadow Earring,4048000,4752000,kro,2,0
24968,Arbit Shadow Pendant,4416000,5184000,kro,2,0
420246,Arbitrator Shawl,0,0,,8,0
311050,Arbitrium Tuning Device,0,0,,6,0
4241,Arc Angeling Card,1840000,2160000,kro,3,3
4629,Arc Elder Card,1748000,2052000,kro,11,3
1610,Arc Wand,37000,43500,npc,8,0
1611,Arc Wand,37000,43500,npc,8,0
1612,Arc Wand,0,0,,8,0
29585,Arcana,0,0,,6,0
1340,Arcanite Hammer,0,0,,8,0
15082,Arcbishop Battle Armor,0,0,,8,0
19154,Arch Angelring Balloon,82800000,97200000,kro,2,0
27059,Arch Bishop Magaleta (MVP) Card,0,0,,6,0
4675,Arch Bishop Magaleta Card,2704500,3175000,estimate,2,3
28430,Arch Bishop Ring,0,0,,8,0
24292,Arch Bishop Shadow Weapon,18400000,21600000,kro,4,0
312244,Arch Mage Soul (Crimson Arrow),0,0,,6,0
312243,Arch Mage Soul (Floral Flare Road),0,0,,6,0
312246,Arch Mage Soul (Frozen Slash),0,0,,6,0
312242,Arch Mage Soul (Mystery Illusion),0,0,,6,0
312245,Arch Mage Soul (Rain of Crystal),0,0,,6,0
312250,Arch Mage Soul (Rock Down),0,0,,6,0
312241,Arch Mage Soul (Soul Vulcan Strike),0,0,,6,0
312248,Arch Mage Soul (Storm Cannon),0,0,,6,0
312249,Arch Mage Soul (Stratum Tremor),0,0,,6,0
312247,Arch Mage Soul (Tornado Storm),0,0,,6,0
313359,Arch Mage Stone (Garment),538200000,631800000,kro,2,0
1001787,Arch Mage Stone (Garment),538200000,631800000,kro,4,0
300010,Arch Plasma Card,575000,675000,kro,4,3
20500,Archangel Wing,0,0,,8,0
20768,Archangel Wing,0,0,,8,0
23864,Archangel Wing Combination,2760000,3240000,kro,4,3
22027,Archbishop Battle Boots,0,0,,8,0
100325,Archbishop Shadow Cube,0,0,,12,0
24305,Archbishop Shadow Shield,36110000,42390000,kro,4,0
311358,Archbishop Stone (Bottom),62560000,73440000,kro,2,0
1000859,Archbishop Stone (Bottom),62560000,73440000,kro,4,0
25709,Archbishop Stone (Garment),49220000,57780000,kro,4,0
29516,Archbishop Stone (Garment),49220000,57780000,kro,2,0
311357,Archbishop Stone (Middle),57960000,68040000,kro,2,0
1000858,Archbishop Stone (Middle),57960000,68040000,kro,4,0
311356,Archbishop Stone (Top),62560000,73440000,kro,2,0
1000857,Archbishop Stone (Top),62560000,73440000,kro,4,0
310011,Archbishop Stone II (Garment),9094000,10675500,kro,2,0
1000019,Archbishop Stone II (Garment),9094000,10675500,kro,4,0
314183,Archbishop Stone II (Lower),23000000,27000000,kro,2,0
1002275,Archbishop Stone II (Lower),23000000,27000000,kro,4,0
314182,Archbishop Stone II (Middle),57960000,68040000,kro,2,0
1002274,Archbishop Stone II (Middle),57960000,68040000,kro,4,0
314181,Archbishop Stone II (Upper),64400000,75600000,kro,2,0
1002273,Archbishop Stone II (Upper),64400000,75600000,kro,4,0
4805,Archbishop1Lv,0,0,,6,0
4850,Archbishop2Lv,0,0,,6,0
4851,Archbishop3Lv,0,0,,6,0
4852,Archbishop4Lv,0,0,,6,0
4371,Archdam Card,690000,810000,kro,4,3
11031,Archer Book Basic,0,0,,12,0
11033,Archer Book Misc,0,0,,12,0
11032,Archer Book Practice,0,0,,12,0
17061,Archer Card Album,0,0,,12,0
28392,Archer Shadow Earring,3220000,3780000,kro,4,0
24255,Archer Shadow Pendant,2760000,3240000,kro,4,0
4094,Archer Skeleton Card,460000,540000,kro,5,3
314667,Archmage Stone II (Garment),230000000,270000000,kro,2,0
1002405,Archmage Stone II (Garment),230000000,270000000,kro,4,0
4240,Arclouze Card,38500,45000,ragnastats,6,3
18125,Arcus Daemonicus,0,0,,8,0
300177,Arena Arhi Card,53360000,62640000,kro,2,0
300184,Arena Blut Hase Card,43700000,51300000,kro,2,0
300181,Arena Bully Card,39560000,46440000,kro,2,0
6365,Arena Coin,0,0,,12,0
300178,Arena Dio Anemos Card,0,0,,6,0
300191,Arena Dwigh Card,0,0,,6,0
300190,Arena Fay Kanavian Card,0,0,,6,0
300182,Arena Faymont Card,0,0,,6,0
300180,Arena Gangster Card,0,0,,6,0
300186,Arena Ifodes Card,50370000,59130000,kro,2,0
300189,Arena Ju Card,0,0,,6,0
300185,Arena Kuro Akuma Card,58880000,69120000,kro,2,0
300188,Arena Licheniyes Card,32200000,37800000,kro,2,0
300187,Arena Odoric Card,0,0,,6,0
300183,Arena Ordre Card,0,0,,6,0
300179,Arena Shoplifter Card,0,0,,6,0
310759,Ares,0,0,,6,0
32023,Argen Blanco,920000,1080000,kro,2,0
32028,Argen Blanco,920000,1080000,sibling,2,0
4114,Argiope Card,552000,648000,kro,5,3
4075,Argos Card,168000,197000,ragnastats,5,3
27249,Arhi Card,1840000,2160000,kro,2,0
16631,Aributa Scroll,0,0,,12,0
4961,Aries,0,0,,6,0
300097,Aries Card,2300000,2700000,kro,2,3
450129,Aries Mail,0,0,,8,0
480022,Aries Manteau,0,0,,8,0
490028,Aries Ring,0,0,,8,0
17050,Aries Scroll,0,0,,12,0
17117,Aries Scroll,0,0,,12,0
17051,Aries Scroll Box,0,0,,12,0
460002,Aries Shield,0,0,,8,0
470024,Aries Shoes,0,0,,8,0
32031,Aries Spear,0,0,,8,0
313333,Aries Stone,0,0,,6,0
2117,Arm Guard,8250,9700,npc,8,0
2118,Arm Guard,0,0,,8,0
24475,Arm Shadow Earring,1518000,1782000,kro,4,0
24474,Arm Shadow Pendant,2300000,2700000,kro,4,0
24473,Arm Shadow Weapon,3588000,4212000,kro,4,0
490295,Armaia Belt,0,0,,8,0
4575,Armed Guard Soheon Card,708000,831500,kro,4,3
4347,Armeyer Dinze Card,483000,567000,kro,4,3
639,Armlet of Obedience,1012000,1188000,kro,16,3
22943,Armor +10 Refine Ticket,75900000,89100000,kro,4,0
22930,Armor +11 Refine Ticket,144900000,170100000,kro,4,0
22931,Armor +12 Refine Ticket,335800000,394200000,kro,4,0
22926,Armor +7 Refine Ticket,9154000,10746000,kro,4,0
22927,Armor +8 Refine Ticket,18400000,21600000,kro,4,0
22928,Armor +9 Refine Ticket,46000000,54000000,kro,4,0
12691,Armor Card Album,0,0,,12,3
2656,Armor Charm,92000,108000,kro,7,0
1000424,Armor Enhancement Ore(Intermediate),0,0,,12,3
1000423,Armor Enhancement Ore(Lower),9200,10500,kro,12,3
1000425,Armor Enhancement Ore(Superior),0,0,,12,3
25920,Armor Enhancment Gemstone(Advanced),0,0,,12,3
100694,Armor Modification Box (Lower),0,0,,12,0
100695,Armor Modification Box (Middle),0,0,,12,0
100786,Armor Modification Box (Upper),0,0,,12,0
15049,Armor Of Faith,0,0,,8,0
15090,Armor of Gray,0,0,,8,0
2389,Armor of Naga,230000,270000,kro,7,0
15417,Armor of Purple Thread,0,0,,8,0
15050,Armor Of Sanctity,0,0,,8,0
15045,Armor Of Valor,0,0,,8,0
15419,Armor of White Thread,0,0,,8,0
7210,Armor Piece of Dullahan,9200,10500,kro,36,18
12751,Armor Scroll,0,0,,12,0
1000436,Armor Upgrade Stone(High),0,0,,12,3
1000435,Armor Upgrade Stone(Intermediate),46000,54000,kro,12,3
1000434,Armor Upgrade Stone(Lower),41000,48500,kro,12,3
1000437,Armor Upgrade Stone(Superior),0,0,,12,3
13215,Armor-Piercing Bullet,4,6,npc,12,0
22744,Armor-Piercing Cartridge,2550,3000,ragnastats,12,0
490281,Armored Drive Gear,0,0,,8,0
2447,Army Boots,0,0,,8,0
2261,Army Cap,184000,216000,kro,4,0
5685,Army Cap,184000,216000,sibling,4,0
15024,Army Padding,0,0,,8,0
1001089,Aromatic Flower,19000,22500,estimate,12,0
11612,Aromatic Popcorn,0,0,,12,0
28429,Arquien's Necklace,0,0,,8,0
470080,Arrogant Thoughtform Shoes,0,0,,8,0
470081,Arrogant Thoughtform Shoes,0,0,,8,0
1750,Arrow,1,2,ragnastats,27,0
1766,Arrow of Counter Evil,34,47,npc,12,0
12575,Arrow Of Elf Cntr,25500,30000,ragnastats,54,3
1767,Arrow of Shadow,4,6,ragnastats,12,0
1755,Arrow of Wind,4,6,ragnastats,12,0
24458,Arrow Shadow Armor,2392000,2808000,kro,4,0
24459,Arrow Shadow Shield,920000,1080000,kro,4,0
24460,Arrow Shadow Shoes,0,0,,12,0
311044,Arrow Storm Tuning Device,0,0,,6,0
310453,Arrow Vulcan Lv.1,0,0,,6,0
310454,Arrow Vulcan Lv.2,0,0,,6,0
310455,Arrow Vulcan Lv.3,0,0,,6,0
310456,Arrow Vulcan Lv.4,0,0,,6,0
310457,Arrow Vulcan Lv.5,0,0,,6,0
24505,Arrow Vulcan Shadow Earring,0,0,,8,0
24504,Arrow Vulcan Shadow Pendant,0,0,,8,0
24503,Arrow Vulcan Shadow Weapon,4232000,4968000,kro,2,0
1001243,Arwin Manic Hat,0,0,,12,3
300715,As Card,15640000,18360000,sibling,2,3
300719,As Card,15640000,18360000,kro,2,3
13069,As-nail,46000,54000,npc,8,0
11516,Asai Fruit,12,18,ragnastats,12,3
5505,Asara Fairy Hat,0,0,,8,0
5897,Ascendant Crown,0,0,,8,0
12084,Ascending Dragon Soup,0,0,,12,3
18550,Asgard Blessing,0,0,,8,0
16774,Asgard Scroll,0,0,,12,0
300211,Ash Toad Card,459000,538500,kro,4,3
490320,Ashes Ring,0,0,,8,0
300218,Ashhopper Card,2760000,3240000,kro,2,3
300219,Ashring Card,409000,480500,kro,4,3
6986,ASPD Reactor Blueprint,0,0,,12,0
25068,ASPD Stone (Upper),16560000,19440000,kro,4,0
1000520,ASPD Stone(Dual),3220000,3780000,kro,4,0
4991,ASPD Supplement Reactor,0,0,,9,0
310654,ASPD+1(Dual),3220000,3780000,kro,2,0
12524,Aspersio Scroll Lv 5,0,0,,12,0
2541,Asprika,255,345,ragnastats,8,0
12554,Asprika Piece Box,0,0,,12,0
490351,Assassin Amulet,0,0,,8,0
4359,Assassin Cross Card,102250000,120032500,estimate,2,0
25716,Assassin Cross Stone (Bottom),1840000,2160000,kro,4,0
29523,Assassin Cross Stone (Bottom),1840000,2160000,kro,2,0
25717,Assassin Cross Stone (Garment),9200000,10800000,kro,4,0
29524,Assassin Cross Stone (Garment),9200000,10800000,kro,2,0
25715,Assassin Cross Stone (Middle),920000,1080000,kro,4,0
29522,Assassin Cross Stone (Middle),920000,1080000,kro,2,0
25714,Assassin Cross Stone (Upper),3066500,3600000,kro,4,0
29521,Assassin Cross Stone (Upper),3066500,3600000,kro,2,0
310189,Assassin Cross Stone II (Lower),7820000,9180000,kro,2,0
1000224,Assassin Cross Stone II (Lower),7820000,9180000,kro,4,0
310190,Assassin Cross Stone II (Middle),1656000,1944000,kro,2,0
1000223,Assassin Cross Stone II (Middle),1656000,1944000,kro,4,0
310191,Assassin Cross Stone II (Upper),18400000,21600000,kro,2,0
1000222,Assassin Cross Stone II (Upper),18400000,21600000,kro,4,0
1232,Assassin Dagger,320000,376000,ragnastats,7,0
13033,Assassin Dagger,320000,376000,sibling,4,0
2892,Assassin Handcuffs,96140000,112860000,kro,3,0
5054,Assassin Mask,27500,32000,sibling,8,0
5096,Assassin Mask,360500,423000,ragnastats,7,0
24275,Assassin Shadow Armor,1789000,2100500,kro,4,0
24262,Assassin Shadow Shoes,4600000,5400000,kro,4,0
28320,Assassin's Despair,0,0,,8,0
20714,Assassin's Muffler,0,0,,8,0
22016,Assassin's Shoes,0,0,,8,0
18868,Assassin's Skull Mask,0,0,,8,0
450251,Assault Suits,0,0,,8,0
4246,Assaulter Card,920000,1080000,kro,2,3
23242,Assorted Fried Chicken,0,0,,12,0
12052,Assorted Seafood,685,930,ragnastats,12,3
12097,Assorted Shish Kebob,16500,19500,ragnastats,12,18
12525,Assumptio Scroll Lv 5,0,0,,12,0
4247,Aster Card,157000,184500,ragnastats,4,3
15367,Asteria's Armor,0,0,,8,0
450385,Asteria's Armor-LT,0,0,,8,0
22167,Asteria's Boots,0,0,,8,0
470205,Asteria's Boots-LT,0,0,,8,0
20905,Asteria's Cloak,0,0,,8,0
480338,Asteria's Cloak-LT,0,0,,8,0
400075,Asteria's Helm,0,0,,8,0
400699,Asteria's Helm-LT,0,0,,8,0
32219,Asteria's Ring,0,0,,8,0
490595,Asteria's Ring-LT,0,0,,8,0
18938,Astro Circle,0,0,,8,0
400787,Astrologer Triangle Hat,0,0,,8,0
470291,Astrologer's Dawn Boots,0,0,,8,0
13010,Asura,8000,9400,ragnastats,8,0
13011,Asura,2450,2900,npc,8,0
13055,Asura,8000,9400,sibling,8,0
13059,Asura,8000,9400,sibling,8,0
11539,Athale Choco,0,0,,12,0
24051,Athena Earring (Shadow),1,2,npc,12,0
24026,Athena Shield (Shadow),1,2,npc,12,0
24039,Athletic Shadow Shield,322000,378000,kro,7,0
24045,Athletic Shadow Shoes,1,2,npc,12,0
4882,ATK + 1%,0,0,,6,0
29028,ATK + 1%,0,0,,6,0
4894,ATK + 4%,0,0,,6,0
4895,ATK + 5%,0,0,,6,0
4904,ATK + 6%,0,0,,6,0
4905,ATK + 7%,0,0,,6,0
29380,ATK +5,0,0,,6,0
310986,ATK 1Lv,0,0,,6,0
310987,ATK 2Lv,0,0,,6,0
312893,ATK I,0,0,,6,0
312894,ATK II,0,0,,6,0
312895,ATK III,0,0,,6,0
312896,ATK IV,0,0,,6,0
4807,Atk Speed1,0,0,,6,0
4842,Atk Speed2,0,0,,6,0
6642,ATK Stone (Middle),322000,378000,kro,7,0
6943,ATK Stone (Upper),0,0,,6,0
25016,ATK Stone(Lower),0,0,,12,0
312897,ATK V,0,0,,6,0
29029,ATK+1%(Lower),0,0,,6,0
4766,ATK+2%,0,0,,6,0
4767,ATK+3%,0,0,,6,0
4819,Atk1,0,0,,6,0
1175,Atlas Weapon,69000,81000,ragnastats,11,0
420381,Atokwe Poenitentia,0,0,,8,0
4425,Atroce Card,82800000,97200000,kro,2,0
4936,Attack big1,0,0,,6,0
4881,Attack Delay 4,0,0,,6,0
311394,Attack Delay 5Lv,0,0,,6,0
4937,Attack mid1,0,0,,6,0
6981,Attack Reactor Blueprint,0,0,,12,0
24216,Attack Shadow Armor,0,0,,12,0
4938,Attack small1,0,0,,6,0
311422,Attack Speed + 15%,0,0,,6,0
310854,Attack Speed 1Lv,0,0,,6,0
310855,Attack Speed 2Lv,0,0,,6,0
310856,Attack Speed 3Lv,0,0,,6,0
4986,Attack Supplement Reactor,0,0,,6,0
4464,Aunoe Card,966000,1134000,kro,16,3
300593,Aurelie Petit Card,0,0,,6,3
1001845,Aurelie Petit Card Fragment,0,0,,12,3
5264,Australian Flag Hat,0,0,,8,0
7796,Author's Autograph,0,0,,12,0
7797,Author's Memo,0,0,,12,0
662,Authoritative Badge,17500,21000,kro,54,6
22214,Authority Sandals,0,0,,8,0
1000290,Auto Battle Capsule,0,0,,12,0
420324,Auto Parts - Cannons,0,0,,8,0
24723,Auto Spell Shadow Armor,4600000,5400000,kro,2,0
100785,Auto Spell Shadow Box,0,0,,12,3
24727,Auto Spell Shadow Earring,4600000,5400000,kro,2,0
24726,Auto Spell Shadow Pendant,4600000,5400000,kro,2,0
24722,Auto Spell Shadow Shield,5520000,6480000,kro,2,0
24724,Auto Spell Shadow Shoes,6440000,7560000,kro,2,0
100783,Auto Spell Shadow Thump Box,62100000,72900000,kro,4,3
24725,Auto Spell Shadow Weapon,5520000,6480000,kro,2,0
100354,Automatic Armor +11 Refinement Cube,0,0,,12,3
450127,Automatic Armor Type A,0,0,,8,0
450128,Automatic Armor Type B,0,0,,8,0
490027,Automatic Battle Chip L,5520000,6480000,kro,2,0
490026,Automatic Battle Chip R,4600000,5400000,kro,2,0
490025,Automatic Booster L,9200000,10800000,kro,2,0
490024,Automatic Booster R,27600000,32400000,kro,2,0
480451,Automatic Engine Wing C-Type,0,0,,8,0
480020,Automatic Engine Wing Type A,0,0,,8,0
480021,Automatic Engine Wing Type B,0,0,,8,0
470022,Automatic Leg Type A,0,0,,8,0
470023,Automatic Leg Type B,0,0,,8,0
1000134,Automatic Modification Module(Above All),8050000,9450000,kro,4,0
1000133,Automatic Modification Module(After Skill Delay),10580000,12420000,kro,4,0
1000110,Automatic Modification Module(AGI),920000,1080000,kro,4,0
1000143,Automatic Modification Module(All Force),9200000,10800000,kro,4,0
1000122,Automatic Modification Module(Attack Power),8280000,9720000,kro,4,0
1000116,Automatic Modification Module(Attack Speed),6670000,7830000,kro,4,0
1000129,Automatic Modification Module(Attacker Force),9200000,10800000,kro,4,0
1000126,Automatic Modification Module(Caster),9200000,10800000,kro,4,0
1000131,Automatic Modification Module(Critical Force),9199500,10799500,kro,4,0
1000127,Automatic Modification Module(Critical),5520000,6480000,kro,4,0
1000105,Automatic Modification Module(Defense),736000,864000,kro,7,0
1000112,Automatic Modification Module(DEX),1748000,2052000,kro,4,0
1000136,Automatic Modification Module(Drain Life),11040000,12960000,kro,4,0
1000137,Automatic Modification Module(Drain Soul),11040000,12960000,kro,4,0
1000118,Automatic Modification Module(Expert Archer),5336000,6264000,kro,4,0
1000125,Automatic Modification Module(Fast),5474000,6426000,kro,4,0
1000117,Automatic Modification Module(Fatal),4600000,5400000,kro,4,0
1000121,Automatic Modification Module(Heal),0,0,,12,0
1000113,Automatic Modification Module(HP Recovery),0,0,,12,0
1000111,Automatic Modification Module(INT),920000,1080000,kro,4,0
1000108,Automatic Modification Module(LUK),920000,1080000,kro,4,0
1000106,Automatic Modification Module(Magic Defense),1334000,1566000,kro,4,0
1000138,Automatic Modification Module(Magic Healing),9200000,10800000,kro,4,0
1000123,Automatic Modification Module(Magic Power),7360000,8640000,kro,4,0
1000139,Automatic Modification Module(Magic Soul),11960000,14040000,kro,4,0
1000128,Automatic Modification Module(Magical Force),8740000,10260000,kro,4,0
1000120,Automatic Modification Module(Mental),0,0,,12,0
1000207,Automatic Modification Module(Mirror Counter),0,0,,12,0
1000140,Automatic Modification Module(Power Force),7590000,8910000,kro,4,0
1000142,Automatic Modification Module(Powerful),9200000,10800000,kro,4,0
1000130,Automatic Modification Module(Range Force),18400000,21600000,kro,4,0
1000132,Automatic Modification Module(Recovery Force),1656000,1944000,kro,4,0
1000208,Automatic Modification Module(Reflection Reject),0,0,,12,0
1000141,Automatic Modification Module(Robust),11040000,12960000,kro,4,0
1000124,Automatic Modification Module(Shooter),2576000,3024000,kro,4,0
1000114,Automatic Modification Module(SP Recovery),0,0,,12,0
1000115,Automatic Modification Module(Spell),9200000,10800000,kro,4,0
1000109,Automatic Modification Module(STR),598000,702000,kro,7,0
1000107,Automatic Modification Module(VIT),1610000,1890000,kro,4,0
1000119,Automatic Modification Module(Vital),4600000,5400000,kro,4,0
310112,Automatic Modification Orb(Above All),0,0,,6,0
310110,Automatic Modification Orb(After Skill Delay),0,0,,6,0
310087,Automatic Modification Orb(AGI),0,0,,6,0
310120,Automatic Modification Orb(All Force),0,0,,6,0
310099,Automatic Modification Orb(Attack Power),0,0,,6,0
310093,Automatic Modification Orb(Attack Speed),0,0,,6,0
310106,Automatic Modification Orb(Attacker Force),0,0,,6,0
310103,Automatic Modification Orb(Caster),0,0,,6,0
310108,Automatic Modification Orb(Critical Force),0,0,,6,0
310104,Automatic Modification Orb(Critical),0,0,,6,0
310082,Automatic Modification Orb(Defense),0,0,,6,0
310089,Automatic Modification Orb(DEX),0,0,,6,0
310113,Automatic Modification Orb(Drain Life),0,0,,6,0
310114,Automatic Modification Orb(Drain Soul),0,0,,6,0
310095,Automatic Modification Orb(Expert Archer),0,0,,6,0
310102,Automatic Modification Orb(Fast),0,0,,6,0
310094,Automatic Modification Orb(Fatal),0,0,,6,0
310111,Automatic Modification Orb(Fixed Casting),0,0,,6,0
310098,Automatic Modification Orb(Heal),0,0,,6,0
310090,Automatic Modification Orb(HP Recovery),0,0,,6,0
310088,Automatic Modification Orb(INT),0,0,,6,0
310085,Automatic Modification Orb(LUK),0,0,,6,0
310083,Automatic Modification Orb(Magic Defense),0,0,,6,0
310115,Automatic Modification Orb(Magic Healing),0,0,,6,0
310100,Automatic Modification Orb(Magic Power),0,0,,6,0
310116,Automatic Modification Orb(Magic Soul),0,0,,6,0
310105,Automatic Modification Orb(Magical Force),0,0,,6,0
310097,Automatic Modification Orb(Mental),0,0,,6,0
310178,Automatic Modification Orb(Mirror Counter),0,0,,6,0
310117,Automatic Modification Orb(Power Force),0,0,,6,0
310119,Automatic Modification Orb(Powerful),0,0,,6,0
310107,Automatic Modification Orb(Range Force),0,0,,6,0
310109,Automatic Modification Orb(Recovery Force),0,0,,6,0
310179,Automatic Modification Orb(Reflection Reject),0,0,,6,0
310118,Automatic Modification Orb(Robust),0,0,,6,0
310101,Automatic Modification Orb(Shooter),0,0,,6,0
310091,Automatic Modification Orb(SP Recovery),0,0,,6,0
310092,Automatic Modification Orb(Spell),0,0,,6,0
310086,Automatic Modification Orb(STR),0,0,,6,0
310084,Automatic Modification Orb(VIT),0,0,,6,0
310096,Automatic Modification Orb(Vital),0,0,,6,0
1000135,Automatic Module (Above All),10120000,11880000,kro,4,0
100602,Automatic Module Thump Box,225000,264500,kro,7,3
1000163,Automatic Module(Acid Explosion),460000,540000,kro,7,0
1000184,Automatic Module(Aimed Storm),750500,881000,kro,7,0
1000169,Automatic Module(Angle Shot),7222000,8478000,kro,4,0
1000156,Automatic Module(Banishing Cannon),460000,540000,kro,7,0
1000166,Automatic Module(Berserk Slash),460000,540000,kro,7,0
1000158,Automatic Module(Boost Cannon),920000,1080000,kro,4,0
1000183,Automatic Module(Breeze Shooting),3680000,4320000,kro,4,0
1000161,Automatic Module(Cannon Tornado),9200000,10800000,kro,4,0
1000182,Automatic Module(Cluster),920000,1080000,kro,4,0
1000159,Automatic Module(Cold Flare),342000,401500,kro,7,0
1000172,Automatic Module(Comet Vortex),7820000,9180000,kro,4,0
1000162,Automatic Module(Crazy Mandragora),500000,587500,kro,7,0
1000170,Automatic Module(Crimson Strain),684000,803500,kro,7,0
1000198,Automatic Module(Cross Slash),0,0,,12,0
1000193,Automatic Module(Curse Explosion),0,0,,12,0
1000165,Automatic Module(Cutter Slasher),1840000,2160000,kro,4,0
1000194,Automatic Module(Des Hammer Dance),0,0,,12,0
1000175,Automatic Module(Diamond Grave),0,0,,12,0
1000173,Automatic Module(Double Bolt),920000,1080000,kro,4,0
1000152,Automatic Module(Dragonic Breath),3164500,3715000,kro,4,0
1000155,Automatic Module(Drive Press),460000,540000,kro,7,0
1000178,Automatic Module(Duple Lica),1840000,2160000,kro,4,0
1000192,Automatic Module(Espa),1840000,2160000,kro,4,0
1000191,Automatic Module(Eswhoo),920000,1080000,kro,4,0
1000199,Automatic Module(Exploding Flake Wind),511000,600000,kro,7,0
1000148,Automatic Module(Fatal Flash),11040000,12960000,kro,4,0
1000167,Automatic Module(Fatal Raid),2760000,3240000,kro,4,0
1000195,Automatic Module(Fire Howling Tail),0,0,,12,0
1000146,Automatic Module(Firing Shot),16100000,18900000,kro,4,0
1000197,Automatic Module(Flame Ice Wind),276000,324000,kro,7,0
1000190,Automatic Module(Flash Falling),644000,756000,kro,7,0
1000157,Automatic Module(Genesis Pressure),9200000,10800000,kro,4,0
1000177,Automatic Module(Holy Judex),368000,432000,kro,7,0
1000154,Automatic Module(Hundred Spiral),690000,810000,kro,7,0
1000171,Automatic Module(Jack Lightning),306000,359500,kro,7,0
1000149,Automatic Module(Lucky Strike),12880000,15120000,kro,4,0
1000176,Automatic Module(Magnusmus),2760000,3240000,kro,4,0
1000185,Automatic Module(Metal Echo),296000,347500,kro,7,0
1000189,Automatic Module(Moon Kick),5060000,5940000,kro,4,0
1000147,Automatic Module(Over Power),8280000,9720000,kro,4,0
1000201,Automatic Module(Power of Land),0,0,,12,0
1000202,Automatic Module(Power of Life),474500,557000,kro,7,0
1000200,Automatic Module(Power of Sea),0,0,,12,0
1000188,Automatic Module(Prominence Burst),736000,864000,kro,7,0
1000181,Automatic Module(Raging Combo),842500,989000,kro,7,0
1000180,Automatic Module(Rampage Arrow),1122000,1317500,kro,4,0
1000186,Automatic Module(Reverberation),1150000,1350000,kro,4,0
1000168,Automatic Module(Shadow Spell),9200000,10800000,kro,4,0
1000164,Automatic Module(Sonic Impact),2962000,3477500,kro,4,0
1000145,Automatic Module(Spell Buster),13800000,16200000,kro,4,0
1000196,Automatic Module(Storm Buster Trip),9200000,10800000,kro,4,0
1000179,Automatic Module(Tiger Empire),8684500,10195000,kro,4,0
1000160,Automatic Module(Tornado Swing),920000,1080000,kro,4,0
1000144,Automatic Module(Unlimited Vital),8280000,9720000,kro,4,0
1000187,Automatic Module(Vulcan Severe),638000,749500,kro,7,0
1000174,Automatic Module(Warm Wave),572000,671500,kro,7,0
1000153,Automatic Module(Wave Break),6440000,7560000,kro,4,0
310138,Automatic Orb(Acid Explosion),0,0,,6,0
310159,Automatic Orb(Aimed Storm),0,0,,6,0
310144,Automatic Orb(Angle Shot),0,0,,6,0
310131,Automatic Orb(Banishing Cannon),0,0,,6,0
310141,Automatic Orb(Berserk Slash),0,0,,6,0
310133,Automatic Orb(Boost Cannon),0,0,,6,0
310158,Automatic Orb(Breeze Shooting),0,0,,6,0
310136,Automatic Orb(Cannon Tornado),0,0,,6,0
310157,Automatic Orb(Cluster),0,0,,6,0
310134,Automatic Orb(Cold Flare),0,0,,6,0
310147,Automatic Orb(Comet Vortex),0,0,,6,0
310137,Automatic Orb(Crazy Mandragora),0,0,,6,0
310145,Automatic Orb(Crimson Strain),0,0,,6,0
310173,Automatic Orb(Cross Slash),0,0,,6,0
310168,Automatic Orb(Curse Explosion),0,0,,6,0
310140,Automatic Orb(Cutter Slasher),0,0,,6,0
310169,Automatic Orb(Des Hammer Dance),0,0,,6,0
310150,Automatic Orb(Diamond Grave),0,0,,6,0
310148,Automatic Orb(Double Bolt),0,0,,6,0
310127,Automatic Orb(Dragonic Breath),0,0,,6,0
310130,Automatic Orb(Drive Press),0,0,,6,0
310153,Automatic Orb(Duple Lica),0,0,,6,0
310167,Automatic Orb(Espa),0,0,,6,0
310166,Automatic Orb(Eswhoo),0,0,,6,0
310174,Automatic Orb(Exploding Flake Wind),0,0,,6,0
310125,Automatic Orb(Fatal Flash),0,0,,6,0
310142,Automatic Orb(Fatal Raid),0,0,,6,0
310170,Automatic Orb(Fire Howling Tail),0,0,,6,0
310123,Automatic Orb(Firing Shot),0,0,,6,0
310172,Automatic Orb(Flame Ice Wind),0,0,,6,0
310165,Automatic Orb(Flash Falling),0,0,,6,0
310132,Automatic Orb(Genesis Pressure),0,0,,6,0
310152,Automatic Orb(Holy Judex),0,0,,6,0
310129,Automatic Orb(Hundred Spiral),0,0,,6,0
310146,Automatic Orb(Jack Lightning),0,0,,6,0
310126,Automatic Orb(Lucky Strike),0,0,,6,0
310151,Automatic Orb(Magnusmus),0,0,,6,0
310160,Automatic Orb(Metal Echo),0,0,,6,0
310164,Automatic Orb(Moon Kick),0,0,,6,0
310124,Automatic Orb(Over Power),0,0,,6,0
310176,Automatic Orb(Power of Land),0,0,,6,0
310177,Automatic Orb(Power of Life),0,0,,6,0
310175,Automatic Orb(Power of Sea),0,0,,6,0
310163,Automatic Orb(Prominence Burst),0,0,,6,0
310156,Automatic Orb(Raging Combo),0,0,,6,0
310155,Automatic Orb(Rampage Arrow),0,0,,6,0
310161,Automatic Orb(Reverberation),0,0,,6,0
310143,Automatic Orb(Shadow Spell),0,0,,6,0
310139,Automatic Orb(Sonic Impact),0,0,,6,0
310122,Automatic Orb(Spell Buster),0,0,,6,0
310171,Automatic Orb(Storm Buster Trip),0,0,,6,0
310154,Automatic Orb(Tiger Empire),0,0,,6,0
310135,Automatic Orb(Tornado Swing),0,0,,6,0
310121,Automatic Orb(Unlimited Vital),0,0,,6,0
310162,Automatic Orb(Vulcan Severe),0,0,,6,0
310149,Automatic Orb(Warm Wave),0,0,,6,0
310128,Automatic Orb(Wave Break),0,0,,6,0
460015,Automatic Shield I,0,0,,8,0
460016,Automatic Shield II,0,0,,8,0
312445,Autospell (Chain Lightning),0,0,,6,0
5898,Autumn Headband,0,0,,11,0
5189,Autumn Leaves,0,0,,8,0
5270,Autumn Leaves,0,0,,8,0
25778,Autumn Light Jelly Piece,13500,16000,estimate,36,6
12047,Autumn Red Tea,9300,10500,ragnastats,12,3
19405,Autumn Taste,0,0,,8,0
480134,Avareco,0,0,,8,0
610006,Avaritia Metal,920000,1080000,kro,2,0
28130,Avenger,1840000,2160000,kro,2,0
28226,Avenger,1840000,2160000,sibling,2,0
13137,Avenger Handgun,0,0,,8,0
18143,Avenger Hunter Bow,0,0,,8,0
100360,Avenger Remodeling Cube,0,0,,12,0
2034,Avenger Wizard Staff,0,0,,8,0
620015,Avenger-LT,0,0,,8,0
18855,Aviator Hat,0,0,,8,0
20993,Avoidance Cape,0,0,,8,0
27113,Awaken Ktullanux Card,2047000,2403000,estimate,2,3
27106,Awaken Pere Card,85100000,99900000,kro,2,3
100742,Awakened Ancient Heros Weapon Box,910500,1069000,kro,7,3
470047,Awakened Fire Thunder Great Boots,0,0,,8,0
600025,Awakened Full Force,0,0,,8,0
15460,Awakened Glacier Armor,0,0,,8,0
470099,Awakened Glacier Boots,0,0,,8,0
430002,Awakened Glacier Helm,0,0,,8,0
480135,Awakened Glacier Manteau,0,0,,8,0
450190,Awakened Glacier Robe,0,0,,8,0
510044,Awakened Karma Sword of Wearing Destruction,0,0,,8,0
510043,Awakened King Sword of Praising Glory,0,0,,8,0
15898,Awakened Old King's Crown,0,0,,8,0
610029,Awakened Old King's Double Edge,0,0,,8,0
450205,Awakened Orc Load Armor,0,0,,8,0
450286,Awakened Robe of Worshiper,0,0,,8,0
450225,Awakened Ruler's Robe,0,0,,8,0
22245,Awakened Special Environment Boots,0,0,,8,0
450181,Awakened White Lily Robe,0,0,,8,0
490139,Awakening Abyss King's Ring,0,0,,8,0
470113,Awakening Hollow Shoes,0,0,,8,0
470096,Awakening Magic Curse Boots,0,0,,8,0
480116,Awakening Magic Curse Cloak,0,0,,8,0
450188,Awakening Magic Curse Mail,0,0,,8,0
490140,Awakening Magic Curse Ring,0,0,,8,0
656,Awakening Potion,1800,2150,kro,54,3
450158,Awakening Triad God Mail,0,0,,8,0
400566,Awaking Bloom,0,0,,8,0
12081,Awfully Bitter Bracer,20000,23500,ragnastats,12,18
1301,Axe,380,515,npc,8,0
1302,Axe,380,515,npc,8,0
1303,Axe,0,0,,8,0
1327,Axe,0,0,,8,0
311031,Axe Stomp Tuning Device,0,0,,6,0
311032,Axe Tornado Tuning Device,0,0,,6,0
5174,Ayam,24500,29000,npc,8,0
5386,Ayam,2300000,2700000,ragnastats,2,0
101394,Azalea Wine,0,0,,12,0
480011,Azi Dahaka's Skin,0,0,,8,0
1235,Azoth,69000,81000,ragnastats,11,0
18897,Azure Diadem,0,0,,8,0
1002034,Azure Dimensional Energy,119500,140000,kro,7,3
15087,Azure Dragon Armor,0,0,,8,0
1002003,Azure Illusion Stone,92000,108000,kro,7,3
1002007,Azure Illusion Stone,13984000,16416000,kro,4,3
1002143,Azure Light Boundary Magic Extract,0,0,,12,3
100004,Azure Mirage Resonance Stone,1,2,npc,12,0
18561,B Feather Beret,0,0,,8,0
6419,B Grade Coin,0,0,,12,0
12618,B Grade Coin Bag,17,24,npc,12,6
7169,Ba Gua,92000,108000,kro,7,0
480075,Baby Boar Bib,0,0,,8,0
4023,Baby Desert Wolf Card,78000,91500,kro,6,3
9010,Baby Desert Wolf Egg,276000,324000,kro,7,0
18629,Baby Desert Wolf Hat,0,0,,8,0
18914,Baby Deviling,0,0,,8,0
19010,Baby Dragon Hat,1839500,2159500,ragnastats,2,0
4233,Baby Leopard Card,115000,135000,kro,4,3
5110,Baby Pacifier,13500,16000,ragnastats,11,0
400400,Baby Red Dragon Hat-LT,0,0,,8,0
15432,Bacchus Armor,0,0,,8,0
450386,Bacchus Armor-LT,0,0,,8,0
7119,Bacillus,3200,3750,ragnastats,36,36
310408,Back Stap Lv.1,0,0,,6,0
310409,Back Stap Lv.2,0,0,,6,0
310410,Back Stap Lv.3,0,0,,6,0
310411,Back Stap Lv.4,0,0,,6,0
310412,Back Stap Lv.5,0,0,,6,0
10013,Backpack,1618000,1899500,ragnastats,4,0
23834,Bacsojin Doll SynthesisBox,920000,1080000,kro,4,3
9039,Bacsojin Egg,874000000,1026000000,sibling,4,0
9115,Bacsojin Egg,874000000,1026000000,kro,4,0
400246,Bacsojin Hat-LT,0,0,,8,0
1676,Baculum Daemonicum,0,0,,8,0
17257,Bad Student Gift Box,0,0,,12,0
2879,Badge Giorredart,0,0,,8,0
2960,Badge Of Manny,0,0,,8,0
5825,Badge Of Order Grace,0,0,,8,0
672,Bag of Bronze Coins,0,0,,12,0
670,Bag of Gold Coins,0,0,,12,0
577,Bag of Grain,170,230,kro,27,3
7888,Bag of Nuts,0,0,,12,0
676,Bag of Silver Coins,0,0,,12,0
1000829,Bait Bellflower,0,0,,12,3
11527,Baklava,8350,9800,ragnastats,12,0
4591,Bakonawa Card,1118500,1313000,estimate,2,3
6516,Bakonawa Doll,2750,3200,npc,12,18
2910,Bakunawa Agimat Tattoo,25760000,30240000,kro,2,0
15051,Bakunawa Scale Armor,998500,1172500,ragnastats,2,0
23612,Baldur's Blessing,0,0,,12,3
1722,Ballista,102500,120500,npc,4,0
1727,Ballista,494000,580000,estimate,4,0
1161,Balmung,0,0,,8,0
513,Banana,12,18,ragnastats,51,36
13264,Banana Bomb,85,115,npc,12,0
6283,Banana Bomb Guidebook,0,0,,12,3
6762,Banana Can,0,0,,12,0
5116,Banana Hat,184000,216000,kro,7,0
532,Banana Juice,18000,21500,kro,76,18
4518,Banaspaty Card,68000,79500,kro,6,3
2211,Bandana,305,410,npc,22,0
18809,Bandana 8th Anniversary,0,0,,8,0
5321,Bandana Merah Putih,0,0,,8,0
2237,Bandit Beard,0,0,,8,0
5491,Bandit Hat,0,0,,8,0
5944,Bandit Hood,0,0,,8,0
23844,Bandit's Hood SynthesisBox,0,0,,12,3
25278,Bandit's Scarf,280,380,npc,12,18
2911,Bangungot Agimat Tattoo,0,0,,8,0
2491,Bangungot Boots of Nightmare,166000,195000,estimate,7,0
4590,Bangungot Card,1023000,1201000,estimate,2,3
6517,Bangungot Doll,46000,54000,kro,12,18
24578,Banishing Cannon Shadow Armor,2668000,3132000,kro,2,0
24579,Banishing Cannon Shadow Shield,2438000,2862000,kro,2,0
24580,Banishing Cannon Shadow Shoes,2760000,3240000,kro,2,0
18824,Bankruptcy Mask,0,0,,8,0
4438,Banshee Card,644000,756000,kro,5,3
4450,Banshee Master Card,524500,616000,estimate,4,3
18845,Banshee Master Kiss,0,0,,8,0
553,Bao,89,120,ragnastats,12,18
5042,Bao Bao,180000,211500,ragnastats,7,0
12778,Bapho Jr Scroll,17,24,npc,12,0
4129,Bapho Jr. Card,2300000,2700000,kro,2,3
9024,Bapho Jr. Egg,368000,432000,kro,11,0
4147,Baphomet Card,174800000,205200000,kro,2,3
750,Baphomet Doll,64000,75500,kro,40,3
9137,Baphomet Egg,0,0,,12,0
5683,Baphomet Horns,0,0,,8,0
22621,Barbecued Squid,0,0,,12,3
1993,Barbed Wire,0,0,,8,0
580002,Barbed Wire Whip,460000,540000,kro,4,0
100331,Barbed Wire Whip Remodeling Cube,0,0,,12,0
580027,Barbed Wire Whip-LT,0,0,,8,0
1949,Bard Guild Violin,0,0,,8,0
24280,Bard Shadow Armor,0,0,,12,0
24267,Bard Shadow Shoes,0,0,,12,0
1001452,Bark Piece of Maple Tree,3450000,4050000,kro,4,3
10017,Bark Shorts,33500,39000,ragnastats,12,0
1000103,Barmil Ticket,11000,12500,kro,12,3
101307,Barmund Refining Hammer,23000000,27000000,kro,4,3
1001376,Barmund Stuffed Doll,72500,85000,kro,12,0
450246,Baron Adventurer Suit,0,0,,8,0
18877,Baron's Evil Eye,0,0,,8,0
4391,Baroness of Retribution Card,92000,108000,kro,4,3
19159,Barrel Helm,0,0,,8,0
1068,Barren Trunk,10500,12500,ragnastats,36,36
2806,Barrier Builder,124000,145500,npc,4,0
490389,Barrier Ring,0,0,,8,0
5199,Baseball Cap,0,0,,8,0
11055,Basic Adventure,0,0,,12,0
22985,Basil,3650,4300,kro,12,0
24186,Basis Shadow Armor,1,2,npc,12,0
24198,Basis Shadow Shield,1311000,1539000,kro,4,0
1919,Bass Guitar,360,485,ragnastats,8,0
1154,Bastard Sword,18500,21500,npc,8,0
1155,Bastard Sword,18500,21500,npc,8,0
1156,Bastard Sword,0,0,,8,0
480182,Bastawtozaq Heart,0,0,,8,0
7214,Bat Cage,7350,8600,kro,36,36
1000517,Bat Fur,14500,17000,estimate,36,6
1000516,Bat Jawbone,15000,18000,estimate,36,6
420422,Bat Von Blood,0,0,,8,0
300102,Bath Administrator Card,1840000,2160000,kro,2,3
4119,Bathory Card,1288000,1512000,kro,16,3
7323,Battered Kettle,5100,6000,ragnastats,36,6
10010,Battered Pot,21000,24500,ragnastats,12,0
480149,Battle Aura Manteau,0,0,,8,0
480454,Battle Aura Manteau-LT,0,0,,8,0
1351,Battle Axe,4950,5800,kro,8,0
1352,Battle Axe,18000,21500,kro,11,0
1353,Battle Axe,27500,32000,kro,8,0
20719,Battle Cape,0,0,,8,0
1485,Battle Fork,39000,46000,ragnastats,11,0
20909,Battle Haori,0,0,,8,0
2929,Battle Hardened Amulet,0,0,,8,0
1421,Battle Hook,22500,26500,ragnastats,11,0
1440,Battle Hook,22500,26500,sibling,8,0
410016,Battle Processor,18400000,21600000,kro,2,0
410017,Battle Processor,18400000,21600000,kro,2,0
100481,Battle Processor Accelerator,828000,972000,kro,7,0
12750,Battle Scroll,0,0,,12,0
20860,Battle Surcoat,0,0,,8,0
480343,Battle Surcoat,0,0,,8,0
1562,Battlefield Textbook,0,0,,8,0
11010,Battlegrounds Catalog,0,0,,12,0
1871,Bauxite Knuckle,0,0,,8,0
2907,Bawaya Agimat Tattoo,21620000,25380000,kro,2,0
15052,Bayani Bakunawa Scale Armor,0,0,,8,0
2492,Bayani Bangungot Boots of Nightmare,0,0,,8,0
2591,Bayani Buwaya Sack Cloth,0,0,,8,0
2170,Bayani Kalasag,0,0,,8,0
1231,Bazerald,69000,81000,kro,11,0
2546,Beach Manteau,0,0,,8,0
2441,Beach Sandals,0,0,,8,0
2565,Beach Towel,0,0,,8,0
1000275,Beaker,0,0,,12,0
21047,Beam Claymor-OS,920000,1080000,kro,2,0
600028,Beam Claymore-OSAD,0,0,,8,0
7871,Bean Bag,0,0,,12,0
7886,Bean Paste,0,0,,12,0
5076,Beanie,46000,54000,ragnastats,8,0
18916,Bear Balloon,0,0,,8,0
300470,Bear Bug Card,2759500,3239000,kro,11,3
19353,Bear Catches Balloon,0,0,,8,0
1001234,Bear Hide,0,0,,12,3
11620,Bear Rope,1200,1450,estimate,12,18
948,Bear's Footskin,1350,1600,kro,76,36
4875,Bear's Power,0,0,,6,0
2240,Beard,0,0,,8,0
24180,Bearer's Shadow Armor,16560000,19440000,kro,4,0
24337,Bearer's Shadow Armor II,0,0,,12,0
24184,Bearer's Shadow Earring,17480000,20520000,kro,4,0
24185,Bearer's Shadow Pendant,17480000,20520000,kro,4,0
24321,Bearer's Shadow Pendant II,16054000,18846000,kro,4,0
24182,Bearer's Shadow Shield,16560000,19440000,kro,4,0
24181,Bearer's Shadow Shoes,16560000,19440000,kro,4,0
24338,Bearer's Shadow Shoes II,15640000,18360000,kro,4,0
24183,Bearer's Shadow Weapon,17326500,20340000,kro,4,0
23872,Bearers Shadow SynthesisBox,598000,702000,kro,7,3
23249,BearerShadow Mix,9200000,10800000,kro,4,0
12073,Bearfoot Special,78000,91500,ragnastats,12,3
12670,Beast Powder,0,0,,12,0
490405,Beast Rings,0,0,,8,0
470187,Beast Territory Boots,0,0,,8,0
470122,Beast's Leather Shoes,0,0,,8,0
101345,Beast's Leather Shoes Recipe,2070000,2430000,kro,4,3
10028,Beautiful Badges,0,0,,12,0
6511,Beautiful Flower,255,345,npc,27,36
939,Bee Sting,595,805,kro,54,36
6254,Beef Head,24500,29000,kro,54,18
11519,Beef Toast,615,835,ragnastats,12,3
102723,Beehive Box,368000,432000,kro,7,0
14645,Beelzebub Wing,0,0,,12,3
102308,Beelzebub's Crown Recipe,2300000,2700000,kro,4,3
19319,Beelzebub's Hat,0,0,,8,0
5416,Beer Hat,4175000,4901000,ragnastats,2,0
4307,Beetle King Card,82000,96500,kro,6,3
24211,Beginner Shadow Shield,4140000,4860000,kro,4,0
24210,Beginner Shadow Shoes,4140000,4860000,kro,4,0
480053,Behemoth Muffler,0,0,,8,0
312407,Beholder Badge,0,0,,6,0
4356,Beholder Card,476500,559500,ragnastats,4,3
4466,Beholder Master Card,736000,864000,kro,4,3
24069,Beholder Shoes (Shadow),1,2,npc,12,0
2664,Belcarf,0,0,,8,0
18912,Bell Pigeon,0,0,,8,0
27306,Bellare Card,800000,939500,kro,4,3
2627,Belt,16500,19000,npc,8,0
1375,Berdysz,134000,157500,ragnastats,7,0
5172,Beret,138000,162000,kro,7,0
18969,Beret Boss Hat,0,0,,8,0
1814,Berserk,92000,108000,estimate,7,0
1816,Berserk,0,0,,8,0
1920,Berserk Guitar,8550,10000,ragnastats,11,0
657,Berserk Potion,1450,1700,ragnastats,54,3
4874,Beryl Spring,0,0,,6,0
4145,Berzebub Card,120913000,141941000,estimate,2,0
1000397,Beteleuse Soul,3200,3750,kro,12,3
14664,Bi Hwang Scroll,0,0,,12,0
1551,Bible,49500,58000,npc,11,0
2156,Bible of Promise(1st Vol.),460000,540000,kro,7,0
2162,Bible of Promise(2nd Vol.),12880000,15120000,kro,3,0
4627,Big Bell Card,828000,972000,kro,22,3
4626,Big Ben Card,1656000,1944000,kro,2,3
6104,Big Cell,920,1050,ragnastats,12,3
4662,Big Eggring Card,460000000,540000000,kro,2,0
27228,Big Eggring Card,460000000,540000000,sibling,2,0
7649,Big Luk Bookmark,0,0,,12,0
2244,Big Ribbon,598000,702000,kro,7,0
5348,Big Ribbon,598000,702000,kro,4,0
4074,Bigfoot Card,82500,97000,kro,9,3
4636,Bijou Card,690000000,810000000,kro,2,0
27040,Bijou Card,690000000,810000000,sibling,2,0
400575,Bijou's Hat (Agility),0,0,,8,0
400578,Bijou's Hat (Dexterity),0,0,,8,0
400577,Bijou's Hat (Intelligence),0,0,,8,0
400579,Bijou's Hat (Lucky),0,0,,8,0
400574,Bijou's Hat (Strength),0,0,,8,0
400576,Bijou's Hat (Vitality),0,0,,8,0
1467,Bill Guisarme,0,0,,8,0
925,Bill of Birds,40,56,kro,36,36
7091,Billow,5107500,5996000,estimate,4,3
2296,Binoculars,13500,16000,ragnastats,11,0
19088,Binoculars,13500,16000,sibling,8,0
23993,Bio Lab Material Box,276000,324000,kro,7,0
100355,Bio Lab Weapon +11 Refinement Cube,0,0,,12,3
19082,Bio Protector,0,0,,8,0
23994,Bio Reactor Box,45500,53500,kro,12,0
11008,Biographical Dictionary Copy Edition,0,0,,12,3
312229,Biolo Soul (Acidified Zone),0,0,,6,0
313382,Biolo Soul (Dust Explosion),0,0,,6,0
312230,Biolo Soul (Explosive Powder),0,0,,6,0
312228,Biolo Soul (Mayhemic Thorns),0,0,,6,0
313381,Biolo Soul (Mystery Powder),0,0,,6,0
313324,Biolo Stone (Garment),0,0,,6,0
1001737,Biolo Stone (Garment),0,0,,12,0
314668,Biolo Stone II (Garment),138000000,162000000,kro,2,0
1002406,Biolo Stone II (Garment),138000000,162000000,kro,4,0
100684,Biological Lab Helmet +11 Refinement Cube,0,0,,12,3
100547,Biological Lab Helmet Box,0,0,,12,3
460030,Bionic Aluminum Planter,0,0,,8,0
490669,Biosphere Abyss Ring,0,0,,8,0
311928,Biosphere Gem (Dragon Fishing),0,0,,6,0
311937,Biosphere Gem (Execu-sect),0,0,,6,0
311931,Biosphere Gem (Exor-scissor),0,0,,6,0
311940,Biosphere Gem (Hunting Divine),0,0,,6,0
311934,Biosphere Gem (Vibra-rupt),0,0,,6,0
7297,Biotite,53500,63000,ragnastats,36,6
5129,Bird Nest,0,0,,8,0
5183,Bird Nest Hat,0,0,,8,0
2216,Biretta,7450,8700,npc,8,0
2217,Biretta,7450,8700,npc,11,0
17320,Birthday IdRO10th Scroll,0,0,,12,0
23227,Biscuit Stick (2),460000,540000,kro,7,3
23282,Biscuit Stick (2),460000,540000,kro,7,3
28387,Bishop Necklace,713000,837000,estimate,4,0
312004,Bishop's Blessing (Attack Speed),0,0,,6,0
312008,Bishop's Blessing (Cri),0,0,,6,0
312006,Bishop's Blessing (Global Cool Time),0,0,,6,0
312007,Bishop's Blessing (Perfect Hit),0,0,,6,0
312005,Bishop's Blessing (Variable Casting),0,0,,6,0
1001202,Bishop's Holy Water,45000,52500,kro,12,3
1001201,Bishop's Relic,36000,42500,kro,12,3
2702,Bison Horn,804000,944000,ragnastats,7,0
11598,Bitter Cacao Bean,8,12,npc,12,0
621,Bitter Herb,73500,86000,kro,36,3
25817,Bizarre Stone Carvings,329000,386000,estimate,7,0
300017,Black Acidus Card,1380000,1620000,kro,2,3
22516,Black As Night Piece,8,12,npc,12,18
7161,Black Bear Skin,7800,9150,kro,36,18
2176,Black Book,0,0,,8,0
10037,Black Butterfly Mask,249000,292500,estimate,7,0
2747,Black Cat,101000,118500,ragnastats,7,0
7206,Black Cat Doll,20000,23500,kro,51,18
5057,Black Cat Ears,13000,15500,npc,8,0
18939,Black Cat Ears Beret,0,0,,8,0
5891,Black Cat Hat,0,0,,8,0
6251,Black Charcoal,315,430,npc,12,3
32107,Black Circle,1104000,1296000,kro,2,0
32112,Black Circle,1104000,1296000,sibling,2,0
1001479,Black Diamond,232000,272500,kro,7,0
983,Black Dyestuffs,747500,877500,ragnastats,46,3
490586,Black Eagle Ring,0,0,,8,0
13256,Black Earth Kunai,25,35,ragnastats,12,0
19409,Black Feather Hat,0,0,,8,0
5401,Black Frame Glasses,0,0,,8,0
7710,Black Gemstone,0,0,,12,0
18611,Black Glasses,0,0,,8,0
1020,Black Hair,2750,3200,kro,54,36
1001983,Black Hal,0,0,,12,3
1001137,Black Jewelry,0,0,,12,0
18709,Black Knitted Hat,0,0,,8,0
737,Black Ladle,255,345,ragnastats,36,3
2425,Black Leather Boots,18000,21500,kro,11,0
2434,Black Leather Boots,46000,54000,kro,8,0
13265,Black Lump,4650,5450,ragnastats,12,0
12435,Black Mass,1,2,npc,12,0
28979,Black Mithril Guard,0,0,,8,0
480439,Black Mithril Manteau,0,0,,8,0
460046,Black Mythril Guard,0,0,,8,0
6245,Black Powder,1600,1900,ragnastats,36,18
18806,Black Rabbit Hat,0,0,,8,0
5191,Black Ribbon,610,825,npc,8,0
5899,Black Ribbon,0,0,,11,0
13155,Black Rose,26000,31000,npc,8,0
18756,Black Shiba Inu Hat,0,0,,8,0
5765,Black Tail Ribbon,0,0,,8,0
11509,Black Tea Kochakaden,0,0,,12,0
5427,Black Tea Kochakaden Hat,0,0,,8,0
1001994,Black Tulip,0,0,,12,3
15092,Black Turtle Armor,0,0,,8,0
19460,Black Veil,0,0,,8,0
13061,Black Wing,460000,540000,kro,7,0
2480,Black Wing Boots,2774500,3257500,ragnastats,2,0
2891,Black Wing Brooch,92000,108000,kro,4,0
2581,Black Wing Manteau,83000,97500,ragnastats,8,0
1001986,Black Wing Piece,0,0,,12,3
15043,Black Wing Suits,554500,651500,ragnastats,4,0
300389,Black Winged Apostle,0,0,,6,0
24271,Blacksmith Shadow Armor,3220000,3780000,kro,4,0
24258,Blacksmith Shadow Shoes,0,0,,12,0
101340,Blacksmith's Blessing Recipe,9200000,10800000,kro,4,3
28531,Blacksmith's Gloves,0,0,,8,0
1107,Blade,2400,2800,npc,8,0
1108,Blade,2400,2800,npc,8,0
1109,Blade,0,0,,8,0
13476,Blade,0,0,,8,0
610003,Blade Katar,1380000,1620000,kro,2,0
100277,Blade Katar Modification Cube,0,0,,12,0
610034,Blade Katar-LT,0,0,,8,0
7023,Blade Lost in Darkness,135000,158500,kro,31,3
1969,Blade Whip,30000,35000,ragnastats,8,0
6187,Blank Card,49500,58500,ragnastats,18,0
5102,Blank Eyes,460000,540000,ragnastats,4,0
7433,Blank Scroll,3150,3750,ragnastats,27,3
28136,Blasti-OS,0,0,,8,0
620018,Blasti-OSAD,0,0,,8,0
1001084,Blaze Stone,13500,16000,estimate,12,0
4215,Blazer Card,266500,313000,kro,4,3
13216,Blazing Bullet,4,6,npc,12,0
24954,Blazing Flame Blast Shadow Armor,2300000,2700000,kro,2,0
24955,Blazing Flame Blast Shadow Shoes,1380000,1620000,kro,2,0
1002680,Blazing Horn,0,0,,12,0
5776,Blazing Sun,0,0,,8,0
540060,Blessed Bible,0,0,,8,0
1000337,Blessed Etel Dust,5290000,6210000,kro,4,3
2356,Blessed Holy Robe,0,0,,8,0
510070,Blessed Knife,5520000,6480000,kro,2,0
101483,Blessed Knife Remodeling Cube,0,0,,12,0
510072,Blessed Knife-LT,0,0,,8,0
17532,Blessing Lucky Egg,0,0,,12,0
17447,Blessing Midgard Lucky Egg,0,0,,12,0
311002,Blessing of Angel,0,0,,6,0
310996,Blessing of Brute,0,0,,6,0
311001,Blessing of Demihuman,0,0,,6,0
311000,Blessing of Demon,0,0,,6,0
311003,Blessing of Dragon,0,0,,6,0
310999,Blessing of Fish,0,0,,6,0
310994,Blessing of Formless,0,0,,6,0
19106,Blessing of Gemstone,0,0,,8,0
310998,Blessing of Insect,0,0,,6,0
310997,Blessing of Plant,0,0,,6,0
311004,Blessing of Rune Midgarts,0,0,,6,0
312126,Blessing of the Snake God,0,0,,6,0
310995,Blessing of Undead,0,0,,6,0
480516,Blessing of Yggdrasil,0,0,,8,0
13232,Blind Bullet,4,6,npc,12,0
23127,Blind Bullet Cartridge,0,0,,12,0
13226,Blind Sphere,0,0,,12,0
12145,Blind Sphere Pack,1,3,npc,12,3
22740,Blind Sphere Pack,0,0,,12,0
2295,Blinker,18000,21500,kro,8,0
19089,Blinker,460000,540000,kro,4,0
310438,Blitz Beat Lv.1,0,0,,6,0
310439,Blitz Beat Lv.2,0,0,,6,0
310440,Blitz Beat Lv.3,0,0,,6,0
310441,Blitz Beat Lv.4,0,0,,6,0
310442,Blitz Beat Lv.5,0,0,,6,0
24344,Blitz Shadow Armor,2760000,3240000,kro,4,0
24217,Blitz Shadow Earring,4600000,5400000,kro,4,0
24218,Blitz Shadow Pendant,5520000,6480000,kro,4,0
24232,Blitz Shadow Shield,4830000,5670000,kro,4,0
24231,Blitz Shadow Shoes,0,0,,12,0
23890,Blitz Shadow SynthesisBox,920000,1080000,kro,4,3
24343,Blitz Shadow Weapon,4600000,5400000,kro,4,0
26024,Block Lance,0,0,,8,0
32026,Blocking Spear,0,0,,8,0
18510,Blood Angel Hair Band,0,0,,8,0
18511,Blood Angel Wing Ear,0,0,,8,0
6061,Blood Beginner,34500,40500,estimate,12,0
18915,Blood Butterfly Ears,0,0,,8,0
12150,Blood Cartridge,10500,12000,ragnastats,12,3
12099,Blood Flavored Soda,73500,86000,ragnastats,12,3
11006,Blood Flower Vol.1,0,0,,12,3
11007,Blood Flower Vol.2,0,0,,12,3
11596,Blood In Skull,0,0,,12,0
6252,Blood Of Wolf,36500,43000,kro,54,3
500065,Blood Rapier,0,0,,8,0
18754,Blood Sucker,0,0,,8,0
1271,Blood Tears,73500,86000,ragnastats,11,0
1295,Blood Tears,73500,86000,sibling,8,0
6470,Blood Thirst,1100,1250,npc,54,6
2655,Bloodied Shackle Ball,41000,48500,npc,11,0
28388,Bloodied Shackle Ball,0,0,,8,0
313217,Bloodshot Eyes,0,0,,6,0
6211,Bloodsuck Plant Seed,3200,3750,kro,18,6
1363,Bloody Axe,46000,54000,kro,11,0
12103,Bloody Branch,920000,1080000,kro,16,3
4327,Bloody Butterfly Card,1242000,1458000,kro,3,3
22737,Bloody Cartridge,2300,2700,ragnastats,12,0
450135,Bloody Celine's Dress,0,0,,8,0
7642,Bloody Coin,1350,1600,kro,18,18
16017,Bloody Cross,0,0,,8,0
15409,Bloody Dress,0,0,,8,0
410213,Bloody Ears,0,0,,8,0
1182,Bloody Eater,368000,432000,kro,7,0
7024,Bloody Edge,683000,801500,ragnastats,31,3
4320,Bloody Knight Card,828000,972000,kro,5,3
28945,Bloody Knight's Shield,211600000,248400000,kro,2,0
7643,Bloody Letter,138500,162500,estimate,7,3
25257,Bloody Love Letter,1800,2150,kro,36,18
4214,Bloody Murderer Card,1186500,1393000,kro,2,3
7449,Bloody Page,13500,16000,kro,36,36
1265,Bloody Roar,92000,108000,ragnastats,4,0
7563,Bloody Rune,2050,2400,kro,76,36
13222,Bloody Shell,3,5,ragnastats,12,0
24062,Bloody Shoes (Shadow),1,2,npc,12,0
300661,Bloody Slasher Card,7728000,9072000,kro,2,3
1000943,Bloody Sword,0,0,,12,3
1270136,Blossom Shadow Armor,13340000,15660000,kro,2,0
1270137,Blossom Shadow Shoes,13800000,16200000,kro,2,0
18544,Blrabbit Hband,0,0,,8,0
6486,Blue 0 Card,6250,7350,ragnastats,12,0
6487,Blue 1 Card,6500,7650,ragnastats,12,0
6485,Blue 2 Card,7050,8300,ragnastats,12,0
7461,Blue A Card,0,0,,12,0
7713,Blue A(2) Card,0,0,,12,0
4379,Blue Acidus Card,920000,1080000,kro,2,3
5778,Blue Arara Hat,0,0,,11,0
16601,Blue Arara Hat Box,0,0,,12,0
13098,Blue Ashura,0,0,,8,0
29160,Blue Aura Effect,0,0,,6,0
25176,Blue Aura Effect (Middle),22908000,26892000,kro,4,0
6011,Blue B Card,1,2,npc,12,0
5236,Blue Beanie,69000,81000,ragnastats,8,0
7446,Blue Bijou,13500,16000,kro,36,18
28600,Blue Book,0,0,,8,0
18126,Blue Bow,0,0,,8,0
18144,Blue Bow,0,0,,8,0
18587,Blue Bunny Hairband,4600000,5400000,ragnastats,2,0
313955,Blue Butterfly Footprint,0,0,,6,0
1002108,Blue Butterfly Footprints (Garment),98900000,116100000,kro,4,0
6012,Blue C Card,7100,8350,ragnastats,12,0
6445,Blue Card X,0,0,,12,0
31192,Blue Cat Ears,0,0,,8,0
28427,Blue Clover Necklace,0,0,,8,0
1001086,Blue Crystal Shard,2700,3150,kro,12,0
640004,Blue Crystal Staff,0,0,,8,0
100396,Blue Crystal Staff Remodeling Cube,0,0,,12,0
640028,Blue Crystal Staff-LT,0,0,,8,0
7599,Blue D Card,0,0,,12,0
13097,Blue Dagger,0,0,,8,0
28720,Blue Dagger,0,0,,8,0
15345,Blue Dragon Armor,0,0,,8,0
25760,Blue Dragon Orb,57500,68000,estimate,36,36
15395,Blue Dragon Plate,0,0,,8,0
5233,Blue Drooping Cat,207000,243000,npc,4,0
16734,Blue Drooping Cat Box,0,0,,12,0
16735,Blue Drooping Cat Box,0,0,,12,0
7462,Blue E Card,0,0,,12,0
7463,Blue F Card,0,0,,12,0
7441,Blue Feather,104500,122500,ragnastats,22,9
314094,Blue Fighting Spirit Effect,0,0,,6,0
1002193,Blue Fighting Spirit Effect (Mid),0,0,,12,0
5065,Blue Fish,59500,70000,ragnastats,8,0
2049,Blue Flame Cane,622000,730000,estimate,4,0
1001429,Blue Flame Heart Gem,1350,1600,kro,12,36
7719,Blue G Card,0,0,,12,0
717,Blue Gemstone,305,410,kro,76,3
100192,Blue Gemstone Pouch,186000,218500,kro,7,0
13139,Blue Gun,0,0,,8,0
7464,Blue H Card,0,0,,12,0
1034,Blue Hair,2200,2550,kro,54,72
5052,Blue Hairband,230000,270000,ragnastats,4,0
510,Blue Herb,4050,4750,kro,76,36
100233,Blue Herb Activator,39500,46000,kro,12,0
7598,Blue I Card,0,0,,12,0
6013,Blue J Card,0,0,,12,0
7815,Blue Jenoss's Family Ring,0,0,,12,0
7600,Blue K Card,0,0,,12,0
28005,Blue Katar,0,0,,8,0
13099,Blue Knife,0,0,,8,0
7465,Blue L Card,0,0,,12,0
6015,Blue M Card,0,0,,12,0
16036,Blue Mace,0,0,,8,0
16057,Blue Mace,0,0,,8,0
5241,Blue Mage Hat,69000,81000,ragnastats,8,0
5884,Blue Mage Hat C,0,0,,8,0
490101,Blue Mental Pendant,276000000,324000000,kro,2,0
490383,Blue Mental Pendant-LT,0,0,,8,0
300245,Blue Moon Loli Ruri Card,726500,853000,kro,4,3
9140,Blue Moon Loli Ruri Egg,61870000,72630000,kro,4,0
7466,Blue N Card,0,0,,12,0
5506,Blue Night Cap,0,0,,8,0
7467,Blue O Card,1,2,npc,12,0
7468,Blue P Card,0,0,,12,0
18819,Blue Pencil In Mouth,0,0,,8,0
300124,Blue Pitaya Card,542500,637000,kro,4,3
18844,Blue Poring Bubble,0,0,,8,0
18635,Blue Poring Hairpin,2760000,3240000,ragnastats,2,0
505,Blue Potion,1650,1950,ragnastats,18,0
6016,Blue Q Card,0,0,,12,0
7602,Blue R Card,5650,6650,ragnastats,12,0
7714,Blue R(2) Card,0,0,,12,0
5404,Blue Ribbon,0,0,,8,0
2361,Blue Robe,0,0,,8,0
7601,Blue S Card,0,0,,12,0
14624,Blue Scroll,0,0,,12,0
28553,Blue Shinobi Belt,0,0,,8,0
32000,Blue Spear,0,0,,8,0
26104,Blue Staff,0,0,,8,0
314846,Blue Star Footprints,0,0,,6,0
1002623,Blue Star Footprints (Garment),322000000,378000000,kro,4,0
11624,Blue Syrup,6400,7550,npc,12,0
6017,Blue T Card,0,0,,12,0
18582,Blue Tiger Mask,0,0,,8,0
28103,Blue Twohand Axe,0,0,,8,0
7469,Blue U Card,0,0,,12,0
9068,Blue Unicorn Egg,0,0,,12,0
6018,Blue V Card,0,0,,12,0
7470,Blue W Card,5300,6250,ragnastats,12,0
6897,Blue Whale,0,0,,12,3
20511,Blue Wings of Fairy,89240000,104760000,kro,2,0
7471,Blue Y Card,0,0,,12,0
6019,Blue Z Card,0,0,,12,0
6527,BlueCard Enjoy,0,0,,12,0
6530,BlueCard Fall,0,0,,12,0
6526,BlueCard Happy,0,0,,12,0
6528,BlueCard Light,0,0,,12,0
6529,BlueCard Mid,0,0,,12,0
22771,Bluefin Tuna Skewer,0,0,,12,3
590060,Blunt weapon level 5,0,0,,8,0
5040,Blush,92000,108000,kro,7,0
18607,Blush,2044000,2400000,kro,2,0
5800,Blush of Groom,0,0,,8,0
27256,Blut Hase Card,1288000,1512000,kro,2,3
16563,BM100 Box 5,0,0,,12,0
12563,BM75,0,0,,12,0
16653,BM75 10Box,0,0,,12,0
400438,Bobcat Knit Hat (White),0,0,,8,0
15243,Bodyguard Suit,0,0,,8,0
300121,Boiling Marc Card,1564000,1836000,kro,2,3
300118,Boiling Phen Card,1495000,1755000,kro,2,3
300120,Boiling Piranha Card,460000,540000,kro,4,3
300119,Boiling Swordfish Card,1380000,1620000,kro,2,3
15041,Boitata Armor,0,0,,8,0
27126,Boitata Card,90530500,106275000,estimate,2,0
5940,Boitata Hat,14444000,16956000,sibling,2,0
18659,Boitata Hat,14444000,16956000,sibling,2,0
400109,Boitata Hat,14444000,16956000,kro,2,0
17026,Boitata Scroll,0,0,,12,0
28045,Bolt Crusher,27599500,32399500,kro,2,0
32303,Bolt Revolver,0,0,,8,0
18190,Bolt Shooter,0,0,,8,0
28633,Boltigin,0,0,,8,0
28637,Boltigin,0,0,,8,0
6212,Bomb Mushroom Spore,5050,5900,kro,12,3
2279,Bomb Wick,4600,5400,ragnastats,11,0
490537,Bomber Glove,0,0,,8,0
12043,Bomber Steak,2750,3200,kro,12,6
27105,Bomi Card,82800000,97200000,kro,2,3
420076,Bondage Necklace,910500,1069000,kro,4,0
300020,Bone Acidus Card,276000,324000,kro,4,3
300021,Bone Detardeurus Card,3043000,3572500,estimate,2,3
300019,Bone Ferus Card,64000,75500,kro,6,3
18562,Bone Hat,0,0,,8,0
5398,Bone Head,845000,992000,estimate,4,0
5017,Bone Helm,276000,324000,kro,7,0
5162,Bone Helm,276000,324000,kro,4,0
15000,Bone Plate,391000,459000,kro,7,0
24236,Boned Shadow Earring,0,0,,12,0
24237,Boned Shadow Pendant,0,0,,12,0
4212,Bongun Card,82500,97000,kro,6,3
9025,Bongun Egg,828000,972000,kro,7,0
5046,Bongun Hat,92000,108000,kro,4,0
5168,Bongun Hat,92000,108000,kro,4,0
6771,Bonito,0,0,,12,3
1550,Book,24500,29000,npc,22,0
5827,Book File Hat,4600000,5400000,ragnastats,2,0
1553,Book of Billows,28500,34000,npc,11,0
1568,Book of Billows,28500,34000,npc,8,0
1570,Book of Blazing Sun,28500,34000,npc,8,0
490223,Book of Copying - Cloaking Chapter,0,0,,8,0
490388,Book of Copying - Cold Bolt Chapter,0,0,,8,0
490234,Book of Copying - Concentration Chapter,0,0,,8,0
490409,Book of Copying - Resurrection Chapter,0,0,,8,0
300279,Book of Death Card,2208000,2592000,kro,2,3
1593,Book of Destiny,0,0,,8,0
420356,Book of Destruction,0,0,,8,0
28611,Book of Evil,0,0,,8,0
1556,Book of Gust of Wind,22500,26500,ragnastats,11,0
1571,Book of Gust of Wind,28500,34000,npc,8,0
1554,Book of Mother Earth,20000,23500,ragnastats,11,0
1569,Book of Mother Earth,28500,34000,npc,8,0
420182,Book of Sorcery,0,0,,8,0
19326,Book of Soyga,0,0,,8,0
1557,Book of the Apocalypse,10000,12000,ragnastats,11,0
1555,Book of the Blazing Sun,63500,75000,ragnastats,8,0
642,Book of the Devil,92000,108000,kro,32,3
28618,Book of the Sun God,0,0,,8,0
540057,Book of Thoth,0,0,,8,0
1000927,Book Reading Tracker,22500,26000,kro,12,3
7015,Bookclip in Memory,7500,8850,ragnastats,51,36
1001020,Books of Different Worlds,0,0,,12,0
300104,Bookworm Card,1380000,1620000,kro,2,3
24469,Boomerang Shadow Earring,0,0,,12,0
24468,Boomerang Shadow Pendant,0,0,,12,0
24467,Boomerang Shadow Weapon,0,0,,12,0
32019,Boost Lance-OS,0,0,,8,0
530031,Boost Lance-OSAD,0,0,,8,0
12417,Boost500,0,0,,12,0
450300,Boosted Adventurer's Armor,0,0,,8,0
470216,Boosted Adventurer's Boots,0,0,,8,0
480353,Boosted Adventurer's Pauldrons,0,0,,8,0
470189,Booster Adventurer's Premium Boots,0,0,,8,0
480268,Booster Adventurer's Premium Cape,0,0,,8,0
480265,Booster Adventurer's Premium Cloak,0,0,,8,0
450260,Booster Adventurer's Premium Cloth,0,0,,8,0
450262,Booster Adventurer's Premium Clothing,0,0,,8,0
490313,Booster Adventurer's Premium Gloves,0,0,,8,0
470188,Booster Adventurer's Premium Greaves,0,0,,8,0
490315,Booster Adventurer's Premium Magic Ring,0,0,,8,0
470191,Booster Adventurer's Premium Magic Shoes,0,0,,8,0
450259,Booster Adventurer's Premium Mail,0,0,,8,0
480267,Booster Adventurer's Premium Muffler,0,0,,8,0
490314,Booster Adventurer's Premium Necklace,0,0,,8,0
490312,Booster Adventurer's Premium Ring,0,0,,8,0
450261,Booster Adventurer's Premium Robe,0,0,,8,0
480266,Booster Adventurer's Premium Scout Cloak,0,0,,8,0
470190,Booster Adventurer's Premium Shoes,0,0,,8,0
23308,Booster Amplifier,828000,972000,kro,7,0
400123,Booster Power Hat (Magical),0,0,,8,0
400122,Booster Power Hat (Physical),0,0,,8,0
22195,Booster Shoes,0,0,,8,0
470250,Boosting Boots Type A,0,0,,8,0
470251,Boosting Boots Type B,0,0,,8,0
470252,Boosting Boots Type C,0,0,,8,0
470253,Boosting Boots Type D,0,0,,8,0
480401,Boosting Cloak Type A,0,0,,8,0
480402,Boosting Cloak Type B,0,0,,8,0
480403,Boosting Cloak Type C,0,0,,8,0
480404,Boosting Cloak Type D,0,0,,8,0
470217,Boosting Forged Boots Type A,0,0,,8,0
470218,Boosting Forged Boots Type B,0,0,,8,0
470219,Boosting Forged Boots Type C,0,0,,8,0
470220,Boosting Forged Boots Type D,0,0,,8,0
480354,Boosting Forged Cloak Type A,0,0,,8,0
480355,Boosting Forged Cloak Type B,0,0,,8,0
480356,Boosting Forged Cloak Type C,0,0,,8,0
480357,Boosting Forged Cloak Type D,0,0,,8,0
450301,Boosting Forged Mail Type A,0,0,,8,0
450302,Boosting Forged Mail Type B,0,0,,8,0
450303,Boosting Forged Mail Type C,0,0,,8,0
450304,Boosting Forged Mail Type D,0,0,,8,0
520034,Boosting Glacier Axe,0,0,,8,0
540077,Boosting Glacier Book,0,0,,8,0
700081,Boosting Glacier Bow,0,0,,8,0
510125,Boosting Glacier Dagger,0,0,,8,0
570052,Boosting Glacier Instrument,0,0,,8,0
610057,Boosting Glacier Katar,0,0,,8,0
560051,Boosting Glacier Knuckle,0,0,,8,0
530050,Boosting Glacier Lance,0,0,,8,0
840030,Boosting Glacier Launcher,0,0,,8,0
590067,Boosting Glacier Mace,0,0,,8,0
830034,Boosting Glacier Minigun,0,0,,8,0
510124,Boosting Glacier Nindo,0,0,,8,0
500082,Boosting Glacier One-Handed Sword,0,0,,8,0
800036,Boosting Glacier Revolver,0,0,,8,0
810037,Boosting Glacier Rifle,0,0,,8,0
820030,Boosting Glacier Shotgun,0,0,,8,0
650044,Boosting Glacier Shuriken,0,0,,8,0
510123,Boosting Glacier Sotaedo,0,0,,8,0
550122,Boosting Glacier Staff,0,0,,8,0
600045,Boosting Glacier Sword,0,0,,8,0
580053,Boosting Glacier Whip,0,0,,8,0
400584,Boosting Headband,0,0,,8,0
520035,Boosting Ice & Snow Axe,0,0,,8,0
540078,Boosting Ice & Snow Book,0,0,,8,0
700082,Boosting Ice & Snow Bow,0,0,,8,0
510128,Boosting Ice & Snow Dagger,0,0,,8,0
570053,Boosting Ice & Snow Instrument,0,0,,8,0
610058,Boosting Ice & Snow Katar,0,0,,8,0
560052,Boosting Ice & Snow Knuckle,0,0,,8,0
530051,Boosting Ice & Snow Lance,0,0,,8,0
840031,Boosting Ice & Snow Launcher,0,0,,8,0
590068,Boosting Ice & Snow Mace,0,0,,8,0
830035,Boosting Ice & Snow Minigun,0,0,,8,0
510127,Boosting Ice & Snow Nindo,0,0,,8,0
500083,Boosting Ice & Snow One-Handed Sword,0,0,,8,0
800037,Boosting Ice & Snow Revolver,0,0,,8,0
810038,Boosting Ice & Snow Rifle,0,0,,8,0
820031,Boosting Ice & Snow Shotgun,0,0,,8,0
650045,Boosting Ice & Snow Shuriken,0,0,,8,0
510126,Boosting Ice & Snow Sotaedo,0,0,,8,0
550123,Boosting Ice & Snow Staff,0,0,,8,0
600046,Boosting Ice & Snow Sword,0,0,,8,0
580054,Boosting Ice & Snow Whip,0,0,,8,0
450340,Boosting Mail Type A,0,0,,8,0
450341,Boosting Mail Type B,0,0,,8,0
450342,Boosting Mail Type C,0,0,,8,0
450343,Boosting Mail Type D,0,0,,8,0
490474,Boosting Ring,0,0,,8,0
2405,Boots,16500,19000,kro,8,0
2406,Boots,18000,21500,kro,11,0
470230,Boots,17000,20500,sibling,8,0
470233,Boots,17000,20500,sibling,8,0
470224,Boots of Good and Evil (Abyss Chaser),0,0,,8,0
470237,Boots of Good and Evil (Arch Mage),0,0,,8,0
470210,Boots of Good and Evil (Biolo),0,0,,8,0
470207,Boots of Good and Evil (Cardinal),0,0,,8,0
470211,Boots of Good and Evil (Dragon Knight),8050000,9450000,kro,2,0
470213,Boots of Good and Evil (Elemental Master),0,0,,8,0
470226,Boots of Good and Evil (Hyper Novice),0,0,,8,0
470236,Boots of Good and Evil (Imperial Guard),0,0,,8,0
470208,Boots of Good and Evil (Inquisitor),0,0,,8,0
470221,Boots of Good and Evil (Meister),2300000,2700000,kro,2,0
470238,Boots of Good and Evil (Night Watch),0,0,,8,0
470222,Boots of Good and Evil (Shadow Cross),3680000,4320000,kro,2,0
470223,Boots of Good and Evil (Shinkiro & Shiranui),3220000,3780000,kro,2,0
470215,Boots of Good and Evil (Sky Emperor),0,0,,8,0
470209,Boots of Good and Evil (Soul Ascetic),0,0,,8,0
470212,Boots of Good and Evil (Spirit Handler),0,0,,8,0
470225,Boots of Good and Evil (Troubadour & Trouvere),0,0,,8,0
470214,Boots of Good and Evil (Windhawk),0,0,,8,0
1001583,Boots of Good and Evil Coupon,11040000,12960000,kro,4,3
22033,Boots of Gray,0,0,,8,0
22222,Boots of Judgment,0,0,,8,0
470182,Boots of Judgment-LT,0,0,,8,0
18920,Bork,0,0,,8,0
2592,Boss Brownie Manteau,0,0,,8,0
300107,Boss Pitaya Card,27600000,32400000,kro,2,0
17156,Bossnia Ticket Scroll,0,0,,12,0
15122,Botany Mail,0,0,,8,0
7135,Bottle Grenade,425,575,ragnastats,18,0
7128,Bottle Grenade Creation Guide,71500,84000,ragnastats,12,3
450404,Bougainvillea,0,0,,8,0
20900,Bouncer's Scarf,0,0,,8,0
1001997,Boundary Magic Powder,260,355,kro,12,3
1001998,Boundary Magic Stone,107500,126000,kro,7,3
105162,Boundary Singularity,1789000,2100500,kro,4,3
105168,Boundary Tuning (Frontier Abyss Dagger),2116000,2484000,kro,4,0
105169,Boundary Tuning (Frontier Arc Staff),3910000,4590000,kro,4,0
105166,Boundary Tuning (Frontier Biological Hall),2760000,3240000,kro,4,0
105163,Boundary Tuning (Frontier Dragon Sword),4140000,4860000,kro,4,0
105170,Boundary Tuning (Frontier Elemental Book),4140000,4860000,kro,4,0
105164,Boundary Tuning (Frontier Imperial Spear),2990000,3510000,kro,4,0
105172,Boundary Tuning (Frontier Judgment Claw),4140000,4860000,kro,4,0
105165,Boundary Tuning (Frontier Mechanical Axe),1840000,2160000,kro,4,0
105174,Boundary Tuning (Frontier Musical Violin),2760000,3240000,kro,4,0
105171,Boundary Tuning (Frontier Saint Lord),1840000,2160000,kro,4,0
105167,Boundary Tuning (Frontier Shadow Katar),3220000,3780000,kro,4,0
105173,Boundary Tuning (Frontier Wind Bow),2760000,3240000,kro,4,0
1701,Bow,765,1000,npc,8,0
1702,Bow,765,1000,npc,8,0
4428,Bow Guardian Card,460000,540000,kro,22,3
1270009,Bow Master Shadow Armor,2760000,3240000,kro,2,0
1270011,Bow Master Shadow Earring,4462000,5238000,kro,2,0
1270012,Bow Master Shadow Pendant,4140000,4860000,kro,2,0
1270010,Bow Master Shadow Shoes,3215000,3774500,kro,2,0
18148,Bow of Evil,0,0,,8,0
18123,Bow of Storms,463500,544000,estimate,4,0
2619,Bow Thimble,8250,9700,npc,11,0
2671,Bow Thimble,8250,9700,npc,8,0
310338,Bowling Bash Lv.1,0,0,,6,0
310339,Bowling Bash Lv.2,0,0,,6,0
310340,Bowling Bash Lv.3,0,0,,6,0
310341,Bowling Bash Lv.4,0,0,,6,0
310342,Bowling Bash Lv.5,0,0,,6,0
2727,Bowman Scarf,539500,633500,estimate,4,0
28348,Bowman Scarf,0,0,,8,0
7948,Box,0,0,,12,0
12031,Box of Drowsiness,19000,22500,ragnastats,18,3
12029,Box of Gloom,34000,40000,ragnastats,12,3
12034,Box of Panting,3900,4550,ragnastats,12,3
12030,Box of Resentment,21500,25000,ragnastats,18,3
102546,Box of Sin,0,0,,12,3
12032,Box of Storms,4550,5350,ragnastats,12,3
12033,Box of Sunlight,920,1050,npc,54,3
12028,Box of Thunder,920,1050,ragnastats,12,3
490399,Boxer Glove,0,0,,8,0
28434,Boxing Gloves,0,0,,8,0
5016,Boy's Cap,69000,81000,sibling,11,0
5349,Boy's Cap,138000,162000,ragnastats,4,0
12373,Boy's Pure Heart,1334000,1566000,kro,16,3
18738,Boys White Hat,0,0,,8,0
16681,BR Independence Scroll,0,0,,12,0
2878,Bracelet Arunairi,0,0,,8,0
6597,Bracelet Of Velund,1,2,npc,12,3
6224,Bradium,21000,24500,kro,12,36
2790,Bradium Brooch,0,0,,11,0
2788,Bradium Earring,0,0,,11,0
4472,Bradium Golem Card,2861500,3359000,ragnastats,2,3
2789,Bradium Ring,2668000,3132000,kro,3,0
2138,Bradium Shield,460000,540000,kro,7,0
1385,Bradium Stone Hammer,492000,577500,ragnastats,4,0
1397,Bradium Stone Hammer,492000,577500,sibling,4,0
12655,Brain Powder,0,0,,12,0
300172,Brain Sucker Card,0,0,,6,3
13150,Branch,2450,2900,npc,8,0
1001451,Branch of Maple Tree,3560000,4179500,kro,4,3
24572,Brand Shadow Armor,1840000,2160000,kro,2,0
24573,Brand Shadow Shield,6440000,7560000,kro,2,0
24574,Brand Shadow Shoes,2668000,3132000,kro,2,0
310343,Brandish Spear Lv.1,0,0,,6,0
310344,Brandish Spear Lv.2,0,0,,6,0
310345,Brandish Spear Lv.3,0,0,,6,0
310346,Brandish Spear Lv.4,0,0,,6,0
310347,Brandish Spear Lv.5,0,0,,6,0
29128,Brass,0,0,,6,0
490646,Brave Heart (Hyper Novice),0,0,,8,0
490647,Brave Heart (Night Watch),0,0,,8,0
490663,Brave Heart (Sky Emperor),0,0,,8,0
20924,Brave Muffler,0,0,,8,0
22193,Brave Shoes,0,0,,8,0
15349,Brave Suit,0,0,,8,0
5601,Brazil Beret,0,0,,8,0
15022,Brazil Swimsuit,0,0,,8,0
5600,Brazil Twin Ribbon,0,0,,8,0
410023,Brazil Twin Ribbon,0,0,,8,0
2871,Brazilian Emblem,0,0,,8,0
5477,Brazilian Flag Hat,0,0,,8,0
580,Bread,90,120,ragnastats,12,18
310843,Breaking Through (Infinite Archery),0,0,,6,0
310841,Breaking Through (Infinite Fighting Spirit),0,0,,6,0
310842,Breaking Through (Infinite Magic Power),0,0,,6,0
7087,Breath of Spirit,1,2,npc,12,3
24024,Breeze Armor (Shadow),1,2,npc,12,0
4390,Breeze Card,1242000,1458000,kro,2,3
18636,Bridal Ribbon,0,0,,8,0
17152,Bridal Ribbon Box,0,0,,12,0
5169,Bride Mask,24500,29000,npc,8,0
5436,Bride's Corolla,690000,810000,ragnastats,4,0
7054,Brigan,595,805,kro,76,72
1001641,Bright Eye,2300,2750,kro,12,3
32408,Bright Mace,0,0,,8,0
16096,Bright Pendulum,0,0,,8,0
5795,Bright Red Dress Hat,0,0,,8,0
1001087,Bright Shining Crystal,19000,22000,estimate,12,0
4213,Brilight Card,14000,16500,ragnastats,6,3
450247,Brillance,0,0,,8,0
311943,Brilliant Biosphere Gem (Boss Type),0,0,,6,0
311929,Brilliant Biosphere Gem (Dragon Fishing),0,0,,6,0
311938,Brilliant Biosphere Gem (Execu-sect),0,0,,6,0
311932,Brilliant Biosphere Gem (Exor-scissor),0,0,,6,0
311941,Brilliant Biosphere Gem (Hunting Divine),0,0,,6,0
311942,Brilliant Biosphere Gem (Normal Type),0,0,,6,0
311935,Brilliant Biosphere Gem (Vibra-rupt),0,0,,6,0
1001661,Brilliant Crimson Magic Stone,13500,16000,kro,12,3
1001127,Brilliant Herosria Diamond,0,0,,12,3
1001126,Brilliant Herosria Emerald,0,0,,12,3
1001123,Brilliant Herosria Ruby,0,0,,12,3
1001125,Brilliant Herosria Sapphire,0,0,,12,3
1001124,Brilliant Herosria Topaz,0,0,,12,3
490059,Brilliant Light Amethyst Necklace,0,0,,8,0
490058,Brilliant Light Amethyst Ring,0,0,,8,0
490067,Brilliant Light Aquamarine Necklace,28658000,33642000,kro,2,0
490066,Brilliant Light Aquamarine Ring,30820000,36180000,kro,2,0
490061,Brilliant Light Emerald Necklace,25760000,30240000,kro,2,0
490060,Brilliant Light Emerald Ring,17480000,20520000,kro,2,0
490057,Brilliant Light Ruby Necklace,9200000,10800000,kro,2,0
490056,Brilliant Light Ruby Ring,20700000,24300000,kro,2,0
490065,Brilliant Light Sapphire Necklace,9200000,10800000,kro,2,0
490064,Brilliant Light Sapphire Ring,23000000,27000000,kro,2,0
490063,Brilliant Light Zircon Necklace,0,0,,8,0
490062,Brilliant Light Zircon Ring,2760000,3240000,kro,2,0
1001664,Brilliant Livid Magic Stone,15500,18000,kro,12,3
1001036,Brilliant Snow Flower Magic Stone Extract,8900,10000,kro,12,3
1000814,Brilliant Snow Flower Manastone,94000,110500,kro,7,3
1001658,Brilliant Sunset Magic Stone,15500,18000,kro,12,3
1001655,Brilliant Turquoise Magic Stone,11500,13500,kro,12,3
27324,Brinaranea Card,2404000,2822000,estimate,2,3
1470,Brionac,78000,91500,kro,8,0
2630,Brisingamen,0,0,,8,0
2831,Brisingamen,0,0,,8,0
16366,Brisingamen R Box,0,0,,12,0
5432,bRO 4th Anniversary Hat,0,0,,8,0
1160,Broad Sword,53500,63000,npc,8,0
1162,Broad Sword,15000,17500,ragnastats,11,0
1415,Brocca,92000,108000,estimate,20,0
7708,Broken Apple Juice,0,0,,12,0
25258,Broken Arrow,53500,63000,ragnastats,36,18
2867,Broken Bamboo Piece,0,0,,8,0
7707,Broken Banana Juice,0,0,,12,0
300076,Broken Beta Guards Card,4140000,4860000,kro,2,3
311927,Broken Biosphere Gem (Dragon Fishing),0,0,,6,0
311936,Broken Biosphere Gem (Execu-sect),0,0,,6,0
311930,Broken Biosphere Gem (Exor-scissor),0,0,,6,0
311939,Broken Biosphere Gem (Hunting Divine),0,0,,6,0
311933,Broken Biosphere Gem (Vibra-rupt),0,0,,6,0
7706,Broken Carrot Juice,0,0,,12,0
28370,Broken Chip (Green),0,0,,8,0
28371,Broken Chip (Red),0,0,,8,0
28326,Broken Chips 01,0,0,,8,0
28327,Broken Chips 02,0,0,,8,0
300101,Broken Cleaner Card,1334000,1566000,kro,2,3
7754,Broken Crown,257000,301500,kro,7,9
7753,Broken Farming Utensil,280,380,npc,36,18
300087,Broken Gardener Beta Card,920000,1080000,kro,2,3
7709,Broken Grape Juice,0,0,,12,0
6649,Broken Horn,110000,129500,kro,7,0
7158,Broken Liquor Jar,4650,5500,ragnastats,36,18
6905,Broken Magic Stone,3900,4550,estimate,12,72
300280,Broken Memory of Thanatos Card,0,0,,6,3
7215,Broken Needle,6100,7150,kro,36,18
300077,Broken Omega Cleaner Card,920000,1080000,kro,2,3
7113,Broken Pharaoh Emblem,82500,97000,kro,12,0
7070,Broken Shell,4200,4950,ragnastats,36,18
25280,Broken Shotgun,9200,10500,estimate,12,18
7156,Broken Shuriken,8450,9900,ragnastats,36,36
7110,Broken Sword,11500,13500,kro,51,36
25816,Broken Trap,127500,150000,estimate,7,0
1001239,Broken Trident,0,0,,12,3
7062,Broken Turtle Shell,8250,9700,kro,12,0
673,Bronze Coin,19000,22500,sibling,12,0
7915,Bronze Coin,19000,22500,ragnastats,12,0
400399,Bronze Crown,0,0,,8,0
12839,bronze Treasure Box,0,0,,12,0
2605,Brooch,92000,108000,kro,4,0
2625,Brooch,27500,32000,kro,11,0
32222,Brooch of Hero,0,0,,8,0
490316,Brooch of Matador,0,0,,8,0
5235,Brown Beanie,69000,81000,ragnastats,8,0
5229,Brown Deviruchi Hat,59500,70000,ragnastats,8,0
5231,Brown Drooping Cat,207000,243000,npc,4,0
18584,Brown Drooping Kitty,0,0,,8,0
7805,Brown Jenoss's Family Ring,0,0,,12,0
5240,Brown Mage Hat,69000,81000,ragnastats,8,0
25283,Brown Muffler,355,480,npc,12,18
27176,Brown Rat Card,2300000,2700000,kro,2,3
25285,Brown Rat Tail,6050,7150,estimate,12,18
7188,Brown Root,495,670,ragnastats,51,36
6550,Brownie Ticket,0,0,,12,0
7571,Bruspetti's Diary,0,0,,12,0
585,Brusti,0,0,,12,0
300241,Brutal Murderer Card,4140000,4860000,kro,2,3
24054,Brutal Shield (Shadow),1,2,npc,12,0
1328,Brute Cleaver,0,0,,8,0
32014,Brute Spear,0,0,,8,0
2383,Brynhild,0,0,,8,0
7832,Brynhild Armor Piece,1,2,npc,12,3
12555,Brynhild Piece Box,0,0,,12,0
12553,Brysinggamen Piece Box,0,0,,12,0
12760,Bubble Gum Green,0,0,,12,0
12762,Bubble Gum Orange,0,0,,12,0
16633,Bubble Gum Plus Box,0,0,,12,0
12763,Bubble Gum Red,0,0,,12,0
7626,Bubble Gum Token,0,0,,12,0
12761,Bubble Gum Yellow,0,0,,12,0
12354,Buche De Noel,340000,399500,kro,11,9
5114,Bucket Hat,4950,5800,npc,8,0
5120,Bucket Hat,4950,5800,npc,8,0
2103,Buckler,12500,15000,kro,8,0
2104,Buckler,322000,378000,kro,7,0
16257,Buddah Scroll,0,0,,12,0
1001824,Buff Ticket,720,975,kro,12,3
2874,Buffalo Horn,0,0,,8,0
1042,Bug Leg,3400,3950,kro,54,36
23078,Build Up Potion AC,8,12,npc,12,0
23077,Build Up Potion SC,8,12,npc,12,0
23076,Build Up Potion SS,8,12,npc,12,0
5034,Bulb Band,806500,946500,ragnastats,4,0
300666,Bulgasari Card,0,0,,6,3
400098,Bull Crown,6440000,7560000,kro,2,0
19342,Bull Hat,0,0,,8,0
29206,Bull's-Eyes,0,0,,6,0
13200,Bullet,1,2,ragnastats,12,0
5300,Bullock Helm,0,0,,8,0
5560,Bullock Helm,0,0,,8,0
6115,Bun,920,1050,ragnastats,12,3
2646,Bunch of Carnations,0,0,,8,0
12111,Bundle of Food,1260000,1479000,ragnastats,4,3
4582,Bungisngis Card,1150000,1350000,kro,3,3
2184,Bunker Shield,1942000,2280000,ragnastats,2,0
28915,Bunker Shield,1942000,2280000,sibling,2,0
2214,Bunny Band,18000,21500,kro,8,0
16492,Bunny Band Box,0,0,,12,0
5870,Bunny Egg Shell,0,0,,8,0
2415,Bunny Slipper,0,0,,8,0
29214,Burn,0,0,,6,0
1730,Burning Bow,139000,163000,ragnastats,7,0
18137,Burning Bow,139000,163000,sibling,4,0
100144,Burning Dragon's Power,0,0,,12,0
300217,Burning Fang Card,3092500,3630500,estimate,2,3
6691,Burning Feather,13500,16000,kro,12,18
7122,Burning Hair,790,1050,ragnastats,36,36
7097,Burning Heart,595,805,kro,76,72
7120,Burning Horseshoe,2050,2400,kro,36,18
1862,Burning Knuckle-OS,920000,1080000,kro,2,0
560034,Burning Knuckle-OSAD,0,0,,8,0
1002679,Burning Leather,2250,2650,kro,12,0
300441,Burning Night Card,1380000,1620000,kro,2,3
1914,Burning Passion Guitar,5400,6350,ragnastats,8,0
28225,Burning Rose,267000,313500,estimate,4,0
7512,Burnt Part,44000,51500,ragnastats,36,36
7068,Burnt Tree,7250,8500,ragnastats,51,36
19367,Burst Flame,0,0,,8,0
5868,Bushy Moustache,0,0,,8,0
1357,Buster,28000,33000,npc,8,0
1358,Buster,28000,33000,npc,11,0
1359,Buster,0,0,,8,0
13158,Butcher,191500,225000,ragnastats,4,0
13159,Butcher,107500,126000,npc,4,0
4519,Butoijo Card,920000,1080000,kro,2,3
7640,Butterfly Hair Decoration,8,12,npc,12,0
18549,Butterfly Hairpin,0,0,,8,0
1000926,Butterfly Sticker,0,0,,12,3
602,Butterfly Wing,215,290,ragnastats,54,3
23136,Butterfly Wing Box,0,0,,12,3
16992,Butterfly Wing Box20,0,0,,12,0
16993,Butterfly Wing Box50,0,0,,12,0
18782,Butterfly Wing Ear,0,0,,8,0
18905,Butterfly Wing Hair Clip,0,0,,8,0
4592,Buwaya Card,123532500,145016500,estimate,2,0
6518,Buwaya Doll,27500,32000,kro,12,0
2590,Buwaya Sack Cloth,436500,512500,estimate,4,0
5845,Buzzy Ball Board,0,0,,8,0
5846,Buzzy Ball Gum,0,0,,8,0
1140,Byeollungum,901500,1058500,ragnastats,4,0
13447,Byeollungum,901500,1058500,sibling,4,0
4426,Byorgue Card,809500,950000,kro,32,3
400504,C Autumn Piece,2300000,2700000,kro,2,0
6420,C Grade Coin,0,0,,12,0
12619,C Grade Coin Bag,17,24,npc,12,3
311088,C.RATE Lv1,0,0,,6,0
311089,C.RATE Lv2,0,0,,6,0
31413,C_ Taurus Crown,0,0,,8,0
1000825,Cacalapy,8150,9600,kro,12,3
7182,Cacao,8150,9600,kro,36,18
7718,Cacao Bean,0,0,,12,0
5737,Cactus Hat,1008500,1184000,ragnastats,2,0
952,Cactus Needle,840,1100,kro,76,36
24061,Cadi Shield (Shadow),1,2,npc,12,0
1134,Caesar's Sword,136000,160000,estimate,4,0
5024,Cake Hat,611000,717000,ragnastats,7,0
1000824,Calapy,0,0,,12,3
6331,Calender April,0,0,,12,0
6335,Calender August,0,0,,12,0
6339,Calender December,0,0,,12,0
6329,Calender February,0,0,,12,0
6328,Calender January,0,0,,12,0
6334,Calender July,0,0,,12,0
6333,Calender June,0,0,,12,0
6330,Calender March,0,0,,12,0
6332,Calender May,0,0,,12,0
6338,Calender November,0,0,,12,0
6337,Calender October,0,0,,12,0
6336,Calender September,0,0,,12,0
1001995,Calendula,0,0,,12,3
300650,Calendula Card,8648000,10152000,kro,2,3
28242,Calf Anaconda,450000,528000,estimate,4,0
13146,Calf Deathadder,595000,698500,estimate,4,0
28241,Calf Diamondback,773500,908000,estimate,4,0
28240,Calf Kingcobra,424000,497500,estimate,4,0
28243,Calf Python,496500,583000,estimate,4,0
300364,Calmaring Card,1656000,1944000,kro,2,3
420314,Calming White Fox,0,0,,8,0
5919,Camellia Hair Ornament,0,0,,8,0
300419,Camellia Smoke Effect,0,0,,6,0
1001069,Camellia Smoke Effect Stone (Head),0,0,,12,0
2808,Camouflague Generator,207000,243000,npc,4,0
18547,Campus Festival,0,0,,8,0
18706,Can Hat,6900000,8100000,ragnastats,2,0
4962,Cancer,0,0,,6,0
1335,Cancer Axe,0,0,,8,0
5582,Cancer Crown,3884000,4560000,ragnastats,2,0
19449,Cancer Crown,3884000,4560000,sibling,2,0
16270,Cancer Crown Box,0,0,,12,0
5581,Cancer Diadem,1959500,2300000,ragnastats,2,0
16269,Cancer Diadem Box,0,0,,12,0
15412,Cancer Mail,0,0,,8,0
20954,Cancer Manteau,0,0,,8,0
32253,Cancer Ring,0,0,,8,0
22216,Cancer Shoes,0,0,,8,0
313334,Cancer Stone,0,0,,6,0
5028,Candle,6303500,7400000,ragnastats,2,0
5178,Candle,6303500,7400000,sibling,2,0
7927,Candle TW,0,0,,12,0
529,Candy,10500,12500,kro,51,36
23291,Candy Bag Blessing Scroll(Magic),0,0,,12,0
23289,Candy Bag Blessing Scroll(Physical),0,0,,12,0
23290,Candy Bag Blessing Scroll(Ranged),0,0,,12,0
1000954,Candy Bundles,0,0,,12,3
530,Candy Cane,13500,16000,kro,51,36
5445,Candy Cane In Mouth,0,0,,8,0
26110,Candy Cane Rod,528500,620500,estimate,4,0
18708,Candy Hat,0,0,,8,0
22514,Candy Holder,0,0,,12,0
20844,Candy Pouch Bag (Magic),0,0,,8,0
20842,Candy Pouch Bag (Physical),138000000,162000000,kro,2,0
20843,Candy Pouch Bag (Range),92000000,108000000,kro,2,0
23835,Candy Pouch Bag SynthesisBox,2760000,3240000,kro,4,3
23922,Candy Pouch Box,0,0,,12,3
23287,Candy Pouch Box(Magic),0,0,,12,0
23285,Candy Pouch Box(Physical),0,0,,12,0
23286,Candy Pouch Box(Ranged),174800000,205200000,kro,4,0
18000,Cannon Ball,25,35,ragnastats,12,0
100171,Cannon Ball Box,0,0,,12,0
24565,Cannon Cart Shadow Earring,2001000,2349000,kro,2,0
24564,Cannon Cart Shadow Pendant,2760000,3240000,kro,2,0
24563,Cannon Cart Shadow Weapon,2530000,2970000,kro,2,0
32259,Cannon Modifier,0,0,,8,0
13493,Cannon Rapier-OS,0,0,,8,0
500051,Cannon Rapier-OSAD,0,0,,8,0
1435,Cannon Spear,46000,54000,npc,8,0
2226,Cap,11000,12500,kro,22,0
2227,Cap,460000,540000,kro,4,0
5304,Cap Of Blindness,0,0,,8,0
16996,Capri Crown Scroll,0,0,,12,0
16997,Capri Crown Scroll Box,0,0,,12,0
17109,Capri Scroll,17,24,npc,12,0
17011,Capricon Di Scroll,0,0,,12,0
17012,Capricon Di Scroll Box,0,0,,12,0
400015,Capricon Diadem,0,0,,8,0
450011,Capricon Mail,0,0,,8,0
480006,Capricon Manteau,0,0,,8,0
490009,Capricon Ring,0,0,,8,0
470010,Capricon Shoes,0,0,,8,0
4964,Capricorn,0,0,,6,0
5744,Capricorn Crown,0,0,,8,0
16565,Capricorn Crown Box,0,0,,12,0
16566,Capricorn Crown Box,0,0,,12,0
5745,Capricorn Diadem,5578000,6548000,ragnastats,2,0
16567,Capricorn Diadem Box,0,0,,12,0
29150,Capricorn Stone,0,0,,6,0
313335,Capricorn Stone,0,0,,6,0
700004,Capricorn Thief Bow,0,0,,8,0
6083,Capsule Dolls,0,0,,12,0
27182,Captain Ferlock Card,1992500,2339500,estimate,2,3
5184,Captain's Hat,0,0,,8,0
5657,Captain's Pipe,0,0,,11,0
6564,Captive Hatchling,9150,10500,estimate,12,0
4063,Caramel Card,747000,877000,ragnastats,4,3
4288,Carat Card,484000,568000,estimate,32,3
6379,Card Coin,0,0,,12,0
490269,Cardinal Light,0,0,,8,0
490244,Cardinal Ring,0,0,,8,0
312217,Cardinal Soul (Arbitrium),0,0,,6,0
313564,Cardinal Soul (Divinus Flos),0,0,,6,0
312218,Cardinal Soul (Framen),0,0,,6,0
312219,Cardinal Soul (Petitio),0,0,,6,0
312401,Cardinal Stone (Garment),92000000,108000000,kro,2,0
1001325,Cardinal Stone (Garment),92000000,108000000,kro,4,0
314184,Cardinal Stone II (Garment),644000000,756000000,kro,2,0
1002276,Cardinal Stone II (Garment),644000000,756000000,kro,4,0
1484,Cardo,419500,492500,ragnastats,7,0
16003,Carga Mace,64000,75500,kro,8,0
5307,Carmen Miranda's Hat,0,0,,8,0
18739,Carnation Hairband,0,0,,8,0
6223,Carnium,2750,3200,kro,12,18
5145,Carnival Joker Jester,0,0,,8,0
6777,Carp,0,0,,12,3
22776,Carp Skewer,0,0,,12,3
515,Carrot,12,18,kro,51,36
18683,Carrot In Mouth,0,0,,8,0
19350,Carrot In Mouth,0,0,,8,0
534,Carrot Juice,4600,5400,kro,36,18
1974,Carrot Whip,9200,10500,ragnastats,8,0
7046,Cart Parts,0,0,,12,0
310378,Cart Termination Lv.1,0,0,,6,0
310379,Cart Termination Lv.2,0,0,,6,0
310380,Cart Termination Lv.3,0,0,,6,0
310381,Cart Termination Lv.4,0,0,,6,0
310382,Cart Termination Lv.5,0,0,,6,0
311034,Cart Tornado Tuning Device,0,0,,6,0
12149,Cartridge,7450,8750,ragnastats,12,3
6707,Cash Hair Coupon,4324000,5076000,kro,4,0
7943,Caskinya,0,0,,12,0
311400,Caster 1Lv,0,0,,6,0
311401,Caster 2Lv,0,0,,6,0
311402,Caster 3Lv,0,0,,6,0
311403,Caster 4Lv,0,0,,6,0
311404,Caster 5Lv,0,0,,6,0
24048,Caster Pendant (Shadow),18400000,21600000,kro,4,0
24242,Caster Shadow Armor,18400000,21600000,kro,4,0
24330,Caster Shadow Armor II,18400000,21600000,kro,4,0
24109,Caster Shadow Earrings,18400000,21600000,kro,4,0
24241,Caster Shadow Shield,19780000,23220000,kro,4,0
24240,Caster Shadow Shoes,18400000,21600000,kro,4,0
24110,Caster Shadow Weapon,13800000,16200000,kro,4,0
312196,Casting Soul,0,0,,6,0
25067,Casting Stone (Garment),50344000,59100000,kro,4,0
12399,Castle Treasure Box,17,24,npc,12,0
11536,Cat Biscuit,5000,5850,ragnastats,12,3
16015,Cat Club,1288000,1512000,kro,2,0
400187,Cat Ears Beret,0,0,,8,0
17124,Cat Ears Beret Box,17,24,npc,12,0
490582,Cat Food,0,0,,8,0
2873,Cat Hand Glove,3059000,3591000,kro,3,0
22814,Cat Hand Ticket,0,0,,12,0
23310,Cat Headdress Gift Basket,0,0,,12,3
23869,Cat Headdress SynthesisBox,5428000,6372000,kro,4,3
18667,Cat Lace Hairband,0,0,,8,0
9096,Cat o Nine Tail Egg,8280000,9720000,kro,4,0
4290,Cat O' Nine Tails Card,869000,1020500,kro,4,3
19976,Cat Santa Hat,63940000,75060000,kro,3,0
7080,Cat Tread,5107500,5996000,estimate,4,3
2031,Cat's cane - Swordfish,0,0,,8,0
7263,Cat's Eye,13000,15000,ragnastats,36,6
4289,Caterpillar Card,645000,757000,ragnastats,4,3
5446,Catfoot Hairpin,2117500,2485500,ragnastats,2,0
300421,Catherine Card,0,0,,6,3
300451,Catherine Gaebolg (Sign Stamp) Card,0,0,,6,3
300422,Catherine Gaebolg Card,6256000,7344000,kro,2,3
29598,Catherine's Memory,0,0,,6,0
4804,Catholic1Lv.,0,0,,6,0
11602,Catnip Fruit,12,18,ragnastats,12,0
24642,Catnip Shadow Armor,0,0,,8,0
24641,Catnip Shadow Shield,2760000,3240000,kro,2,0
24640,Catnip Shadow Weapon,1722000,2021500,kro,2,0
490655,Catwalky Fluffy Socks,0,0,,8,0
28319,Cauda Daemonica,0,0,,8,0
300371,Cave Calmaring Card,736000,864000,kro,4,3
300372,Cave Flower Card,340000,399500,kro,4,3
591,Caviar Pancake,10000,11500,ragnastats,12,3
18666,CD In Mouth,1748000,2052000,sibling,3,0
420003,CD in Mouth,1748000,2052000,kro,2,0
4368,Cecil Damon Card,1012000,1188000,kro,2,3
29600,Cecil's Memory,0,0,,6,0
2617,Celebrant's Mitten,62500,73000,ragnastats,8,0
7581,Celebration Document,0,0,,12,0
2631,Celebration Ring,0,0,,8,0
29589,Celestial,0,0,,6,0
560086,Celestial Annihilation,920000,1080000,kro,2,0
550190,Celestial Arby Rod,2300000,2700000,kro,2,0
1383,Celestial Axe,0,0,,8,0
14375,Celestial Axe Box,0,0,,12,0
700125,Celestial Crescent Bow,2070000,2430000,kro,2,0
19388,Celestial Crow Mask,0,0,,8,0
105738,Celestial Crown Refining Hammer,10856000,12744000,kro,4,3
18895,Celestial Dark Flame,0,0,,8,0
400116,Celestial Jewel Crown,5520000,6480000,kro,2,0
540122,Celestial Moonsong Book,2760000,3240000,kro,2,0
500134,Celestial Napalm Sword,460000,540000,kro,4,0
401059,Celestial Rune Crown (Abyss Chaser),92000000,108000000,kro,2,0
401058,Celestial Rune Crown (Imperial Guard),690000,810000,kro,4,0
314669,Celestial Stone II (Garment),460000000,540000000,kro,2,0
1002407,Celestial Stone II (Garment),460000000,540000000,kro,4,0
105737,Celestial Weapon Refining Hammer,11040000,12960000,kro,4,3
19079,Celestial Woman's Flower,0,0,,8,0
4568,Celia Card,1840000,2160000,kro,2,3
29604,Celia's Memory,0,0,,6,0
27007,Celine Kimi Card,69000000,81000000,sibling,2,0
31023,Celine Kimi Card,69000000,81000000,kro,2,0
490482,Celine Kimi Pendant,0,0,,8,0
28513,Celine's Brooch,15640000,18360000,sibling,2,0
32237,Celine's Brooch,15640000,18360000,kro,2,0
450179,Celine's Dress,9200000,10800000,kro,2,0
450272,Celine's Dress-LT,0,0,,8,0
18849,Celine's Ribbon,6900000,8100000,kro,2,0
1925,Cello,37500,44000,ragnastats,11,0
4517,Cendrawasih Card,6359000,7465000,ragnastats,2,3
6405,Cendrawasih Feather,2,4,npc,12,18
4595,Cenere Card,1472000,1728000,kro,3,3
5175,Censor Bar,24500,29000,npc,8,0
18736,Censor Bar,0,0,,8,0
24886,Centering Shadow Earring,920000,1080000,kro,2,0
24885,Centering Shadow Pendant,782000,918000,kro,4,0
4447,Centipede Card,1794000,2106000,kro,3,3
4452,Centipede Larva Card,4640500,5448000,ragnastats,2,3
13440,Ceremonial Sword,0,0,,8,0
450293,Ceres Leather Armor-LT,0,0,,8,0
15827,Ceryne's Hat,0,0,,8,0
15828,Cetio's Hat,0,0,,8,0
15833,Cetrion Bracelet (OSM),0,0,,8,0
15832,Cetrion Circlet (OSM),0,0,,8,0
15446,Cetrion's Ring (OSM),0,0,,8,0
1519,Chain,19000,22000,npc,8,0
1520,Chain,19000,22000,npc,8,0
1521,Chain,0,0,,8,0
2314,Chain Mail,53500,63000,npc,8,0
2315,Chain Mail,53500,63000,npc,11,0
15260,Chain Mail,0,0,,8,0
24577,Chain Press Shadow Earring,161000,189000,kro,4,0
24576,Chain Press Shadow Pendant,92000,108000,kro,4,0
24575,Chain Press Shadow Weapon,1656000,1944000,kro,2,0
24523,Chain Shadow Earring,0,0,,8,0
24522,Chain Shadow Pendant,0,0,,8,0
24521,Chain Shadow Weapon,0,0,,8,0
1001795,Chained Teddy Bear,0,0,,12,3
300718,Chairman Rekenber Card,0,0,,6,3
1285,Chakram,184000,216000,kro,7,0
12547,Chalcenodny Box,0,0,,12,0
17165,Challenge Kit,0,0,,12,0
23605,Challenger Drink,0,0,,12,3
2386,Chameleon Armor,412500,484500,ragnastats,4,0
6894,Champion Badge,0,0,,12,0
4562,Champion Chen Card,129636500,152182000,estimate,2,0
24025,Champion Shoes (Shadow),1,2,npc,12,0
29425,Champion Stone (Bottom),1840000,2160000,kro,2,0
25411,Champion Stone (Lower),1840000,2160000,kro,4,0
25410,Champion Stone (Middle),910000,1068500,kro,7,0
29424,Champion Stone (Middle),910000,1068500,kro,4,0
25409,Champion Stone (Upper),1840000,2160000,kro,4,0
29423,Champion Stone (Upper),1840000,2160000,kro,2,0
480672,Champion's Cloak,920000,1080000,kro,2,0
5606,Champune Hat,0,0,,8,0
6303,Changed Hydra Ball,0,0,,12,0
29243,Chant Impediment,0,0,,6,0
29131,Chaos,0,0,,6,0
300312,Chaos Resistance,0,0,,6,0
27343,Chaotic Acolyte Card,10120000,11880000,kro,2,0
27334,Chaotic Baphomet Card,2577500,3025500,estimate,2,0
27335,Chaotic Baphomet Junior Card,552000,648000,kro,4,0
9130,Chaotic Baphomet Junior Egg,4600000,5400000,kro,4,0
27339,Chaotic Ghostring Card,2755000,3234500,kro,2,0
27337,Chaotic Hunter Fly Card,82500,97000,kro,6,0
27340,Chaotic Killer Mantis Card,460000,540000,kro,4,0
20771,Chaotic Manteau,0,0,,8,0
27338,Chaotic Mantis Card,920000,1080000,kro,2,0
27341,Chaotic Poporing Card,644000,756000,kro,4,0
1002011,Chaotic Rune Fragment of Magic Power,20500,24000,kro,36,3
27336,Chaotic Sidewinder Card,276000,324000,kro,4,0
27342,Chaotic Stem Worm Card,460000,540000,kro,4,0
6058,Character Ben Card,0,0,,12,0
6057,Character Lee Card,0,0,,12,0
6059,Character Project Card,0,0,,12,0
6055,Character Week Card,0,0,,12,0
6056,Character Year Card,0,0,,12,0
7892,Charcoal,0,0,,12,0
300635,Charcoaring Card,1380000,1620000,kro,2,3
4661,Charge Basilisk Card,184000,216000,kro,4,0
6752,Charleston Parts,58500,68500,estimate,12,18
23706,Charleston Upgrade Parts (Physical),0,0,,12,0
23707,Charleston Upgrade Parts (Ranged),0,0,,12,0
4697,Charleston3 Card,2159500,2535000,estimate,2,3
27092,Charleston3 Card,0,0,,6,0
28382,Charm Grass Necklace,92000,108000,kro,4,0
420323,Charm of Anywhere,0,0,,8,0
490648,Charm of Flame Heart,0,0,,8,0
15921,Charm Of Great Nature,0,0,,8,0
12328,Charm Of Happiness,0,0,,12,0
15923,Charm of Leafwind,0,0,,8,0
12327,Charm Of Luck,0,0,,12,0
15922,Charm Of Mistic Frozen,0,0,,8,0
19408,Charm of Mystic Frozen,0,0,,8,0
12365,Charming Lotus,17,24,npc,12,3
5140,Charming Ribbon,50500,59000,ragnastats,8,0
470056,Chaser's Shoes,0,0,,8,0
510199,Chasing Dagger of the Sky,110400000,129600000,kro,2,0
5972,Chatty Parrot,0,0,,8,0
25232,Cheap Lubricant,920,1050,npc,12,0
5880,Cheering Whistle,0,0,,8,0
548,Cheese,1750,2050,ragnastats,51,18
18698,Cheesy Snack In Mouth,0,0,,8,0
5026,Chef Hat,27500,32000,ragnastats,8,0
11002,Chef King Orleans Vol.1,11500,14000,ragnastats,36,3
1964,Chemeti Whip,100000,117000,ragnastats,14,0
312410,Chemical Badge,0,0,,6,0
23312,Chemical Bag,0,0,,12,0
28533,Chemical Glove,0,0,,8,0
490475,Chemical Glove,0,0,,8,0
490428,Chemical Resistant Glove,0,0,,8,0
24064,Chemical Shoes (Shadow),1,2,npc,12,0
4569,Chen Card,460000,540000,kro,4,3
29605,Chen's Memory,0,0,,6,0
4284,Chepet Card,550500,646000,ragnastats,4,3
12824,Chepet Scroll,0,0,,12,0
28597,Cherry Badge,0,0,,8,0
22945,Cherry Blossom Rice Cake,0,0,,12,0
410336,Cherub Coronet,0,0,,8,0
410337,Cherub Coronet,0,0,,8,0
23261,Chewy Macaron,0,0,,12,0
400437,Chic Peony,0,0,,8,0
19129,Chick Hat,61640000,72360000,kro,2,0
23853,Chick Hat SynthesisBox,1840000,2160000,kro,4,3
7605,Chicken Egg,0,0,,12,0
7889,Chicken Feed,0,0,,12,0
7942,Chico Cesar Letter,0,0,,12,0
9124,Child Admin Alpha Egg,0,0,,12,0
9123,Child Admin Beta Egg,0,0,,12,0
11705,Children's Potion,0,0,,12,0
12086,Chile Shrimp Gratin,9200,10500,kro,12,18
550007,Chilling Cane,0,0,,8,0
100379,Chilling Cane Remodeling Cube,0,0,,12,0
550046,Chilling Cane-LT,0,0,,8,0
6471,Chills Of Death,184000,216000,kro,32,3
18746,Chilly Breath,0,0,,8,0
4300,Chimera Card,92000,108000,kro,5,3
736,China,635,860,ragnastats,51,3
5152,Chinese Crown,0,0,,8,0
12755,Chinese Fireworks,0,0,,12,0
12756,Chinese New Year Envelope,0,0,,12,0
6601,Chisel Of Giant,1,2,npc,12,3
18862,Chiu Armor,0,0,,8,0
1004,Chivalry Emblem,7350,8600,kro,76,36
22211,Chivalry Shoes,0,0,,8,0
400257,Choco Banana Bonnet,0,0,,8,0
4285,Choco Card,2300000,2700000,kro,3,3
5775,Choco Donut In Mouth,0,0,,11,0
9091,Choco Egg,29440000,34560000,kro,4,0
18745,Choco Stick In Mouth,0,0,,8,0
558,Chocolate,505,685,ragnastats,27,0
18956,Chocolate Bomb,0,0,,8,0
12744,Chocolate Box,0,0,,12,0
573,Chocolate Drink,1150,1350,ragnastats,12,0
11608,Chocolate Egg,305,415,ragnastats,12,0
12062,Chocolate Mousse Cake,12500,14500,ragnastats,12,3
22882,Chocolate Rice Cake Soup,0,0,,12,0
12235,Chocolate Strawberry,14000,16500,ragnastats,12,0
12236,Chocolate Tart,7200,8450,ragnastats,12,0
500,Choko Gangjeong,0,0,,12,0
4009,Chonchon Card,64000,75500,kro,9,3
742,Chonchon Doll,2750,3200,kro,51,6
9006,Chonchon Egg,266500,313000,ragnastats,7,0
22530,Christmas Box,0,0,,12,0
4235,Christmas Cookie Card,1840000,2160000,kro,3,3
9029,Christmas Goblin's Egg,596500,700500,ragnastats,11,0
20955,Christmas Guardian Tree,1104000,1296000,kro,2,0
12490,Christmas Music Box,5150,6050,ragnastats,12,18
2784,Christmas Musicbox,644000000,756000000,kro,2,0
450220,Chrome Metal Plate,0,0,,8,0
13431,Chrome Sword,102500,120000,estimate,7,0
1196,Chrome Two-Handed Sword,184000,216000,kro,4,0
26175,Chromium Staff,0,0,,8,0
490238,Chrono Gem Blade Chain,0,0,,8,0
17613,Chronosian Lucky Egg,0,0,,12,0
915,Chrysalis,1050,1250,kro,51,36
28591,Chubby Earthworm Amulet,0,0,,8,0
24956,Chulho Claw Shadow Earring,276000,324000,kro,4,0
24957,Chulho Claw Shadow Pendant,184000,216000,kro,4,0
16410,Chung Hairband Box,0,0,,12,0
735,Chung Jah,3450,4050,ragnastats,12,3
2267,Cigarette,4600,5400,kro,11,0
1245,Cinquedea,33000,38500,npc,8,0
1246,Cinquedea,9000,10500,ragnastats,8,0
6053,Circle Step,0,0,,12,0
2232,Circlet,6200,7250,npc,8,0
2233,Circlet,6200,7250,npc,34,0
5874,Circlet Of Kriemhild,0,0,,8,0
19343,Circlet of Phoenix,0,0,,8,0
400472,Circlet Of Phoenix,0,0,,8,0
28629,Circuit Board-OS,0,0,,8,0
540051,Circuit Board-OSAD,0,0,,8,0
10021,Circular Headgear,0,0,,12,0
1001456,Circulation of Life,10500,12000,kro,12,3
7295,Citrin,16000,18500,ragnastats,12,18
12101,Citron,0,0,,12,3
18638,Citron Hat,0,0,,8,0
19498,Citrus Ribbon,0,0,,8,0
28354,City Map,9200000,10800000,kro,2,0
9040,Civil Servant Egg,0,0,,12,0
15013,Claire Suits,92000,108000,kro,7,0
310337,Clairvoyance,0,0,,6,0
966,Clam Flesh,4600,5400,kro,36,18
965,Clam Shell,47,65,ragnastats,51,36
12053,Clam Soup,27500,32000,kro,12,6
312409,Clamorous Badge,0,0,,6,0
24065,Clamorous Shoes (Shadow),1,2,npc,12,0
100401,Clarity Huuma Shuriken Remodeling Cube,0,0,,12,0
100538,Class Armor Shadow Cube,0,0,,12,3
100542,Class Earring Shadow Cube,0,0,,12,3
23913,Class Enchant Stone Box,0,0,,12,0
100541,Class Pendant Shadow Cube,0,0,,12,3
23237,Class Shadow Box (Armor),0,0,,12,0
23241,Class Shadow Box (Earring),9200000,10800000,kro,4,0
23240,Class Shadow Box (Pendant),13800000,16200000,kro,4,0
23239,Class Shadow Box (Shield),0,0,,12,0
23238,Class Shadow Box (Shoes),18400000,21600000,kro,4,0
23236,Class Shadow Box (Weapon),0,0,,12,0
23115,Class Shadow Cube,0,0,,12,3
100206,Class Shadow Spellbook (Magic),137500,161500,kro,7,3
100205,Class Shadow Spellbook (Melee),133500,156500,kro,7,3
23854,Class Shadow SynthesisBox,0,0,,12,3
100540,Class Shield Shadow Cube,0,0,,12,3
100539,Class Shoes Shadow Cube,0,0,,12,3
100537,Class Weapon Shadow Cube,0,0,,12,3
5478,Classic Hat,0,0,,8,0
5815,Classic Hat,0,0,,8,0
20336,Classic Underneath Cyclone 2 Week Rental Box,2760000,3240000,kro,2,0
1002691,Clatter,0,0,,12,0
7752,Clattering Skull,54500,64000,ragnastats,36,36
1809,Claw,55000,65000,npc,8,0
1810,Claw,55000,65000,npc,8,0
7030,Claw of Desert Wolf,595,805,kro,76,18
1833,Claw of Flash,0,0,,8,0
1841,Claw of Flash,0,0,,8,0
7011,Claw of Monkey,9500,11000,ragnastats,12,18
7007,Claw of Rat,1050,1250,ragnastats,36,18
21054,Claw Sword,0,0,,8,0
29217,Clay,0,0,,6,0
25619,Clay Doll,49000,57500,estimate,12,6
1163,Claymore,61000,71500,npc,8,0
1172,Claymore,61000,71500,npc,8,0
2350,Claytos Cracking Earth Armor,112500,132000,npc,4,0
2351,Claytos Cracking Earth Armor,112500,132000,npc,4,0
7668,Clean Bandage,0,0,,12,0
25276,Clean Bone,6650,7850,estimate,12,18
6466,Clean Water,0,0,,12,0
100655,Cleansing Blueprint Bundle,0,0,,12,3
1300,Cleaver,0,0,,8,0
1305,Cleaver,96500,113500,estimate,4,0
5968,Clergy Nurse Cap,0,0,,8,0
22209,Clergy's Boots,4600000,5400000,kro,2,0
20947,Clergy's Manteau,4600000,5400000,kro,2,0
101555,Clever Shadow Selection Box,0,0,,12,3
101557,Clever Shadow Shield Box,0,0,,12,0
101310,Clever Shadow Spellbook,920000,1080000,kro,4,3
100887,Clever Shadow Thump Box,11500000,13500000,kro,4,3
101556,Clever Shadow Weapon Box,0,0,,12,0
24737,Clever Shield Shadow,8602000,10098000,kro,2,0
24736,Clever Weapon Shadow,11500000,13500000,kro,2,0
22072,Climbing Shoes,0,0,,8,0
300510,Cliolima Card,14720000,17280000,kro,2,3
2607,Clip,1564000,1836000,kro,3,0
20721,Cloak of Gray,0,0,,8,0
480270,Cloak of Naght Sieger,0,0,,8,0
24132,Cloaking Shadow Armor,5520000,6480000,kro,4,0
24136,Cloaking Shadow Earring,4370000,5130000,kro,4,0
24137,Cloaking Shadow Pendant,0,0,,12,0
24134,Cloaking Shadow Shield,2760000,3240000,kro,4,0
24133,Cloaking Shadow Shoes,2760000,3240000,kro,4,0
24135,Cloaking Shadow Weapon,3680000,4320000,kro,4,0
4299,Clock Card,2162000,2538000,kro,11,3
9190,Clock Egg,368000,432000,kro,7,0
1000681,Clock Gear,27500,32000,kro,12,3
103219,Clock Lubricant,92000,108000,kro,7,0
101390,Clock Tower Basement Refine Hammer,32200000,37800000,kro,4,3
9169,Clock Tower Manager Egg,18400000,21600000,kro,4,0
400408,Clockwise,0,0,,8,0
311016,Clockwork (Atk),0,0,,6,0
311026,Clockwork (CON),0,0,,6,0
311025,Clockwork (CRT),0,0,,6,0
311018,Clockwork (Delay After Attack),0,0,,6,0
311020,Clockwork (Delay After Skill),0,0,,6,0
311017,Clockwork (Matk),0,0,,6,0
311027,Clockwork (P.Atk),0,0,,6,0
311021,Clockwork (POW),0,0,,6,0
311028,Clockwork (S.Matk),0,0,,6,0
311022,Clockwork (SPL),0,0,,6,0
311023,Clockwork (STA),0,0,,6,0
311019,Clockwork (Variable Casting),0,0,,6,0
311024,Clockwork (WIS),0,0,,6,0
5131,Close Helmet,0,0,,8,0
16632,Closed Mind Box,107500,126000,sibling,7,0
22534,Closed Mind Box,107500,126000,kro,7,0
19381,Cloth of Protection,0,0,,8,0
1000227,Cloud Cotton,1,2,npc,12,0
7162,Cloud Crumb,1500,1800,ragnastats,36,18
4262,Cloud Hermit Card,3150,3700,ragnastats,6,3
705,Clover,595,805,kro,51,72
19338,Clover Silk Hat,0,0,,8,0
25294,Clover Ticket,0,0,,12,0
4560,Clown Alphoccio Card,129636500,152182000,estimate,2,0
29487,Clown Gypsy Stone (Bottom),4163000,4887000,kro,2,0
25500,Clown Gypsy Stone (Lower),4163000,4887000,kro,4,0
25499,Clown Gypsy Stone (Middle),2300000,2700000,kro,4,0
29486,Clown Gypsy Stone (Middle),2300000,2700000,kro,2,0
25498,Clown Gypsy Stone (Upper),2760000,3240000,kro,4,0
29485,Clown Gypsy Stone (Upper),2760000,3240000,kro,2,0
1000307,Clown Gypsy Stone II (Lower),2208000,2592000,kro,4,0
1000306,Clown Gypsy Stone II (Middle),3036000,3564000,kro,4,0
1000305,Clown Gypsy Stone II (Upper),3312000,3888000,kro,4,0
2262,Clown Nose,92000,108000,kro,4,0
410344,Clown Smiling,0,0,,8,0
410345,Clown Smiling,0,0,,8,0
1501,Club,100,135,kro,8,0
1502,Club,9200,10500,kro,8,0
1503,Club,9200,10500,kro,8,0
25264,Cluster of Nightmares,10000,12000,estimate,36,6
24452,Cluster Shadow Armor,0,0,,12,0
24453,Cluster Shadow Shield,552000,648000,kro,7,0
24454,Cluster Shadow Shoes,0,0,,12,0
6608,Coagulated Spell,40000,47500,kro,18,3
1003,Coal,2750,3200,kro,76,18
2309,Coat,18000,21000,npc,8,0
2310,Coat,18000,21000,npc,11,0
15258,Coat,0,0,,8,0
2526,Coat of Dragon Scale,0,0,,8,0
1001453,Coat of Monarch Penguin,3220000,3780000,kro,4,3
4475,Cobalt Mineral Card,506000,594000,kro,4,3
978,Cobaltblue Dyestuffs,194000,227500,ragnastats,46,3
1025,Cobweb,170,230,ragnastats,76,36
11512,Coca Cola,0,0,,12,0
11510,Coca Cola Zero,0,0,,12,0
19217,Cock Hat,0,0,,8,0
12430,Cocktail Warg Blood,174000,204500,kro,32,3
4041,Coco Card,92000,108000,kro,5,3
11515,Coconut,1350,1600,ragnastats,12,3
13261,Coconut Bomb,23000,27000,ragnastats,12,0
6263,Coconut Fruit,2500,2950,ragnastats,36,3
6281,Coconut Fruit Bomb Guidebook,0,0,,12,3
11534,Coconut Juice,0,0,,12,3
11531,Coffee,0,0,,12,0
7093,Cogwheel,1750,2100,ragnastats,36,36
6756,Cohesive Energy,0,0,,12,0
5092,Coif,124000,145500,npc,4,0
5093,Coif,92000,108000,ragnastats,4,0
5434,Cola Can,0,0,,8,0
24219,Cold Bolt Shadow Armor,0,0,,12,0
24446,Cold Breath Shadow Armor,2392000,2808000,kro,4,0
24447,Cold Breath Shadow Shield,690000,810000,kro,7,0
24448,Cold Breath Shadow Shoes,4599500,5399500,kro,4,0
6936,Cold Core,8,12,npc,12,3
1002692,Cold Fire,0,0,,12,0
2746,Cold Heart,483000,567500,ragnastats,7,0
25783,Cold Holy Water,0,0,,12,3
6253,Cold Ice,7350,8600,kro,54,6
1584,Cold Magic Book,828000,972000,kro,4,0
12257,Cold Medicine,0,0,,12,0
7837,Cold Moonlight,1,2,npc,12,3
11589,Cold Snow Cone,0,0,,12,3
1001425,Cold Water Droplet Gem,82500,97000,estimate,12,36
12119,Coldproof Potion,6300,7450,kro,54,3
23152,Collectibles SynthesisBox,736000,864000,kro,7,3
22759,Collection Of Scrolls Attack Speed Transformation,0,0,,12,0
22757,Collection Of Scrolls Magical Transformation,0,0,,12,0
22758,Collection Of Scrolls Shooting Transformation,0,0,,12,0
13189,Color Scope,1117500,1312000,npc,2,0
6613,Colorful Brooch,21570500,25322000,ragnastats,4,3
25507,Colorful Coral,2750,3200,kro,12,0
2869,Colorful Ketupat,0,0,,8,0
6611,Colorful Key,16178000,18991500,ragnastats,4,3
27286,Colorful Teddy Bear Card,386000,453500,kro,4,3
27368,Colorful Teddy Bear Card,386000,453500,sibling,4,0
1228,Combat Knife,3679500,4319500,kro,3,0
13054,Combat Knife,3679500,4319500,sibling,2,0
13058,Combat Knife,3679500,4319500,sibling,2,0
12791,Combat Pill,0,0,,12,0
12793,Combat Pill Box10,0,0,,12,0
12849,Combination Kit,13,19,ragnastats,12,0
1822,Combo Battle Glove,46000,54000,kro,11,0
550022,Commander,0,0,,8,0
20925,Commander Manteau,0,0,,8,0
490417,Commemorative Golden Ring Ep2,0,0,,8,0
12201,Commonplace Red Box,0,0,,12,0
4516,Comodo Card,430000,505000,estimate,4,3
7854,Comodo Festival Ticket,0,0,,12,0
6403,Comodo Leather,4,6,npc,12,36
6258,Comodo Tropical Fruit,920,1050,npc,12,3
1000889,Complex Fruit Juice,920,1050,npc,12,3
23250,ComposerShadow Mix,0,0,,12,0
1704,Composite Bow,2300,2700,kro,8,0
1705,Composite Bow,46000,54000,kro,8,0
1706,Composite Bow,920000,1080000,kro,2,0
12648,Comprehensive Set Of Potions,0,0,,12,0
23288,Compressed Fly Wing,920,1050,npc,12,0
313139,CON Assistance,0,0,,6,0
313141,CON Enforcement (Magical),0,0,,6,0
313140,CON Enforcement (Physical),0,0,,6,0
311086,CON Lv1,0,0,,6,0
311087,CON Lv2,0,0,,6,0
100456,CON Reduction Potion,0,0,,12,0
312193,CON+3,0,0,,6,0
1100004,Concentrated Blue Potion,7300,8550,kro,12,0
12437,Concentrated Ceromain Soup,2750,3200,kro,54,3
1100005,Concentrated Gold Potion,2300,2700,kro,12,0
1100003,Concentrated Red Potion,1350,1600,kro,12,0
12428,Concentrated White Potion Z,8,12,npc,12,3
312903,Concentration I,0,0,,6,0
312904,Concentration II,0,0,,6,0
312905,Concentration III,0,0,,6,0
310926,Concentration of Varmundt Lv1,0,0,,6,0
310927,Concentration of Varmundt Lv2,0,0,,6,0
310928,Concentration of Varmundt Lv3,0,0,,6,0
645,Concentration Potion,335,455,ragnastats,54,6
24756,Concentration Shadow Shield,3219500,3779500,kro,2,0
24755,Concentration Shadow Weapon,4140000,4860000,kro,2,0
311355,Concentration Stone (Dual),8188000,9612000,kro,2,0
1000856,Concentration Stone (Dual),8188000,9612000,kro,4,0
961,Conch,810,1100,ragnastats,51,36
25212,Condensed Magic Blood,0,0,,12,0
1001592,Condensed Magical Rune Stone,0,0,,12,3
7133,Condensed Potion Creation Guide,129000,151500,ragnastats,7,3
545,Condensed Red Potion,125,170,ragnastats,12,0
100486,Condensed Sakrai's Regret,4600000,5400000,kro,4,3
100480,Condensed Sakrai's Wrath,5060000,5940000,kro,4,3
100488,Condensed Tiara's Loss,138000,162000,kro,7,3
547,Condensed White Potion,1500,1750,kro,18,0
546,Condensed Yellow Potion,510,690,ragnastats,12,0
4015,Condor Card,92000,108000,kro,5,3
400447,Confession Courage Crown,0,0,,8,0
400457,Confession Domineering Crown,0,0,,8,0
311041,Conflagration Land Tuning Device,0,0,,6,0
24979,Conflagrative Shadow Earring,828000,972000,kro,4,0
24980,Conflagrative Shadow Pendant,736000,864000,kro,4,0
1001080,Congealed Poison,17000,20000,estimate,12,0
22158,Conqueror's Boots,0,0,,8,0
20877,Conqueror's Cape,0,0,,8,0
20875,Conqueror's Cloak,0,0,,8,0
15228,Conqueror's Cloth,0,0,,8,0
15230,Conqueror's Dress,0,0,,8,0
28547,Conqueror's Glove,0,0,,8,0
22157,Conqueror's Greaves,0,0,,8,0
28548,Conqueror's Magic Ring,0,0,,8,0
22160,Conqueror's Magic Shoes,0,0,,8,0
15227,Conqueror's Mail,0,0,,8,0
20874,Conqueror's Manteau,0,0,,8,0
20876,Conqueror's Muffler,0,0,,8,0
28549,Conqueror's Necklace,0,0,,8,0
28546,Conqueror's Ring,0,0,,8,0
15229,Conqueror's Robe,0,0,,8,0
22159,Conqueror's Shoes,0,0,,8,0
420223,Consecrate Fides Aureola,0,0,,8,0
23355,Consignment Merchant Envelope,1150000,1350000,kro,4,0
312453,Constellation's Barrier (1),0,0,,6,0
312462,Constellation's Barrier (10),0,0,,6,0
312463,Constellation's Barrier (11),0,0,,6,0
312464,Constellation's Barrier (12),0,0,,6,0
312465,Constellation's Barrier (13),0,0,,6,0
312466,Constellation's Barrier (14),0,0,,6,0
312467,Constellation's Barrier (15),0,0,,6,0
312468,Constellation's Barrier (16),0,0,,6,0
312469,Constellation's Barrier (17),0,0,,6,0
312470,Constellation's Barrier (18),0,0,,6,0
312471,Constellation's Barrier (19),0,0,,6,0
312454,Constellation's Barrier (2),0,0,,6,0
312472,Constellation's Barrier (20),0,0,,6,0
312455,Constellation's Barrier (3),0,0,,6,0
312456,Constellation's Barrier (4),0,0,,6,0
312457,Constellation's Barrier (5),0,0,,6,0
312458,Constellation's Barrier (6),0,0,,6,0
312459,Constellation's Barrier (7),0,0,,6,0
312460,Constellation's Barrier (8),0,0,,6,0
312461,Constellation's Barrier (9),0,0,,6,0
15164,Consultation Robe,0,0,,8,0
19282,Consultation Robe,0,0,,8,0
100462,Contaminated Card Book,0,0,,12,0
6755,Contaminated Magic,184000,216000,kro,7,3
1002336,Contaminated Magic Book,86000,101500,kro,12,3
22613,Contaminated Reagents,0,0,,12,0
9117,Contaminated Wanderer Egg,34960000,41040000,kro,4,0
22154,Contingent Boots,0,0,,8,0
20873,Contingent Cape,0,0,,8,0
20871,Contingent Cloak,0,0,,8,0
15224,Contingent Cloth,0,0,,8,0
15226,Contingent Dress,0,0,,8,0
28543,Contingent Glove,0,0,,8,0
22153,Contingent Greaves,0,0,,8,0
28544,Contingent Magic Ring,0,0,,8,0
15223,Contingent Mail,0,0,,8,0
20870,Contingent Manteau,0,0,,8,0
20872,Contingent Muffler,0,0,,8,0
28545,Contingent Necklace,0,0,,8,0
28542,Contingent Ring,0,0,,8,0
15225,Contingent Robe,0,0,,8,0
22156,Contingent Sandal,0,0,,8,0
22155,Contingent Shoes,0,0,,8,0
7223,Contorted Self-Portrait,6450,7550,ragnastats,36,6
1934,Contrabass,598000,702000,kro,4,0
641,Contract in Shadow,460000,540000,kro,7,3
450407,Convertible Critical Armor,2484000,2916000,kro,2,0
480197,Convertible Critical Wing,3220000,3780000,kro,2,0
450406,Convertible Magical Armor,4600000,5400000,kro,2,0
480125,Convertible Magical Wing,5152000,6048000,kro,2,0
450405,Convertible Physical Armor,4140000,4860000,kro,2,0
480124,Convertible Physical Wing,4600000,5400000,kro,2,0
101925,Convertible Wing Box,0,0,,12,3
12528,Convex Mirror,0,0,,12,0
12254,Cooked Nine Tail,0,0,,12,0
12100,Cooked Nine Tail's Tails,33000,39000,ragnastats,12,6
12130,Cookie Bag,18000,21000,ragnastats,12,6
11605,Cookie Bat,1,2,npc,12,0
4293,Cookie Card,920000,1080000,kro,2,3
5260,Cookie Hat,0,0,,8,0
7457,Cooking Oil,315,430,kro,12,3
6250,Cooking Skewer,315,430,npc,12,3
12768,Cool FB Hat Box,0,0,,12,0
6262,Cool Gravy,425,575,npc,12,3
12772,Cool Hat Box2,0,0,,12,0
1001085,Cool Liquid,16500,19500,estimate,12,0
19900,Cool Pirate Eyepatch,0,0,,8,0
12260,Cool Summer Outfit,1,2,npc,12,3
16093,Coolant Injection,4600000,5400000,kro,2,0
32405,Coolant Injection,4600000,5400000,sibling,2,0
490577,Cooldown Chip,0,0,,8,0
2804,Cooling Device,82500,97000,npc,8,0
300455,Copo Card,23920000,28080000,kro,2,3
9145,Copo Egg,3680000,4320000,kro,4,0
1001246,Copo's Head Feather,8250,9700,kro,12,3
5200,Coppola,0,0,,8,0
7848,Copy Of Burnt Paper,0,0,,12,0
7847,Copy Of Old Paper,0,0,,12,0
7845,Copy Of Spotted Paper,0,0,,12,0
7846,Copy Of Torn Paper,0,0,,12,0
25723,Cor Core,17000,20000,kro,12,0
410091,Cor Core Booster,5059500,5939000,kro,2,0
410092,Cor Core Booster,5059500,5939000,kro,2,0
410014,Cor Core Headphone,0,0,,8,0
410015,Cor Core Headphone,0,0,,8,0
1001227,Coral bracelet,0,0,,12,3
1001448,Coral of Coral Marine,1012500,1188500,kro,4,3
7013,Coral Reef,705,955,kro,51,36
100351,Core Combat Manual,1829500,2148000,kro,4,3
25158,Core Jelly,37500,44000,estimate,12,0
7870,Corn,0,0,,12,0
4448,Cornus Card,2760000,3240000,kro,2,3
12349,Cornus' Tears,0,0,,12,3
4061,Cornutus Card,2254000,2646000,kro,2,3
2249,Coronet,211000,247500,ragnastats,7,0
1001242,Corporal Irwin Hat,0,0,,12,3
510049,Corrode Garden Knife,322000,378000,kro,4,0
27328,Corrupt Life Card,1840000,2160000,kro,2,3
22612,Corrupt Reagents,0,0,,12,0
312394,Corrupted Poison Rune 10Lv,0,0,,6,0
312385,Corrupted Poison Rune 1Lv,0,0,,6,0
312386,Corrupted Poison Rune 2Lv,0,0,,6,0
312387,Corrupted Poison Rune 3Lv,0,0,,6,0
312388,Corrupted Poison Rune 4Lv,0,0,,6,0
312389,Corrupted Poison Rune 5Lv,0,0,,6,0
312390,Corrupted Poison Rune 6Lv,0,0,,6,0
312391,Corrupted Poison Rune 7Lv,0,0,,6,0
312392,Corrupted Poison Rune 8Lv,0,0,,6,0
312393,Corrupted Poison Rune 9Lv,0,0,,6,0
4603,Corruption Root Card,13800000,16200000,kro,2,3
312375,Corruption Rune 1Lv,0,0,,6,0
312376,Corruption Rune 2Lv,0,0,,6,0
312377,Corruption Rune 3Lv,0,0,,6,0
312378,Corruption Rune 4Lv,0,0,,6,0
312379,Corruption Rune 5Lv,0,0,,6,0
5019,Corsair,828000,972000,kro,7,0
5163,Corsair,828000,972000,kro,4,0
420270,Cosmic Connection,0,0,,8,0
31835,Costume 10th October National Day Scarf,0,0,,8,0
31317,Costume 15th Anniversary Wing,0,0,,8,0
410046,Costume 18th Anniversary Board,0,0,,8,0
31955,Costume 1st Angeling Hat,0,0,,8,0
20529,Costume 2018 RTC Memorial Cloak,0,0,,8,0
400081,Costume 2020RTC Naughty Ghost,0,0,,8,0
410078,Costume 2021RTC Gaming Headset,0,0,,8,0
420073,Costume 2021RTC Supporting Wings,0,0,,8,0
480202,Costume 20th Anniversary Fairy Wing,220800000,259200000,kro,2,0
480198,Costume 20th Anniversary Wings,59800000,70200000,kro,2,0
19906,Costume 24 Bolt,0,0,,8,0
31956,Costume 2nd Angeling Hat,0,0,,8,0
31503,Costume 2nd Return Balloons,0,0,,8,0
19954,Costume 3D Glasses,68540000,80460000,kro,2,0
31768,Costume 3rd Anniversary Balloon,0,0,,8,0
31767,Costume 3rd Year Balloon,0,0,,8,0
400372,Costume 5th Anniversary Hat,0,0,,8,0
31310,Costume 666 Styles Demon's Ears,0,0,,8,0
19933,Costume 711 Headphone,0,0,,8,0
20461,Costume 93 Style Bloody Wings,0,0,,8,0
20438,Costume Abacus In Mouth,0,0,,8,0
20127,Costume Abysmal Knight Helm,0,0,,8,0
420448,Costume Abyssal,0,0,,8,0
420449,Costume Abyssal Hair,0,0,,8,0
31808,Costume Academic Cap (Red),0,0,,8,0
400497,Costume Academy 1st Completion Hat,0,0,,8,0
400321,Costume Academy Freshman Hat,0,0,,8,0
31502,Costume Aches Love Cobra,0,0,,8,0
480110,Costume Adventure Bag,230000000,270000000,kro,2,0
410238,Costume Adventurer Pope Mini-Me,0,0,,8,0
20512,Costume Adventurer's Backpack,0,0,,8,0
19581,Costume Adventurer's Hat,110400000,129600000,kro,2,0
400446,Costume Adventurer's Hat,110400000,129600000,kro,2,0
420385,Costume Adventurer's Map,763600000,896400000,kro,2,0
400166,Costume Aegir Helm,0,0,,8,0
20120,Costume Aerial,0,0,,8,0
20052,Costume AFK Hat,0,0,,8,0
400132,Costume Afro Hair Wig,0,0,,8,0
400749,Costume Afterlife Guide Cap,46000000,54000000,kro,2,0
31193,Costume Ahat Doll,0,0,,8,0
420033,Costume Airy Twin Tails (White),0,0,,8,0
31856,Costume Airy Two Side Up (Blonde),2760000,3240000,kro,2,0
31857,Costume Airy Two Side Up (Silver),115000000,135000000,kro,2,0
19791,Costume Alarm Mask,0,0,,8,0
410470,Costume Alarm Mask (Middle),0,0,,8,0
31687,Costume Alchemist Bag,0,0,,8,0
31052,Costume Alchemist Mask,0,0,,8,0
31578,Costume Alchemist Mask,0,0,,8,0
440019,Costume Alexander,138000000,162000000,kro,2,0
19716,Costume Alice Doll,0,0,,8,0
31329,Costume Alice Wig,92000000,108000000,kro,2,0
31407,Costume Alice Wig (Peach),46000000,54000000,kro,2,0
480492,Costume Alice's Broom,0,0,,8,0
31145,Costume AliceFriesinger Hat 69,0,0,,8,0
410251,Costume Alien Sunglasses (Blue),2576000,3024000,kro,2,0
410253,Costume Alien Sunglasses (Green),2300000,2700000,kro,2,0
410252,Costume Alien Sunglasses (Red),414000,486000,kro,4,0
19934,Costume Alive Ten Gallon Hat Of Flame,64400000,75600000,kro,2,0
400458,Costume Ally of the Demons,9011000,10578500,kro,2,0
20070,Costume Alpaca Hood,0,0,,8,0
420140,Costume Alpha Long Ponytail,36340000,42660000,kro,2,0
31661,Costume Alphonse Helm,0,0,,8,0
400703,Costume Altair Hat,33074000,38826000,kro,2,0
31176,Costume Always Watching,112700000,132300000,kro,2,0
31514,Costume American Shorthair Cat,40710000,47790000,kro,2,0
19827,Costume Amistr,86940000,102060000,kro,2,0
20763,Costume Amistr Bag,0,0,,8,0
20197,Costume Amistr Beret,8280000,9720000,kro,2,0
20315,Costume Analyze Eye,110399500,129599500,kro,2,0
19869,Costume Ancient Civil Man Hat,0,0,,8,0
31582,Costume Ancient Dragon Crown,0,0,,8,0
31294,Costume Ancient Dragon Crown (Red),0,0,,8,0
20144,Costume Ancient Elven Ear,0,0,,8,0
400136,Costume Ancient Gold Deco,0,0,,8,0
31721,Costume Ancient Resonance,487600000,572400000,kro,2,0
410021,Costume Ancient Resonance,487600000,572400000,sibling,2,0
400171,Costume Angel feather,0,0,,8,0
20401,Costume Angel Guidance,0,0,,8,0
20219,Costume Angel Marcher Hat,0,0,,8,0
19930,Costume Angel Mini Silk Hat,29900000,35100000,kro,2,0
20146,Costume Angel of Ghost,368000000,432000000,kro,3,0
31419,Costume Angel of Happiness,0,0,,8,0
5915,Costume Angel Veil,36800000,43200000,kro,2,0
19529,Costume Angel Wing,0,0,,8,0
19781,Costume Angel Wing Ears,55200000,64800000,kro,2,0
480772,Costume Angel's Gift,0,0,,8,0
400439,Costume Angel's Kiss,0,0,,8,0
420346,Costume Angel's Raspberry Wig,644000000,756000000,kro,2,0
420366,Costume Angel's Raspberry Wig (without decoration),690000000,810000000,kro,2,0
20541,Costume Angel's Ribboned Wings,0,0,,8,0
480271,Costume Angelic Long (Blonde),211600000,248400000,kro,2,0
480272,Costume Angelic Long (Royal Blonde),202400000,237600000,kro,2,0
480274,Costume Angelic Long (Royal Silver),184000000,216000000,kro,2,0
480273,Costume Angelic Long (Silver),119600000,140400000,kro,2,0
31422,Costume Angeling Balloon,0,0,,8,0
400451,Costume Angeling Bread Hat,0,0,,8,0
400730,Costume Angeling Hairband,8280000,9720000,kro,2,0
19848,Costume Angeling Hat,0,0,,8,0
19773,Costume Angeling Pin,0,0,,8,0
20436,Costume Angelring Furhat,0,0,,8,0
31090,Costume Angelring Hat,31280000,36720000,kro,2,0
20585,Costume Angry Bear Bag,0,0,,8,0
19798,Costume Angry Snarl,69000000,81000000,kro,2,0
480501,Costume Anniversary Popcorn Bucket,524400000,615600000,kro,2,0
20444,Costume Anniversary Star Hat,0,0,,8,0
19794,Costume Annoyed Mask,0,0,,8,0
31908,Costume Antler Fedora,0,0,,8,0
19939,Costume Antlers,0,0,,8,0
31242,Costume Anubis Hat (Upper),0,0,,8,0
19743,Costume Anubis Helm,0,0,,8,0
19797,Costume Apple of Archer,20240000,23760000,kro,2,0
401248,Costume Apprentice Witch Hat,0,0,,8,0
19595,Costume April's Fool Day,0,0,,8,0
480320,Costume Aqua Fin Decoration,46000000,54000000,kro,2,0
20112,Costume Aqua Ten Gallon Hat,0,0,,8,0
31892,Costume Aquarius Diadem,0,0,,8,0
20217,Costume Arabian Veil,0,0,,8,0
20236,Costume Arc Angeling Hat,0,0,,8,0
480658,Costume Arcanum Corvus Corax,423200000,496800000,kro,2,0
20765,Costume Archangel Wing,183080000,214920000,kro,2,0
480459,Costume Archmage Wand,579600000,680400000,kro,2,0
31895,Costume Aries Diadem,0,0,,8,0
20161,Costume Army Cap,0,0,,8,0
20306,Costume Artist's Hat,0,0,,8,0
15846,Costume Artist's Silk Hat,0,0,,8,0
19837,Costume Asara Fairy Hat,0,0,,8,0
19575,Costume Ascension Black Dragon,9200000,10800000,kro,2,0
401114,Costume Asgard Wing Hairband,0,0,,8,0
400357,Costume Asia Masters 1st Dragon,0,0,,8,0
400358,Costume Asia Masters 2nd Dragon,0,0,,8,0
31838,Costume Asia Masters Gold Wreath,0,0,,8,0
19553,Costume Assassin Mask,64354000,75546000,kro,2,0
31359,Costume Assassin Mask,64354000,75546000,sibling,2,0
480205,Costume Astra Blessing,128800000,151200000,kro,2,0
31433,Costume Astro Circle,276000000,324000000,kro,2,0
400157,Costume Astrologer's Cap,0,0,,8,0
401320,Costume Astrologer's Tricorne (Blue),331200000,388800000,kro,2,0
19689,Costume Ati Atihan,0,0,,8,0
400172,Costume Atihan Hat,0,0,,8,0
420382,Costume Atokwe Poenitentia,437000000,513000000,kro,2,0
410367,Costume Atokwe Poenitentia (Middle),0,0,,8,0
20567,Costume Aura of Darkness,0,0,,8,0
410363,Costume Aura of Ghost Ship,395600000,464400000,kro,2,0
20556,Costume Aura of Night,0,0,,8,0
20554,Costume Aura of Sanctity,0,0,,8,0
20560,Costume Aura of the Depths,0,0,,8,0
20549,Costume Aura of the Sea Glow,0,0,,8,0
31236,Costume Aura of Thought (Middle),0,0,,8,0
31803,Costume Aura of Tornado,920000000,1080000000,kro,2,0
19985,Costume Aura Quartz,0,0,,8,0
31926,Costume Aura Quartz,0,0,,8,0
20565,Costume Aura Thunder,0,0,,8,0
420703,Costume Aurelie Hair,0,0,,8,0
420512,Costume Aurora on Clouds,110400000,129600000,kro,2,0
400133,Costume Aurora Parade Hat,0,0,,8,0
400196,Costume Autumn Flavor(Upper),0,0,,8,0
480515,Costume Autumn Full Moon,0,0,,8,0
410279,Costume Autumn Fullmoon,26680000,31320000,kro,2,0
31606,Costume Autumn Headband,0,0,,8,0
19648,Costume Autumn Leaves,0,0,,8,0
31580,Costume Autumn Taste,920000,1080000,kro,2,0
410099,Costume Avenger,128800000,151200000,kro,2,0
31836,Costume Aviator's Hat,0,0,,8,0
15899,Costume Awakened Old King Crown,0,0,,8,0
400567,Costume Awaking Bloom,0,0,,8,0
20388,Costume Ayam,18400000,21600000,kro,2,0
19608,Costume Baby Chick,128800000,151200000,kro,2,0
31935,Costume Baby Dragon Hat,0,0,,8,0
410289,Costume Baby Gloom Under Night,14720000,17280000,kro,2,0
31456,Costume Baby Leopard Cat,0,0,,8,0
20054,Costume Baby Pacifier,18400000,21600000,kro,2,0
31798,Costume Baby Panda,138000000,162000000,kro,2,0
31437,Costume Baby Penguin,0,0,,8,0
31923,Costume Baby Polar Bear,69920000,82080000,kro,2,0
420432,Costume Baby Seal,0,0,,8,0
31837,Costume Baby Shark Head,0,0,,8,0
480204,Costume Back Ribbon Bell (Blue),48760000,57240000,kro,2,0
20574,Costume Backpack (Red),0,0,,8,0
20607,Costume Baldr Wing,230000000,270000000,kro,2,0
20277,Costume Balloon Hat,730940000,858060000,kro,2,0
410282,Costume Balloon Release,0,0,,8,0
20577,Costume Balloon Wing,0,0,,8,0
31367,Costume Bamboo Leaf Hat,0,0,,8,0
20474,Costume Banana Flavour,0,0,,8,0
20203,Costume Bandana,0,0,,8,0
20230,Costume Bankruptcy Mask,0,0,,8,0
31035,Costume Bankruptcy of Heart,0,0,,8,0
20201,Costume Banshee Master Kiss,59800000,70200000,kro,2,0
19845,Costume Bao Bao,27600000,32400000,kro,2,0
31630,Costume Baphomet Balloon,0,0,,8,0
20234,Costume Baphomet Hat,29900000,35100000,kro,3,0
480436,Costume Baphomet's Scythe,0,0,,8,0
20312,Costume Baron's Evil Eye,0,0,,8,0
31409,Costume Barrel Helmet,276000000,324000000,kro,2,0
31792,Costume Baryon Headphone,0,0,,8,0
19834,Costume Baseball Cap,0,0,,8,0
400020,Costume Beachball,0,0,,8,0
20119,Costume Beanie,0,0,,8,0
20582,Costume Bear Backpack,119600000,140400000,kro,2,0
31732,Costume Bear Balloon,0,0,,8,0
410316,Costume Bear Candy Cart,0,0,,8,0
31484,Costume Bear Companion (Priest Female),0,0,,8,0
31485,Costume Bear Companion (Priest Male),0,0,,8,0
410123,Costume Bear Head,0,0,,8,0
19907,Costume Beautiful Phantom Mask,0,0,,8,0
31753,Costume Beauty and Long Wig (Blue),0,0,,8,0
31747,Costume Beauty and Long Wig (Brown),0,0,,8,0
31751,Costume Beauty and Long Wig (Gold),0,0,,8,0
31750,Costume Beauty and Long Wig (Green),0,0,,8,0
31749,Costume Beauty and Long Wig (Grey),0,0,,8,0
31748,Costume Beauty and Long Wig (Pink),0,0,,8,0
31746,Costume Beauty and Long Wig (Purple),0,0,,8,0
31752,Costume Beauty and Long Wig (Red),0,0,,8,0
20302,Costume Beelzebub Crown,277000,325500,ragnastats,4,0
31536,Costume Beelzebub's Crown,0,0,,8,0
19811,Costume Beer Hat,0,0,,8,0
15926,Costume Beer Server,0,0,,8,0
480130,Costume Beer Server,0,0,,8,0
31112,Costume Begging Board,0,0,,8,0
20307,Costume Beginner Cap,0,0,,8,0
31033,Costume Believer's Mask,0,0,,8,0
420360,Costume Bell Cat Hair,184000000,216000000,kro,2,0
31245,Costume Bell Flower,8280000,9720000,kro,2,0
400683,Costume Bell Flower,690000000,810000000,kro,2,0
20147,Costume Bell of Piegon,0,0,,11,0
31691,Costume Bell of Pigeon Lower,0,0,,8,0
19678,Costume Bell Ribbon,0,0,,8,0
31524,Costume Bento Hat,0,0,,8,0
31037,Costume Beret,0,0,,8,0
19975,Costume Beret BOSS hat,0,0,,8,0
20019,Costume Beret Of Artist,0,0,,8,0
20598,Costume Big Black Cat,138000000,162000000,kro,2,0
20618,Costume Big Black Rabbit,50600000,59400000,kro,2,0
20004,Costume Big Golden Bell,50600000,59400000,kro,2,0
480368,Costume Big Lollipop,41400000,48600000,kro,2,0
480236,Costume Big Magic Book,0,0,,8,0
480280,Costume Big Milky Ribbon Cloak,0,0,,8,0
19847,Costume Big Ribbon,22540000,26460000,kro,2,0
20594,Costume Big Ribbon Manteau,0,0,,8,0
480472,Costume Big Ribbon Rabbit,110400000,129600000,kro,2,0
436008,Costume Big Tiger Hat,0,0,,8,0
480438,Costume Big Treasure Chest,506000000,594000000,kro,2,0
20534,Costume Big White Cat,970,1100,ragnastats,8,0
19623,Costume Bijofnil Wings,0,0,,8,0
20288,Costume Bijou Hat,4600000,5400000,kro,2,0
15840,Costume Bike Protector,0,0,,8,0
19734,Costume Binoculars,0,0,,8,0
31697,Costume Bird Nest,0,0,,8,0
20265,Costume Bird Nest Hat,0,0,,8,0
410236,Costume Birdcage Candle Holders,46000000,54000000,kro,2,0
20074,Costume Biretta,0,0,,8,0
19703,Costume Black Afro Wig,0,0,,8,0
31190,Costume Black Angel Mini Silk Hat,0,0,,8,0
20542,Costume Black Bear Backpack,0,0,,8,0
19879,Costume Black Bunny Band,0,0,,8,0
31186,Costume Black Cat,36800000,43200000,kro,2,0
20521,Costume Black Cat Bag,0,0,,8,0
480364,Costume Black Cat Bag,0,0,,8,0
19854,Costume Black Cat Ears,0,0,,8,0
20191,Costume Black Cat Ears Beret,0,0,,8,0
19916,Costume Black Cat Hat,0,0,,8,0
31028,Costume Black Cat Hood,0,0,,8,0
15890,Costume Black Death King's Hat,0,0,,8,0
20215,Costume Black Devil Mask,0,0,,8,0
400148,Costume Black Dragon Wig,36800000,43200000,kro,2,0
20290,Costume Black Evil Druid Hat,18400000,21600000,kro,2,0
31475,Costume Black Fox Ear Ribbon,0,0,,8,0
400444,Costume Black Fox Ear Ribbon,0,0,,8,0
19722,Costume Black Glasses,82800000,97200000,kro,2,0
31332,Costume Black Khalitzburg Knight Helm,52900000,62100000,kro,2,0
31302,Costume Black Magenta Ribbon,50600000,59400000,kro,2,0
15825,Costume Black Musang Hat,0,0,,8,0
410226,Costume Black Rabbit,87400000,102600000,kro,2,0
20257,Costume Black Rabbit Bonnet,101200000,118800000,kro,2,0
31513,Costume Black Rabbit Ears,78200000,91800000,kro,2,0
400407,Costume Black Rabbit Ears,73600000,86400000,kro,2,0
19870,Costume Black Rabbit Hat,0,0,,8,0
20292,Costume Black Ramen Hat,0,0,,8,0
400604,Costume Black Ribbon Beret,31270500,36709000,kro,2,0
410222,Costume Black Sesame Rice Cake,0,0,,8,0
410108,Costume Black Shiba Inu,37260000,43740000,kro,2,0
20496,Costume Black Shiba Inu Hat,32660000,38340000,kro,2,0
20248,Costume Black Strong Hair,0,0,,8,0
31316,Costume Black Swallowtail Wings,105800000,124200000,kro,2,0
19744,Costume Black Tail Ribbon,0,0,,8,0
400149,Costume Black Thunder,46000000,54000000,kro,2,0
31912,Costume Black Veil,0,0,,8,0
31289,Costume Black Wings of the Protector (Lower),0,0,,8,0
20289,Costume Black Wings Protector,0,0,,8,0
20395,Costume Black Witch Hat,349600000,410400000,kro,2,0
31607,Costume Black Witch Hat with Ears,165600000,194400000,kro,2,0
31551,Costume Black-Rimmed Glasses (Lower),0,0,,8,0
19624,Costume Blank Eyes,0,0,,8,0
19679,Costume Blank Eyes,0,0,,8,0
15836,Costume Blazing Angel Wings,0,0,,8,0
19969,Costume Blazing Soul,851000,999000,kro,4,0
19808,Costume Blazing Sun,0,0,,8,0
20404,Costume Blessing of Angel,92000000,108000000,kro,2,0
31183,Costume Blessing of Fallen Angel,0,0,,8,0
31460,Costume Blessing Sky Lantern,0,0,,8,0
20522,Costume Blessings Of Soul,276000000,324000000,kro,2,0
20108,Costume Blind Glasses,27600000,32400000,kro,2,0
420070,Costume Blind Hood (Low),0,0,,8,0
410574,Costume Blink Eyes Chocolate,0,0,,8,0
420596,Costume Blink Eyes Halloween,0,0,,8,0
410393,Costume Blink Eyes Rigel,0,0,,8,0
410384,Costume Blink Eyes White Serpent,69000000,81000000,kro,2,0
19885,Costume Blinker,46000000,54000000,kro,2,0
410297,Costume Blinking A Dragon,0,0,,8,0
31847,Costume Blinking Blue Eyes,0,0,,8,0
31301,Costume Blinking Eyes,0,0,,8,0
410430,Costume Blinking Forest Eyes,248400000,291600000,kro,2,0
410049,Costume Blinking Golden Eyes,0,0,,8,0
31934,Costume Blinking Purple Eyes,92000000,108000000,kro,2,0
31398,Costume Blinking Small Eyes,105800000,124200000,kro,2,0
410122,Costume Blinking Small Eyes,57960000,68040000,kro,2,0
20264,Costume Blood Sucker,18400000,21600000,kro,2,0
480493,Costume Bloody Murder's Knife,460000000,540000000,kro,2,0
31122,Costume Bloody Stop Bandage,32200000,37800000,kro,2,0
31464,Costume Bloom Afro,0,0,,8,0
19806,Costume Bloom Hairpin,73600000,86400000,kro,2,0
480430,Costume Blooming Staff,0,0,,8,0
480773,Costume Blooming Staff Pink,0,0,,8,0
420421,Costume Blue Cat Ears Cape,23000000,27000000,kro,2,0
21400,Costume Blue Dragon Statue,29440000,34560000,kro,2,0
400315,Costume Blue Emotion,0,0,,8,0
31563,Costume Blue Eye Shadow,0,0,,8,0
31451,Costume Blue Frill Ribbon,48300000,56700000,kro,2,0
31806,Costume Blue Frog Hat,0,0,,8,0
19987,Costume Blue Fur Hat,0,0,,8,0
31613,Costume Blue Hair of Strong,0,0,,8,0
20159,Costume Blue Hairband,0,0,,8,0
20258,Costume Blue Headdress,0,0,,8,0
400510,Costume Blue Kitten Ears,0,0,,8,0
480203,Costume Blue Magic Circle,0,0,,8,0
480484,Costume Blue Magpie Wings,0,0,,8,0
410022,Costume Blue Mask,0,0,,8,0
400994,Costume Blue Mechanical Feather,6900000,8100000,kro,2,0
480393,Costume Blue Moon Loli Ruri,0,0,,8,0
31168,Costume Blue Mouton Life,0,0,,8,0
19866,Costume Blue Pajamas,121900000,143100000,kro,2,0
20628,Costume Blue Pitaya Backpack,0,0,,8,0
31429,Costume Blue Poring Bubble,0,0,,8,0
401148,Costume Blue Poring Hairpin,0,0,,8,0
31045,Costume Blue Rear Ribbon,0,0,,8,0
19691,Costume Blue Ribbon,32200000,37800000,sibling,2,0
20096,Costume Blue Ribbon,32200000,37800000,kro,2,0
31552,Costume Blue Ribbon (Middle),184000000,216000000,kro,2,0
20046,Costume Blue Ribbon Band,0,0,,8,0
31449,Costume Blue Rose Eyepatch,36800000,43200000,kro,2,0
480176,Costume Blue Rose Garden,368000000,432000000,kro,2,0
31137,Costume Blue Rose Ornament,50600000,59400000,kro,2,0
480556,Costume Blue Rose Parasol,30360000,35640000,kro,2,0
20222,Costume Blue Sheep Santa Hat,8280000,9720000,kro,2,0
400932,Costume Blue Stardust Hairband,0,0,,8,0
420349,Costume Blue Sunbed,29440000,34560000,kro,2,0
19550,Costume Blush,55200000,64800000,kro,3,0
31361,Costume Blush,55200000,64800000,sibling,2,0
20469,Costume Bogy Horn,0,0,,8,0
15889,Costume Boitata Hat,117300000,137700000,kro,2,0
19997,Costume Bomb Hat,0,0,,8,0
20137,Costume Bomb Wick,0,0,,8,0
19820,Costume Bone Hat,0,0,,8,0
20410,Costume Bone Head,0,0,,8,0
19796,Costume Bone Helm,25300000,29700000,kro,2,0
19850,Costume Bongun Hat,0,0,,8,0
31444,Costume Bongun Hat (Upper),0,0,,8,0
31395,Costume Book of Magic,0,0,,8,0
420344,Costume Book of Sorcery,138000000,162000000,kro,2,0
31595,Costume Book of Soyga,0,0,,8,0
400363,Costume Book of Soyga,0,0,,8,0
20355,Costume Bouncing Hair Blue,0,0,,8,0
20354,Costume Bouncing Hair Crimson,0,0,,8,0
20351,Costume Bouncing Hair Green,0,0,,8,0
20352,Costume Bouncing Hair Purple,0,0,,8,0
20353,Costume Bouncing Hair Red,0,0,,8,0
20356,Costume Bouncing Hair White,0,0,,8,0
20350,Costume Bouncing Hair Yellow,0,0,,8,0
31489,Costume Bouquet Cap,0,0,,8,0
410156,Costume Bouquet Valletta,36800000,43200000,kro,2,0
20591,Costume Bow on Back,621000000,729000000,kro,2,0
19545,Costume Boy's Cap,27600000,32400000,kro,3,0
19698,Costume Boyfriend Recruitment Hat,0,0,,8,0
31365,Costume Boys Cap,0,0,,8,0
20101,Costume Bragi Wing Ears,0,0,,8,0
410042,Costume Braid Half Up (Black),0,0,,8,0
410038,Costume Braid Half Up (Blue),0,0,,8,0
410044,Costume Braid Half Up (Brown),0,0,,8,0
410041,Costume Braid Half Up (Green),0,0,,8,0
410045,Costume Braid Half Up (Purple),0,0,,8,0
410039,Costume Braid Half Up (Red),0,0,,8,0
410043,Costume Braid Half Up (White),0,0,,8,0
410040,Costume Braid Half Up (Yellow),0,0,,8,0
31870,Costume Braid Headband (Black),0,0,,8,0
31866,Costume Braid Headband (Blue),0,0,,8,0
31872,Costume Braid Headband (Brown),0,0,,8,0
31869,Costume Braid Headband (Green),0,0,,8,0
31873,Costume Braid Headband (Purple),0,0,,8,0
31867,Costume Braid Headband (Red),0,0,,8,0
31871,Costume Braid Headband (White),0,0,,8,0
31868,Costume Braid Headband (Yellow),0,0,,8,0
420172,Costume Braid Ring,0,0,,8,0
420433,Costume Braided Twin Ribbons,358800000,421200000,kro,2,0
31800,Costume Brazil Twin Ribbon,0,0,,8,0
19725,Costume Bread Bag,0,0,,8,0
31554,Costume Bread Bag (Middle),0,0,,8,0
400159,Costume Bridal Heir Band,0,0,,8,0
31128,Costume Bride Mask,0,0,,8,0
20056,Costume Bride's Corolla,0,0,,8,0
19814,Costume Bright Wig,0,0,,8,0
20526,Costume Brilliant Blue Angel Wings,45999500,53999500,kro,2,0
480648,Costume Broom of Crimson,0,0,,8,0
20588,Costume Broom of Witch,138000000,162000000,kro,2,0
410245,Costume Brother Keen Eye,46000000,54000000,kro,2,0
19659,Costume Brown Beanie,0,0,,8,0
20170,Costume Brown Deviruchi Cap,0,0,,8,0
31164,Costume Brown Stole,0,0,,8,0
19952,Costume Bubble Gum in Mouth,0,0,,8,0
31259,Costume Bubbly Arc Angeling Hairband,4600000,5400000,kro,2,0
19828,Costume Bucket Hat,0,0,,8,0
21207,Costume Bull Head,0,0,,8,0
19625,Costume Bunny Band,30360000,35640000,kro,2,0
400428,Costume Bunny Ear Eggs,69920000,82080000,kro,2,0
400503,Costume Bunny Ear Hat,0,0,,8,0
31097,Costume Bunny Ears of Minnie Doe Alma,0,0,,8,0
20446,Costume Bunny Eggshell,460000,540000,kro,4,0
31771,Costume Bunny Hairband (Blue),0,0,,8,0
31775,Costume Bunny Hairband (Golden),0,0,,8,0
31779,Costume Bunny Hairband (Green),0,0,,8,0
31776,Costume Bunny Hairband (Grey),0,0,,8,0
31773,Costume Bunny Hairband (Light Blue),0,0,,8,0
31769,Costume Bunny Hairband (Orange),0,0,,8,0
31778,Costume Bunny Hairband (Pink),0,0,,8,0
31770,Costume Bunny Hairband (Purple),0,0,,8,0
31774,Costume Bunny Hairband (Red),0,0,,8,0
31772,Costume Bunny Hairband (Silver),0,0,,8,0
31777,Costume Bunny Hairband (Yellow),0,0,,8,0
20031,Costume Bunny Headress,138000000,162000000,kro,2,0
31092,Costume Bunny Ribbon Hat,874000,1026000,kro,4,0
19876,Costume Bunny Top Hat,0,0,,8,0
31241,Costume Burning Sun (Lower),0,0,,8,0
400460,Costume Burst Flame,0,0,,8,0
19771,Costume Buterfly Hairpin,30820000,36180000,kro,2,0
410200,Costume Butler Bunny,92000000,108000000,kro,2,0
20483,Costume Butterfly Barrettes,0,0,,8,0
31618,Costume Butterfly Charm,0,0,,8,0
20039,Costume Butterfly Wing Ears,0,0,,8,0
400174,Costume Buyers Hat,0,0,,8,0
31153,Costume Cactus Flower Corsage,0,0,,8,0
20297,Costume Cactus Hat,0,0,,8,0
20118,Costume Cake Hat,0,0,,8,0
480071,Costume Calabash,0,0,,8,0
480485,Costume Call of the Deep Sea Octopus,0,0,,8,0
420015,Costume Camellia Demon Ribbon,92000000,108000000,kro,2,0
20435,Costume Camellia Hair Pin,0,0,,8,0
19974,Costume Camouflage Rabbit Hood,460000,540000,kro,4,0
400175,Costume Camp Fire Cap,0,0,,8,0
19664,Costume Campus Festival,0,0,,8,0
31414,Costume Cancer Diadem,0,0,,8,0
20445,Costume Candle,0,0,,8,0
420354,Costume Candle Set,9200000,10800000,kro,2,0
20143,Costume Candy Cane In Mouth,0,0,,8,0
31322,Costume Candy Hat,0,0,,8,0
20503,Costume Candy Pouch Bag,0,0,,8,0
31154,Costume Cap,0,0,,8,0
480086,Costume CAPOO Bag,0,0,,8,0
400126,Costume Capooring,0,0,,8,0
31896,Costume Capricorn Crown,0,0,,8,0
19657,Costume Captain Hat,0,0,,8,0
410399,Costume Capybara,11960000,14040000,kro,2,0
410350,Costume Carabao,0,0,,8,0
420319,Costume Card Board Box (Lower),0,0,,8,0
19951,Costume Cardboard Box,0,0,,8,0
410062,Costume Carefree Face,77280000,90720000,kro,2,0
20044,Costume Carmen Miranda's Hat,0,0,,8,0
31939,Costume Carnation Corolla,0,0,,8,0
19800,Costume Carnation Headband,0,0,,8,0
19874,Costume Carnival Circlet,0,0,,8,0
19873,Costume Carnival Hat,43700000,51300000,kro,2,0
420081,Costume Carrot in Mouth,33580000,39420000,kro,2,0
440020,Costume Cassandra,78200000,91800000,kro,2,0
31481,Costume Cat Coffee Cup,0,0,,8,0
480429,Costume Cat Donut,151800000,178200000,kro,2,0
400204,Costume Cat Ear Red Witch Hat,138000000,162000000,kro,2,0
31483,Costume Cat Ear Ribbon,271400000,318600000,kro,2,0
31506,Costume Cat Eared Bandana,0,0,,8,0
20462,Costume Cat Ears Cape,0,0,,8,0
31492,Costume Cat Ears Cape Brown,0,0,,8,0
20499,Costume Cat Ears Hat,46000000,54000000,kro,2,0
31604,Costume Cat Ears Long,0,0,,8,0
31382,Costume Cat Ears Punkish,285200000,334800000,kro,2,0
31603,Costume Cat Ears Shortcut,0,0,,8,0
420077,Costume Cat Footprints,41400000,48600000,kro,2,0
20576,Costume Cat Fork,84640000,99360000,kro,2,0
19588,Costume Cat Hat,0,0,,8,0
31041,Costume Cat Lace Hairband,0,0,,8,0
400752,Costume Cat Paw Decorated Knit Hat (Green),46000000,54000000,kro,2,0
20245,Costume Cat Paw Hairpin,0,0,,8,0
31906,Costume Cat Paw Knitted Hat,92000000,108000000,kro,2,0
31907,Costume Cat Paw Knitted Hat (Brown),50600000,59400000,kro,2,0
19287,Costume Cat Poring Balloon,0,0,,8,0
400480,Costume Cat Straw Hat,0,0,,8,0
31251,Costume Cat's Mouth,73600000,86400000,kro,2,0
20313,Costume CD in Mouth,0,0,,8,0
19753,Costume Celestial Hat,0,0,,8,0
410508,Costume Celestial Integrity,0,0,,8,0
480055,Costume Celestial Red Angel Wings,11040000,12960000,kro,2,0
31471,Costume Celestial Woman Flower,0,0,,8,0
20232,Costume Celine Ribbon,82800000,97200000,kro,2,0
19552,Costume Centimental Flower,19274000,22626000,kro,3,0
31360,Costume Centimental Flower,19274000,22626000,sibling,2,0
20084,Costume Ceremonial Hat,0,0,,8,0
20406,Costume Chain of Commandments,0,0,,8,0
19960,Costume Chain Puppet,0,0,,8,0
410474,Costume Chained Bear,40940000,48060000,kro,2,0
31203,Costume Charcoal Stove,0,0,,8,0
420353,Costume Charisma Extension Twin,5014000,5886000,kro,2,0
20318,Costume Charleston Antenna,0,0,,8,0
410143,Costume Charlie's Mustache,0,0,,8,0
420109,Costume Charm of Flame Heart,82800000,97200000,kro,2,0
420132,Costume Charm of Great Nature,0,0,,8,0
420103,Costume Charm of Mystic Frozen,26680000,31320000,kro,2,0
420320,Costume Charm of Rough Wind,0,0,,8,0
19640,Costume Charming Ribbon,0,0,,8,0
20279,Costume Cheering Whistle,13800000,16200000,kro,2,0
420232,Costume Cheese Stick,0,0,,8,0
20013,Costume Chef Hat,0,0,,8,0
31038,Costume Cheks Bandana,0,0,,8,0
31973,Costume Cherry Blossom Glasses,4599500,5399500,kro,2,0
410063,Costume Cherry Ribbon,119600000,140400000,kro,2,0
20043,Costume Cherryblossom in Mouth,0,0,,8,0
31151,Costume Cheshire's Cat Ears,0,0,,8,0
400956,Costume Chestnut Mask,6670000,7830000,kro,2,0
420325,Costume Chewy Low Twin,561200000,658800000,kro,2,0
400633,Costume Chic Peony,52440000,61560000,kro,2,0
31577,Costume Chick Chic,0,0,,8,0
20190,Costume Chick Hat J,0,0,,8,0
31657,Costume Chignon (Black),0,0,,8,0
31655,Costume Chignon (Blonde),0,0,,8,0
31653,Costume Chignon (Blue),0,0,,8,0
31659,Costume Chignon (Brown),0,0,,8,0
31656,Costume Chignon (Green),0,0,,8,0
31660,Costume Chignon (Purple),0,0,,8,0
31654,Costume Chignon (Red),0,0,,8,0
31658,Costume Chignon (White),0,0,,8,0
19992,Costume Chilly Breath,105800000,124200000,kro,2,0
31723,Costume Chimaki Hat,0,0,,8,0
31724,Costume Chimaki Hood,0,0,,8,0
15858,Costume Choco Banana Bonnet,1748000,2052000,kro,2,0
31854,Costume Choco Chip Cookies,0,0,,8,0
20030,Costume Choco Donut in Mouth,0,0,,8,0
20243,Costume Choco Mint Bonnet,1191000,1398500,kro,2,0
31882,Costume Choco Stick In Mouth,0,0,,8,0
420108,Costume Chocolate Bomb,0,0,,8,0
400405,Costume Chocolate Hat,0,0,,8,0
31195,Costume Chocolate Mini Hat,5290000,6210000,kro,2,0
31855,Costume Chocolate Mushroom Wig,4600000,5400000,kro,2,0
420208,Costume Chocolate Rabbit Hair,142600000,167400000,kro,2,0
19958,Costume Choir Hat,0,0,,8,0
31826,Costume Choppy Bear Hat,0,0,,8,0
20545,Costume Christmas Guardian Tree,0,0,,8,0
31132,Costume Christmas Wreath,0,0,,8,0
31331,Costume Chung E Shinyon Cap,0,0,,8,0
20040,Costume Chung Hairpin,0,0,,8,0
420052,Costume Chungee's Soul,0,0,,8,0
19902,Costume Cigarette,39100000,45900000,kro,2,0
20158,Costume Circlet,0,0,,8,0
19973,Costume Circlet Of Bones,460000,540000,kro,4,0
400491,Costume Citrus Bandana (Middle),0,0,,8,0
31734,Costume Citrus Colored Ribbon,52900000,62100000,kro,2,0
31521,Costume Citrus Helmet,0,0,,8,0
20106,Costume Classic Hat,0,0,,8,0
400355,Costume Classical Balloon Hat,110400000,129600000,kro,2,0
5980,Costume Classical Feather Hat,3680000,4320000,kro,2,0
19929,Costume Classical Ribbon,36800000,43200000,kro,2,0
31542,Costume Clay Poring Jar,32200000,37800000,kro,2,0
31560,Costume Clergy Nurse Cap,0,0,,8,0
420094,Costume Cloak of Einherjar,0,0,,8,0
31136,Costume Clock Casket,138000000,162000000,kro,2,0
480629,Costume Clock Rod,48300000,56700000,kro,2,0
20131,Costume Clock Tower Manager,0,0,,8,0
31379,Costume Clock Winding Key,0,0,,8,0
400594,Costume Clockwise,0,0,,8,0
31546,Costume Clockwork Cap,0,0,,8,0
440004,Costume Close Helmet,0,0,,8,0
410371,Costume Closed Eyes,11776000,13824000,kro,2,0
410312,Costume Clover Hairpin,89700000,105300000,kro,2,0
19636,Costume Clown Nose,0,0,,8,0
19940,Costume Clown Nose,0,0,,8,0
480177,Costume Clutch Bouquet,248400000,291600000,kro,2,0
31401,Costume Coif,0,0,,8,0
20456,Costume Combat Vestige,0,0,,8,0
420384,Costume Commentary Booth,0,0,,8,0
480469,Costume Con of Singapura,0,0,,8,0
31976,Costume Concentration Beret,2760000,3240000,kro,2,0
31980,Costume Concentration Beret,2760000,3240000,sibling,2,0
31885,Costume Cons of Earth,0,0,,8,0
31957,Costume Cons of Poison,0,0,,8,0
420222,Costume Consecrate Fides Aureola,0,0,,8,0
420230,Costume Consecrate Fides Aureola (Garment),0,0,,8,0
20060,Costume Construction Helmet,0,0,,8,0
19666,Costume Cookie Hat,0,0,,8,0
20540,Costume Cookie Party,0,0,,8,0
420209,Costume Cookie Ribbon,73600000,86400000,kro,2,0
20016,Costume Cool Dinner Hat,459500,539000,kro,4,0
31902,Costume Cool Shades,0,0,,8,0
19660,Costume Coppola,0,0,,8,0
31953,Costume Core Headset,0,0,,8,0
19719,Costume Coronet,0,0,,8,0
19619,Costume Corsair,0,0,,8,0
410448,Costume Cosmic Blink Eyes,276000000,324000000,kro,2,0
420271,Costume Cosmic Connection,598000000,702000000,kro,2,0
410287,Costume Cosmic Connection (Garment),0,0,,8,0
410034,Costume Country Tail (Black),0,0,,8,0
410030,Costume Country Tail (Blue),0,0,,8,0
410036,Costume Country Tail (Brown),0,0,,8,0
410033,Costume Country Tail (Green),0,0,,8,0
410037,Costume Country Tail (Purple),0,0,,8,0
410031,Costume Country Tail (Red),0,0,,8,0
410035,Costume Country Tail (White),0,0,,8,0
410032,Costume Country Tail (Yellow),0,0,,8,0
420168,Costume Cow mask,0,0,,8,0
19582,Costume Cowboy Hat,0,0,,8,0
400326,Costume Cowhide Hat,0,0,,8,0
20341,Costume Cowlick (Black),0,0,,8,0
31277,Costume Cowlick (Black),0,0,,8,0
31273,Costume Cowlick (Blue),0,0,,8,0
31279,Costume Cowlick (Brown),0,0,,8,0
31276,Costume Cowlick (Green),0,0,,8,0
31280,Costume Cowlick (Purple),0,0,,8,0
31274,Costume Cowlick (Red),0,0,,8,0
31278,Costume Cowlick (White),0,0,,8,0
31275,Costume Cowlick (Yellow),0,0,,8,0
19857,Costume Crayfish Hat,0,0,,8,0
31801,Costume Creative Convention Cap,0,0,,8,0
31802,Costume Creative Convention Chapeau,0,0,,8,0
19622,Costume Crescent Hairpin,0,0,,8,0
400495,Costume Crescent Helm (Upper),0,0,,8,0
20319,Costume Crimson Booster,0,0,,8,0
20466,Costume Crimson Ribbon,0,0,,8,0
400143,Costume Crimson Valkyrie Circlet,0,0,,8,0
20525,Costume Crimson Wings,34500000,40500000,kro,2,0
20261,Costume Cross Band,0,0,,8,0
31380,Costume Crow on Shoulder,96600000,113400000,kro,2,0
20399,Costume Crow Tengu Mask,48300000,56700000,kro,2,0
19630,Costume Crown,54280000,63720000,kro,3,0
20454,Costume Crown of Ancient Queen,0,0,,8,0
20414,Costume Crown Of Deceit,0,0,,8,0
31850,Costume Crown of Faithful Faith,0,0,,8,0
31591,Costume Crown of Might,0,0,,8,0
19786,Costume Crown of Mistress,0,0,,8,0
400606,Costume Crown of Mistress,0,0,,8,0
31039,Costume Crown of Old King Red,0,0,,8,0
20452,Costume Crown of Strawberry Prince,27600000,32400000,kro,2,0
31565,Costume Crowned Princess Ribbon,437000000,513000000,kro,2,0
19785,Costume Crunch Toast,18400000,21600000,kro,2,0
400232,Costume Crushed Snow Man,0,0,,8,0
410105,Costume Cube Mask,0,0,,8,0
20504,Costume Cupid's Pink Wings,244720000,287280000,kro,2,0
420085,Costume Curly Hair (Blonde),0,0,,8,0
19805,Costume Curse Scroll,0,0,,8,0
480664,Costume Cursed Serpent,0,0,,8,0
20310,Costume Cute Parrot,0,0,,8,0
31462,Costume Cute Poring Earmuffs,0,0,,8,0
19294,Costume Cyber Cat Ear Headphones (Red),0,0,,8,0
31574,Costume Cyber Income,36800000,43200000,kro,2,0
31807,Costume Cyber Peacock,0,0,,8,0
480420,Costume Cyber Rifle,32200000,37800000,kro,2,0
480419,Costume Cyber Sword,170200000,199800000,kro,2,0
19887,Costume Cyclops Glasses,92000000,108000000,kro,2,0
31570,Costume Cyclops Visor,0,0,,8,0
31928,Costume Cylinder Hairband,0,0,,8,0
19584,Costume Dagger In Mouth,299000000,351000000,kro,2,0
20338,Costume Dancing Colorful Octopus,0,0,,8,0
19923,Costume Dark Age,0,0,,8,0
440005,Costume Dark Bacilium,0,0,,8,0
400422,Costume Dark Bacilium (Upper),0,0,,8,0
410011,Costume Dark Blinkers,0,0,,8,0
31947,Costume Dark Horn,0,0,,8,0
20006,Costume Dark Knight Mask,0,0,,8,0
480288,Costume Dark Lord Cloak,0,0,,8,0
20621,Costume Dark Lord Manteau,0,0,,8,0
420010,Costume Dark Master,920000000,1080000000,kro,2,0
20220,Costume Dark Night Veil,0,0,,8,0
19690,Costume Dark Snake Lord Hat,0,0,,8,0
31611,Costume Dark Snake Lord Stole,133400000,156600000,kro,2,0
19721,Costume Darkness Helm,73600000,86400000,kro,2,0
31399,Costume Darkness Veil,0,0,,8,0
19871,Costume Decoration of Music,138000000,162000000,kro,2,0
20246,Costume Decoration Time,124200000,145800000,kro,2,0
19594,Costume Decorative Geographer,0,0,,8,0
31810,Costume Deep Angel Hairband,0,0,,8,0
480421,Costume Defense Shield,36800000,43200000,kro,2,0
400427,Costume Demi Freyja Hair,920000000,1080000000,kro,2,0
480541,Costume Demi-Freya Wing,0,0,,8,0
410320,Costume Demi-Freya's Twinkling Eyes,0,0,,8,0
20061,Costume Demo Mask,0,0,,8,0
400158,Costume Demon Crown,0,0,,8,0
31946,Costume Demon King's Eye,0,0,,8,0
410072,Costume Demons Familiar,0,0,,8,0
400356,Costume Denim Ignis Cap,41400000,48600000,kro,2,0
19724,Costume Deprote Doll Hat,0,0,,8,0
400789,Costume Desecrate Fides Aureola,0,0,,8,0
20331,Costume Desert Prince,0,0,,8,0
31686,Costume Desert Wolf Baby,20802000,24420000,kro,2,0
31590,Costume Designer's Brush,0,0,,8,0
19620,Costume Detective Hat,0,0,,8,0
480631,Costume Detective's Magnifying Glass,218755500,256800000,kro,2,0
19542,Costume Devil Whisper,0,0,,8,0
31825,Costume Devil's Tongue,0,0,,8,0
400634,Costume Devil's Whisper,253000000,297000000,kro,2,0
19727,Costume Devilring Hat,0,0,,8,0
410061,Costume Deviruchi Apron,0,0,,8,0
20202,Costume Deviruchi Balloon,147200000,172800000,kro,2,0
420024,Costume Deviruchi Balloon,147200000,172800000,sibling,2,0
19547,Costume Deviruchi Cap,0,0,,8,0
20072,Costume Deviruchi Cap,0,0,,8,0
31364,Costume Deviruchi Cap,0,0,,8,0
20167,Costume Deviruchi Headphone,27600000,32400000,kro,2,0
410198,Costume Deviruchi Party,23920000,28080000,kro,2,0
19787,Costume Devoted Eyes,0,0,,11,0
31949,Costume Diablos Wings,0,0,,8,0
480235,Costume Diabolic Friend,248400000,291600000,kro,2,0
20175,Costume Diabolic Headphone,0,0,,8,0
31381,Costume Diabolic Lapel,36800000,43200000,kro,2,0
480169,Costume Diabolic Rock Guitar,230000000,270000000,kro,2,0
19748,Costume Diadem,0,0,,8,0
410073,Costume Diadem,0,0,,8,0
400131,Costume Diadem of Brunhild,0,0,,8,0
31094,Costume Dice Hairband,0,0,,8,0
20535,Costume Digital Space,184000000,216000000,kro,2,0
20309,Costume Dip Schmidt Helm,0,0,,8,0
31831,Costume Disguise Cloth,0,0,,8,0
31486,Costume Diver's Goggles,0,0,,8,0
420552,Costume Divine Invitation,22080000,25920000,kro,2,0
480318,Costume Divine Phoenix,920000000,1080000000,kro,2,0
410458,Costume Divine Twinkling,46000000,54000000,kro,2,0
400965,Costume Divine Veil,37720000,44280000,kro,2,0
410187,Costume Diving Goggles,0,0,,8,0
31113,Costume Doctor headband,0,0,,8,0
31794,Costume Dog Ear Cap,0,0,,8,0
31096,Costume Dog Ears of Bau Alma,0,0,,8,0
31202,Costume Dog Officer,18400000,21600000,kro,2,0
31628,Costume Dokebi,0,0,,8,0
19775,Costume Dokebi Hat,0,0,,8,0
19864,Costume Dokebi's Wig,0,0,,8,0
31207,Costume Dokkebi Mask,0,0,,8,0
20403,Costume Dolor Thanatos,0,0,,8,0
20029,Costume Donut in Mouth,0,0,,8,0
31783,Costume Doram Balloon,0,0,,8,0
400727,Costume Doram Hairband,25300000,29700000,kro,2,0
400182,Costume Doram Head Hat,920000,1080000,kro,2,0
480748,Costume Doram Paw Hammer,0,0,,8,0
400404,Costume Dorothy Doll Hat,0,0,,8,0
20012,Costume Double Horn Helm,0,0,,8,0
20384,Costume Douce Tiara,0,0,,8,0
480181,Costume Dragon Backpack,0,0,,8,0
15888,Costume Dragon Claw Helm,0,0,,8,0
20008,Costume Dragon General Helm,4600000,5400000,kro,2,0
19667,Costume Dragon Helm,0,0,,8,0
19841,Costume Dragon Helm Copper,0,0,,8,0
31830,Costume Dragon Knight Eyepatch,0,0,,8,0
20009,Costume Dragon Skull Hat,0,0,,8,0
19998,Costume Dragon Turtle Hat,0,0,,8,0
480517,Costume Dragon Warrior Cloak & Staff,0,0,,8,0
480408,Costume Dragon Wing,427800000,502200000,kro,2,0
420133,Costume Dreaming Rose,649060000,761940000,kro,2,0
19963,Costume Driver Band(Red),276000,324000,kro,4,0
19964,Costume Driver Band(Yellow),460000,540000,kro,4,0
20253,Costume Drooping Alicel,0,0,,8,0
19601,Costume Drooping Aliot,920000,1080000,kro,3,0
19959,Costume Drooping Argiope,0,0,,8,0
20238,Costume Drooping Blue Cat,0,0,,8,0
31796,Costume Drooping Boto,920000,1080000,kro,2,0
31196,Costume Drooping Chuni Penguin,0,0,,8,0
31147,Costume Drooping Domovoi,0,0,,8,0
20177,Costume Drooping Dorasuke,35880000,42120000,kro,2,0
31053,Costume Drooping Eddga,0,0,,8,0
31682,Costume Drooping Elven Ears,0,0,,8,0
31664,Costume Drooping Ernst Von Wolf 11th,0,0,,8,0
19927,Costume Drooping Gray Kitty,0,0,,8,0
20434,Costume Drooping Gunslinger,0,0,,8,0
31633,Costume Drooping Heinrich,0,0,,8,0
19600,Costume Drooping Kiehl,4140000,4860000,kro,3,0
31044,Costume Drooping Kitty Pink,2747000,3225000,ragnastats,2,0
19818,Costume Drooping Morooc Minion,0,0,,8,0
31632,Costume Drooping Oscar,0,0,,8,0
20103,Costume Drooping Panda,0,0,,8,0
20346,Costume Drooping Permeter,0,0,,8,0
31031,Costume Drooping Pope Casual,0,0,,8,0
15839,Costume Drooping Rebellion,0,0,,8,0
31372,Costume Drooping Roxie,0,0,,8,0
31631,Costume Drooping Schmidt,0,0,,8,0
31371,Costume Drooping Sorin Doll Hat,0,0,,8,0
31148,Costume Drooping W Doll,0,0,,8,0
31204,Costume Drooping White Cat,460000000,540000000,kro,2,0
31507,Costume Drooping Yellow Cat,4162000,4886000,ragnastats,2,0
400147,Costume Dropping Betelgeuse,1840000,2160000,kro,2,0
400128,Costume Dropping Elly,2070000,2430000,kro,2,0
31585,Costume Drops Muffler,4600000,5400000,kro,2,0
400729,Costume Drops' Headgear,511111000,600000000,kro,2,0
31541,Costume Drosera Hairpin,0,0,,8,0
400320,Costume Drum Hood (Black),0,0,,8,0
31819,Costume Dullahan Mask,2300000,2700000,kro,2,0
420050,Costume Dumbling Wave,50600000,59400000,kro,2,0
20164,Costume Duneyrr Hat,0,0,,8,0
31827,Costume Durumagi,11040000,12960000,kro,2,0
31087,Costume Dwarf Beard,327111000,384000000,kro,2,0
19971,Costume Dying Swan,552000,648000,kro,4,0
20123,Costume Eagle Eyes,0,0,,8,0
19941,Costume Ear Muffs,0,0,,8,0
19626,Costume Earmuff Hat,0,0,,8,0
31499,Costume Easter Egg Shell,0,0,,8,0
21202,Costume Eatcoin Helm,0,0,,8,0
20241,Costume Eclipse Hat,0,0,,8,0
420702,Costume Eclipse Muffler,0,0,,8,0
31298,Costume Eden Group Hat II,0,0,,8,0
31197,Costume Egg Crispinette,726500,853000,kro,4,0
400557,Costume Egg Picky Doll,4600000,5400000,kro,2,0
20090,Costume Egg Shell,0,0,,8,0
420181,Costume Eis Spinne,0,0,,8,0
19988,Costume Elder Crown,0,0,,8,0
19290,Costume Elder Devil Horn,0,0,,8,0
31062,Costume Eleanor Wig,55200000,64800000,kro,2,0
31405,Costume Eleanor Wig (Yellow),13800000,16200000,kro,2,0
31478,Costume Eleanor's Wig (Lower),0,0,,8,0
31575,Costume Electric Two Sides Up Hair,2663000,3126500,kro,2,0
31944,Costume Elegant Wave,13800000,16200000,kro,2,0
20467,Costume Elemental Crown,0,0,,8,0
31498,Costume Elephangel,110400000,129600000,kro,2,0
31795,Costume Elephant Fairy,0,0,,8,0
20498,Costume Elephant Hat,0,0,,8,0
19769,Costume Elf Ears,0,0,,8,0
19551,Costume Elven Ears,32200000,37800000,kro,3,0
420447,Costume Emerald Rose,0,0,,8,0
410556,Costume Emperor Penguin,0,0,,8,0
400341,Costume Empty Can Hat,0,0,,8,0
14629,Costume Enchant Stone Box,0,0,,12,0
23086,Costume Enchant Stone Box 10,0,0,,12,0
23174,Costume Enchant Stone Box 11,0,0,,12,0
23299,Costume Enchant Stone Box 12,9200000,10800000,kro,4,0
23524,Costume Enchant Stone Box 13,0,0,,12,0
23629,Costume Enchant Stone Box 14,0,0,,12,0
23682,Costume Enchant Stone Box 15,0,0,,12,0
23770,Costume Enchant Stone Box 16,0,0,,12,0
9510,Costume Enchant Stone Box 17,0,0,,12,0
100019,Costume Enchant Stone Box 18,0,0,,12,0
100052,Costume Enchant Stone Box 19,14260000,16740000,kro,4,0
14681,Costume Enchant Stone Box 2,0,0,,12,0
100202,Costume Enchant Stone Box 20,0,0,,12,0
100314,Costume Enchant Stone Box 21,9200000,10800000,kro,4,0
100502,Costume Enchant Stone Box 22,0,0,,12,0
100721,Costume Enchant Stone Box 23,0,0,,12,0
100920,Costume Enchant Stone Box 24,0,0,,12,0
101103,Costume Enchant Stone Box 25,0,0,,12,0
101271,Costume Enchant Stone Box 26,0,0,,12,0
101416,Costume Enchant Stone Box 27,0,0,,12,0
101675,Costume Enchant Stone Box 28,9200000,10800000,kro,4,0
101876,Costume Enchant Stone Box 29,0,0,,12,0
14695,Costume Enchant Stone Box 3,0,0,,12,0
102193,Costume Enchant Stone Box 30,0,0,,12,0
102332,Costume Enchant Stone Box 31,0,0,,12,0
102441,Costume Enchant Stone Box 32,9108000,10692000,kro,4,0
102605,Costume Enchant Stone Box 33,20700000,24300000,kro,4,0
102820,Costume Enchant Stone Box 34,10401000,12209500,kro,4,0
103063,Costume Enchant Stone Box 35,11040000,12960000,kro,4,0
103234,Costume Enchant Stone Box 36,17480000,20520000,kro,4,0
103617,Costume Enchant Stone Box 37,18400000,21600000,kro,4,0
104501,Costume Enchant Stone Box 39,18400000,21600000,kro,4,0
22826,Costume Enchant Stone Box 4,1,2,npc,12,0
104901,Costume Enchant Stone Box 40,35880000,42120000,kro,4,0
22868,Costume Enchant Stone Box 5,1,2,npc,12,0
22905,Costume Enchant Stone Box 6,1,2,npc,12,0
22953,Costume Enchant Stone Box 7,0,0,,12,0
23001,Costume Enchant Stone Box 8,0,0,,12,0
23058,Costume Enchant Stone Box 9,0,0,,12,0
103909,Costume Enchant Stone Box38,23000000,27000000,kro,4,0
105518,Costume Enchantment Stone Box 41,12880000,15120000,kro,4,0
31185,Costume Engineer Cap,0,0,,8,0
20405,Costume Eremes Scarf,138000000,162000000,kro,3,0
31545,Costume Eremes Scarf (Blue),5980000,7020000,kro,2,0
420207,Costume Eternal Rose,0,0,,8,0
31629,Costume Evil Bone Hat,0,0,,8,0
20590,Costume Evil Druid Cross,0,0,,8,0
19824,Costume Evil Druid Hat,23000000,27000000,kro,2,0
31467,Costume Evil Egg Shell,3372500,3959000,kro,2,0
410286,Costume Evil Eyes of False God,0,0,,8,0
420272,Costume Evil Eyes of False God (Garment),0,0,,8,0
20199,Costume Evil Marcher Hat,41400000,48600000,kro,2,0
20214,Costume Evil Marcher Hat J,0,0,,8,0
19674,Costume Evil Mask,0,0,,8,0
19621,Costume Evil Wing Ear,27600000,32400000,kro,2,0
20157,Costume Evolved Blue Fish,0,0,,8,0
19878,Costume Evolved Drooping Bunny,225400000,264600000,kro,2,0
19731,Costume Evolved Evil Wing,33580000,39420000,kro,2,0
19920,Costume Evolved Whisper Mask,0,0,,8,0
31669,Costume Evolved Whisper Mask (Middle),1830500,2149000,kro,2,0
23154,Costume Exchange SynthesisBox,36800000,43200000,kro,4,0
20513,Costume EXE Backpack,0,0,,8,0
19746,Costume Executioner Hood,0,0,,8,0
410053,Costume Exorcist Glasses,0,0,,8,0
420358,Costume Experiment Mind,782000000,918000000,kro,2,0
31784,Costume Experimental Goat Cap,0,0,,8,0
31089,Costume Exploding Crimson Flame,0,0,,8,0
31374,Costume Explosion Gum,11408000,13392000,kro,2,0
31487,Costume Eye Bandage,4162000,4886000,ragnastats,2,0
410576,Costume Eye of Necromancer,0,0,,8,0
31106,Costume Eyepatch of Peace,0,0,,8,0
31107,Costume Eyepatch of Prosperity,0,0,,8,0
410317,Costume Eyes Mask,0,0,,8,0
20221,Costume Eyes Of Ifrit,101200000,118800000,kro,2,0
31375,Costume Eyes of War,0,0,,8,0
20299,Costume Face Crusher,0,0,,8,0
400403,Costume Face Crusher (Middle),0,0,,8,0
31328,Costume Faceworm Egg Shell,2774500,3257500,ragnastats,2,0
401246,Costume Fafnir Helm,0,0,,8,0
31663,Costume Fairy Asara Hat,0,0,,8,0
31472,Costume Fairy Feathers,89700000,105300000,kro,2,0
31681,Costume Fairy Long Hair (Blonde),0,0,,8,0
31680,Costume Fairy Long Purple,0,0,,8,0
20992,Costume Fairy of Eden,0,0,,8,0
400517,Costume Fairy Tale Poison Apple,0,0,,8,0
31505,Costume Falcon Mask,0,0,,8,0
400425,Costume Falconer Flute,0,0,,8,0
19589,Costume Fallen Angel Lost,0,0,,8,0
400434,Costume Fallen Angel Lost,0,0,,8,0
31330,Costume Fallen Angel Valletta,0,0,,8,0
420214,Costume Fallen Angel Valletta,0,0,,8,0
20764,Costume Fallen Angel Wing,55200000,64800000,kro,2,0
31313,Costume Fallen Angel's Wing Ears,5276000,6193500,kro,2,0
480473,Costume Fallen Bishop Evil Spirit,41170000,48330000,kro,2,0
480458,Costume Fallen Heaven Lost Wing,0,0,,8,0
31828,Costume Fallen Leaves Falling (Red),0,0,,8,0
20537,Costume Falling Red Foliage,0,0,,8,0
410051,Costume Falling Snow,0,0,,8,0
31384,Costume False Ears,33120000,38880000,kro,2,0
20333,Costume Family Hat,0,0,,8,0
20156,Costume Fan in Mouth,0,0,,8,0
20205,Costume Fancy Flower,0,0,,8,0
400173,Costume Fancy Phantom Mask (Middle),0,0,,8,0
400223,Costume Fantastic Wig,0,0,,8,0
19984,Costume Fashion Winter Hat,32200000,37800000,kro,2,0
20185,Costume Fashionable Glasses,0,0,,8,0
20247,Costume Fate Of Black Hand,0,0,,8,0
31509,Costume Fawn Ears,294400000,345600000,kro,2,0
19585,Costume Feather Beret,0,0,,8,0
420571,Costume Feather Blonde Hair,55200000,64800000,kro,2,0
20057,Costume Feather Bonnet,0,0,,8,0
31445,Costume Feather Fedora,16560000,19440000,kro,2,0
420071,Costume Feather Stola,119600000,140400000,kro,2,0
400398,Costume Feather White Beret,0,0,,8,0
31913,Costume Feathered Black Cap,0,0,,8,0
400277,Costume Felrock's Hat,0,0,,8,0
420234,Costume Festival Stalls,717600000,842400000,kro,2,0
31910,Costume Festive Santa Beard,0,0,,8,0
420244,Costume Fierce Tiger Headgear,0,0,,8,0
480137,Costume Filir Bag,98900000,116100000,kro,2,0
19831,Costume Filir Hat,0,0,,8,0
19833,Costume Fillet,519800000,610200000,kro,2,0
19735,Costume Fin Helm,736000000,864000000,kro,2,0
420051,Costume Fire and Lightning Witch Necklace,0,0,,8,0
31178,Costume Fire Muffler,146740000,172260000,kro,2,0
20032,Costume Firinto Scarf,23000000,27000000,kro,2,0
31047,Costume First Love Cheek,0,0,,8,0
400251,Costume First Runner Up of RTC 2021,0,0,,8,0
20105,Costume Fish Head,0,0,,8,0
20107,Costume Fish In Mouth,0,0,,8,0
410068,Costume Fish Marche,0,0,,8,0
400169,Costume Fish Pin,0,0,,8,0
420027,Costume Fishbone Hair,7359500,8639500,kro,2,0
400176,Costume Fishbowl Parfait Hat,18400000,21600000,kro,2,0
31127,Costume Flag Cap,0,0,,8,0
31940,Costume flag mask,0,0,,8,0
31690,Costume Flamebird,1840000,2160000,kro,2,0
20532,Costume Flaming Burst Wave(Garment),0,0,,8,0
19596,Costume Flapping Angel Wing,0,0,,8,0
5981,Costume Flapping Devil Wings,0,0,,8,0
20377,Costume Flight Cap,0,0,,8,0
31568,Costume Floating Ball,184000000,216000000,kro,2,0
31525,Costume Floating Deviling,0,0,,8,0
420075,Costume Floating Gioia,0,0,,8,0
31432,Costume Floating Ice,179400000,210600000,kro,2,0
410055,Costume Floating Parasol,368000000,432000000,kro,2,0
31391,Costume Floating Sage Stone,0,0,,8,0
31851,Costume Floating Shield,0,0,,8,0
31804,Costume Floral Hat,0,0,,8,0
20487,Costume Floral Waltz,294400000,345600000,kro,2,0
19633,Costume Flower Band,0,0,,8,0
19995,Costume Flower Blossom,0,0,,8,0
19983,Costume Flower Hairpin,0,0,,8,0
420156,Costume Flower Knitting,0,0,,8,0
20121,Costume Flower Lily,0,0,,8,0
410138,Costume Flower Pot Mask (Middle),0,0,,8,0
31729,Costume Flower Shower,161000000,189000000,kro,2,0
20339,Costume Flower Summer Hat,0,0,,8,0
400635,Costume Flower Summer Knit Hat,0,0,,8,0
480111,Costume Flower Wing,33120000,38880000,kro,2,0
19882,Costume Flowerpot Mask,0,0,,8,0
410154,Costume Flowery Vision,0,0,,8,0
31635,Costume Flowing Long (Blonde),331200000,388800000,kro,2,0
31636,Costume Flowing Long (Silver),414000000,486000000,kro,2,0
19634,Costume Flu Mask,75900000,89100000,kro,2,0
31438,Costume Fluffy Angel Cape,4600000,5400000,kro,2,0
410328,Costume Fluffy Bakery,27600000,32400000,kro,2,0
31517,Costume Fluffy Cat,0,0,,8,0
31439,Costume Fluffy Heart Earmuffs,239200000,280800000,kro,2,0
410169,Costume Fluffy Lovely Fox,0,0,,8,0
410195,Costume Fluffy Lovely Fox,0,0,,8,0
420553,Costume Fluffy Nyar Hair,29440000,34560000,kro,2,0
410351,Costume Fluffy Parasol,23000000,27000000,kro,2,0
400225,Costume Fluffy Rabbit Cape,73508000,86292000,kro,2,0
410352,Costume Fluffy Red Parasol,27140000,31860000,kro,2,0
31685,Costume Fluffy Semi Long,50600000,59400000,kro,2,0
31922,Costume Fluffy Semi-Long (Silver),2300000,2700000,kro,2,0
420037,Costume Fluffy Semi-Long Hair(Cherry Blossom),46000000,54000000,kro,2,0
420040,Costume Fluffy Semi-Long Hair(Jet Black),64400000,75600000,kro,2,0
420036,Costume Fluffy Semi-Long Hair(Light Blue),41400000,48600000,kro,2,0
420043,Costume Fluffy Semi-Long Hair(Light Purple),23000000,27000000,kro,2,0
420042,Costume Fluffy Semi-Long Hair(Orange),36800000,43200000,kro,2,0
420039,Costume Fluffy Semi-Long Hair(Turquoise),26680000,31320000,kro,2,0
420041,Costume Fluffy Semi-Long Hair(White),173777500,204000000,kro,2,0
420038,Costume Fluffy Semi-Long Hair(Yellow),46000000,54000000,kro,2,0
5914,Costume Flutter Butterfly,92000000,108000000,kro,2,0
5979,Costume Fluttering Angel's Wing,89930000,105570000,kro,2,0
20457,Costume Fluttering Feathers,101200000,118800000,kro,2,0
420242,Costume Fluttering Haze,55200000,64800000,kro,2,0
420554,Costume Fluttering Nyar Hair,36800000,43200000,kro,2,0
19859,Costume Flying Angel,138000000,162000000,kro,2,0
31463,Costume Flying Drone,0,0,,8,0
20349,Costume Flying Galapago,0,0,,8,0
410239,Costume Flying Tilby,91999500,107999500,kro,2,0
420439,Costume Food Truck,0,0,,8,0
420516,Costume Forest Friends,34040000,39960000,kro,2,0
31598,Costume Forest Guide,69000000,81000000,kro,2,0
480336,Costume Forest Summer Vacation,112444000,132000000,kro,2,0
20079,Costume Forgotten Angel Wing,41400000,48600000,kro,2,0
480152,Costume Fork Spoon Set,0,0,,8,0
31763,Costume Fortier Mask,0,0,,8,0
31614,Costume Fox,0,0,,8,0
400343,Costume Fox Bamboo Hat,0,0,,8,0
20262,Costume Fox Ears Drop Ribbon,0,0,,8,0
31098,Costume Fox Ears of Tamamo Loa,0,0,,8,0
19838,Costume Fox Hat,0,0,,8,0
20584,Costume Fox Tail,55200000,64800000,kro,2,0
19801,Costume Foxhat,0,0,,8,0
20193,Costume Foxtail,61640000,72360000,kro,2,0
31108,Costume Free Hug,0,0,,8,0
15851,Costume Freyja Crown,0,0,,8,0
31899,Costume Freyja's Crown,0,0,,8,0
20187,Costume Fricca's Circlet,0,0,,8,0
19891,Costume Fried Egg Hat,0,0,,8,0
19696,Costume Friend Mochiring Hat,0,0,,11,0
31919,Costume Friend Recruit Hat,0,0,,8,0
31916,Costume Frill Neckcap,45080000,52920000,kro,2,0
19548,Costume Frog Cap,17480000,20520000,kro,2,0
31363,Costume Frog Cap,17480000,20520000,sibling,2,0
400901,Costume Frog Cap (Brown),0,0,,8,0
19758,Costume Frog King Hat,0,0,,8,0
400373,Costume Frozen Laurel Crown,4140000,4860000,kro,2,0
20235,Costume Frozen Rose,0,0,,8,0
31297,Costume Fruit of Love,0,0,,8,0
420196,Costume Fruit Stick,0,0,,8,0
20519,Costume Full Bloom Cherry Tree,179400000,210600000,kro,2,0
20490,Costume Full Blossom Sakura Hairpin Blue,78200000,91800000,kro,2,0
31702,Costume Full Moon Cat Hood,0,0,,8,0
20114,Costume Funeral Hat,0,0,,8,0
31056,Costume Furious Wave,0,0,,8,0
19991,Costume Galanthus Guard,0,0,,8,0
480457,Costume Galapago Aquarium,828000000,972000000,kro,2,0
19852,Costume Galapago Cap,13800000,16200000,kro,2,0
400313,Costume Galaxy Circlet,0,0,,8,0
31133,Costume Gambler Seal,0,0,,8,0
19819,Costume Gang Doogun,0,0,,8,0
19605,Costume Gang Scarf,73600000,86400000,kro,2,0
31388,Costume Garden of Eden,4600000,5400000,kro,2,0
400792,Costume Garden of Heaven,36800000,43200000,kro,2,0
31765,Costume Garnet Tiara,391000000,459000000,kro,2,0
19736,Costume Gas Mask,0,0,,8,0
31952,Costume Gates of Netherworld,0,0,,8,0
410471,Costume Gear Monocle,18860000,22140000,kro,2,0
31615,Costume Geisha Make Up,85100000,99900000,kro,2,0
31058,Costume Gelato Hat,0,0,,8,0
31889,Costume Gemini Crown,0,0,,8,0
19158,Costume GeminiS58 Eyes Blue,73600000,86400000,kro,2,0
480118,Costume General Daehyon Falchion,138000000,162000000,kro,2,0
31426,Costume Gentle Marlin Balloon,0,0,,8,0
20518,Costume Gerhard Von Devi Bag,0,0,,8,0
31318,Costume Gerhard Von Deviruchi 83 Years,0,0,,8,0
20055,Costume Ghost Bandana,0,0,,8,0
410060,Costume Ghost Bat,0,0,,8,0
420078,Costume Ghost Bat(Lower),101200000,118800000,kro,2,0
20547,Costume Ghost Effect,0,0,,8,0
31123,Costume Ghostring Tall Hat,87400000,102600000,kro,2,0
410059,Costume Ghoul Mask,0,0,,8,0
480247,Costume Giant Angeling,108560000,127440000,kro,2,0
20049,Costume Giant Band Aid,0,0,,8,0
420193,Costume Giant Bow Scarf (Blue),27600000,32400000,kro,2,0
20517,Costume Giant Cat Bag,225400000,264600000,kro,2,0
480717,Costume Giant Chained Bear,0,0,,8,0
480310,Costume Giant Mad Bunny,110400000,129600000,kro,2,0
20546,Costume Giant Ribbon Bell,35880000,42120000,kro,2,0
480126,Costume Giant Shark,211600000,248400000,kro,2,0
480360,Costume Giant Shuriken,0,0,,8,0
480524,Costume Giant Teddy Bear,0,0,,8,0
480095,Costume Giant White Rabbit,88090000,103410000,kro,2,0
20240,Costume Gift of Snow,73600000,86400000,kro,2,0
19288,Costume Gigant Helm,0,0,,8,0
31480,Costume Gioia Partner,36800000,43200000,kro,2,0
19699,Costume Girlfriend Recruitment Hat,0,0,,8,0
20411,Costume Glaris Doll Hat,0,0,,8,0
480432,Costume Glass Rose Garden,0,0,,8,0
19888,Costume Glasses,2760000,3240000,kro,2,0
20465,Costume Glasses Without Lens,0,0,,8,0
31377,Costume Glast Heim Spectator,0,0,,8,0
19948,Costume Globe,0,0,,8,0
31917,Costume Glory Flag (Red),0,0,,8,0
400144,Costume Glory Symbol,0,0,,8,0
31258,Costume Glowing White Blush,46000000,54000000,kro,2,0
420011,Costume Gluttony CAPOO,0,0,,8,0
410360,Costume Goal Tender Mask (Middle),0,0,,8,0
31627,Costume Goat Helmet,0,0,,8,0
19732,Costume Goblin Leader Mask,0,0,,8,0
20390,Costume Goblin Mask,0,0,,8,0
31410,Costume God's Helm,0,0,,8,0
20415,Costume Goddess of Victory(Blue),0,0,,8,0
19944,Costume Goddess of Victory(Purple),0,0,,8,0
15841,Costume Goggles Hat,0,0,,8,0
20189,Costume Goibne's Helm,0,0,,8,0
20568,Costume Gold Aura,0,0,,8,0
31589,Costume Gold Baphomet Horns,0,0,,8,0
20557,Costume Gold Energy,0,0,,8,0
400354,Costume Gold Helm of Vanagandr,322000000,378000000,kro,2,0
15853,Costume Gold Ingot Poring,0,0,,8,0
400692,Costume Gold Paeonia,172040000,201960000,kro,2,0
19749,Costume Gold Spirit Chain,0,0,,8,0
19880,Costume Gold Tiara,0,0,,8,0
20233,Costume Golden Angel,0,0,,8,0
31945,Costume Golden Angel Hairband,0,0,,8,0
20606,Costume Golden Angel Wing,0,0,,8,0
31820,Costume Golden Baseball Cap,0,0,,8,0
20528,Costume Golden Butterfly Wings,0,0,,8,0
19977,Costume Golden Exclamation Mark,0,0,,8,0
31597,Costume Golden Fish Hat,0,0,,8,0
31979,Costume Golden Flame Giant,0,0,,8,0
19799,Costume Golden Gear,20700000,24300000,kro,2,0
31050,Costume Golden Poring Hat,0,0,,8,0
19979,Costume Golden Question Mark,0,0,,8,0
20301,Costume Golden Savage Hat,8280000,9720000,kro,2,0
20544,Costume Golden Shower,0,0,,8,0
31550,Costume Golden Tone (Middle),0,0,,8,0
31709,Costume Golden Violet,13800000,16200000,kro,2,0
400509,Costume Golden Whickebein's Ears,0,0,,8,0
19754,Costume Good Wedding Veil,0,0,,8,0
19578,Costume Googles,0,0,,8,0
410311,Costume Gorgon Coronet,12420000,14580000,kro,2,0
19718,Costume Gothic Headdress,0,0,,8,0
19928,Costume Gothic Heart Wing,0,0,,8,0
31385,Costume Gothic Pumpkin Head,3746000,4397500,ragnastats,2,0
31708,Costume Gothic Skull Ribbon,36800000,43200000,kro,2,0
400254,Costume Gothic Wing Headband,0,0,,8,0
20985,Costume Gourd Bottle,0,0,,8,0
20416,Costume Grade 1 Balloon,0,0,,8,0
20425,Costume Grade 10 Balloon,0,0,,8,0
20426,Costume Grade 11 Balloon,0,0,,8,0
20427,Costume Grade 12 Balloon,0,0,,8,0
20428,Costume Grade 13 Balloon,0,0,,8,0
20417,Costume Grade 2 Balloon,0,0,,8,0
20418,Costume Grade 3 Balloon,0,0,,8,0
20419,Costume Grade 4 Balloon,0,0,,8,0
20420,Costume Grade 5 Balloon,0,0,,8,0
20421,Costume Grade 6 Balloon,0,0,,8,0
20422,Costume Grade 7 Balloon,0,0,,8,0
20423,Costume Grade 8 Balloon,0,0,,8,0
20424,Costume Grade 9 Balloon,0,0,,8,0
20450,Costume Gram Peony,0,0,,8,0
19783,Costume Grampa Beard,0,0,,8,0
19795,Costume Grand Circlet,33580000,39420000,kro,2,0
20065,Costume Grand Peco Hairband,0,0,,8,0
410074,Costume Gravekeeper Blinker,0,0,,8,0
20611,Costume Gray Aura,0,0,,8,0
20610,Costume Gray Energy,0,0,,8,0
400091,Costume Gray Helmet,0,0,,8,0
20762,Costume Great Devil Wings,165600000,194400000,kro,2,0
31530,Costume Great Dracula Horns,5520000,6480000,kro,2,0
410359,Costume Great Pyrenees,515200000,604800000,kro,2,0
31402,Costume Green Apple Flavour,0,0,,8,0
400165,Costume Green Apple Hat,0,0,,8,0
20563,Costume Green Aura,0,0,,8,0
20552,Costume Green Energy,0,0,,8,0
19524,Costume Green Feeler,0,0,,8,0
20192,Costume Green Foxtail,71300000,83700000,kro,2,0
20396,Costume Green Hat,0,0,,8,0
31418,Costume Green Onion in Mouth,0,0,,8,0
20094,Costume Green Ribbon,32200000,37800000,kro,2,0
420350,Costume Green Sunbed,23000000,27000000,kro,2,0
20798,Costume Grim Reaper Protection,59800000,70200000,kro,2,0
31790,Costume Grimoire of Red Blood,0,0,,8,0
31479,Costume Group of Stars,92000000,108000000,kro,2,0
20069,Costume Gryphon Hairband,0,0,,8,0
19537,Costume Gryphon Hat,110400000,129600000,kro,2,0
20270,Costume Gryphon Wing Ears,0,0,,8,0
31845,Costume Guard's Hat,10120000,11880000,kro,2,0
480200,Costume Guardian Angel Wing Ears,92920000,109080000,kro,2,0
480201,Costume Guardian Angel Wings,71300000,83700000,kro,2,0
410121,Costume Guardian Helm,0,0,,8,0
480443,Costume Guardian of Abyss,0,0,,8,0
420335,Costume Guardian of Abyss (Lower),0,0,,8,0
410324,Costume Guardian of Abyss (Middle),0,0,,8,0
31571,Costume Guardian Processor,0,0,,8,0
420430,Costume Guardian's Letter,92000000,108000000,kro,2,0
19740,Costume Guild Member Recruitment Hat,0,0,,8,0
31109,Costume Guildsman Recruit,0,0,,8,0
420255,Costume Guillotine Cross Low Pony,0,0,,8,0
420282,Costume Guillotine Cross Short (Jet Black),0,0,,8,0
420280,Costume Guillotine Cross Short (Light Blue),0,0,,8,0
420277,Costume Guillotine Cross Short (Light Green),0,0,,8,0
420281,Costume Guillotine Cross Short (Light Purple),0,0,,8,0
420284,Costume Guillotine Cross Short (Red),0,0,,8,0
420279,Costume Guillotine Cross Short (Sakura),0,0,,8,0
420283,Costume Guillotine Cross Short (White),0,0,,8,0
420278,Costume Guillotine Cross Short (Yellow),0,0,,8,0
31312,Costume Hades Helm,0,0,,8,0
410076,Costume Hagu Hagu Marin,0,0,,8,0
410075,Costume Hagu Hagu Poring,0,0,,8,0
19554,Costume Hahoe Mask,27600000,32400000,kro,2,0
31358,Costume Hahoe Mask,27600000,32400000,sibling,2,0
20073,Costume Hair Band,0,0,,8,0
31067,Costume Hair in a Bun(Black),72680000,85320000,kro,2,0
31063,Costume Hair in a Bun(Blue),0,0,,8,0
31069,Costume Hair in a Bun(Brown),0,0,,8,0
31066,Costume Hair in a Bun(Green),147200000,172800000,kro,2,0
31070,Costume Hair in a Bun(Purple),0,0,,8,0
31064,Costume Hair in a Bun(Red),91540000,107460000,kro,2,0
31068,Costume Hair in a Bun(White),230000000,270000000,kro,2,0
31065,Costume Hair in a Bun(Yellow),92000000,108000000,kro,2,0
31900,Costume Hair Of The Strong,0,0,,8,0
19539,Costume Hairband Of Reginleif,0,0,,8,0
400272,Costume Hakuba's Wish,0,0,,8,0
480344,Costume Half Blood Princess Scythe,0,0,,8,0
31931,Costume Half Rim Glasses,61640000,72360000,kro,2,0
420593,Costume Halloween Candy Hair,0,0,,8,0
420594,Costume Halloween Candy Hair (No Decoration),0,0,,8,0
480494,Costume Halloween Candy Pouch,0,0,,8,0
31834,Costume Halloween Cat Long,0,0,,8,0
31833,Costume Halloween Cat Short,0,0,,8,0
19910,Costume Halloween Hat,71300000,83700000,kro,3,0
20543,Costume Halloween Poring Bag,94300000,110700000,kro,2,0
31726,Costume Handkerchief,0,0,,8,0
31167,Costume Hanging Black Lunatic Ears,15180000,17820000,kro,2,0
480478,Costume Hanwha X RO Poporing Tube,3680000,4320000,kro,2,0
480462,Costume Hanwha X RO Poring Tube,3358000,3942000,kro,2,0
480096,Costume Haori Coat,239200000,280800000,kro,2,0
410157,Costume Happening Clover,32200000,37800000,kro,2,0
20761,Costume Happiness Wings,101200000,118800000,kro,2,0
410077,Costume Happy Balloon,0,0,,8,0
410082,Costume Happy Carnival Balloon,46000000,54000000,kro,2,0
31951,Costume Happy Cat,46000000,54000000,sibling,2,0
440002,Costume Happy Cat,46000000,54000000,kro,2,0
410370,Costume Happy Clown Mask (Middle),0,0,,8,0
410257,Costume Happy Droopy Lunatic Ear,0,0,,8,0
31621,Costume Happy Longtail Cat,0,0,,8,0
20298,Costume Happy Lunatic Hanging Ear,8970000,10530000,kro,2,0
19762,Costume Happy Peace Proof,3083000,3619500,ragnastats,3,0
20176,Costume Happy Pierrot Mask,0,0,,8,0
31529,Costume Happy Rabbit Ribbon,151800000,178200000,kro,2,0
20122,Costume Happy Summer Ribbon,0,0,,8,0
19855,Costume Happy Summer Wig,0,0,,8,0
19684,Costume Happy Wig,0,0,,8,0
31368,Costume Harvest Festival Hat,1380000,1620000,kro,2,0
19632,Costume Hat,0,0,,8,0
31100,Costume Hat of Dumpty Alma,0,0,,8,0
400161,Costume Hat of King,0,0,,8,0
19840,Costume Hat of the Sun God,0,0,,8,0
430001,Costume Hat of the Sun God,0,0,,8,0
15893,Costume Hat of the Sun God (Upper),0,0,,8,0
20038,Costume Haunted Armor Helm,0,0,,8,0
410201,Costume Haunting Skull,644000000,756000000,kro,2,0
31184,Costume Hawkeye,0,0,,8,0
31948,Costume Headband of Illusion's Eyes,0,0,,8,0
31099,Costume Headdress of Ontama Aria,0,0,,8,0
19628,Costume Headset,0,0,,8,0
420088,Costume Heart Angel,55200000,64800000,kro,2,0
410168,Costume Heart balloon,0,0,,8,0
31762,Costume Heart Card in Mouth,0,0,,8,0
400432,Costume Heart Chiffon Rabbit,78200000,91800000,kro,2,0
420728,Costume Heart Chocolate in Mouth,0,0,,8,0
19788,Costume Heart Eyebandage,0,0,,8,0
19861,Costume Heart Hairpin,0,0,,8,0
31624,Costume Heart of Cat,0,0,,8,0
20021,Costume Heart Ribbon Hairband,0,0,,8,0
480167,Costume Heart Stick Chocolate,0,0,,8,0
20580,Costume Heart Wing Backpack,0,0,,8,0
31683,Costume Heart Wing Headband,0,0,,8,0
20482,Costume Heaven Cage,0,0,,8,0
480069,Costume Heavenly Angel Wings,110400000,129600000,kro,2,0
31561,Costume Heavenly Dark Flame,0,0,,8,0
480056,Costume Heavenly Fallen Angel Wings,64400000,75600000,kro,2,0
31843,Costume Heavenly Order,0,0,,8,0
400452,Costume Heavy Infantry Silver Helmet,0,0,,8,0
19526,Costume Helm,552000000,648000000,kro,2,0
20472,Costume Helm of Angel,23000000,27000000,kro,2,0
19641,Costume Helm of Darkness,0,0,,8,0
440018,Costume Helm of Galaxia,27370000,32130000,kro,2,0
20291,Costume Helm of Thoth,0,0,,8,0
400311,Costume Helmet of Light and Darkness,96600000,113400000,kro,2,0
15905,Costume Helmet of Siegfried,39100000,45900000,kro,2,0
20042,Costume Hermos Cap,0,0,,8,0
480330,Costume Hero Cloak,0,0,,8,0
410047,Costume Hero Mask,0,0,,8,0
480666,Costume Herosria Sword,8280000,9720000,kro,2,0
20149,Costume Hexagon Glasses,0,0,,8,0
19592,Costume Hibiscus,0,0,,8,0
31169,Costume Hilarious Bandit Hat,0,0,,8,0
400184,Costume Hill Wind Head (Upper),0,0,,8,0
20300,Costume Hill Wind Mask,193200000,226800000,kro,2,0
480437,Costume Himelmez's Sword,0,0,,8,0
31880,Costume Himelmez's Wig (Black),10488000,12312000,kro,2,0
31879,Costume Himelmez's Wig (Blue Green),11040000,12960000,kro,2,0
31874,Costume Himelmez's Wig (Blue),10120000,11880000,kro,2,0
31881,Costume Himelmez's Wig (Brown),12420000,14580000,kro,2,0
31877,Costume Himelmez's Wig (Light Purple),11960000,14040000,kro,2,0
31878,Costume Himelmez's Wig (Pink),9200000,10800000,kro,2,0
31876,Costume Himelmez's Wig (White),10120000,11880000,kro,2,0
31875,Costume Himelmez's Wig (Yellow),11040000,12960000,kro,2,0
31247,Costume Hippo Hat,0,0,,8,0
20166,Costume Hockey Mask,0,0,,8,0
20018,Costume Holo Ear,0,0,,8,0
31466,Costume Holy Egg Shell,2657500,3120000,kro,2,0
20402,Costume Holy Klobuk,0,0,,8,0
19745,Costume Holy Marching Hat,46000000,54000000,kro,2,0
19756,Costume Holy Mom Love,0,0,,8,0
19767,Costume Home Cherry Blossom,0,0,,8,0
480450,Costume Honey Dipper,37260000,43740000,kro,2,0
20256,Costume Honey Pancake,0,0,,8,0
19772,Costume Honeybee Hat,45540000,53460000,kro,2,0
31936,Costume Honeynut Donut,69000000,81000000,kro,2,0
420047,Costume Honorable Knight Cloak,69000000,81000000,kro,2,0
480127,Costume Hooked Straw Hat,0,0,,8,0
31117,Costume Hoplite Helmet,0,0,,8,0
31557,Costume Hoplite Helmet Silver,0,0,,8,0
31249,Costume Hopping Rabbit,128800000,151200000,kro,2,0
420067,Costume Hopping Twin Pigtail,0,0,,8,0
20007,Costume Horned Hat,0,0,,8,0
31314,Costume Horns of Forest,0,0,,8,0
20102,Costume Horse King J,0,0,,8,0
20058,Costume Hot Blood Headband,0,0,,8,0
420501,Costume Hot Spring,441140000,517860000,kro,2,0
480456,Costume Houseplant Outing Set,0,0,,8,0
31246,Costume Humming Bird,0,0,,8,0
20204,Costume Hunter Hat,0,0,,8,0
31700,Costume Hunter Scarf,8280000,9720000,kro,2,0
15843,Costume Hunter's Dinner,414000,486000,kro,4,0
19935,Costume Hunting Cap Of Gust,0,0,,8,0
31457,Costume Husky Hat,0,0,,8,0
400657,Costume Hyegun Hat (Upper),0,0,,8,0
420397,Costume Hyper Novice Pony (Blue-Green),0,0,,8,0
420402,Costume Hyper Novice Pony (Jet Black),0,0,,8,0
420400,Costume Hyper Novice Pony (Light Blue),0,0,,8,0
420401,Costume Hyper Novice Pony (Light Purple),0,0,,8,0
420404,Costume Hyper Novice Pony (Red),0,0,,8,0
420399,Costume Hyper Novice Pony (Sakura),0,0,,8,0
420403,Costume Hyper Novice Pony (White),0,0,,8,0
420398,Costume Hyper Novice Pony (Yellow),0,0,,8,0
31829,Costume I Love China,0,0,,8,0
31579,Costume I LOVE GAMES,0,0,,8,0
19826,Costume Ice Wing Ear,36800000,43200000,kro,2,0
19813,Costume Icecream Hat,0,0,,8,0
20400,Costume Ichthys Rosario,0,0,,8,0
410485,Costume Idol Standing Mic,0,0,,8,0
410487,Costume Idol's Flower Stage,0,0,,8,0
20076,Costume Idun Feather Ears,0,0,,8,0
19810,Costume Ifrit Ear,0,0,,8,0
19817,Costume Ifrits Breath,0,0,,8,0
20375,Costume Ignis Cap,0,0,,8,0
401062,Costume Ignis Cap (Red),23000000,27000000,kro,2,0
20583,Costume Illusion Crystal,0,0,,8,0
5911,Costume Imperial Feather,0,0,,8,0
420029,Costume Imperial Glory,82800000,97200000,kro,2,0
19863,Costume Incubus Horn,32200000,37800000,kro,2,0
31144,Costume Indian Feather Headband,0,0,,8,0
400952,Costume Indian Feather Headband,0,0,,8,0
31130,Costume Indian Hairband,0,0,,8,0
31714,Costume Indian Headband,0,0,,8,0
400310,Costume Indomitable Crown,0,0,,8,0
31555,Costume Infantry Helmet (Upper),0,0,,8,0
410343,Costume Injured Eyepatch,0,0,,8,0
420423,Costume Ink Painting (Daytime),101200000,118800000,kro,2,0
420424,Costume Ink Painting (Night),138000000,162000000,kro,2,0
420079,Costume Inner Color Long,5474000,6426000,kro,2,0
401015,Costume Inquisitor Veil,0,0,,8,0
410115,Costume Intake(Black),0,0,,8,0
410111,Costume Intake(Blue),0,0,,8,0
410114,Costume Intake(Green),0,0,,8,0
410117,Costume Intake(Orange),0,0,,8,0
410118,Costume Intake(Purple),0,0,,8,0
410112,Costume Intake(Red),0,0,,8,0
410116,Costume Intake(White),0,0,,8,0
410113,Costume Intake(Yellow),0,0,,8,0
410325,Costume Interdimensional Rift,0,0,,8,0
480444,Costume Interdimensional Rift (Garment),0,0,,8,0
19602,Costume Invisible Cap,34960000,41040000,kro,2,0
19604,Costume Invisible Flu Mask,30513000,35820000,kro,2,0
20531,Costume Invisible Manteau,0,0,,8,0
31292,Costume Invisible Mask,0,0,,8,0
19603,Costume Invisible Sunglasses,25760000,30240000,kro,2,0
31115,Costume Inw True,0,0,,8,0
31116,Costume Inw True 7 Days,0,0,,8,0
31285,Costume Irene Hairstyle (Cacao),0,0,,8,0
31283,Costume Irene Hairstyle (Cream),0,0,,8,0
31284,Costume Irene Hairstyle (Lime),0,0,,8,0
31287,Costume Irene Hairstyle (Milk Tea),0,0,,8,0
31281,Costume Irene Hairstyle (Navy),0,0,,8,0
31286,Costume Irene Hairstyle (Pearl),0,0,,8,0
31282,Costume Irene Hairstyle (Rose),0,0,,8,0
31288,Costume Irene Hairstyle (Taro),0,0,,8,0
19528,Costume Iron Cain,0,0,,8,0
31248,Costume Isabella Red Ears,0,0,,8,0
31508,Costume Isabella's Blue Ear Hat,0,0,,8,0
19525,Costume Jack A Dandy,0,0,,8,0
20034,Costume Jack Castle Bat,41400000,48600000,kro,3,0
410358,Costume Jaguar Face (Middle),0,0,,8,0
31256,Costume Jaguar Mask,0,0,,8,0
20397,Costume Jakk,1288000,1512000,kro,2,0
31387,Costume Jakk,1610000,1890000,kro,2,0
401213,Costume Jaow Pirun Sra Yok,0,0,,8,0
420014,Costume Japanese Hair,0,0,,8,0
480222,Costume Japanese Umbrella,391000000,459000000,kro,2,0
400221,Costume Jasper Crest,0,0,,8,0
400170,Costume Jaty,0,0,,8,0
31821,Costume Jeje Cap,0,0,,8,0
410290,Costume Jellyfish,41400000,48600000,kro,2,0
400684,Costume Jerboa Headband,0,0,,8,0
420347,Costume Jet Black Rose,0,0,,8,0
31711,Costume Jewel Crown,0,0,,8,0
31674,Costume Jitterbug Cap,4599500,5399500,kro,2,0
19865,Costume Joker Jester,0,0,,8,0
20109,Costume Jolly Roger Hat,0,0,,8,0
31159,Costume Jormungandr Head,0,0,,8,0
20334,Costume Joystick Hat,0,0,,8,0
400448,Costume Juan Hat,0,0,,8,0
19943,Costume Judge Hat,0,0,,8,0
410385,Costume Judgement Scales,92000000,108000000,kro,2,0
410219,Costume Jumbo Rabbit,64400000,75600000,kro,2,0
400518,Costume Juno's Eye,0,0,,8,0
410258,Costume Kabuki Mask,0,0,,8,0
19015,Costume Kama's Hairband,0,0,,8,0
400270,Costume Kannam On Head,0,0,,8,0
31146,Costume Kardui Ears,0,0,,8,0
31378,Costume Katarina von Blood 60,0,0,,8,0
420016,Costume Katashiro Flying,110400000,129600000,kro,2,0
19688,Costume Katusa,0,0,,8,0
19695,Costume Kettle Hat,0,0,,8,0
480311,Costume Key To Happiness,367080000,430920000,kro,2,0
20432,Costume Khalitzburg Knight Helm,55200000,64800000,kro,2,0
400656,Costume Khalitzburg Knight White Helm,0,0,,8,0
20281,Costume Kindergarten Hat,119600000,140400000,kro,2,0
19778,Costume King Berry,8280000,9720000,kro,2,0
410261,Costume King Melon Headphones,23000000,27000000,kro,2,0
15875,Costume King of Spirit Circle,0,0,,8,0
19587,Costume King Poring Hat,0,0,,8,0
420069,Costume King Schmidt's Cape,0,0,,8,0
31180,Costume King Sura Headband,151800000,178200000,kro,2,0
480107,Costume Kings Twin Sword,0,0,,8,0
20737,Costume Kirin Wing,0,0,,8,0
31600,Costume Kishu Dog,0,0,,8,0
420340,Costume Kitchen Car,653200000,766800000,kro,2,0
19618,Costume Kitsune Mask,40480000,47520000,kro,2,0
19843,Costume Kitty Band,0,0,,8,0
31324,Costume Kitty DJ,0,0,,8,0
480747,Costume Knights Sword Shield,0,0,,8,0
19936,Costume Knit Cap Of Water,0,0,,8,0
19780,Costume Knit Rabbit Ears,230000000,270000000,kro,2,0
20308,Costume Koneko Hat,0,0,,8,0
31757,Costume Korean Meatball Head (Black),0,0,,8,0
31761,Costume Korean Meatball Head (Blue),0,0,,8,0
31755,Costume Korean Meatball Head (Brown),0,0,,8,0
31758,Costume Korean Meatball Head (Green),0,0,,8,0
31754,Costume Korean Meatball Head (Purple),0,0,,8,0
31760,Costume Korean Meatball Head (Red),0,0,,8,0
31756,Costume Korean Meatball Head (White),0,0,,8,0
31759,Costume Korean Meatball Head (Yellow),0,0,,8,0
420306,Costume Kotatsu,0,0,,8,0
400080,Costume Kriemhild Crown,0,0,,8,0
31684,Costume Kururinpa Tails,9660000,11340000,kro,2,0
480316,Costume Labrys Axe,202400000,237600000,kro,2,0
31710,Costume Lace Flower Crown,0,0,,8,0
31427,Costume Lady Poring Balloon,0,0,,8,0
31617,Costume Lady Tanee,156400000,183600000,kro,2,0
410300,Costume Lady Tanee,156400000,183600000,sibling,2,0
19714,Costume Lady Tanee Doll,0,0,,8,0
20155,Costume Lady's Feather Hat,92000000,108000000,kro,2,0
400367,Costume Ladys Feather Hat,0,0,,8,0
480555,Costume Laphine Wings,0,0,,8,0
19812,Costume Large Hibiscus,0,0,,8,0
31504,Costume Large Hungry Fish,0,0,,8,0
31205,Costume Large Orc Hero Helmet,149500000,175500000,kro,2,0
31453,Costume Large Ribbon Muffler (Black),0,0,,8,0
31235,Costume Large Ribbon Muffler (Middle),0,0,,8,0
20239,Costume Large Ribbon Muffler (Orange),39100000,45900000,kro,2,0
20441,Costume Large Ribbon Muffler (Red),71300000,83700000,kro,2,0
420083,Costume Large Ribbon Muffler (White),0,0,,8,0
31612,Costume Large Sorcerer Crown,0,0,,8,0
20491,Costume Laser of Eagle,156400000,183600000,kro,2,0
19774,Costume Laurel,0,0,,8,0
19593,Costume Laurel Wreath,0,0,,8,0
19802,Costume Lazy Ninetail,0,0,,8,0
19931,Costume Lazy Smokie,0,0,,8,0
19763,Costume Leaf Cat Hat,0,0,,8,0
20605,Costume Leaf Umbrella,103500000,121500000,kro,2,0
31411,Costume Leo Diadem,0,0,,8,0
400100,Costume Leon Wig,0,0,,8,0
20196,Costume Leopard Ear Hat,1840000,2160000,kro,2,0
31390,Costume Let It Snow,18400000,21600000,kro,2,0
480407,Costume Leticia's Wings,0,0,,8,0
401000,Costume Liamette Hair Band,0,0,,8,0
31893,Costume Libra Crown,0,0,,8,0
480523,Costume Libra Wings,73600000,86400000,kro,2,0
19835,Costume Lif Doll Hat,0,0,,8,0
420152,Costume Light and Dark Master,46000000,54000000,kro,2,0
20562,Costume Light Blue Aura,0,0,,8,0
20551,Costume Light Blue Energy,0,0,,8,0
20275,Costume Light Bulb Band,0,0,,8,0
31812,Costume Light Bulb Hairband,0,0,,8,0
19751,Costume Light Darkness Crown,98900000,116100000,kro,2,0
401300,Costume Light Green Feather Hat,0,0,,8,0
420072,Costume Lightly Braided Low Twin (White),202400000,237600000,kro,2,0
410357,Costume Lightning Savage,0,0,,8,0
20011,Costume Lightning Speed,0,0,,8,0
20015,Costume Lincoln Beard,0,0,,8,0
20014,Costume Lincoln Hat,31795000,37324500,kro,2,0
400450,Costume Lion Crown,0,0,,8,0
20194,Costume Lion Mask,0,0,,8,0
21300,Costume Lion Mask,0,0,,8,0
410212,Costume Little Abyss Dragon,82800000,97200000,kro,2,0
410292,Costume Little Abyss Dragon,82800000,97200000,sibling,2,0
19712,Costume Little Angel Doll,0,0,,8,0
400292,Costume Little Angle Gift,0,0,,8,0
20325,Costume Little Aquarium,36340000,42660000,kro,2,0
31549,Costume Little Aquarium (Lower),0,0,,8,0
20502,Costume Little Devil Wings,70380000,82620000,kro,2,0
19915,Costume Little Devil's Horn,0,0,,8,0
20075,Costume Little Feather Hat,0,0,,8,0
31911,Costume Little Garden,55660000,65340000,kro,2,0
31679,Costume Little Pig Boy Baloon,0,0,,8,0
31678,Costume Little Pig Girl Baloon,0,0,,8,0
20212,Costume Loki & Nidhoggur's Hat,17480000,20520000,kro,2,0
19615,Costume Loki Mask,0,0,,8,0
19815,Costume Lolita Ten Gallon Hat,44620000,52380000,kro,2,0
31450,Costume Lolita Two Side Up,0,0,,8,0
31495,Costume Lolita Two-Sided Up,55200000,64800000,kro,2,0
31511,Costume Long Haired Cat Ears,0,0,,8,0
31083,Costume Long Pony(Black),322000000,378000000,kro,2,0
31079,Costume Long Pony(Blue),174800000,205200000,kro,2,0
31085,Costume Long Pony(Brown),138000000,162000000,kro,2,0
31082,Costume Long Pony(Green),138000000,162000000,kro,2,0
31086,Costume Long Pony(Purple),230000000,270000000,kro,2,0
31080,Costume Long Pony(Red),184000000,216000000,kro,2,0
31084,Costume Long Pony(White),460000000,540000000,kro,2,0
31081,Costume Long Pony(Yellow),174800000,205200000,kro,2,0
410054,Costume Long Ribbon,9200000,10800000,kro,2,0
20169,Costume Long Tongue,0,0,,8,0
31230,Costume Long Twin (Black),0,0,,8,0
31226,Costume Long Twin (Blue),0,0,,8,0
31232,Costume Long Twin (Brown),0,0,,8,0
31229,Costume Long Twin (Green),0,0,,8,0
31233,Costume Long Twin (Purple),0,0,,8,0
31227,Costume Long Twin (Red),0,0,,8,0
31231,Costume Long Twin (White),0,0,,8,0
31228,Costume Long Twin (Yellow),0,0,,8,0
420086,Costume Long Wave (Light Brown),0,0,,8,0
420034,Costume Long Wave(Blonde),2300000,2700000,kro,2,0
420035,Costume Long Wave(Silver),1840000,2160000,kro,2,0
420647,Costume Loose Braided Waves (Bronze),487600000,572400000,kro,2,0
420649,Costume Loose Braided Waves (Silver),506000000,594000000,kro,2,0
31938,Costume Loose Knitting Twin,13800000,16200000,kro,2,0
20369,Costume Loose Wave Twin Blue,0,0,,8,0
20368,Costume Loose Wave Twin Crimson,0,0,,8,0
20365,Costume Loose Wave Twin Green,0,0,,8,0
20366,Costume Loose Wave Twin Purple,0,0,,8,0
20367,Costume Loose Wave Twin Red,0,0,,8,0
20370,Costume Loose Wave Twin White,92000000,108000000,kro,2,0
20364,Costume Loose Wave Twin Yellow,91540000,107460000,kro,2,0
410318,Costume Lord of Death Helmet (Middle),0,0,,8,0
480290,Costume Lord of Death Shield,73600000,86400000,kro,2,0
31622,Costume Lost Time,101200000,118800000,sibling,2,0
400074,Costume Lost Time,101200000,118800000,kro,2,0
420727,Costume Lots Braided Hair,0,0,,8,0
20433,Costume Louise Red Hat,0,0,,8,0
31548,Costume Love Blush,0,0,,8,0
480297,Costume Love Bunny Cloak,234600000,275400000,kro,2,0
20570,Costume Love Candy Pack,0,0,,8,0
20255,Costume Love Cheeks,133400000,156600000,kro,2,0
19607,Costume Love Chick Hat,0,0,,8,0
31323,Costume Love Daddy,0,0,,8,0
31454,Costume Love Feeling,874000000,1026000000,kro,2,0
20022,Costume Love Fragment,46000000,54000000,kro,2,0
15904,Costume Love Guard,1331000,1562500,sibling,2,0
19673,Costume Love Guard,1331000,1562500,kro,2,0
31424,Costume Love Love Balloon,0,0,,8,0
19875,Costume Love Rabbit Hood,225400000,264600000,kro,2,0
31239,Costume Love Rabbit Hood (Upper),0,0,,8,0
31538,Costume Lovely Feeling,0,0,,8,0
31531,Costume Lovely Heart Cap,8280000,9720000,kro,2,0
31846,Costume Lovely Ribbon Hair,3542000,4158000,kro,2,0
31222,Costume Low Pony (Black),0,0,,8,0
31345,Costume Low Pony (Black),0,0,,8,0
31218,Costume Low Pony (Blue),0,0,,8,0
31341,Costume Low Pony (Blue),0,0,,8,0
31224,Costume Low Pony (Brown),0,0,,8,0
31347,Costume Low Pony (Brown),0,0,,8,0
31221,Costume Low Pony (Green),0,0,,8,0
31344,Costume Low Pony (Green),0,0,,8,0
31225,Costume Low Pony (Purple),0,0,,8,0
31348,Costume Low Pony (Purple),0,0,,8,0
31219,Costume Low Pony (Red),0,0,,8,0
31342,Costume Low Pony (Red),0,0,,8,0
31223,Costume Low Pony (White),0,0,,8,0
31346,Costume Low Pony (White),0,0,,8,0
31220,Costume Low Pony (Yellow),0,0,,8,0
31343,Costume Low Pony (Yellow),0,0,,8,0
20430,Costume Loyal Servant of Devil Morocc,82800000,97200000,kro,2,0
31737,Costume Lucifer's Wings,0,0,,8,0
19713,Costume Lucky Clover,13800000,16200000,kro,2,0
400588,Costume Lucky Purse,0,0,,8,0
20173,Costume Lude Hood,271400000,318600000,kro,2,0
19918,Costume Lude Mask,0,0,,8,0
410104,Costume Lude Mask,0,0,,8,0
480158,Costume Lunatic Bag,0,0,,8,0
31814,Costume Lunatic Family Balloon,36800000,43200000,kro,2,0
19986,Costume Lunatic Hat,0,0,,8,0
420427,Costume Lunatic Kamakura,920000000,1080000000,kro,2,0
31693,Costume Lunatic Muffler,82800000,97200000,kro,2,0
19459,Costume Lunatic on Shoulder,11040000,12960000,kro,2,0
31813,Costume Lunatic On Shoulder,11040000,12960000,sibling,2,0
31482,Costume Lunatic Shawl,82800000,97200000,kro,2,0
19687,Costume Lush Rose,4600000,5400000,kro,2,0
400092,Costume Luxurious Horns,0,0,,8,0
31238,Costume Luxurious Wedding Veil (Upper),0,0,,8,0
31135,Costume Luxury Mini Crown,0,0,,8,0
400253,Costume Macaron Bunny Headdress,92000000,108000000,kro,2,0
20142,Costume Machoman Glasses,32200000,37800000,kro,2,0
20328,Costume Mackerel Pike,0,0,,8,0
480632,Costume Mad Bunny Nightmare,164220000,192780000,kro,2,0
31088,Costume Mad Hatter,0,0,,8,0
400435,Costume Mad Hatter's Hat,0,0,,8,0
420751,Costume Magaleta Hair,0,0,,8,0
20252,Costume Mage Decoration,0,0,,8,0
401016,Costume Mage Hat (Brown),0,0,,8,0
19549,Costume Magestic Goat,39100000,45900000,kro,3,0
31362,Costume Magestic Goat,39100000,45900000,sibling,2,0
410217,Costume Magic Cards,0,0,,8,0
410160,Costume Magic Celestial Globe,0,0,,8,0
20515,Costume Magic Circle,128800000,151200000,kro,2,0
20538,Costume Magic Circle Rainbow,117300000,137700000,kro,2,0
20383,Costume Magic Decoy Doll,0,0,,8,0
19597,Costume Magic Eyes,0,0,,8,0
410005,Costume Magic Heir,124200000,145800000,kro,2,0
31884,Costume Magic Helm,0,0,,8,0
400260,Costume Magic lamp,0,0,,8,0
19968,Costume Magic Stone Hat,459500,539500,kro,4,0
31619,Costume Magic Successor,0,0,,8,0
31620,Costume Magic Successor,0,0,,8,0
15842,Costume Magic Time,0,0,,8,0
480298,Costume Magic Wonderland,667000000,783000000,kro,2,0
20311,Costume Magical Booster,0,0,,8,0
31040,Costume Magical Feather,46000000,54000000,kro,2,0
19662,Costume Magician Hat,0,0,,8,0
31119,Costume Magician Hat Blue,0,0,,8,0
20431,Costume Magician Headdress,0,0,,8,0
31435,Costume Magician Knit Hat,0,0,,8,0
31394,Costume Magician White Hat,4162000,4886000,ragnastats,2,0
19895,Costume Magician's Night Cap,0,0,,8,0
31608,Costume Magicstone of Grace,0,0,,8,0
20186,Costume Magni's Cap,0,0,,8,0
20160,Costume Magnolia Hat,0,0,,8,0
410387,Costume Maid Frill,0,0,,8,0
19590,Costume Maiden's Twin Ribbon,460000000,540000000,kro,2,0
20989,Costume Mainspring Screw,0,0,,8,0
19741,Costume Majestic Devil Horns,0,0,,8,0
19836,Costume Majestic Goat,127880000,150120000,kro,2,0
400519,Costume Majestic Goat of Dawn,0,0,,8,0
400900,Costume Majestic Helmet (Black),220340000,258660000,kro,2,0
19807,Costume Majestihelm,644000000,756000000,kro,2,0
31668,Costume Majorous Horns,0,0,,8,0
440035,Costume Malangmalang,73600000,86400000,kro,2,0
20287,Costume Man's Medal(Gold),156400000,183600000,kro,2,0
20278,Costume Man's Pride,0,0,,8,0
20303,Costume Mandragora Cap,0,0,,8,0
20485,Costume Maneater Flower HP,0,0,,8,0
20154,Costume Maple Which Falls,78200000,91800000,kro,2,0
19653,Costume Marcher Hat,0,0,,8,0
31461,Costume Marin Earrings,2760000,3240000,kro,2,0
31049,Costume Marin Hat,0,0,,8,0
20327,Costume Marine Cap,8280000,9720000,kro,2,0
20017,Costume Marionette Doll,20700000,24300000,kro,2,0
400595,Costume Mary's Charity (Upper),0,0,,8,0
5913,Costume Mask of Anemos,0,0,,8,0
20481,Costume Mask of Ifrit,0,0,,8,0
20124,Costume Masquerade,0,0,,8,0
440008,Costume Master,0,0,,8,0
31719,Costume Master of Fire,644000000,756000000,kro,2,0
19424,Costume Master's Head,0,0,,8,0
31573,Costume Mecha Cat Ears,0,0,,8,0
420290,Costume Mechanic Outside Hanebob (Jet Black),0,0,,8,0
420288,Costume Mechanic Outside Hanebob (Light Blue),0,0,,8,0
420285,Costume Mechanic Outside Hanebob (Light Green),0,0,,8,0
420289,Costume Mechanic Outside Hanebob (Light Purple),0,0,,8,0
420292,Costume Mechanic Outside Hanebob (Red),0,0,,8,0
420287,Costume Mechanic Outside Hanebob (Sakura),0,0,,8,0
420291,Costume Mechanic Outside Hanebob (White),0,0,,8,0
420286,Costume Mechanic Outside Hanebob (Yellow),0,0,,8,0
20501,Costume Mechanic Wing,0,0,,8,0
480630,Costume Mechanical Fairy Wings,15180000,17820000,kro,2,0
20380,Costume Mechanical Feather Hairband,4600000,5400000,kro,2,0
20374,Costume Mechanical Plant Hat,0,0,,8,0
31599,Costume Medium Wave,3588000,4212000,kro,2,0
31717,Costume Medium Wave (Yellow),6900000,8100000,kro,2,0
420595,Costume Medjed Cloth,0,0,,8,0
480168,Costume Melody Wings,0,0,,8,0
19464,Costume Melon Bread Hat,4599500,5399500,kro,2,0
480619,Costume Melon Cream Soda,13335000,15654500,kro,2,0
20343,Costume Melon Flavour,0,0,,8,0
410086,Costume Melon Headphone,0,0,,8,0
31974,Costume Melon Headphones,3588000,4212000,kro,2,0
420205,Costume Memorial Claus,0,0,,8,0
19403,Costume Memories of Summer Noodles,0,0,,8,0
20376,Costume Memory of Lovers,0,0,,8,0
31303,Costume Memory of the Pasta,0,0,,8,0
400599,Costume Merlion,36800000,43200000,kro,2,0
20209,Costume Mermaid Bubbles,0,0,,8,0
31672,Costume Mermaid Wig,0,0,,8,0
420084,Costume Mermaid Wig (Peach),616400000,723600000,kro,2,0
20082,Costume Metal Dragon Hat,0,0,,8,0
20081,Costume Metal Dragon Helm,0,0,,8,0
19967,Costume Midas Whisper,644000,756000,kro,4,0
20609,Costume Midnight Blue Aura,0,0,,8,0
20608,Costume Midnight Blue Energy,0,0,,8,0
410199,Costume Midnight Candle,0,0,,8,0
31304,Costume Midsummer Fan,1380000,1620000,kro,2,0
20473,Costume Mine Helm,0,0,,8,0
31914,Costume Mini Beret Hairband,32200000,37800000,kro,2,0
20125,Costume Mini Glasses,15180000,17820000,kro,2,0
31516,Costume Mini Melon,2070000,2430000,kro,2,0
19635,Costume Mini Propeller,0,0,,8,0
420305,Costume Mini Tentacle,0,0,,8,0
19955,Costume Mini Tree J,0,0,,8,0
19966,Costume Minstrel Song's Hat,920000,1080000,kro,2,0
420023,Costume Mintgum In Mouth,0,0,,8,0
31730,Costume Minty's Hairstyle (Peach),4600000,5400000,kro,2,0
20035,Costume Miracle Blue Rose,0,0,,8,0
420546,Costume Miriam Ponytail,0,0,,8,0
410266,Costume Miss Rabbit and Little Dog,0,0,,8,0
20198,Costume Misty Ears,22816000,26784000,kro,2,0
19962,Costume Mitra,920000,1080000,kro,2,0
31670,Costume Miyabi Doll Hair,2760000,3240000,kro,2,0
31933,Costume Miyabi Doll Long Hair (Light Purple),3036000,3564000,kro,2,0
31572,Costume Mobile Pursuit System,110400000,129600000,kro,2,0
19932,Costume Model Training Hat,0,0,,8,0
20337,Costume Mohican Mask,0,0,,8,0
31791,Costume Money Pig Mask,0,0,,8,0
20033,Costume Monk Crown,414000000,486000000,kro,2,0
31131,Costume Monk Hat,0,0,,8,0
31188,Costume Mono Gothic Bonnet,0,0,,8,0
20153,Costume Monochrome Cap,41400000,48600000,kro,2,0
20464,Costume Monochrome Ribbon Hat,266800000,313200000,kro,2,0
19925,Costume Monocle,25300000,29700000,kro,2,0
31824,Costume Monster Cat Mask,0,0,,8,0
31785,Costume Monster Fish Gills,0,0,,8,0
19289,Costume Moon Eyepatch,0,0,,8,0
31576,Costume Moon Rabbit Hat,0,0,,8,0
480289,Costume Moonlight Flower Bell,0,0,,8,0
19642,Costume Moonlight Flower Hat,0,0,,8,0
31556,Costume Moonlight Flower Hat (Upper),0,0,,8,0
31592,Costume Morning Poring,0,0,,8,0
20188,Costume Morpheus's Hood,0,0,,8,0
19784,Costume Morrigane's Helm,11960000,14040000,kro,2,0
20389,Costume Mosaic,0,0,,8,0
400167,Costume Mosquito Coil,0,0,,8,0
400429,Costume Mountain Helmet,0,0,,8,0
19989,Costume Mouton Life,0,0,,8,0
19638,Costume Mr. Smile,0,0,,8,0
31442,Costume Mr. Smile (Middle),0,0,,8,0
400803,Costume Muka Sombrero,15180000,17820000,kro,2,0
19849,Costume Munak Hat,18400000,21600000,kro,2,0
31443,Costume Munak Hat (Upper),0,0,,8,0
15844,Costume Muscle Hat,0,0,,8,0
20276,Costume Mushroom Band,0,0,,8,0
400259,Costume Music Note Hairband,217000,255000,kro,4,0
20148,Costume Musketeer Hat,0,0,,8,0
31488,Costume MVP,218040000,255960000,kro,2,0
480252,Costume Mystery Wing,0,0,,8,0
20181,Costume Mystic Rose,0,0,,8,0
31713,Costume Mystical Fruit Hat,0,0,,8,0
31095,Costume Mythical Baphomet Horns,0,0,,8,0
20083,Costume Mythlit Hat,0,0,,8,0
19908,Costume National flag hat,0,0,,8,0
400459,Costume Naval Officer Hat,27508000,32292000,kro,2,0
400193,Costume Navy Drooping Kitty,46000000,54000000,kro,2,0
400224,Costume Navy Hat,0,0,,8,0
20208,Costume Neck Tie,0,0,,8,0
31181,Costume Necklace Rosary,0,0,,8,0
400347,Costume Necromancer Hood (Upper),0,0,,8,0
19242,Costume Neko Headress,73600000,86400000,kro,2,0
19729,Costume Neko Mimi Kafra,138000000,162000000,kro,2,0
31171,Costume Nekomimi,0,0,,8,0
20317,Costume Nekomimi Cyber Headphone,0,0,,8,0
420321,Costume Neon Half Long,69000000,81000000,kro,2,0
400475,Costume Neon Poring Circlet,10810000,12690000,kro,2,0
410098,Costume Nero Mask,0,0,,8,0
31126,Costume Nestea Hat,0,0,,8,0
20305,Costume Nettie Heart Bubble Gum,87400000,102600000,kro,2,0
20314,Costume New Wave Sunglasses,0,0,,8,0
20229,Costume New Year Hairpin,0,0,,8,0
20439,Costume New Year Shine,138000000,162000000,kro,2,0
20398,Costume Niffleheim Bunny Hat,80500000,94500000,kro,2,0
480119,Costume Niflheim Key,0,0,,8,0
410280,Costume Niflheim Night Sky,165600000,194400000,kro,2,0
400951,Costume Night Market Special Salt,9200000,10800000,kro,2,0
420304,Costume Night Sky of Lutie,36800000,43200000,kro,2,0
19892,Costume Night Sparrow Hat,0,0,,8,0
420576,Costume Nightmare Chain,220800000,259200000,kro,2,0
31883,Costume Nine Tail Fox Hair,0,0,,8,0
31707,Costume Nine Tail Fox Wig,23000000,27000000,kro,2,0
480221,Costume Nine Tailed Fox Tail,0,0,,8,0
19606,Costume Ninja Scroll,151800000,178200000,kro,2,0
31061,Costume Nipper Hairpin,1840000,2160000,kro,2,0
19922,Costume Noah's Hat,11040000,12960000,kro,2,0
31609,Costume Noble Mask,0,0,,8,0
400314,Costume Northern Cross,0,0,,8,0
410442,Costume Norwegian Forest Cat,0,0,,8,0
31823,Costume Nose Glasses,0,0,,8,0
400269,Costume Nostalgia Cherry Blossom,0,0,,8,0
19612,Costume Note Headphone,0,0,,8,0
400600,Costume Numbawan GGH,0,0,,8,0
19637,Costume Nurse Cap,0,0,,8,0
410582,Costume Nursing Poring,0,0,,8,0
21206,Costume Nut Cracker,17020000,19980000,kro,2,0
31156,Costume Nut Shell,0,0,,8,0
400964,Costume Nyar's Gray Ears,26220000,30780000,kro,2,0
400963,Costume Nyar's White Ears,39100000,45900000,kro,2,0
480123,Costume Nydhog's Rumor,55200000,64800000,kro,2,0
31149,Costume Nydhoggur Wig,0,0,,8,0
31406,Costume Nydhoggur Wig (White),0,0,,8,0
401295,Costume Nymph's Ear,0,0,,8,0
20141,Costume Observer,0,0,,8,0
31260,Costume Observer,0,0,,8,0
420224,Costume Ocean Color Long,225400000,264600000,kro,2,0
31425,Costume Octopus Balloon,55200000,64800000,kro,2,0
31198,Costume Octopus Hat,0,0,,8,0
400655,Costume Octopus Leg In Mouth,0,0,,8,0
400209,Costume Odango Twintails (Black),0,0,,8,0
400205,Costume Odango Twintails (Blue),0,0,,8,0
400211,Costume Odango Twintails (Brown),0,0,,8,0
400208,Costume Odango Twintails (Green),0,0,,8,0
400212,Costume Odango Twintails (Purple),0,0,,8,0
400206,Costume Odango Twintails (Red),0,0,,8,0
400210,Costume Odango Twintails (White),0,0,,8,0
400207,Costume Odango Twintails (Yellow),0,0,,8,0
19924,Costume Odin Mask,0,0,,8,0
20126,Costume Odium Thanatos Mask,0,0,,8,0
31373,Costume Old King's Crown,0,0,,8,0
31293,Costume Old King's Crown (Purple),0,0,,8,0
31357,Costume Oliver Wolf Hood,0,0,,8,0
420025,Costume One Eyed Jack,1725000,2025000,kro,2,0
410296,Costume One Liter Bottle,0,0,,8,0
20589,Costume One Wing,110400000,129600000,kro,2,0
19993,Costume Onigiri,0,0,,8,0
31569,Costume Open Air Headset,0,0,,8,0
420642,Costume Open Air Headset (Red),27600000,32400000,kro,2,0
410489,Costume Opera Mask (Middle),0,0,,8,0
19846,Costume Opera Masque,31280000,36720000,kro,2,0
400716,Costume Orange Cat Ear Witch Hat,0,0,,8,0
31675,Costume Orange Flavour Hat,0,0,,8,0
20174,Costume Orange Halloween Hat,138000000,162000000,kro,2,0
31522,Costume Orange Helmet,0,0,,8,0
31676,Costume Orange In Mouth,0,0,,8,0
31715,Costume Orange Rabbit,9108000,10692000,kro,2,0
420726,Costume Orange Rear Ribbon,0,0,,8,0
20024,Costume Orange Ribbon,0,0,,8,0
31491,Costume Orange Tabby Cat,0,0,,8,0
19901,Costume Orc Helm,0,0,,8,0
20385,Costume Orc Hero Helmet,0,0,,8,0
19942,Costume Orchid Hairband,0,0,,8,0
19893,Costume Ordinary Black Magician Hat,0,0,,8,0
400767,Costume Oriental Style Wig,414000000,486000000,kro,2,0
480223,Costume Oriental Sword,0,0,,8,0
420190,Costume Orochimaru's Mask,0,0,,8,0
20283,Costume Over Protector,5059500,5939500,kro,2,0
420511,Costume Over the Clouds,143980000,169020000,kro,2,0
400436,Costume Overfit Piamette's Hood,41400000,48600000,kro,2,0
480363,Costume Oversized Miss Rabbit,0,0,,8,0
400424,Costume Owl Viscount Silk Hat,0,0,,8,0
20037,Costume Owlduke Silk Hat,0,0,,8,0
31712,Costume Oxygen Mask,0,0,,8,0
31173,Costume Oyster Parakeet,0,0,,8,0
410288,Costume P-Shu & Pink Bunny,0,0,,8,0
31447,Costume Pale Moon Hat,0,0,,8,0
31237,Costume Pale Yellow Ribbon (Lower),0,0,,8,0
31428,Costume Panda Balloon,0,0,,8,0
19733,Costume Panda Cap,23000000,27000000,kro,2,0
19953,Costume Parade Cap,0,0,,8,0
20184,Costume Party Hat,0,0,,8,0
31111,Costume Party Mem Recruit,0,0,,8,0
31918,Costume Party Member Recruit Hat,0,0,,8,0
31110,Costume Party Seeker,0,0,,8,0
401194,Costume Passion Rabbit Ribbon,12788000,15012000,kro,2,0
480487,Costume Paw Backpack,722200000,847800000,kro,2,0
19692,Costume Peace Pipe,0,0,,8,0
19611,Costume Peco Ears,0,0,,8,0
19816,Costume Pecopeco Cap,184000000,216000000,kro,2,0
20066,Costume Pecopeco Hairband,0,0,,8,0
31927,Costume Pencil in Mouth (Blue),128800000,151200000,kro,2,0
20267,Costume Penguin Cap,2300000,2700000,kro,2,0
31441,Costume Penguin Cap,2300000,2700000,sibling,2,0
31766,Costume Peony Headdress,101200000,118800000,kro,2,0
400195,Costume Pepperoni Pizza,0,0,,8,0
410368,Costume Permafrost Oblivion,386400000,453600000,kro,2,0
31234,Costume Persica,0,0,,8,0
19779,Costume Persika,0,0,,8,0
410069,Costume Pet Popcorn Box,2760000,3240000,kro,2,0
400919,Costume Petal Hood,9154000,10746000,kro,2,0
420775,Costume Petal Twin,0,0,,8,0
420776,Costume Petal Twin (No Decoration),0,0,,8,0
400596,Costume Petit Chocolate Hat,8280000,9720000,kro,2,0
20050,Costume Ph.D Hat,0,0,,8,0
19872,Costume Phantom Of Opera,0,0,,8,0
31733,Costume Phantom's Mask,0,0,,8,0
20619,Costume Phaya Ploeng Suriyan,0,0,,8,0
410353,Costume Phen's Eyes,80500000,94500000,kro,2,0
15854,Costume Phigasia Scarf,0,0,,8,0
19645,Costume Phoenix Crown,0,0,,8,0
400103,Costume Phoenix Crown,0,0,,8,0
401001,Costume Piamette Bonnet,184000000,216000000,kro,2,0
20429,Costume Piamette Bowtie,0,0,,8,0
31689,Costume Piamette Curls,3680000,4320000,kro,2,0
31788,Costume Piamette Doll Hair (Silver),0,0,,8,0
20413,Costume Piamette Hairband,920000,1080000,kro,2,0
19883,Costume Piamette Hood,18400000,21600000,kro,2,0
420026,Costume Piamette Ribbon,0,0,,8,0
420575,Costume Piamette Rollhair,165600000,194400000,kro,2,0
31544,Costume Piamette's Curls,0,0,,8,0
31152,Costume Piamette's Red Bow Tie,8740000,10260000,kro,2,0
31138,Costume Piamette's Red Hood,9660000,11340000,kro,2,0
20104,Costume Picky Egg Shell,0,0,,8,0
31673,Costume Picnic Basket,69000000,81000000,kro,2,0
400046,Costume Pierced Apple,736000,864000,kro,4,0
31886,Costume Pierced Apple Hat,0,0,,8,0
31029,Costume Pig Nose,0,0,,8,0
20324,Costume Pigeon Hat,0,0,,8,0
19671,Costume Piggie Bank,0,0,,8,0
31165,Costume Piggyback,0,0,,8,0
20987,Costume Piglering Bag,0,0,,8,0
101159,Costume Pigtails Half Up Box,11454000,13446000,kro,4,0
420098,Costume Pigtails Half Up(Black),9200000,10800000,kro,2,0
420099,Costume Pigtails Half Up(Blue),7268000,8532000,kro,2,0
420102,Costume Pigtails Half Up(Green),6900000,8100000,kro,2,0
420096,Costume Pigtails Half Up(Orange),9200000,10800000,kro,2,0
420097,Costume Pigtails Half Up(Purple),8142000,9558000,kro,2,0
420101,Costume Pigtails Half Up(Red),6900000,8100000,kro,2,0
420095,Costume Pigtails Half Up(White),17020000,19980000,kro,2,0
420100,Costume Pigtails Half Up(Yellow),9200000,10800000,kro,2,0
400290,Costume Pink Angel Hairband,0,0,,8,0
31421,Costume Pink Angeling Bubble,0,0,,8,0
20564,Costume Pink Aura,0,0,,8,0
20237,Costume Pink Beanie,87400000,102600000,kro,2,0
20527,Costume Pink Butterfly Wing,78200000,91800000,sibling,2,0
20533,Costume Pink Butterfly Wing,78200000,91800000,kro,2,0
20259,Costume Pink Clover,27600000,32400000,kro,2,0
480239,Costume Pink Cupid Wing,0,0,,8,0
20553,Costume Pink Energy,0,0,,8,0
19867,Costume Pink Pajama Hat,87400000,102600000,kro,2,0
19717,Costume Pink Ribbon,0,0,,8,0
31677,Costume Pinocchio Nose,0,0,,8,0
20091,Costume Pipe,32200000,37800000,kro,2,0
420169,Costume Pipe of Jiraiya,0,0,,8,0
31034,Costume Pirates Hood,0,0,,8,0
31897,Costume Pisces Crown,0,0,,8,0
480525,Costume Pitaya Garden Parfait,0,0,,8,0
20379,Costume Pocketwatch Hair Ornament,26680000,31320000,kro,2,0
31809,Costume Pointy Hat (Red),0,0,,8,0
20151,Costume Poison Spore Hat,0,0,,8,0
19792,Costume Poker Face,0,0,,8,0
19707,Costume Polar Bear Cap,46000000,54000000,kro,3,0
20274,Costume Polar Bear Cap J,0,0,,8,0
31523,Costume Pomelo Helmet,0,0,,8,0
20340,Costume Ponytail (Black),64400000,75600000,kro,2,0
31968,Costume Ponytail Hair (Black),0,0,,8,0
420059,Costume Ponytail Hair (Blue),0,0,,8,0
31970,Costume Ponytail Hair (Brown),0,0,,8,0
420060,Costume Ponytail Hair (Green),0,0,,8,0
31969,Costume Ponytail Hair (Light Purple),0,0,,8,0
420061,Costume Ponytail Hair (Pink),0,0,,8,0
420062,Costume Ponytail Hair (Purple),0,0,,8,0
31971,Costume Ponytail Hair (White),0,0,,8,0
420058,Costume Ponytail Hair (Yellow),0,0,,8,0
420057,Costume Ponytail Hair(Red),0,0,,8,0
19913,Costume Poo Poo Hat,105800000,124200000,kro,2,0
420352,Costume Pool,0,0,,8,0
31518,Costume Pop Popcorn Hat,3680000,4320000,kro,2,0
410167,Costume Popcorn,0,0,,8,0
31520,Costume Popcorn Hat,0,0,,8,0
31736,Costume Popcorn Wig,1702000,1998000,kro,2,0
20489,Costume Pope Crown,0,0,,8,0
480305,Costume Pope Doll,0,0,,8,0
20488,Costume Pope Ribbon,45999500,53999500,kro,2,0
420774,Costume Poporin Bubble Pipe,9108000,10692000,kro,2,0
20129,Costume Poporing Cap,0,0,,8,0
31781,Costume Poporing Hairpin,0,0,,8,0
31782,Costume Poporing Hairpin,0,0,,8,0
31547,Costume Poporing Mascot Head,0,0,,8,0
31586,Costume Poporing Muffler,0,0,,8,0
20548,Costume Popping Poring Aura,0,0,,8,0
20507,Costume Poring Bag,49680000,58320000,kro,2,0
480108,Costume Poring Basket,101200000,118800000,kro,2,0
31667,Costume Poring Beret,0,0,,8,0
19665,Costume Poring Cake Hat,0,0,,8,0
480476,Costume Poring Cream Soda,0,0,,8,0
19631,Costume Poring Fedora Hat,8096000,9504000,kro,2,0
480477,Costume Poring Float,34960000,41040000,kro,2,0
19832,Costume Poring Hat,0,0,,8,0
400351,Costume Poring Helmet,0,0,,8,0
31257,Costume Poring Jars Of Clay,0,0,,8,0
19672,Costume Poring Letter,0,0,,8,0
31694,Costume Poring Letter,0,0,,8,0
20133,Costume Poring Mascot,0,0,,8,0
31490,Costume Poring Muffler,6440000,7560000,kro,2,0
31688,Costume Poring on Shoulder,0,0,,8,0
20347,Costume Poring Pirate Hat,0,0,,8,0
410202,Costume Poring Scooter,0,0,,8,0
31055,Costume Poring Soap Pipe,75900000,89100000,kro,2,0
31051,Costume Poring Sun Visor,92000000,108000000,kro,2,0
20295,Costume Poring Sunglasses,0,0,,8,0
480335,Costume Poring Surfboard,70840000,83160000,kro,2,0
480279,Costume Poring Syringe,0,0,,8,0
31404,Costume Poring Traffic Light,54280000,63720000,kro,2,0
20508,Costume Poster Girl Hat,0,0,,8,0
410056,Costume Poulet,110400000,129600000,kro,2,0
480422,Costume Power Cable,101200000,118800000,kro,2,0
410128,Costume Powered Income,0,0,,8,0
20047,Costume Prayer Cherry Blossom,4600000,5400000,kro,2,0
31027,Costume Pretty Bear,0,0,,8,0
19881,Costume Pretty Rabbit Hood,0,0,,8,0
400397,Costume Pretty Rabbit Hood (Upper),0,0,,8,0
31942,Costume Pretty Rose,0,0,,8,0
31799,Costume Pretty White Bear,0,0,,8,0
31815,Costume Prince of Rabbit,0,0,,8,0
410178,Costume Princess Headphones,0,0,,8,0
19950,Costume Princess Tiara,0,0,,8,0
31142,Costume Prison of Time,0,0,,8,0
19896,Costume pRO 10th Cap,0,0,,8,0
410126,Costume Professor's Mini Glass,34040000,39960000,kro,2,0
31625,Costume Protect Cloth,110400000,129600000,kro,2,0
420212,Costume Protect Cloth (Red),151800000,178200000,kro,2,0
31308,Costume Protect Feather,0,0,,8,0
19972,Costume Protect Of Crown,736000,864000,kro,4,0
20321,Costume Pterios Fins,0,0,,8,0
19917,Costume Pumpkin Hat,621000000,729000000,sibling,2,0
20172,Costume Pumpkin Hat,621000000,729000000,kro,2,0
400349,Costume Pumpkin Hat,621000000,729000000,sibling,2,0
31581,Costume Pumpkin Head,0,0,,8,0
20394,Costume Pumpkin Toque,0,0,,8,0
20225,Costume Pumpkin-Head,0,0,,8,0
410133,Costume Puppy Diverse,0,0,,8,0
19842,Costume Puppy Hat,0,0,,8,0
19617,Costume Puppy Headband,92000000,108000000,kro,2,0
20178,Costume Puppy Love,0,0,,8,0
31887,Costume Pure Scarf,27600000,32400000,kro,2,0
400342,Costume Pure White Horn,0,0,,8,0
31309,Costume Pure White Marching Hat,0,0,,8,0
20332,Costume Pure White Ribbon,0,0,,8,0
31972,Costume Purificatory Mask,0,0,,8,0
400129,Costume Puriku Cap,0,0,,8,0
410050,Costume Puriku White Tea,0,0,,8,0
400370,Costume Purple Big Ears Witch Hat,0,0,,8,0
19809,Costume Purple Cowboy Hat,0,0,,8,0
19886,Costume Purple Glasses,4830000,5670000,kro,2,0
31376,Costume Purple Jirant Circlet,0,0,,8,0
20495,Costume Quati Hat,0,0,,8,0
31125,Costume Queen Anne's Revenge,119600000,140400000,kro,2,0
410179,Costume Queen Melon Headphones,0,0,,8,0
420336,Costume Queen of Calamity,0,0,,8,0
31325,Costume Queen Scaraba Helm,0,0,,8,0
400788,Costume Queen Scaraba Helmet (Upper),0,0,,8,0
19919,Costume Quve Mask,0,0,,8,0
400183,Costume Rabbit Earmuffs (Head),0,0,,8,0
19540,Costume Rabbit Earplugs,32200000,37800000,kro,2,0
400369,Costume Rabbit Ears And Egg Hat,0,0,,8,0
20200,Costume Rabbit Head Dress,101200000,118800000,kro,2,0
19990,Costume Rabbit Knit Hat,0,0,,8,0
19652,Costume Rabbit Magic Hat,0,0,,8,0
31817,Costume Rabbit Two Sides Up,6440000,7560000,kro,2,0
20304,Costume Raccoon Hat,0,0,,8,0
31527,Costume Radiant Rainbow Wings,0,0,,8,0
31392,Costume Radio Antenna,0,0,,8,0
410277,Costume Ragdoll,589720000,692280000,kro,2,0
480461,Costume Ragdoll Face Bag,0,0,,8,0
400188,Costume Ragfest Commemorative Headband,23000000,27000000,kro,2,0
400093,Costume Ragnarok 18th Anniversary Headwear,0,0,,8,0
31408,Costume Ragnarok Rush Goat,0,0,,8,0
20578,Costume Raguel's Wings,105800000,124200000,kro,2,0
31725,Costume Rainbow,0,0,,8,0
20182,Costume Rainbow Eggshell,0,0,,8,0
400466,Costume Rainbow Popcorn,4595000,5394500,kro,2,0
19676,Costume Rainbow Poring Hat,29900000,35100000,kro,2,0
19947,Costume Rainbow Scarf,0,0,,8,0
31534,Costume Rainbow Star,0,0,,8,0
19760,Costume Rainbow Veil,0,0,,8,0
31764,Costume Rainbow Veil Mid,0,0,,8,0
20010,Costume Rainbow Wing Ears,0,0,,8,0
19646,Costume Ramen Hat,0,0,,8,0
420333,Costume Randgris Hair,0,0,,8,0
420298,Costume Ranger Half-Up (Jet Black),0,0,,8,0
420296,Costume Ranger Half-Up (Light Blue),0,0,,8,0
420293,Costume Ranger Half-Up (Light Green),0,0,,8,0
420297,Costume Ranger Half-Up (Light Purple),0,0,,8,0
420300,Costume Ranger Half-Up (Red),0,0,,8,0
420295,Costume Ranger Half-Up (Sakura),0,0,,8,0
420299,Costume Ranger Half-Up (White),0,0,,8,0
420294,Costume Ranger Half-Up (Yellow),0,0,,8,0
420405,Costume Ranger Wolf Shorts (Blue-Green),0,0,,8,0
420410,Costume Ranger Wolf Shorts (Jet Black),0,0,,8,0
420408,Costume Ranger Wolf Shorts (Light Blue),0,0,,8,0
420409,Costume Ranger Wolf Shorts (Light Purple),0,0,,8,0
420412,Costume Ranger Wolf Shorts (Red),0,0,,8,0
420407,Costume Ranger Wolf Shorts (Sakura),0,0,,8,0
420411,Costume Ranger Wolf Shorts (White),0,0,,8,0
420406,Costume Ranger Wolf Shorts (Yellow),0,0,,8,0
20579,Costume Raphael's Wings,110400000,129600000,kro,2,0
480376,Costume Rata Tail,598000000,702000000,kro,2,0
410234,Costume Rebellion Pocket Watch,6900000,8100000,kro,2,0
15894,Costume Rebirth Crown,0,0,,8,0
31705,Costume Red & White Hat,0,0,,8,0
410255,Costume Red & White Headband,0,0,,8,0
19704,Costume Red Afro Wig,0,0,,8,0
20442,Costume Red and White Mochiring Hat,0,0,,8,0
20559,Costume Red Aura,0,0,,8,0
410330,Costume Red Aura Dragon,0,0,,8,0
410293,Costume Red Baby Dragon,0,0,,8,0
31786,Costume Red Baby Dragon Hat,0,0,,8,0
20320,Costume Red Bandana,0,0,,8,0
20023,Costume Red Beret,0,0,,8,0
19701,Costume Red Bonnet,1104000,1296000,kro,3,0
400348,Costume Red Cat Ear Witch Hat,0,0,,8,0
31189,Costume Red Cat Ears Cape,0,0,,8,0
20226,Costume Red Comb,0,0,,8,0
19647,Costume Red Deviruchi Hat,0,0,,8,0
19706,Costume Red Dress Hat,115000000,135000000,kro,2,0
20601,Costume Red Energy,0,0,,8,0
31978,Costume Red Flame Giant,0,0,,8,0
31540,Costume Red Gemini Eyes,0,0,,8,0
19609,Costume Red Glasses,0,0,,8,0
31254,Costume Red Horse Mask,0,0,,8,0
400162,Costume Red Navy Hat,0,0,,8,0
400693,Costume Red Paeonia,0,0,,8,0
31594,Costume Red Pencil in Mouth,0,0,,8,0
400461,Costume Red Pirate Hat,0,0,,8,0
20627,Costume Red Pitaya Backpack,0,0,,8,0
19591,Costume Red Ribbon,0,0,,8,0
20095,Costume Red Ribbon,0,0,,8,0
31662,Costume Red Ridding Hood,0,0,,8,0
31698,Costume Red Riding Hood,138000000,162000000,kro,2,0
420185,Costume Red Sailor Collar,0,0,,8,0
20249,Costume Red Strong Hair,110400000,129600000,kro,2,0
31822,Costume Red Sun Baseball Cap,0,0,,8,0
20224,Costume Red Tailed Ribbon,59800000,70200000,kro,2,0
19804,Costume Red Vane Hairpin,0,0,,8,0
19579,Costume Red Wind Hat,0,0,,8,0
31295,Costume Red Wing Hat,0,0,,8,0
19737,Costume Refined Corsair,33580000,39420000,kro,2,0
19782,Costume Refined Drooping Cat,69000000,81000000,kro,2,0
19669,Costume Reginleif Hairband,0,0,,8,0
410081,Costume Released Ground,0,0,,8,0
20128,Costume Remover Hat,0,0,,8,0
19738,Costume Renown Detective's Cap,82800000,97200000,kro,2,0
31950,Costume Replica Nut Cracker,0,0,,8,0
20455,Costume Republic Hat,0,0,,8,0
20408,Costume Requiem Crown of Light and Dark,0,0,,8,0
400728,Costume Research Team Hat,0,0,,8,0
31458,Costume Reservation Limited Poring Balloon,0,0,,8,0
31400,Costume Ribbon,0,0,,8,0
31727,Costume Ribbon (Green),0,0,,8,0
19926,Costume Ribbon Black,0,0,,8,0
420345,Costume Ribbon Braid Hair,0,0,,8,0
31124,Costume Ribbon Chief Hat,18860000,22140000,kro,2,0
20372,Costume Ribbon Hat,46000000,54000000,kro,2,0
20475,Costume Ribbon of Bride,0,0,,8,0
31728,Costume Ribbon Straw Hat,4324000,5076000,kro,2,0
410241,Costume Ribbon Sweets Party,0,0,,8,0
31043,Costume Ribbon White,0,0,,8,0
410107,Costume Rice Bale (Middle),0,0,,8,0
31417,Costume Rice Ball Hat,27600000,32400000,kro,2,0
31665,Costume Rich Rich Poring,0,0,,8,0
20216,Costume Rideword Hat,0,0,,8,0
480337,Costume Rifle,287500000,337500000,kro,2,0
420440,Costume Rigel Hair,0,0,,8,0
420359,Costume Ring-Ring Nyanka Bell,36800000,43200000,kro,2,0
31253,Costume Rinko's Helmet,0,0,,8,0
400607,Costume Riot Chip,0,0,,8,0
31172,Costume Roast Memory,128800000,151200000,kro,2,0
31539,Costume Roasted Pork Dumpling Hat,0,0,,8,0
31465,Costume Robin Egg Mini Hat,1840000,2160000,kro,2,0
20145,Costume Robo Eye,179400000,210600000,kro,3,0
20213,Costume Robot Eyes,0,0,,8,0
410087,Costume Robotic Watcher,68080000,79920000,kro,2,0
420111,Costume Rocking Short,0,0,,8,0
31326,Costume Rolf Von Gigue 666,0,0,,8,0
31353,Costume Roll Twin (Black),0,0,,8,0
31349,Costume Roll Twin (Blue),0,0,,8,0
31355,Costume Roll Twin (Brown),0,0,,8,0
31352,Costume Roll Twin (Green),0,0,,8,0
31356,Costume Roll Twin (Purple),0,0,,8,0
31350,Costume Roll Twin (Red),0,0,,8,0
31354,Costume Roll Twin (White),0,0,,8,0
31351,Costume Roll Twin (Yellow),0,0,,8,0
31075,Costume Roll Twin(Black),0,0,,8,0
31071,Costume Roll Twin(Blue),0,0,,8,0
31077,Costume Roll Twin(Brown),0,0,,8,0
31074,Costume Roll Twin(Green),0,0,,8,0
31078,Costume Roll Twin(Purple),0,0,,8,0
31072,Costume Roll Twin(Red),0,0,,8,0
31076,Costume Roll Twin(White),0,0,,8,0
31073,Costume Roll Twin(Yellow),0,0,,8,0
19720,Costume Romantic Gent,0,0,,8,0
20223,Costume Romantic Leaf,18400000,21600000,kro,2,0
31623,Costume Romantic Rose,312800000,367200000,sibling,2,0
400073,Costume Romantic Rose,312800000,367200000,kro,2,0
19541,Costume Romantic White Flower,22080000,25920000,kro,2,0
480329,Costume ROS 2023 Flames Coat,0,0,,8,0
480627,Costume ROS 2025 Champion Coat,0,0,,8,0
20251,Costume Rose Cascade,0,0,,8,0
15881,Costume Rose Crispinette,1840000,2160000,kro,2,0
31848,Costume Rose Gothic Bonnet,64400000,75600000,kro,2,0
480460,Costume Rose Gothic Ribbon,0,0,,8,0
20041,Costume Rose Headband,0,0,,8,0
420274,Costume Rose wave (Blonde Pink),0,0,,8,0
420273,Costume Rose wave (Blonde),73600000,86400000,kro,2,0
420276,Costume Rose Wave (Silver Blue),0,0,,8,0
420275,Costume Rose Wave (Silver),257600000,302400000,kro,2,0
20990,Costume Rotating Gears,0,0,,8,0
400366,Costume Royal Beret,0,0,,8,0
31559,Costume Royal Guard Necklace,87400000,102600000,kro,2,0
420046,Costume Royal Mantle,32200000,37800000,kro,2,0
31201,Costume Royal Rabbit Crown,46000000,54000000,kro,2,0
19897,Costume RPC 1ST Wreath,0,0,,8,0
19898,Costume RPC 2ND Wreath,0,0,,8,0
19899,Costume RPC 3RD Wreath,0,0,,8,0
15876,Costume RTC Second Best (Red),0,0,,8,0
401303,Costume Ruck Keeper,0,0,,8,0
31634,Costume Rudolph Hairband,0,0,,8,0
19697,Costume Rudolph Santa Hat,18400000,21600000,kro,2,0
20746,Costume Rudra Wings,59800000,70200000,kro,2,0
31849,Costume Runaway Accelerator,124200000,145800000,kro,2,0
31844,Costume Runaway Scarf,9200000,10800000,kro,2,0
19961,Costume Rune Circlet,1380000,1620000,kro,2,0
31160,Costume Rune Helm,220800000,259200000,kro,2,0
31206,Costume Rune Knot Headband,0,0,,8,0
31602,Costume Rune-Midgarts Glory,4600000,5400000,kro,2,0
400741,Costume RWC 2013 Hat,0,0,,8,0
19651,Costume RWC Shouting Mouth,0,0,,8,0
19700,Costume RWC2012 Crown of Victory,0,0,,8,0
19949,Costume RWC2013 Japan Hat,0,0,,8,0
410315,Costume Sacred Religious Decoration,0,0,,8,0
19723,Costume Sacred Torch Coronet,0,0,,8,0
31898,Costume Sagittarius Crown,0,0,,8,0
31890,Costume Sagittarius Diadem,0,0,,8,0
400462,Costume Sailor Cap,87400000,102600000,kro,2,0
20326,Costume Sailor Collar,0,0,,8,0
31059,Costume Sailor Hat,5520000,6480000,kro,2,0
420044,Costume Sailor's White Lapel,0,0,,8,0
19750,Costume Saint Frill Ribbon,82800000,97200000,kro,2,0
19770,Costume Sake,0,0,,8,0
19639,Costume Sakkat,92000000,108000000,kro,2,0
480295,Costume Sakura Branch,110400000,129600000,kro,2,0
19768,Costume Sakura Coronet,179400000,210600000,kro,2,0
480296,Costume Sakura Falling,202400000,237600000,kro,2,0
20539,Costume Sakura Festival Ribbon,0,0,,8,0
20437,Costume Sakura Hairband,64400000,75600000,kro,2,0
15877,Costume Sakura Hairpin,8280000,9720000,kro,2,0
20284,Costume Sakura Hat,59800000,70200000,kro,2,0
480052,Costume Sakura Ribbon,0,0,,8,0
420499,Costume Sakura Twin tails,8142000,9558000,kro,2,0
420500,Costume Sakura Two side up,7774000,9126000,kro,2,0
400431,Costume Sakura Witch Hat,0,0,,8,0
20092,Costume Sales Banner,0,0,,8,0
19994,Costume saLUsalo Hat,0,0,,8,0
20045,Costume Samambaia,0,0,,8,0
420206,Costume Samambaia (Lower),0,0,,8,0
480122,Costume Samba Carnival,0,0,,8,0
480581,Costume Samurai Twin Sword,519800000,610200000,kro,2,0
480082,Costume Sandalphon Wings,0,0,,8,0
19686,Costume Santa Hairband,644000,756000,kro,4,0
19982,Costume Santa Hat,4162000,4886000,ragnastats,2,0
31958,Costume Santa Poring Balloon,0,0,,8,0
480405,Costume Santa Teddy Bear Doll Bag,266800000,313200000,kro,2,0
19981,Costume Santa's Beard,0,0,,8,0
20592,Costume Santa's Pocket,0,0,,8,0
19682,Costume SantaPoring Cap,39100000,45900000,kro,2,0
19627,Costume Satellite Hairband,0,0,,8,0
20294,Costume Savage Babe Hat,0,0,,8,0
31787,Costume Savage Shoulder Bebe,0,0,,8,0
19715,Costume Scarf,0,0,,8,0
19726,Costume Scarlet Rose,0,0,,8,0
480093,Costume Scepter,115000000,135000000,kro,2,0
20393,Costume Schmitz Helm,920000,1080000,kro,2,0
420056,Costume Schmitz's Helm,0,0,,8,0
19860,Costume School Criatura Hat,0,0,,8,0
31290,Costume School of Angel Hat,0,0,,8,0
31291,Costume School of Devil Hat,0,0,,8,0
19957,Costume Scooter Hat,0,0,,8,0
31894,Costume Scorpio Diadem,0,0,,8,0
31118,Costume Scratch Mask,0,0,,8,0
31129,Costume Scratch Mask,0,0,,8,0
20195,Costume Scratching Cat,0,0,,8,0
410083,Costume Scuba Mask,0,0,,8,0
20138,Costume Sea Otter Hat,0,0,,8,0
20345,Costume Seagod Protector,0,0,,8,0
20322,Costume Seal Hat,0,0,,8,0
400252,Costume Second Runner Up of RTC 2021,0,0,,8,0
19905,Costume Secret Bandana,2774500,3257500,ragnastats,2,0
420365,Costume Secret Society Hood (Lower),0,0,,8,0
20266,Costume Secret Zipper,55200000,64800000,kro,2,0
31722,Costume Sedora Hat,0,0,,8,0
20171,Costume Sepia Cap,0,0,,8,0
20316,Costume Seraph Wing Helm,12650000,14850000,kro,2,0
31416,Costume Seraphim Coronet,9200000,10800000,kro,2,0
31793,Costume Seraphim's Feather,0,0,,8,0
410229,Costume Serpentine Crystal,4140000,4860000,kro,2,0
480286,Costume Serpentine Vision,27600000,32400000,kro,2,0
5912,Costume Servant Deviling,92000000,108000000,kro,2,0
31909,Costume Seven-Eleven Knitted Hat,0,0,,8,0
420750,Costume Seyren Hair,0,0,,8,0
420053,Costume Shadow Devil,0,0,,8,0
19965,Costume Shadow Handicraft,460000,540000,kro,4,0
31150,Costume Shalosh Headdress,0,0,,8,0
20080,Costume Shaman Hair Ornament,0,0,,8,0
31526,Costume Shaman Hat,0,0,,8,0
31696,Costume Shark Hat,110400000,129600000,sibling,2,0
440000,Costume Shark Hat,110400000,129600000,kro,2,0
31162,Costume Shaving Foam,0,0,,8,0
31163,Costume Sheep Hat,0,0,,8,0
31567,Costume Sheep's Horns,0,0,,8,0
19752,Costume Shelter Wing Ears,0,0,,8,0
19291,Costume Shiba Inu,44160000,51840000,kro,2,0
480486,Costume Shiba Inu Tail,50600000,59400000,kro,2,0
31797,Costume Shih Tzu Hair,4600000,5400000,kro,2,0
20524,Costume Shining Angel Wings,0,0,,8,0
19685,Costume Shining Santa Poring,165600000,194400000,kro,2,0
31420,Costume Shining Santa Poring,165600000,194400000,sibling,2,0
31321,Costume Shining Sunflower,0,0,,8,0
19777,Costume Shiny Small Star,133400000,156600000,kro,2,0
19654,Costume Ship Captain Hat,220800000,259200000,kro,2,0
31510,Costume Short Haired Cat Ears,0,0,,8,0
400271,Costume Shovel Hat,0,0,,8,0
31091,Costume Show Me The Zeny,0,0,,8,0
19868,Costume Showy High Cap,30360000,35640000,kro,2,0
19894,Costume Shrine Maiden Hat,128800000,151200000,kro,2,0
19946,Costume Shuttle to Apex(Blue),0,0,,8,0
31182,Costume Side Cap,4162000,4886000,ragnastats,2,0
31214,Costume Side Pigtail (Black),0,0,,8,0
31210,Costume Side Pigtail (Blue),0,0,,8,0
31216,Costume Side Pigtail (Brown),0,0,,8,0
31213,Costume Side Pigtail (Green),0,0,,8,0
31217,Costume Side Pigtail (Purple),0,0,,8,0
31211,Costume Side Pigtail (Red),0,0,,8,0
31215,Costume Side Pigtail (White),0,0,,8,0
31212,Costume Side Pigtail (Yellow),0,0,,8,0
31649,Costume Side Pony (Black),0,0,,8,0
31647,Costume Side Pony (Blonde),0,0,,8,0
31645,Costume Side Pony (Blue),0,0,,8,0
31651,Costume Side Pony (Brown),0,0,,8,0
31648,Costume Side Pony (Green),0,0,,8,0
31652,Costume Side Pony (Purple),0,0,,8,0
31646,Costume Side Pony (Red),0,0,,8,0
31650,Costume Side Pony (White),0,0,,8,0
420082,Costume Side Roll Pony,0,0,,8,0
420113,Costume Side Roll Pony (Black),0,0,,8,0
420115,Costume Side Roll Pony (Brown),0,0,,8,0
420114,Costume Side Roll Pony (Green),0,0,,8,0
420116,Costume Side Roll Pony (Pink),0,0,,8,0
420117,Costume Side Roll Pony (Purple),0,0,,8,0
420118,Costume Side Roll Pony (Red),0,0,,8,0
420119,Costume Side Roll Pony (White),0,0,,8,0
420120,Costume Side Roll Pony (Yellow),0,0,,8,0
420341,Costume Signon Loop,230000000,270000000,kro,2,0
31862,Costume Signon Princess Wave (Black),64400000,75600000,kro,2,0
31858,Costume Signon Princess Wave (Blue),27600000,32400000,kro,2,0
31864,Costume Signon Princess Wave (Brown),21160000,24840000,kro,2,0
31861,Costume Signon Princess Wave (Green),18400000,21600000,kro,2,0
31865,Costume Signon Princess Wave (Purple),23000000,27000000,kro,2,0
31859,Costume Signon Princess Wave (Red),33580000,39420000,kro,2,0
31863,Costume Signon Princess Wave (White),78200000,91800000,kro,2,0
31860,Costume Signon Princess Wave (Yellow),46000000,54000000,kro,2,0
100428,Costume Signon Princess Wave Box,27600000,32400000,kro,4,0
20005,Costume Sigrun Wing,0,0,,8,0
20391,Costume Silent Executor,920000,1080000,kro,2,0
19937,Costume Silk Hat of Earth,92000000,108000000,kro,2,0
420170,Costume Silky Long Hair (Black),0,0,,8,0
420091,Costume Silky Long(Blonde),0,0,,8,0
420092,Costume Silky Long(Silver),133400000,156600000,kro,2,0
20566,Costume Silver Aura,0,0,,8,0
20555,Costume Silver Energy,0,0,,8,0
19978,Costume Silver Exclamation Mark,0,0,,8,0
400931,Costume Silver Globe Hat,0,0,,8,0
19980,Costume Silver Question Mark,0,0,,8,0
480699,Costume Silver Scepter,0,0,,8,0
20382,Costume Silver Sniper Doll,0,0,,8,0
19681,Costume Silver Tiara,0,0,,8,0
31543,Costume Siorava Hat,0,0,,8,0
400709,Costume Sitting Dog (White),15410000,18090000,kro,2,0
31397,Costume Sitting Pope,322000000,378000000,kro,2,0
480725,Costume Sixth Sense Satan,0,0,,8,0
420221,Costume Skia Two Side Up,0,0,,8,0
480315,Costume Skia's Sword Milky,0,0,,8,0
19904,Costume Skull cap,0,0,,8,0
20168,Costume Skull Hood,0,0,,8,0
400516,Costume Skull hood,0,0,,8,0
31718,Costume Sky Lantern,0,0,,8,0
20378,Costume Sky Met,0,0,,8,0
20451,Costume Sky of Memory,135700000,159300000,kro,2,0
31244,Costume Skymet (Upper),8188000,9612000,kro,2,0
400327,Costume Sleek Pink Half-Updo,0,0,,8,0
20268,Costume Sleep Eclipse Family,36800000,43200000,kro,2,0
31616,Costume Sleep Sheep,54280000,63720000,kro,2,0
420211,Costume Sleep Sheep (Red),0,0,,8,0
20293,Costume Sleeper Hat,0,0,,8,0
20263,Costume Sleeping Cat Hat J,0,0,,8,0
19739,Costume Sleeping Kitty Hat,18124000,21276000,kro,2,0
31780,Costume Sloth Hat,0,0,,8,0
31519,Costume Slurp Slurp Hat,0,0,,8,0
400565,Costume Small Deviling Hat,0,0,,8,0
19742,Costume Small Golden Wings,0,0,,8,0
19466,Costume Small Ocean,0,0,,8,0
20447,Costume Small Porings Headband,33120000,38880000,kro,2,0
19889,Costume Small Ribbons,17940000,21060000,kro,2,0
31929,Costume Smile School Cap,0,0,,8,0
31699,Costume Smiling Eyes,85100000,99900000,kro,2,0
19292,Costume Smokie Knit Cap,103500000,121500000,kro,2,0
19858,Costume Smokie Leaf,46000000,54000000,kro,2,0
420054,Costume Smokie Muffler,41400000,48600000,kro,2,0
400426,Costume Smoky Transform Hat,0,0,,8,0
19730,Costume Snake Hat,0,0,,8,0
400186,Costume Snake Hat,0,0,,8,0
20392,Costume Sniper Google,298500,350500,kro,4,0
31440,Costume Snow Bear Hood,52900000,62100000,kro,2,0
19856,Costume Snow Cone Hat,874000,1026000,kro,4,0
31588,Costume Snow Flower,8592500,10087000,kro,2,0
31905,Costume Snow Ice Hair,0,0,,8,0
31904,Costume Snow Parade Hat,0,0,,8,0
480097,Costume Snow Powder,193200000,226800000,kro,2,0
420191,Costume Snow Rabbit Wig,335800000,394200000,kro,2,0
401113,Costume Snow Rune Helm,0,0,,8,0
400558,Costume Snowman Experience,1840000,2160000,kro,2,0
20231,Costume Snowman Hat,92000000,108000000,kro,2,0
400585,Costume Snowman Hat,92000000,108000000,sibling,2,0
20242,Costume Snownow Hat,27600000,32400000,kro,2,0
410218,Costume Soccer Ball,0,0,,8,0
31261,Costume Soda In Mouth,2760000,3240000,kro,2,0
20273,Costume Soft Sheep Hat,0,0,,8,0
20581,Costume Soldier Backpack,48760000,57240000,kro,2,0
19956,Costume Soldier Hat,0,0,,8,0
420618,Costume Solid State Recognition,8280000,9720000,kro,2,0
20330,Costume Sombrero,0,0,,8,0
15953,Costume Somtam,0,0,,8,0
20620,Costume Songkran Water Gun,0,0,,8,0
31396,Costume Sorcerer Hood,243800000,286200000,kro,2,0
31157,Costume Soul Ring,0,0,,8,0
400350,Costume Soul Ring,0,0,,8,0
410103,Costume Soul Silk,1380000,1620000,kro,2,0
19677,Costume Soulless Wing,466900000,548100000,kro,2,0
19670,Costume Southern Cross,0,0,,8,0
400168,Costume Souvenirs Of Izlude,0,0,,8,0
410223,Costume Soybean Rice Cake,0,0,,8,0
31501,Costume Sparkler Fountain,0,0,,8,0
31500,Costume Sparkler Stick,0,0,,8,0
20323,Costume Sparkling Sound,0,0,,8,0
420383,Costume Sparkly Rainbow Hair,12420000,14580000,kro,2,0
20371,Costume Special Kafra Hat,345000000,405000000,kro,2,0
20218,Costume Spell Circuit,8878000,10422000,kro,2,0
19580,Costume Sphinx Helm,0,0,,8,0
31596,Costume Spider Seduction,0,0,,8,0
20613,Costume Spider Wings,0,0,,8,0
19527,Costume Spiky Band,33580000,39420000,kro,2,0
31155,Costume Spinning Eyes,4162000,4886000,ragnastats,2,0
31194,Costume Spinning Propeller,0,0,,8,0
420743,Costume Spirit Cat,0,0,,8,0
18743,Costume Spirit Of Chung E,0,0,,8,0
400704,Costume Splash Cat Hat,0,0,,8,0
410127,Costume Spotlight,0,0,,8,0
31158,Costume Squirrel Ear Hat,0,0,,8,0
400754,Costume Squirrel Ear Hood (Albino),0,0,,8,0
20085,Costume St Patrick's Hat,13800000,16200000,kro,2,0
31315,Costume Stall Of Angel,48300000,56700000,kro,2,0
31121,Costume Stall Of Bat,27600000,32400000,kro,2,0
31930,Costume Standing Mic,0,0,,8,0
410170,Costume Star Eyepatch,0,0,,8,0
20113,Costume Star Reading Hat,0,0,,8,0
20260,Costume Stardust,0,0,,8,0
31528,Costume Stardust Hairband,0,0,,8,0
31060,Costume Starfish Headband,1840000,2160000,kro,2,0
420161,Costume Starry Long Wave,0,0,,8,0
420162,Costume Starry Ribbon Twin Tail,0,0,,8,0
480603,Costume Starry Sky Pen,736000000,864000000,kro,2,0
20381,Costume Steampunk Hat,0,0,,8,0
480503,Costume Stellar Gratia,0,0,,8,0
31054,Costume Sting Hat,0,0,,8,0
31448,Costume Sting Silk Ribbon,73600000,86400000,kro,2,0
31566,Costume Stole of Dominion,47840000,56160000,kro,2,0
20051,Costume Stop Post,0,0,,8,0
31941,Costume Storm Cell,0,0,,8,0
31434,Costume Stormy Cloud,3884500,4560500,ragnastats,2,0
31474,Costume Straight Long (Black),0,0,,8,0
31639,Costume Straight Long (Blonde),0,0,,8,0
31637,Costume Straight Long (Blue),0,0,,8,0
31643,Costume Straight Long (Brown),0,0,,8,0
31640,Costume Straight Long (Green),0,0,,8,0
31641,Costume Straight Long (Jet Black),0,0,,8,0
31642,Costume Straight Long (Light Purple),0,0,,8,0
31644,Costume Straight Long (Purple),0,0,,8,0
31638,Costume Straight Long (Red),1840000,2160000,kro,2,0
31209,Costume Straight Long (White),0,0,,8,0
31208,Costume Straight Long (Yellow),0,0,,8,0
31369,Costume Straight Long White,0,0,,8,0
31370,Costume Straight Long Yellow,0,0,,8,0
31269,Costume Straight Pony (Black) (Middle),0,0,,8,0
31265,Costume Straight Pony (Blue) (Middle),0,0,,8,0
31271,Costume Straight Pony (Crimson) (Middle),0,0,,8,0
31268,Costume Straight Pony (Green) (Middle),0,0,,8,0
31272,Costume Straight Pony (Purple) (Middle),0,0,,8,0
31266,Costume Straight Pony (Red) (Middle),0,0,,8,0
31270,Costume Straight Pony (White) (Middle),0,0,,8,0
31267,Costume Straight Pony (Yellow) (Middle),0,0,,8,0
20362,Costume Straight Pony Blue,0,0,,8,0
20361,Costume Straight Pony Crimson,0,0,,8,0
20358,Costume Straight Pony Green,0,0,,8,0
20359,Costume Straight Pony Purple,46000000,54000000,kro,2,0
20360,Costume Straight Pony Red,119600000,140400000,kro,2,0
20363,Costume Straight Pony White,189060000,221940000,kro,2,0
20357,Costume Straight Pony Yellow,0,0,,8,0
420396,Costume Straight two-side up (Black Pink),0,0,,8,0
420394,Costume Straight two-side up (Blonde Pink),0,0,,8,0
420393,Costume Straight two-side up (Blonde),0,0,,8,0
420395,Costume Straight two-side up (Sliver),0,0,,8,0
19829,Costume Straw Hat,0,0,,8,0
20152,Costume Straw Rice Bag,0,0,,8,0
420435,Costume Strawberry Donut in Mouth,22540000,26460000,kro,2,0
31175,Costume Strawberry Hat,0,0,,8,0
31296,Costume Strawberry in Mouth,17020000,19980000,kro,2,0
400744,Costume Stretched Poe Doll,0,0,,8,0
31842,Costume Striking Hat,0,0,,8,0
480121,Costume Striking Mikoshi,0,0,,8,0
31468,Costume Stripe Hat,0,0,,8,0
20207,Costume Striped Hairband,0,0,,8,0
401196,Costume Striped Ribbon Hat,0,0,,8,0
400414,Costume strong copo,0,0,,8,0
19862,Costume Succubus Horn,41400000,48600000,kro,2,0
410006,Costume Sudden Wealth,0,0,,8,0
480092,Costume Sudden Wealth,0,0,,8,0
31932,Costume Suit Lapel,2760000,3240000,kro,2,0
480470,Costume Summer Beach,32200000,37800000,kro,2,0
400953,Costume Summer Sunglasses,7820000,9180000,kro,2,0
410338,Costume Sun God,920000000,1080000000,kro,2,0
20348,Costume Sunday Hat,0,0,,8,0
20271,Costume Sunflower,0,0,,8,0
20484,Costume Sunflower Hairpin,0,0,,8,0
31805,Costume Sunglass Baseball Cap,202400000,237600000,kro,2,0
19830,Costume Sunglasses,36800000,43200000,kro,2,0
31455,Costume Super Cute Dog,56120000,65880000,kro,2,0
19614,Costume Super Novice Hat,0,0,,8,0
480321,Costume Surfboard,0,0,,8,0
31891,Costume Surpentarius Crown,0,0,,8,0
19793,Costume Surprised Mask,0,0,,8,0
31042,Costume Survival Circlet,0,0,,8,0
31386,Costume Survivor's Orb,0,0,,8,0
31174,Costume Suspicious Bread Bag,0,0,,8,0
19661,Costume Sweet Bonnet,0,0,,8,0
19683,Costume Sweet Candy,5520000,6480000,kro,2,0
400197,Costume Sweet Chef Hat,174800000,205200000,kro,2,0
20470,Costume Sweet Chocolate Hat,915000,1074500,kro,4,0
31915,Costume Sweet Coronet,0,0,,8,0
480431,Costume Sweet Flower Garden,828000000,972000000,kro,2,0
480718,Costume Sweet Folk,0,0,,8,0
19789,Costume Sweet Gent,0,0,,8,0
31255,Costume Sweet Melon Helmet,276000,324000,kro,4,0
31975,Costume Sweet Potato in Mouth,915000,1074500,kro,4,0
31741,Costume Sweet Side Ponytail (Black),0,0,,8,0
31745,Costume Sweet Side Ponytail (Blue),0,0,,8,0
31739,Costume Sweet Side Ponytail (Brown),0,0,,8,0
31742,Costume Sweet Side Ponytail (Green),0,0,,8,0
31738,Costume Sweet Side Ponytail (Purple),0,0,,8,0
31744,Costume Sweet Side Ponytail (Red),0,0,,8,0
31740,Costume Sweet Side Ponytail (White),0,0,,8,0
31743,Costume Sweet Side Ponytail (Yellow),0,0,,8,0
31704,Costume Sweet Valentine Hat,0,0,,8,0
31459,Costume Sweets Bonbon,736000,864000,kro,4,0
400406,Costume Sweets Captivated,73600000,86400000,kro,2,0
31731,Costume Sweets Party,138000000,162000000,kro,2,0
480131,Costume Swirling Flame,0,0,,8,0
20036,Costume Sword Master Crown,92000000,108000000,kro,2,0
20510,Costume Sword Wing,119600000,140400000,kro,2,0
15925,Costume Syrup Water Balloon,0,0,,8,0
31177,Costume Tail Hat,0,0,,8,0
31104,Costume Taini Hat,0,0,,8,0
31101,Costume Taini Hat Blue,0,0,,8,0
31103,Costume Taini Hat Green,0,0,,8,0
31102,Costume Taini Hat Orange,0,0,,8,0
19644,Costume Takius Blindfold,0,0,,8,0
31134,Costume Talkactive Parrot,0,0,,8,0
480665,Costume Tan Spear,8280000,9720000,kro,2,0
400449,Costume Tare Maid,0,0,,8,0
19728,Costume Tare Zonda,0,0,,8,0
31706,Costume Tatenasi Helmet,0,0,,8,0
20412,Costume Tayelin Doll Hat,0,0,,8,0
410231,Costume Tea Party in Wonderland,138000000,162000000,kro,2,0
21200,Costume Teardrop,0,0,,8,0
20335,Costume Teardrops,0,0,,8,0
31166,Costume Teddy Bear Hood,248400000,291600000,kro,2,0
440010,Costume Teddy Bear Mask,0,0,,8,0
19851,Costume Teddybear Hat,27600000,32400000,kro,2,0
420241,Costume Temari Candy Hair,18400000,21600000,kro,2,0
19472,Costume Temporal Circlet,0,0,,8,0
20612,Costume Ten Guardian Shield,0,0,,8,0
20165,Costume Tendrilion Hat,0,0,,8,0
31470,Costume Tengu Scroll,0,0,,8,0
480237,Costume Tengu Sword,0,0,,8,0
420165,Costume Tent,501400000,588600000,kro,2,0
20132,Costume Test Subject Aura,87400000,102600000,kro,2,0
20407,Costume Test Subject Aura (Red),174800000,205200000,kro,2,0
19747,Costume Tha Despero Mask,0,0,,8,0
20514,Costume Thanatos Sword,193200000,226800000,kro,2,0
410392,Costume Thanatos's Dolor Mask,0,0,,8,0
31311,Costume Thanatos's Maero Mask,0,0,,8,0
410319,Costume Thanatos's Maero Mask (Middle),0,0,,8,0
400250,Costume The Winner of RTC 2021,0,0,,8,0
31114,Costume Theater Prop,0,0,,8,0
20409,Costume There is Something,0,0,,8,0
20183,Costume There's..Something..,0,0,,8,0
31811,Costume Thief's Hood,0,0,,8,0
420171,Costume Thorn Scarf,0,0,,8,0
20460,Costume Thornbush Hairband,0,0,,8,0
400795,Costume Thornbush Hairband (Blue),27600000,32400000,kro,2,0
31816,Costume Three Rabbits Ribbon,0,0,,8,0
19629,Costume Tiara,27600000,32400000,kro,2,0
410048,Costume Tiger,0,0,,8,0
410132,Costume Tiger (Black),0,0,,8,0
410131,Costume Tiger (White),0,0,,8,0
31030,Costume Tiger Face,0,0,,8,0
410281,Costume Tiger Face (Middle),0,0,,8,0
31161,Costume Tiger Mask,41400000,48600000,sibling,2,0
400185,Costume Tiger Mask,41400000,48600000,kro,2,0
400712,Costume Tiger Mask (Upper),0,0,,8,0
420237,Costume Tiger Muffler,0,0,,8,0
31473,Costume Tipsy,0,0,,8,0
19655,Costume Tiraya Bonnet,0,0,,8,0
400312,Costume Tiraya Bonnet,0,0,,8,0
19776,Costume Tomboy Fairy,0,0,,8,0
410228,Costume Tomboy Fairy,0,0,,8,0
20440,Costume Tone of Gold,46000000,54000000,kro,2,0
19680,Costume Tongue Mask,0,0,,8,0
31243,Costume Tongue Mask (Middle),0,0,,8,0
31818,Costume Top Player,0,0,,8,0
31306,Costume Toucan Hat,0,0,,8,0
31446,Costume Toy Syringe,0,0,,8,0
480207,Costume Traveler Bag,0,0,,8,0
410182,Costume Traveler's Oil Lantern,414000000,486000000,kro,2,0
31943,Costume Tree Frog Hood,64400000,75600000,kro,2,0
31695,Costume Tree Sprout,0,0,,8,0
19911,Costume Triangle roof hat,0,0,,8,0
480129,Costume Triple Ice Cream,36800000,43200000,kro,2,0
19693,Costume Triple Poring Hat,0,0,,8,0
420233,Costume Trouvere Side-Tail,0,0,,8,0
420240,Costume Tsunade's Scroll,0,0,,8,0
410248,Costume Tuk Tuk,0,0,,8,0
20471,Costume Tulip Hairpin,0,0,,8,0
401294,Costume Tulip Hairpin (Yellow),0,0,,8,0
19844,Costume Turban,0,0,,8,0
31789,Costume Turkey Hat,1472000,1728000,kro,2,0
31512,Costume Tuxedo Rabbit,0,0,,8,0
18744,Costume Twilight,133400000,156600000,kro,2,0
480361,Costume Twin Blades of Evil Soul,0,0,,8,0
31671,Costume Twin Cannons,0,0,,8,0
400430,Costume Twin Casquette,0,0,,8,0
480433,Costume Twin Edge,726800000,853200000,kro,2,0
20486,Costume Twin Margaret,0,0,,8,0
410155,Costume Twin Margaret,0,0,,8,0
420525,Costume Twin Milkyway,266800000,313200000,kro,2,0
420524,Costume Twin Milkyway (Undecorated),0,0,,8,0
19702,Costume Twin Pompom By JB,3210500,3769000,kro,2,0
20342,Costume Twin Ponytail (Black),82800000,97200000,kro,2,0
410230,Costume Twin Ribbon,0,0,,8,0
420307,Costume Twin Wave Roll Hair,0,0,,8,0
420107,Costume Twinkle Twin,170199500,199799000,kro,2,0
420150,Costume Twinkle Twin (Blue),3404000,3996000,kro,2,0
420197,Costume Twinkle Wave,0,0,,8,0
410278,Costume Twinkling Bloody Eye,782000000,918000000,kro,2,0
31924,Costume Twinkling Blue Eyes,102222000,120000000,kro,2,0
410220,Costume Twinkling Frozen Eyes,110400000,129600000,kro,2,0
31716,Costume Twinkling Red Eyes,50600000,59400000,kro,2,0
20463,Costume Two Tone Beret,11959500,14039500,kro,2,0
401014,Costume Two-Tone Cap,0,0,,8,0
400755,Costume Ulle's Cap,0,0,,8,0
20614,Costume Ultimate Kiel Hyre's,0,0,,8,0
20603,Costume Ulysses Wings,276000000,324000000,kro,2,0
20497,Costume Umbala Spirit,0,0,,8,0
19759,Costume Umbrella Hat,0,0,,8,0
400289,Costume Umbrella Hat,0,0,,8,0
20286,Costume Under Rim Glasses Red,73600000,86400000,kro,2,0
19293,Costume Under Rimmed Glasses,0,0,,8,0
31601,Costume Under Rimmed Glasses (Blue),82800000,97200000,kro,2,0
480423,Costume Unicorn Fantasy Travel,0,0,,8,0
31937,Costume Unicorn Headdress,0,0,,8,0
20443,Costume Unicorn Helm,64400000,75600000,kro,2,0
20272,Costume Unicorn Horn,0,0,,8,0
20492,Costume Unidentified Flying Poring,0,0,,8,0
20494,Costume Unidentified Flying Poring,0,0,,8,0
15847,Costume Unknown Feather Hat,0,0,,8,0
31839,Costume Urd Wings,0,0,,8,0
31036,Costume Used Hat,36800000,43200000,kro,2,0
19658,Costume Vacation Hat,0,0,,8,0
420545,Costume Vacation Pope Hair,0,0,,8,0
31393,Costume Vajra,0,0,,8,0
31703,Costume Valentine Hat,0,0,,8,0
31925,Costume Valentine Hat,0,0,,8,0
20459,Costume Valhalla Idol,44160000,51840000,kro,2,0
5909,Costume Valkyrie Circlet,147200000,172800000,kro,2,0
480189,Costume Valkyrie Curse Blight,0,0,,8,0
19613,Costume Valkyrie Feather Hat,39560000,46440000,kro,2,0
420177,Costume Valkyrie Hair,0,0,,8,0
490242,Costume Valkyrie Hair,0,0,,8,0
19546,Costume Valkyrie Helm,101200000,118800000,kro,2,0
31366,Costume Valkyrie Helm,101200000,118800000,sibling,2,0
480246,Costume Valkyrie Spear,0,0,,8,0
20571,Costume Valkyrie Wings,0,0,,8,0
31120,Costume Vampire Familiar,147200000,172800000,kro,2,0
20098,Costume Vampire Hairband,0,0,,8,0
19884,Costume Vanargand Helm,49680000,58320000,kro,2,0
19694,Costume Vane Hairpin,0,0,,8,0
19839,Costume Vanilmirth Hat,0,0,,8,0
31564,Costume Variant Veil,8280000,9720000,kro,2,0
31954,Costume Vassalage Necklace,0,0,,8,0
400756,Costume Veil of Sacred Gems,0,0,,8,0
410276,Costume Vengeful Ghost Ears,31188000,36612000,kro,2,0
20329,Costume Very Cute Doll Hat,38180000,44820000,kro,2,0
15838,Costume Vesper Headgear,3588000,4212000,sibling,2,0
31720,Costume Vesper Headgear,3588000,4212000,kro,2,0
19825,Costume Vicious Stop Bandage,5014000,5886000,kro,2,0
20386,Costume Victory Wing Helm,0,0,,8,0
20561,Costume Violet Aura,0,0,,8,0
20550,Costume Violet Energy,0,0,,8,0
20536,Costume Violet Halo,0,0,,8,0
20573,Costume Violet High Row,0,0,,8,0
31307,Costume Violet Macaw,0,0,,8,0
410491,Costume Violet Starlight,276000000,324000000,kro,2,0
31412,Costume Virgo Crown,0,0,,8,0
20100,Costume Volume Fhat,0,0,,8,0
31383,Costume Volume Low Twin,184000000,216000000,sibling,2,0
31494,Costume Volume Low Twin,184000000,216000000,kro,2,0
31493,Costume Volume Low Twin (White),0,0,,8,0
31605,Costume Volume Low Twin (White),0,0,,8,0
400760,Costume Wadjet,82800000,97200000,kro,2,0
31403,Costume Wall Hat,0,0,,8,0
400258,Costume Wanderer Curl,0,0,,8,0
420413,Costume Wanderer Curl (Blue-Green),0,0,,8,0
420418,Costume Wanderer Curl (Jet Black),0,0,,8,0
420416,Costume Wanderer Curl (Light Blue),0,0,,8,0
420417,Costume Wanderer Curl (Light Purple),0,0,,8,0
420420,Costume Wanderer Curl (Red),0,0,,8,0
420415,Costume Wanderer Curl (Sakura),0,0,,8,0
420419,Costume Wanderer Curl (Snow White),0,0,,8,0
420414,Costume Wanderer Curl (Yellow),0,0,,8,0
410242,Costume Wanderer Grim Reaper,0,0,,8,0
31415,Costume Wanderer's Sakkat,0,0,,8,0
400325,Costume Wandering Wolf Hat,0,0,,8,0
31187,Costume War Princess Ribbon,82800000,97200000,kro,2,0
31533,Costume Warm Black Cat Muffler,13800000,16200000,kro,2,0
31300,Costume Warm Cat Muffler,51520000,60480000,kro,2,0
401046,Costume Warm PoongCha,14720000,17280000,kro,2,0
31701,Costume Warrior Scarf (Rental),0,0,,8,0
19757,Costume Water Lily Crown,0,0,,8,0
20448,Costume Water Spellcaster,874000000,1026000000,kro,2,0
20373,Costume Watermelon Hat,0,0,,8,0
31959,Costume Wave Perm (Black),0,0,,8,0
31960,Costume Wave Perm (Blue),0,0,,8,0
31962,Costume Wave Perm (Brown),0,0,,8,0
31961,Costume Wave Perm (Green),0,0,,8,0
31963,Costume Wave Perm (Pink),0,0,,8,0
31964,Costume Wave Perm (Purple),0,0,,8,0
31965,Costume Wave Perm (Red),0,0,,8,0
31966,Costume Wave Perm (White),0,0,,8,0
31967,Costume Wave Perm (Yellow),0,0,,8,0
480058,Costume Wavy Golden Angel Wings,32200000,37800000,kro,2,0
480060,Costume Wavy Green Angel Wings,124200000,145800000,kro,2,0
400160,Costume Wavy Noodles,0,0,,8,0
480187,Costume Wedding Ribbon,82800000,97200000,kro,2,0
19790,Costume Wedding Veil,0,0,,8,0
31199,Costume Weird Beard,0,0,,8,0
20059,Costume Welding Mask,0,0,,8,0
20280,Costume Well-Chewed Pencil,0,0,,8,0
31920,Costume Western Crace,0,0,,8,0
20180,Costume Western Grace,0,0,,8,0
400163,Costume Whale Cap,0,0,,8,0
420367,Costume Whisper Cat Ears Cloth,920000000,1080000000,kro,2,0
19610,Costume Whisper Mask,0,0,,8,0
31240,Costume Whisper Mask (Upper),0,0,,8,0
20130,Costume Whisper Tall Hat,59800000,70200000,kro,2,0
20449,Costume White and Black Temptation,0,0,,8,0
19649,Costume White Baby Cat Ears,0,0,,8,0
19909,Costume White Baby demom hat,0,0,,8,0
31389,Costume White Bird Rose,11500000,13500000,kro,2,0
31452,Costume White Cat,64400000,75600000,kro,2,0
420264,Costume White Cat Ear Wig,595424000,698976000,kro,2,0
31252,Costume White Cat Ears Hat,0,0,,8,0
19823,Costume White Cat Hood,41400000,48600000,kro,2,0
400682,Costume White Cat Hood (Upper),0,0,,8,0
410095,Costume White Cat on Shoulder,69000000,81000000,kro,2,0
400918,Costume White Cat Witch Hat,0,0,,8,0
410456,Costume White Cat's Eye,24380000,28620000,kro,2,0
420048,Costume White Coronet,0,0,,8,0
31436,Costume White Drooping Cat,0,0,,8,0
20078,Costume White Feather,0,0,,8,0
20269,Costume White Fox Ear Ribbon,0,0,,8,0
400496,Costume White Fox Ears,55200000,64800000,kro,2,0
420192,Costume White Fox Friendly,55200000,64800000,kro,2,0
400757,Costume White Fox Hood Twin,41400000,48600000,kro,2,0
420426,Costume White Fox Hood Twin (No Decoration),73600000,86400000,kro,2,0
410194,Costume White Fox Mask (Middle),0,0,,8,0
480521,Costume White Fox Tail,55200000,64800000,kro,2,0
20134,Costume White Helm Of Abyss,11408000,13392000,kro,2,0
19761,Costume White Lily,101200000,118800000,kro,2,0
31048,Costume White Lily Black Ribbon,0,0,,8,0
400993,Costume White Mechanical Plant Hat,7314000,8586000,kro,2,0
480362,Costume White Nine-Tailed Fox's Tail,227700000,267300000,kro,2,0
31299,Costume White Rabbit,18400000,21600000,kro,2,0
410240,Costume White Rabbit,18400000,21600000,sibling,2,0
31139,Costume White Rabbit Ears,247480000,290520000,kro,2,0
420317,Costume White Rabbit Hair,0,0,,8,0
480411,Costume White Rabbit Tail,0,0,,8,0
20097,Costume White Ribbon Headband,59800000,70200000,kro,2,0
410221,Costume White Rice Cake,0,0,,8,0
31046,Costume White Rose Princess,55200000,64800000,kro,2,0
31903,Costume White Snake,0,0,,8,0
420201,Costume White Snake Demon Wig,5520000,6480000,kro,2,0
19708,Costume White Snake Hat,7360000,8640000,kro,2,0
20250,Costume White Strong Hair,0,0,,8,0
31901,Costume White Strong Hair,0,0,,8,0
20282,Costume White Student Cap,0,0,,8,0
420063,Costume White Sunshade Headscarf,0,0,,8,0
31888,Costume White Tiger Doll,0,0,,8,0
430005,Costume White Tiger Glasses,46000000,54000000,kro,2,0
15954,Costume Wichienmaat & Bangkaew,0,0,,8,0
19643,Costume Wickebine Ears,138000000,162000000,kro,2,0
19616,Costume Wickebine's Black Cat Ears,0,0,,11,0
420104,Costume Wild Long Hair,920000000,1080000000,kro,2,0
420121,Costume Wild Long Hair (Black),0,0,,8,0
420123,Costume Wild Long Hair (Brown),0,0,,8,0
420122,Costume Wild Long Hair (Green),0,0,,8,0
420124,Costume Wild Long Hair (Pink),0,0,,8,0
420125,Costume Wild Long Hair (Purple),0,0,,8,0
420126,Costume Wild Long Hair (Red),726800000,853200000,kro,2,0
420127,Costume Wild Long Hair (White),0,0,,8,0
420128,Costume Wild Long Hair (Yellow),0,0,,8,0
20458,Costume Wild Poring Rider,41400000,48600000,kro,2,0
19921,Costume Wild Rose,0,0,,8,0
18741,Costume Will O Wisp,0,0,,8,0
20150,Costume Wind Fan,0,0,,8,0
19668,Costume Wind Milestone,25300000,29700000,kro,2,0
20048,Costume Wind Prairie,161000000,189000000,kro,2,0
19970,Costume Wind Whisper,459500,539500,kro,4,0
19803,Costume Windtoy Hat,0,0,,8,0
20077,Costume Wing Frame Sunglasses,0,0,,8,0
20493,Costume Wing Headphone,0,0,,8,0
410283,Costume Wing Headphone,0,0,,8,0
20617,Costume Wing of Eutaxy,0,0,,8,0
480264,Costume Wing of Harmony,0,0,,8,0
420570,Costume Winged Twin Hair,39560000,46440000,kro,2,0
20572,Costume WingOfHeart,105800000,124200000,kro,2,0
19711,Costume Wings Kafra Hair Band,0,0,,8,0
480199,Costume Wings of Astaroth,165600000,194400000,kro,2,0
20530,Costume Wings of Gabriel,147200000,172800000,kro,2,0
20516,Costume Wings of Michael,184000000,216000000,kro,2,0
31264,Costume Wings of Protector (Lower),0,0,,8,0
480488,Costume Wings Of Simulation Juncea,230000000,270000000,kro,2,0
20509,Costume Wings of Uriel,147200000,172800000,kro,2,0
31553,Costume Wings Of Victory (Middle),0,0,,8,0
31170,Costume Wings of Wind,0,0,,8,0
19945,Costume Winner Helmet(Copper),0,0,,8,0
410295,Costume Winter Night Bells,144900000,170100000,kro,2,0
400743,Costume Winter Tree,23000000,27000000,kro,2,0
19663,Costume Wish Lamp,0,0,,8,0
410171,Costume Wishing Tree Hat,0,0,,8,0
31832,Costume Witch's Cat Hat,131100000,153900000,kro,2,0
31852,Costume Witch's Cloak,78200000,91800000,kro,2,0
19903,Costume Witch's Hat,0,0,,8,0
20093,Costume Wizard Hat,0,0,,8,0
420254,Costume Wizard's Beard,0,0,,8,0
19890,Costume Wizardry Hat,0,0,,8,0
31179,Costume Wolf Masquerade,46920000,55080000,kro,2,0
400930,Costume Wolf Masquerade(White),31510000,36990000,kro,2,0
400708,Costume Wolf Officer Hat,0,0,,8,0
401247,Costume Wolf Rayet,0,0,,8,0
410029,Costume Wonder Egg Basket,0,0,,8,0
420218,Costume Wonderer Curl (white),0,0,,8,0
31250,Costume Wonderful Beast Ears,62100000,72900000,kro,2,0
420515,Costume Wonderful Long,18400000,21600000,kro,2,0
420514,Costume Wonderful Long (No Decoration),16560000,19440000,kro,2,0
31327,Costume Wood Goblin Nose,0,0,,8,0
20071,Costume Worg In Mouth,151800000,178200000,kro,2,0
400423,Costume World-erosive Curse,0,0,,8,0
410361,Costume Wounded Eye Patch,0,0,,8,0
20453,Costume Wrapping Cloth,0,0,,8,0
31200,Costume Wrapping Ribbon,64400000,75600000,kro,2,0
440001,Costume Wunderkammer,0,0,,8,0
20387,Costume X-Shaped Hairpin,0,0,,8,0
19821,Costume Yao Jun,16100000,18900000,kro,2,0
31735,Costume Yawata Seal,248400000,291600000,kro,2,0
19705,Costume Yellow Afro Wig,0,0,,8,0
410457,Costume Yellow Cat's Eye,22080000,25920000,kro,2,0
31476,Costume Yellow Cherry Blossom Hat,4140000,4860000,kro,2,0
19822,Costume Yellow Doogun,0,0,,8,0
20569,Costume Yellow Green Aura,0,0,,8,0
20558,Costume Yellow Green Energy,0,0,,8,0
400751,Costume Yellow Kitty Headphone,46000000,54000000,kro,2,0
20629,Costume Yellow Pitaya Backpack,0,0,,8,0
19709,Costume Yellow Ribbon,0,0,,8,0
20254,Costume Yellow Ribbonn,0,0,,8,0
31593,Costume Yellow Scarf,0,0,,8,0
31610,Costume Yellow Wizardry Hat,0,0,,8,0
420159,Costume Yesterday Once More,0,0,,8,0
31496,Costume Yggdrasil Crown,0,0,,8,0
19766,Costume Yggdrasil Hat,0,0,,8,0
19755,Costume YinYang Earring,0,0,,8,0
410196,Costume Yinyang Earrings (Yellow),0,0,,8,0
20296,Costume Yoyo Hat,0,0,,8,0
420204,Costume Yunkea Wig,0,0,,8,0
20020,Costume Zaha Doll Hat,0,0,,8,0
31562,Costume Zealotus Doll,0,0,,8,0
20244,Costume Zealotus Mask,174800000,205200000,kro,2,0
31853,Costume Zombie Mask,2272000,2667500,kro,2,0
19583,Costume Zorro Mask,0,0,,8,0
20523,Costume: 2018 RTC Memorial Cloak,0,0,,8,0
20602,Costume: Ace of Angel Wing (Sweet),7360000,8640000,kro,2,0
410145,Costume: Agnes Minimi,0,0,,8,0
400280,Costume: AI Nabi Minimi,0,0,,8,0
410189,Costume: Angeling Mini-Me,81777500,96000000,kro,2,0
400471,Costume: Angry Fish,2760000,3240000,kro,2,0
31515,Costume: Bengal Cat,0,0,,8,0
20596,Costume: Black Bear Backpack,0,0,,8,0
20604,Costume: Blessed Veil,233680000,274320000,kro,2,0
400056,Costume: Blue Devil Wig,0,0,,8,0
420377,Costume: Braid Wave,11270000,13230000,kro,2,0
19912,Costume: Cat eye,0,0,,8,0
31921,Costume: Choa Hairstyle (Peach),4600000,5400000,kro,2,0
31431,Costume: Curupira Hat,0,0,,8,0
31423,Costume: Cute Bear Bear Balloon (Brown),0,0,,8,0
410146,Costume: De Vries Minimi,0,0,,8,0
400278,Costume: Drooping Omega,0,0,,8,0
410149,Costume: Eisen Werner Minimi,0,0,,8,0
480117,Costume: Electric Guitar Of Phen,0,0,,8,0
410147,Costume: Elena Volkova Minimi,24380000,28620000,kro,2,0
410148,Costume: Elumina Minimi,0,0,,8,0
31057,Costume: Eremes' Scarf (Black),57500000,67500000,kro,2,0
410192,Costume: Evil Minimi,41400000,48600000,kro,2,0
20597,Costume: Evil Scythe,0,0,,8,0
19877,Costume: Eyes Of Darkness,138000000,162000000,kro,2,0
400214,Costume: Faith of Yggdrasl,0,0,,8,0
31583,Costume: Firefly Spirit Light,0,0,,8,0
31497,Costume: Flowery Vision,119600000,140400000,kro,2,0
400725,Costume: Ghost Ship Captain Hat,10580000,12420000,kro,2,0
410193,Costume: Gularing Mini-Me,0,0,,8,0
20344,Costume: Happy Balloon,0,0,,8,0
31558,Costume: Hoplite Helmet Black,0,0,,8,0
20593,Costume: Ice Wings,110400000,129600000,kro,2,0
440017,Costume: Jormungandr Church Cape,34040000,39960000,kro,2,0
410188,Costume: King Mini-Me,0,0,,8,0
480618,Costume: Knight's Greatsword,0,0,,8,0
31143,Costume: Krathong Crown,0,0,,8,0
31093,Costume: Lamp of Fairy,11960000,14040000,kro,2,0
410206,Costume: Lehar Minimi,0,0,,8,0
20586,Costume: Loli Ruri's Crescent,0,0,,8,0
31584,Costume: Marin's Muffler,0,0,,8,0
410205,Costume: Marlbron Minimi,0,0,,8,0
20988,Costume: Mechanical Butterfly,0,0,,8,0
31532,Costume: Neev Barrette,0,0,,8,0
410144,Costume: Omega Golf Bag,0,0,,8,0
31535,Costume: Pink Poo Poo Hat,0,0,,8,0
5977,Costume: Poker Card In Mouth,0,0,,8,0
420163,Costume: Protect Cloth,0,0,,8,0
400057,Costume: Red Lotus Demon Wig,0,0,,8,0
480617,Costume: Royal Knight's Greatsword,0,0,,8,0
480616,Costume: Royal Knight's Rune Sword,0,0,,8,0
31032,Costume: Sailing Lumin,0,0,,8,0
20599,Costume: Sakura Wings,248400000,291600000,kro,2,0
31430,Costume: Seppl Hat,0,0,,8,0
410190,Costume: Seyren Mini-Me,75900000,89100000,kro,2,0
31587,Costume: Skoi Rider,0,0,,8,0
410191,Costume: Spica Nerius Minimi,0,0,,8,0
31340,Costume: Straight Pony (Black),0,0,,8,0
31334,Costume: Straight Pony (Blue),0,0,,8,0
31335,Costume: Straight Pony (Brown),0,0,,8,0
31338,Costume: Straight Pony (Green),0,0,,8,0
31337,Costume: Straight Pony (Purple),0,0,,8,0
31336,Costume: Straight Pony (Red),0,0,,8,0
31333,Costume: Straight Pony (White),0,0,,8,0
31339,Costume: Straight Pony (Yellow),0,0,,8,0
18921,Costume: Tarnished Lamp,0,0,,11,0
420376,Costume: Traditor's Low Tail,57500000,67500000,kro,2,0
31305,Costume: Walking Poring,0,0,,8,0
31626,Costume: Wing of Harmony,78200000,91800000,kro,2,0
410364,Costume: Wisdom Core Headphones,47840000,56160000,kro,2,0
400717,Costume: Yakgwa Headband,9200000,10800000,kro,2,0
430010,Costume: Yorker Hood,11500000,13500000,kro,2,0
6697,Costumes Exchange Coupons,8188000,9612000,kro,4,0
300605,Cotness Card,0,0,,6,3
7050,Cotton Mat,0,0,,12,0
2301,Cotton Shirt,8,12,kro,22,0
2302,Cotton Shirt,184000,216000,kro,4,0
25233,Cotton Tufts,920,1050,npc,12,0
13056,Counter Dagger,0,0,,8,0
13060,Counter Dagger,0,0,,8,0
13073,Counter Dagger,0,0,,8,0
973,Counteragent,212000,249000,ragnastats,11,3
7578,Countermagic Crystal,48000,56500,estimate,12,0
18646,Cow Hat,6900000,8100000,ragnastats,2,0
6119,Cow Leather,0,0,,12,0
22658,Cow Steamed Ribs,17,24,npc,12,3
13003,Cowardice Blade,43000,50500,npc,8,0
13004,Cowardice Blade,5450,6400,ragnastats,8,0
5075,Cowboy Hat,644000,756000,ragnastats,4,0
18669,Cowhide Hat,0,0,,8,0
27179,Coyote Card,874000,1026000,kro,4,3
16559,CP Armor Scroll10,0,0,,12,0
16557,CP Helm Scroll10,0,0,,12,0
16561,CP Scroll Package,0,0,,12,0
16558,CP Shield Scroll10,0,0,,12,0
16560,CP Weapon Scroll10,0,0,,12,0
4153,Crab Card,59500,69500,ragnastats,6,3
964,Crab Shell,76,100,ragnastats,51,18
733,Cracked Diamond,5400,6350,ragnastats,51,3
4296,Cramp Card,1380000,1620000,kro,2,3
4849,Cranial Level 1,0,0,,6,0
24052,Cranial Shield (Shadow),1,2,npc,12,0
1270079,Crater Shadow Earring,92000,108000,kro,4,0
1270080,Crater Shadow Pendant,173500,204000,kro,4,0
24571,Crazy Shadow Earring,2530000,2970000,kro,2,0
24570,Crazy Shadow Pendant,2760000,3240000,kro,2,0
24569,Crazy Shadow Weapon,3680000,4320000,kro,2,0
23744,Cream Noodles,0,0,,12,0
12064,Cream Sandwich,3650,4300,kro,12,6
4040,Creamy Card,547000,642500,kro,5,3
4298,Creamy Fear Card,276000,324000,ragnastats,4,3
7874,Create Monster Scroll,0,0,,12,0
310929,Creative of Varmundt Lv1,0,0,,6,0
310930,Creative of Varmundt Lv2,0,0,,6,0
310932,Creative of Varmundt Lv3,0,0,,6,0
24762,Creative Shadow Shield,9200000,10800000,kro,2,0
24761,Creative Shadow Weapon,3680000,4320000,kro,2,0
311015,Creative Stone (Dual),6440000,7560000,kro,2,0
1000676,Creative Stone (Dual),6440000,7560000,kro,4,0
4563,Creator Flamel Card,552000000,648000000,kro,2,0
29466,Creator Stone (Bottom),2116000,2484000,kro,2,0
25452,Creator Stone (Lower),2116000,2484000,kro,4,0
25451,Creator Stone (Middle),644000,756000,kro,7,0
29465,Creator Stone (Middle),644000,756000,kro,4,0
29464,Creator Stone (Top),2760000,3240000,kro,2,0
25450,Creator Stone (Upper),2760000,3240000,kro,4,0
310264,Creator Stone II (Bottom),3956000,4644000,kro,2,0
310261,Creator Stone II (Garment),4508000,5292000,kro,2,0
1000303,Creator Stone II (Lower),3956000,4644000,kro,4,0
310263,Creator Stone II (Middle),460000,540000,kro,4,0
1000302,Creator Stone II (Middle),460000,540000,kro,7,0
310262,Creator Stone II (Top),2668000,3132000,kro,2,0
1000301,Creator Stone II (Upper),2668000,3132000,kro,4,0
1001128,Creed of Herosria,0,0,,12,3
18111,Creeper Bow,367500,431500,kro,7,0
31019,Creepy Demon Card,889500,1044000,estimate,4,3
16693,Crescent Helm Box,0,0,,12,0
16694,Crescent Helm Box,0,0,,12,0
1466,Crescent Scythe,1380000,1620000,kro,3,0
1476,Crescent Scythe,1380000,1620000,kro,2,0
2173,Crescent Wrist Guard,37000,43500,npc,8,0
24912,Crescive Shadow Armor,1656000,1944000,kro,2,0
24913,Crescive Shadow Shoes,1380000,1620000,kro,2,0
5048,Cresent Hairpin,3926500,4609500,ragnastats,2,0
7356,Crest Piece,22500,26500,ragnastats,36,6
7357,Crest Piece,8450,9900,ragnastats,36,3
7358,Crest Piece,6250,7300,ragnastats,36,3
7359,Crest Piece,7750,9050,ragnastats,36,3
312032,Cri + 25,0,0,,6,0
4926,Cri 1Lv,0,0,,6,0
4939,CRI Lv2,0,0,,6,0
4940,CRI Lv3,0,0,,6,0
4941,CRI Lv4,0,0,,6,0
6716,CRI Stone (Upper),9539000,11198000,ragnastats,2,0
29241,Cri+10,0,0,,6,0
4764,CRI+5,0,0,,6,0
4765,CRI+7,0,0,,6,0
570036,Crime Violin,0,0,,8,0
580037,Crime Whip,0,0,,8,0
28604,Crimson Bible,368000,432000,kro,4,0
13102,Crimson Bolt,16500,19000,npc,8,0
13103,Crimson Bolt,16500,19000,npc,8,0
19245,Crimson Booster,13800000,16200000,kro,2,0
18130,Crimson Bow,207000,243000,kro,4,0
28705,Crimson Dagger,92000,108000,kro,4,0
22089,Crimson Gaiter,0,0,,8,0
1001978,Crimson Hal,0,0,,12,3
13327,Crimson Huuma Shuriken,450500,529000,kro,4,0
28007,Crimson Katar,128500,151000,kro,4,0
1839,Crimson Knuckles,92000,108000,kro,4,0
1498,Crimson Lance,82500,97000,kro,8,0
22034,Crimson Leggings,0,0,,8,0
16040,Crimson Mace,63500,75000,kro,8,0
470127,Crimson Magic Boots,0,0,,8,0
470199,Crimson Magic Boots-LT,0,0,,8,0
1001659,Crimson Magic Stone,18000,21500,kro,12,3
490451,Crimson Necklace,0,0,,8,0
2597,Crimson Poncho,0,0,,8,0
13127,Crimson Revolver,119500,140000,kro,4,0
15027,Crimson Robe,260000,305500,estimate,4,0
1680,Crimson Rod,368000,432000,kro,4,0
32302,Crimson Rose,0,0,,8,0
100404,Crimson Rose Modification Cube,0,0,,12,0
26158,Crimson Rose Stick,460000,540000,kro,4,0
26168,Crimson Rose Stick,460000,540000,sibling,4,0
23819,Crimson Rose SynthesisBox,460000,540000,kro,7,3
800013,Crimson Rose-LT,0,0,,8,0
13454,Crimson Saber,92000,108000,kro,4,0
24518,Crimson Shadow Armor,644000,756000,kro,4,0
24519,Crimson Shadow Shield,1610000,1890000,kro,2,0
24520,Crimson Shadow Shoes,736000,864000,kro,4,0
1443,Crimson Spear,116000,136000,kro,4,0
2009,Crimson Staff,0,0,,8,0
28106,Crimson Two-Handed Axe,82500,97000,kro,8,0
2025,Crimson Two-Handed Staff,276000,324000,kro,4,0
21015,Crimson Two-Handed Sword,92000,108000,kro,4,0
1939,Crimson Violin,276000,324000,kro,4,0
29226,Crimson Wave Effect,0,0,,6,0
1995,Crimson Whip,92000,108000,kro,4,0
2861,Crismon Orb,575000,675000,estimate,4,0
2469,Crismons Shoes,1109500,1303000,ragnastats,2,0
1002678,Crispy Yongjirak Meat,3550,4200,kro,12,0
28342,Critical Anklet,0,0,,8,0
310383,Critical Damage Lv.1,0,0,,6,0
310384,Critical Damage Lv.2,0,0,,6,0
310385,Critical Damage Lv.3,0,0,,6,0
310386,Critical Damage Lv.4,0,0,,6,0
310387,Critical Damage Lv.5,0,0,,6,0
15280,Critical Hit Shadow Armor,0,0,,12,0
24032,Critical Hit Shadow Weapon,690000,810000,kro,7,0
24738,Critical Hit Weapon Shadow,46000000,54000000,kro,2,0
313725,Critical Rate Stone (Garment),6440000,7560000,kro,2,0
1001938,Critical Rate Stone (Garment),6440000,7560000,kro,4,0
2616,Critical Ring,460000,540000,kro,4,0
2835,Critical Ring,460000,540000,sibling,4,0
2847,Critical Ring,460000,540000,sibling,4,0
2943,Critical Ring,460000,540000,sibling,4,0
24332,Critical Shadow Shield,3220000,3780000,kro,4,0
24333,Critical Shadow Shoes,3910000,4590000,kro,4,0
23874,Critical Shadow SynthesisBox,0,0,,12,3
312197,Critical Soul,0,0,,6,0
25305,Critical Stone (Bottom),828000,972000,kro,7,0
311354,Critical Stone (Dual),66607500,78191000,kro,2,0
1000855,Critical Stone (Dual),66607500,78191000,kro,4,0
25303,Critical Stone (Garment),11040000,12960000,kro,4,0
25060,Critical Stone (Middle),793500,931500,kro,7,0
25304,Critical Stone (Upper),644000,756000,kro,7,0
23669,CriticalHit Mix,0,0,,12,0
24030,Critital Shadow Armor,4600000,5400000,kro,4,0
1647,Croce Staff,92000,108000,kro,7,0
5036,Cross Hat,4239500,4977000,ragnastats,2,0
2130,Cross Shield,460000,540000,kro,7,0
24625,Cross Shuriken Shadow Earring,0,0,,8,0
24626,Cross Shuriken Shadow Pendant,13800000,16200000,kro,2,0
24627,Cross Shuriken Shadow Shoes,1840000,2160000,kro,2,0
310458,Cross Slash Lv.1,0,0,,6,0
310459,Cross Slash Lv.2,0,0,,6,0
310460,Cross Slash Lv.3,0,0,,6,0
310461,Cross Slash Lv.4,0,0,,6,0
310462,Cross Slash Lv.5,0,0,,6,0
1710,Crossbow,14000,16500,npc,8,0
1711,Crossbow,14000,16500,npc,8,0
1712,Crossbow,0,0,,8,0
300267,Crow Baron Card,1932000,2268000,kro,2,3
300268,Crow Duke Card,1380000,1620000,kro,2,3
16451,Crow Hat Box,0,0,,12,0
5933,Crow Tengu Mask,0,0,,11,0
2235,Crown,46000,54000,kro,11,0
5165,Crown,455000,534500,kro,4,0
5080,Crown of Ancient Queen,4082500,4792500,ragnastats,2,0
400648,Crown of Ashes,0,0,,8,0
400110,Crown of Beelzebub,11500000,13500000,kro,2,0
5564,Crown of Deceit,0,0,,11,0
400383,Crown of Good and Evil (Abyss Chaser),3220000,3780000,kro,2,0
400376,Crown of Good and Evil (Arch Mage),0,0,,8,0
400381,Crown of Good and Evil (Biolo),0,0,,8,0
400378,Crown of Good and Evil (Cardinal),0,0,,8,0
400374,Crown of Good and Evil (Dragon Knight),8878000,10422000,kro,2,0
400377,Crown of Good and Evil (Elemental Master),3680000,4320000,kro,2,0
400389,Crown of Good and Evil (Hyper Novice),0,0,,8,0
400375,Crown of Good and Evil (Imperial Guard),0,0,,8,0
400379,Crown of Good and Evil (Inquisitor),0,0,,8,0
400380,Crown of Good and Evil (Meister),920000,1080000,kro,2,0
400393,Crown of Good and Evil (Night Watch - Gatling Gun),0,0,,8,0
400391,Crown of Good and Evil (Night Watch - GL),0,0,,8,0
400392,Crown of Good and Evil (Night Watch - Revolver),0,0,,8,0
400395,Crown of Good and Evil (Night Watch - Rifle),0,0,,8,0
400394,Crown of Good and Evil (Night Watch - Shotgun),0,0,,8,0
102084,Crown of Good and Evil (Night Watch) Selection Box,0,0,,12,0
400382,Crown of Good and Evil (Shadow Cross),0,0,,8,0
400386,Crown of Good and Evil (Shinkiro & Shiranui),920000,1080000,kro,2,0
400387,Crown of Good and Evil (Sky Emperor),920000,1080000,kro,2,0
400388,Crown of Good and Evil (Soul Ascetic),0,0,,8,0
400390,Crown of Good and Evil (Spirit Handler),0,0,,8,0
400385,Crown of Good and Evil (Trouvere & Troubadour),0,0,,8,0
400384,Crown of Good and Evil (Windhawk),0,0,,8,0
102074,Crown of Good and Evil Box,5372500,6307000,kro,4,3
1001581,Crown of Good and Evil Coupon,10672000,12528000,kro,4,3
102075,Crown of Good and Evil Smelting Hammer,13800000,16200000,kro,4,3
5081,Crown of Mistress,4140000,4860000,kro,2,0
312048,Crown of Wisdom,0,0,,6,0
5417,Crown Parrots,0,0,,8,0
313142,CRT Assistance,0,0,,6,0
313143,CRT Enforcement,0,0,,6,0
311084,CRT Lv1,0,0,,6,0
311085,CRT Lv2,0,0,,6,0
100457,CRT Reduction Potion,0,0,,12,0
312194,CRT+3,0,0,,6,0
6780,Crucian Carp,0,0,,12,3
25279,Crude Ammo,4450,5250,estimate,12,18
1000947,Crude Glasses,0,0,,12,3
25281,Crude Scimitar,9500,11000,estimate,12,18
4297,Cruiser Card,953500,1119500,ragnastats,2,3
5107,Crunch Toast,13500,16000,ragnastats,8,0
101932,Crusade Rune Enchantment,0,0,,12,0
24270,Crusader Shadow Armor,7728000,9072000,kro,4,0
24257,Crusader Shadow Shoes,1840000,2160000,kro,4,0
7405,Crushed Can,0,0,,12,0
6751,Crushed Can Iron Plate,4600,5400,kro,12,18
300386,Crushing,0,0,,6,0
300425,Crux Card,0,0,,6,3
300426,Crux Findel Card,3358000,3942000,kro,2,3
18730,Cryptura Academy Hat,46000,54000,ragnastats,8,0
1754,Crystal Arrow,4,6,ragnastats,12,0
12012,Crystal Arrow Quiver,4600,5400,ragnastats,54,3
32295,Crystal Blade Necklace,0,0,,8,0
32296,Crystal Blade Necklace,0,0,,8,0
991,Crystal Blue,2300,2700,kro,76,36
7321,Crystal Fragment,2300,2700,kro,51,36
1270091,Crystal Illusion Shadow Earring,276000,324000,kro,4,0
1270092,Crystal Illusion Shadow Pendant,368000,432000,kro,4,0
311038,Crystal Impact Tuning Device,0,0,,6,0
747,Crystal Mirror,10500,12500,ragnastats,51,6
7799,Crystal of Darkness,46000,54000,kro,18,0
2407,Crystal Pumps,141500,166000,ragnastats,7,0
2494,Crystal Pumps,141500,166000,sibling,4,0
490257,Crystal Ring,0,0,,8,0
311907,Crystalization Resistance,0,0,,6,0
6075,Crystalized Teardrop,6400,7500,estimate,36,6
19347,Cuddly Siamese Cat,0,0,,8,0
1045,Cultish Masque,960,1100,ragnastats,36,36
410271,Cultist's Circlet (Agility),0,0,,8,0
410274,Cultist's Circlet (Dexterity),0,0,,8,0
410273,Cultist's Circlet (Intelligence),0,0,,8,0
410275,Cultist's Circlet (Lucky),0,0,,8,0
410270,Cultist's Circlet (Strength),0,0,,8,0
410272,Cultist's Circlet (Vitality),0,0,,8,0
14674,Cup Of Boza,0,0,,12,0
25376,Cupet Coin,36500,43000,kro,12,0
7975,Cupid Choco,0,0,,12,0
12475,Cure Free,17,24,npc,12,3
4803,Cure1Lv.,0,0,,6,0
12491,Curious Snowball,0,0,,12,0
29722,Curse,0,0,,6,0
27329,Curse Eater King Card,59800000,70200000,kro,2,0
25739,Curse Eroded Crystal,1550,1800,kro,12,0
25740,Curse Eroded Gemstone,1800,2100,kro,12,0
490259,Curse Magic Ring,0,0,,8,0
490378,Curse of Maebia Book,0,0,,8,0
22119,Curse-Spell Boots,0,0,,8,0
15173,Curse-Spell Mail,0,0,,8,0
20818,Curse-Spell Manteau,0,0,,8,0
28518,Curse-Spell Ring,0,0,,8,0
1761,Cursed Arrow,16,22,ragnastats,12,0
6004,Cursed Baphomet Doll,92000,108000,kro,7,3
23546,Cursed Blood,736000,864000,kro,7,0
18752,Cursed Book,20700000,24300000,kro,2,0
23080,Cursed Crystal,1,2,npc,12,36
1241,Cursed Dagger,66000,77500,npc,8,0
450427,Cursed Diabolical Armor,0,0,,8,0
23016,Cursed Fragment,9150,10500,kro,18,18
2728,Cursed Hand,2660000,3122500,ragnastats,3,0
2893,Cursed Heart,0,0,,8,0
28942,Cursed Knight's Shield,172500000,202500000,kro,2,0
23538,Cursed Knight's Shield Box,0,0,,12,3
23887,Cursed Knight's Shield SynthesisBox,3634000,4266000,kro,4,3
28358,Cursed Lucky Clover,0,0,,8,0
1741,Cursed Lyre,29500,34500,ragnastats,11,0
28901,Cursed Mad Bunny,8602000,10098000,kro,2,0
460089,Cursed Prince Guard,0,0,,8,0
27387,Cursed Raydric Archer Card,0,0,,6,0
27386,Cursed Raydric Card,46000,54000,kro,6,0
724,Cursed Ruby,11500,13500,kro,51,6
7442,Cursed Seal,8600,10000,kro,36,6
27388,Cursed Servant Card,0,0,,6,0
2748,Cursed Star,4410000,5177000,ragnastats,2,0
28349,Cursed Star,4410000,5177000,sibling,2,0
12020,Cursed Water,6400,7550,kro,54,36
27122,Curupira Card,604500,709500,estimate,4,3
18857,Curupira Hat,0,0,,8,0
13405,Curved Sword,92500,108500,ragnastats,7,0
5440,Cute Blue Ribbon,380,515,npc,8,0
25506,Cute Broom,2300,2700,kro,12,0
6606,Cute Cart Remodel Coupon,0,0,,12,0
450180,Cute Frog Raincoat,0,0,,8,0
28381,Cute Grass Necklace,184000,216000,kro,4,0
28578,Cute Grass Necklace,184000,216000,sibling,4,0
5438,Cute Green Ribbon,380,515,npc,8,0
470025,Cute Little Boar Shoes,0,0,,8,0
470026,Cute Little Boar Shoes,0,0,,8,0
5439,Cute Red Ribbon,380,515,npc,8,0
2250,Cute Ribbon,3680000,4320000,kro,2,0
596,Cute Strawberry-Choco,2650,3100,ragnastats,12,0
5441,Cute White Ribbon,380,515,npc,8,0
27146,CUTIE Card,0,0,,6,0
27152,Cutie Card,104624500,122820000,estimate,2,0
1135,Cutlus,153000,179500,estimate,4,0
13400,Cutlus,0,0,,8,0
13426,Cutlus,0,0,,8,0
13429,Cutlus,0,0,,8,0
16425,Cutlus Box,0,0,,12,0
1204,Cutter,1000,1200,npc,8,0
1205,Cutter,1000,1200,npc,8,0
1206,Cutter,745,1000,ragnastats,8,0
17628,Cyborg Lucky Egg,0,0,,12,0
13151,Cyclone,14000,17000,npc,8,0
13152,Cyclone,14000,17000,npc,11,0
5135,Cyclop's Eye,0,0,,8,0
12592,Cyclops Box1,0,0,,12,0
12593,Cyclops Box2,0,0,,12,0
12594,Cyclops Box3,0,0,,12,0
7053,Cyfar,1350,1600,kro,76,72
470060,Cylinder Boots,0,0,,8,0
470061,Cylinder Boots,0,0,,8,0
19125,Cylinder Hairband,0,0,,8,0
6421,D Grade Coin,0,0,,12,0
12620,D Grade Coin Bag,17,24,npc,12,3
901,Daenggie,465,630,kro,54,18
1213,Dagger,11500,13500,npc,8,0
1214,Dagger,3750,4450,ragnastats,8,0
1215,Dagger,3750,4450,sibling,8,0
1242,Dagger of Counter,690000,810000,kro,7,0
28724,Dagger of Evil,0,0,,8,0
13038,Dagger of Hunter,138000,162000,kro,4,0
1590,Daizenshu Dakatsu,0,0,,8,0
1598,Daizenshu Dakatsu,0,0,,8,0
25668,Damaged Weapon,32000,37500,kro,12,0
1222,Damascus,40500,47500,npc,8,0
1226,Damascus,17000,20000,ragnastats,11,0
4392,Dame of Sentinel Card,368000,432000,kro,4,3
24193,Damned Shadow Armor,1,2,npc,12,0
24205,Damned Shadow Shield,874000,1026000,kro,7,0
6100,Damp Darkness,645,875,ragnastats,12,3
2465,Dance Shoes,373500,438500,estimate,7,0
24281,Dancer Shadow Armor,0,0,,12,0
24268,Dancer Shadow Shoes,0,0,,12,0
31021,Dancing Marionette Card,3680000,4320000,kro,2,3
1000513,Dangerous Acid,10500,12500,estimate,36,36
1000883,Dangerous Relic,0,0,,12,0
12025,Dano Festival Egg,0,0,,12,0
12026,Dano Festival Egg,0,0,,12,0
18605,Dark Age,0,0,,8,0
700066,Dark Angel Ray Bow,0,0,,8,0
29695,Dark Attribute (Weapon),0,0,,6,0
5808,Dark Bacilium,92000,108000,kro,4,0
100796,Dark Bible,92000,108000,kro,7,3
5104,Dark Blinder,36500,43000,kro,11,0
18609,Dark Blinder,598000,702000,kro,4,0
18002,Dark Cannon Ball,42,58,ragnastats,12,0
100176,Dark Cannon Ball Box,0,0,,12,0
4527,Dark Coelacanth Card,1696500,1992000,estimate,2,3
7315,Dark Crystal Fragment,11500,14000,kro,51,18
27165,Dark Faceworm Card,7360000,8640000,kro,2,3
4170,Dark Frame Card,101000,119000,ragnastats,4,3
4580,Dark Guardian Kades Card,828000000,972000000,kro,2,0
19185,Dark Hand,0,0,,8,0
4169,Dark Illusion Card,3680000,4320000,kro,3,3
9139,Dark Illusion Egg,23920000,28080000,kro,4,0
32117,Dark Illusion Guitar,0,0,,8,0
26221,Dark Illusion Whip,0,0,,8,0
4168,Dark Lord Card,406844000,477600000,kro,2,0
9148,Dark Lord Egg,0,0,,12,0
10042,Dark Mane,0,0,,12,0
7157,Dark Mask,57500,67500,ragnastats,51,36
300411,Dark Meloring Card,0,0,,6,0
22228,Dark Mitsuwa God Shoes,0,0,,8,0
6089,Dark Piece,9200,10500,kro,36,36
4468,Dark Pinguicula Card,1380000,1620000,kro,16,3
4171,Dark Priest Card,782000,918000,kro,32,3
9128,Dark Priest Egg,414000,486000,kro,7,0
18527,Dark Pumpkin-head,6900000,8100000,ragnastats,2,0
15834,Dark Raiden's Sakkat,0,0,,8,0
311411,Dark Resistance +5%,0,0,,6,0
490037,Dark Ring,0,0,,8,0
2898,Dark Rosary,765000,898500,estimate,4,0
13138,Dark Rose,234000,275000,estimate,4,0
4449,Dark Shadow Card,8280000,9720000,kro,2,3
480358,Dark Shadow Scarf,0,0,,8,0
100580,Dark Stone,0,0,,12,0
450214,Dark Triad,0,0,,8,0
979,Darkgreen Dyestuffs,252500,296000,ragnastats,46,3
4920,Darklord Essence Concentration1,0,0,,6,0
4921,Darklord Essence Concentration2,0,0,,6,0
4922,Darklord Essence Concentration3,0,0,,6,0
4908,Darklord Essence Force1,0,0,,6,0
4909,Darklord Essence Force2,0,0,,6,0
4910,Darklord Essence Force3,0,0,,6,0
4911,Darklord Essence Intelligence1,0,0,,6,0
4912,Darklord Essence Intelligence2,0,0,,6,0
4913,Darklord Essence Intelligence3,0,0,,6,0
4923,Darklord Essence Luck1,0,0,,6,0
4924,Darklord Essence Luck2,7949000,9331500,ragnastats,2,0
4925,Darklord Essence Luck3,0,0,,6,0
4914,Darklord Essence Speed1,0,0,,6,0
4915,Darklord Essence Speed2,0,0,,6,0
4916,Darklord Essence Speed3,0,0,,6,0
4917,Darklord Essence Vitality1,317500,373000,ragnastats,4,0
4918,Darklord Essence Vitality2,0,0,,6,0
4919,Darklord Essence Vitality3,0,0,,6,0
4951,Darkness Drop,0,0,,6,0
550115,Darkness Foxtail Model,0,0,,8,0
5653,Darkness Helm,0,0,,8,0
2909,Darkness Ring,0,0,,8,0
540054,Darkness Tablet,0,0,,8,0
6091,Darkred Scale Piece,105500,124000,kro,7,3
28928,David Shield,0,0,,8,0
29132,Dawn,0,0,,6,0
1270102,Dawn Break Shadow Shoes,368000,432000,kro,4,0
1270101,Dawn Break Shot Shadow Armor,552000,648000,kro,4,0
7836,Dawn Essence,1,2,npc,12,3
490463,Dawson Badge,0,0,,8,0
470278,Daybreak Stargazer,0,0,,8,0
2005,Dea Staff,460000,540000,kro,4,0
604,Dead Branch,13500,16000,kro,54,36
1047,Dead Medusa,53500,63000,ragnastats,12,3
1643,Dead Tree Cane,8250,9700,kro,8,0
631,Deadly Noxious Herb,299000,351000,kro,22,3
12550,Deadly Poison Box,920000,1080000,kro,4,6
25277,Deadly Poison Powder,8550,10000,estimate,12,18
1001337,Deadly Poison Specimen of the Depths,4500,5250,kro,12,3
300252,Deadre Card,1380000,1620000,kro,2,3
300442,Deadsera Card,12420000,14580000,kro,11,3
300444,Deadween Card,7543500,8855500,kro,2,3
450252,Death Bringer,0,0,,8,0
1001141,Death Essence,30000,35500,kro,12,3
13192,Death Fire,1035000,1215000,npc,2,0
1186,Death Guidance,46000,54000,kro,8,0
1000643,Death Rune,55000,64500,kro,12,3
1000639,Death Rune Fragment,3850,4500,kro,12,3
300248,Death Witch Card,3894000,4571000,estimate,2,3
4388,Death Word Card,91000,106500,kro,9,3
22679,Death's Chest,32000,37500,kro,12,3
310012,Death's Desire,0,0,,6,0
957,Decayed Nail,680,920,kro,51,72
7218,Decomposed Rope,1250,1500,ragnastats,36,18
31016,Decorated Evil Tree Card,2300000,2700000,kro,2,3
5455,Decorative Geographer,0,0,,8,0
5091,Decorative Golden Bell,3076000,3611000,ragnastats,2,0
5082,Decorative Mushroom,25500,30000,ragnastats,8,0
312413,Decussate Badge,0,0,,6,0
1866,Dedicated Bandage,110000,129500,kro,4,0
18797,Deep Blue Angel Hairband,0,0,,8,0
410079,Deep Blue Sunglasses,404800000,475200000,kro,2,0
410080,Deep Blue Sunglasses,404800000,475200000,kro,2,0
1001295,Deep Cleansing Energy,2650,3100,kro,12,3
1001311,Deep Cleansing Rune,239000,280500,kro,7,3
1001292,Deep Cold Energy,320,435,kro,12,3
1001308,Deep Cold Rune,58000,68500,kro,12,3
1001296,Deep Corruption Energy,1650,1950,kro,12,3
1001312,Deep Corruption Rune,138000,162000,kro,7,3
1001299,Deep Earth Crystal,101000,118500,kro,7,3
1001291,Deep Earth Energy,7350,8600,kro,12,3
1001307,Deep Earth Rune,487500,572000,kro,7,3
1001331,Deep Earth Sample,4400,5150,kro,12,3
1001290,Deep Fire Energy,4100,4850,kro,12,3
1001330,Deep Fire Sample,4500,5250,kro,12,3
1001298,Deep Flame Crystal,63000,74500,kro,12,3
1001332,Deep Frost Sample,4400,5150,kro,12,3
1001300,Deep Ice Crystal,7150,8350,kro,12,3
1001305,Deep Poison Crystal,22500,26500,kro,12,3
1001297,Deep Poison Energy,1700,1950,kro,12,3
1001303,Deep Purification Crystal,31000,36500,kro,12,3
102373,Deep Runic Armor Inscription,0,0,,12,0
25896,Deep Sea Crab,6950,8150,estimate,36,18
25893,Deep Sea Fish's Tail,6950,8150,estimate,36,18
7324,Deep Sea Kraken's Leg,102500,120500,estimate,7,9
25892,Deep Sea Shell,7100,8350,estimate,36,18
25895,Deep Sea Starfish,7050,8250,estimate,36,18
25897,Deep Sea Witch's Crown,103000,121000,estimate,7,9
1001302,Deep Soul Crystal,20000,23500,kro,12,3
1001294,Deep Soul Energy,4300,5050,kro,12,3
1001318,Deep Soul Essence,174500,205000,kro,7,3
1001310,Deep Soul Rune,124000,145500,kro,7,3
1001301,Deep Storm Crystal,6400,7550,kro,12,3
1001293,Deep Storm Energy,250,340,kro,12,3
1001309,Deep Storm Rune,63000,73500,kro,12,3
1001333,Deep Storm Sample,4400,5150,kro,12,3
23243,Deep-fried Chicken,0,0,,12,0
312872,DEF I,0,0,,6,0
312873,DEF II,0,0,,6,0
312874,DEF III,0,0,,6,0
312875,DEF IV,0,0,,6,0
6979,DEF Reactor Blueprint,0,0,,12,0
25001,Def Stone(Middle),0,0,,12,0
4984,DEF SupplementReactor,0,0,,6,0
312876,DEF V,0,0,,6,0
4794,DEF+12,0,0,,6,0
4893,DEF+15,0,0,,6,0
4902,DEF+18,0,0,,6,0
29026,DEF+20,0,0,,6,0
4903,DEF+21,0,0,,6,0
4791,DEF+3,0,0,,6,0
4792,DEF+6,0,0,,6,0
4793,DEF+9,0,0,,6,0
310861,Defense 1Lv,0,0,,6,0
310862,Defense 2Lv,0,0,,6,0
310863,Defense 3Lv,0,0,,6,0
313422,Defense of Yorscalp 1Lv,0,0,,6,0
313423,Defense of Yorscalp 2Lv,0,0,,6,0
313424,Defense of Yorscalp 3Lv,0,0,,6,0
313425,Defense of Yorscalp 4Lv,0,0,,6,0
311923,Defense Stone (Lower),450500,529000,kro,4,0
1001170,Defense Stone (Lower),450500,529000,kro,7,0
311922,Defense Stone (Middle),496500,583000,kro,4,0
1001169,Defense Stone (Middle),496500,583000,kro,7,0
311921,Defense Stone (Upper),460000,540000,kro,4,0
1001168,Defense Stone (Upper),460000,540000,kro,7,0
1318,Deflation Axe,0,0,,8,0
1321,Deflation Axe,0,0,,8,0
1270095,Deft Breaker Shadow Earring,59800000,70200000,kro,2,0
1270096,Deft Breaker Shadow Pendant,55154000,64746000,kro,2,0
6921,Dehumidifiers,11500,14000,kro,12,18
4869,DelayafterAttack1Lv,0,0,,6,0
4872,DelayafterAttack2Lv,0,0,,6,0
4873,DelayafterAttack3Lv,0,0,,6,0
11601,Delicious Anchovy,3650,4300,ragnastats,12,0
1100029,Delicious Dumplings,0,0,,12,0
12624,Delicious Jelly,1250,1450,estimate,12,0
25772,Delicious Juice,13500,16000,estimate,36,6
11616,Delicious Meat,1250,1500,npc,12,0
1100028,Delicious Noodle,0,0,,12,0
1081,Delivery Box,1300,1550,ragnastats,12,0
1082,Delivery Box,1300,1550,sibling,12,0
1083,Delivery Box,1300,1550,sibling,12,0
1091,Delivery Box,1300,1550,sibling,12,0
1072,Delivery Message,0,0,,12,0
24156,Demi-Human Shadow Weapon,1840000,2160000,kro,4,0
18968,Demon Blue Poring Bubble,0,0,,11,0
27322,Demon God's Apostle Ahat Card,1656000,1944000,kro,11,3
27323,Demon God's Apostle Shnaim Card,1748000,2052000,kro,2,3
28505,Demon God's Ring,0,0,,8,0
28602,Demon Hunting Bible,0,0,,8,0
470097,Demon Hunting Shoes,0,0,,8,0
4173,Demon Pungus Card,4822500,5661000,ragnastats,11,3
29141,Demon Sheep's Roar,0,0,,6,0
28256,Demon Slayer Shot,0,0,,8,0
100408,Demon Slayer Shot Modification Cube,0,0,,12,0
820007,Demon Slayer Shot-LT,0,0,,8,0
2948,Demon Wing,0,0,,8,0
19155,Demon's Eyes,0,0,,8,0
410070,Demon's Familiar,0,0,,8,0
560036,Demonic Claw,0,0,,8,0
25780,Demonic Essece,73500,86000,kro,12,18
311075,Demonlord's Calamity,0,0,,6,0
410071,Demons Familiar,0,0,,8,0
12598,Dendeng Balado,0,0,,12,0
22747,Dengeki Shot Cartridge,5150,6050,ragnastats,12,0
7266,Denture from Dragon Mask,1950,2300,ragnastats,36,36
17146,Dep Alice Hat Box,0,0,,12,0
1001304,Depth Corruption Crystal,23000,27000,kro,12,3
1001336,Depth Corruption Sample,4400,5150,kro,12,3
102374,Depth Rune Armor Unengraved,0,0,,12,0
1001334,Depth Soul Sample,4450,5250,kro,12,3
15251,Desert Leather Armor,0,0,,8,0
15252,Desert Leather Robe,0,0,,8,0
15253,Desert Leather Suits,0,0,,8,0
5591,Desert Prince,0,0,,8,0
13034,Desert Twilight,27500,32000,estimate,8,0
4082,Desert Wolf Card,167500,197000,kro,5,3
9129,Desert Wolf Egg,19320000,22680000,kro,4,0
22038,Desired Shoes,0,0,,8,0
27321,Despair God Morocc Card,2536000,2977500,estimate,2,3
470091,Despair Thoughtform Shoes,0,0,,8,0
470092,Despair Thoughtform Shoes,0,0,,8,0
29221,Desperate,0,0,,6,0
490088,Desperate Connections Ring,0,0,,8,0
4397,Despero of Thanatos Card,276000,324000,kro,4,3
640037,Destiny Staff,0,0,,8,0
7069,Destroyed Armor,920,1050,kro,36,36
13160,Destroyer,91000,106500,npc,8,0
13161,Destroyer,91000,106500,npc,8,0
470095,Destroyer Boots,0,0,,8,0
1341,Destruction Axe,0,0,,8,0
12746,Destruction Scroll,0,0,,12,0
310252,Destructive Evil Lv1,0,0,,6,0
310253,Destructive Evil Lv2,0,0,,6,0
310254,Destructive Evil Lv3,0,0,,6,0
310255,Destructive Evil Lv4,0,0,,6,0
310256,Destructive Evil Lv5,0,0,,6,0
4386,Detardeurus Card,71300000,83700000,kro,2,0
2058,Detecting Staff,0,0,,8,0
1001200,Determination of contamination,0,0,,12,3
1051,Detonator,1600,1850,ragnastats,36,6
29051,Detoxify,0,0,,6,0
25065,Detoxify Stone (Lower),0,0,,12,0
971,Detrimindexta,2750,3200,kro,76,6
550021,Deus Ex Machina,0,0,,8,0
4125,Deviace Card,330000,387500,ragnastats,4,3
1000289,Device Capsule,0,0,,12,0
1000352,Device Creation Guide,0,0,,12,0
650033,Devil Claw,0,0,,8,0
500062,Devil Cursed Sword,0,0,,8,0
2029,Devil God's Staff,0,0,,8,0
500072,Devil Guardian Sword,0,0,,8,0
800027,Devil Hunter,0,0,,8,0
840020,Devil Lord Launcher,0,0,,8,0
490013,Devil Ring,0,0,,8,0
18815,Devil School Cap,0,0,,8,0
640036,Devil Wing Staff,0,0,,8,0
22138,Devil Worshipper Shoes,0,0,,8,0
22221,Devil Worshipper Shoes,0,0,,8,0
2166,Devil's Bible Drive,0,0,,8,0
800026,Devil's Bullet,0,0,,8,0
312045,Devil's Claws,0,0,,6,0
480154,Devil's Fire Cloak,0,0,,8,0
19329,Devil's Hand,0,0,,8,0
19028,Devil's Servant,0,0,,8,0
4174,Deviling Card,708000,831500,kro,4,3
22649,Deviling Package,0,0,,12,3
19151,Devilring Balloon,35880000,42120000,kro,2,0
480085,Devils Garment,0,0,,8,0
4122,Deviruchi Card,483000,567000,kro,5,3
9023,Deviruchi Egg,4830000,5670000,kro,5,0
5038,Deviruchi Hat,27500,32000,ragnastats,8,0
18653,Deviruchi Headphone,0,0,,8,0
300533,Devouring Tan Card,0,0,,6,3
630,Dew Laden Moss,92000,108000,kro,22,3
4780,Dex + 1,0,0,,6,0
4781,Dex + 2,0,0,,6,0
4782,Dex + 3,0,0,,6,0
310079,DEX Blessing,0,0,,6,0
12689,Dex Dish20,0,0,,12,0
25010,DEX Exchange Stone(Lower),4140000,4860000,kro,4,0
25007,DEX Exchange Stone(Middle),5111000,6000000,kro,4,0
2921,Dex Glove,62000,72500,npc,8,0
2927,Dex Glove,62000,72500,npc,8,0
312864,DEX I,0,0,,6,0
312865,DEX II,0,0,,6,0
312866,DEX III,0,0,,6,0
312867,DEX IV,0,0,,6,0
22706,DEX Reduction Potion,44000,51500,kro,12,0
15400,DEX Soutane,4600000,5400000,kro,2,0
6948,DEX Stone (Middle),0,0,,6,0
6639,DEX Stone (Upper),8,12,npc,12,0
4720,DEX+1,0,0,,6,0
310778,DEX+1,0,0,,6,0
4729,DEX+10,0,0,,6,0
4721,DEX+2,0,0,,6,0
310779,DEX+2,0,0,,6,0
4722,DEX+3,0,0,,6,0
29019,DEX+3 AGI-3,0,0,,6,0
29018,DEX+3 VIT-3,0,0,,6,0
4723,DEX+4,0,0,,6,0
4724,DEX+5,0,0,,6,0
4725,DEX+6,0,0,,6,0
4726,DEX+7,0,0,,6,0
4727,DEX+8,0,0,,6,0
4728,DEX+9,0,0,,6,0
310916,Dexterity,0,0,,6,0
24037,Dexterous Shadow Armor,1,2,npc,12,0
24043,Dexterous Shadow Weapon,8740000,10260000,kro,4,0
480228,Dia de Muertos,0,0,,8,0
4182,Diabolic Card,414000,486000,kro,4,3
9036,Diabolic Egg,46000000,54000000,kro,4,0
9097,Diabolic Egg,46000000,54000000,kro,4,0
12787,Diabolic Scroll,0,0,,12,0
2375,Diabolus Armor,252500,296500,estimate,4,0
2433,Diabolus Boots,115000,135000,kro,4,0
2537,Diabolus Manteau,92000,108000,kro,4,0
2729,Diabolus Ring,1916500,2250000,estimate,2,0
2374,Diabolus Robe,368000,432000,kro,7,0
19495,Diabolus Wing,0,0,,8,0
410304,Diabolus Wing,0,0,,8,0
5875,Diadem Of Bruenhild,0,0,,8,0
400455,Diadem Of Bruenhild,0,0,,8,0
2613,Diamond Ring,37000,43500,npc,11,0
1270119,Diamond Shadow Earring,690000,810000,kro,4,0
1270120,Diamond Shadow Pendant,736000,864000,kro,4,0
28920,Diamond Shield,0,0,,8,0
12844,Diamond Treasure Box,0,0,,12,0
15430,Diana Coat,0,0,,8,0
450388,Diana Suit-LT,0,0,,8,0
1581,Diary Of Great Sage,0,0,,8,0
1582,Diary Of Great Sage,0,0,,8,0
5496,Dice Hat,0,0,,8,0
490084,Dictator Earrings,0,0,,8,0
480256,DID Cape,0,0,,8,0
4554,Diego Card,0,0,,6,3
20711,Diego Shawl,0,0,,8,0
300603,Dien Card,0,0,,6,3
11511,Diet Coca Cola,0,0,,12,0
7254,Digital Picture Printing Coupon,0,0,,12,0
300230,Diligent Andre Card,276000,324000,kro,4,3
300232,Diligent Andre Larva Card,772500,907000,kro,4,0
300233,Diligent Deniro Card,919500,1079500,kro,4,3
300234,Diligent Piere Card,86000,101500,kro,6,3
300231,Diligent Soldier Andre Card,1633000,1917000,kro,2,3
300238,Diligent Vitata Card,1748000,2052000,kro,2,3
102228,Dim Glaceon Armor Enhancer,3992500,4687000,kro,4,3
450270,Dim Glacier Armor,92000,108000,kro,4,0
520021,Dim Glacier Axe,184000,216000,kro,4,0
510076,Dim Glacier Basic Knife,184000,216000,kro,4,0
500055,Dim Glacier Basic Sword,184000,216000,kro,4,0
540056,Dim Glacier Book,920000,1080000,kro,2,0
470197,Dim Glacier Boots,91000,106500,kro,8,0
700059,Dim Glacier Bow,690000,810000,kro,4,0
550090,Dim Glacier Foxtail,276000,324000,kro,4,0
830015,Dim Glacier Gatling Gun,322000,378000,kro,4,0
840010,Dim Glacier Grenade Launcher,184000,216000,kro,4,0
650028,Dim Glacier Huuma Shuriken,4600000,5400000,kro,2,0
610041,Dim Glacier Katar,321500,377500,kro,4,0
560037,Dim Glacier Knuckle,552000,648000,kro,4,0
630019,Dim Glacier Lance,133000,156500,kro,4,0
590047,Dim Glacier Mace,230000,270000,kro,4,0
480283,Dim Glacier Manteau,92000,108000,kro,4,0
620019,Dim Glacier Mechanic Axe,170000,199500,kro,4,0
590048,Dim Glacier Mechanic Mace,368000,432000,kro,4,0
480284,Dim Glacier Muffler,92000,108000,kro,4,0
800015,Dim Glacier Pistol,82500,97000,kro,8,0
101637,Dim Glacier Reinforcement Device,6900000,8100000,kro,4,3
810015,Dim Glacier Rifle,92000,108000,kro,4,0
450271,Dim Glacier Robe,92000,108000,kro,4,0
510075,Dim Glacier Rogue Knife,920000,1080000,kro,2,0
470198,Dim Glacier Shoes,82500,97000,kro,8,0
820011,Dim Glacier Shotgun,161000,189000,kro,4,0
530034,Dim Glacier Spear,506000,594000,kro,4,0
640034,Dim Glacier Staff,460000,540000,kro,4,0
500054,Dim Glacier Sword,253000,297000,kro,4,0
600030,Dim Glacier Two-handed Sword,276000,324000,kro,4,0
570032,Dim Glacier Violin,828000,972000,kro,4,0
550089,Dim Glacier Wand,874000,1026000,kro,4,0
580033,Dim Glacier Whip,460000,540000,kro,4,0
101816,Dimension Enhancer,0,0,,12,0
490336,Dimension Linkage Stone,0,0,,8,0
313947,Dimension World Crystal (Death),0,0,,6,0
313946,Dimension World Crystal (Earth),0,0,,6,0
313908,Dimension World Crystal (Fighting Spirit),0,0,,6,0
313944,Dimension World Crystal (Flame),0,0,,6,0
313945,Dimension World Crystal (Frozen),0,0,,6,0
313941,Dimension World Crystal (Good and Evil),0,0,,6,0
313942,Dimension World Crystal (Immortal),0,0,,6,0
313939,Dimension World Crystal (Life),0,0,,6,0
313948,Dimension World Crystal (Poison),0,0,,6,0
313920,Dimension World Crystal (Pride),0,0,,6,0
313914,Dimension World Crystal (Prudence),0,0,,6,0
313940,Dimension World Crystal (Regiment),0,0,,6,0
313926,Dimension World Crystal (Sageness),0,0,,6,0
313943,Dimension World Crystal (Vain),0,0,,6,0
313932,Dimension World Crystal (Volition),0,0,,6,0
313938,Dimension World Crystal (Will),0,0,,6,0
1001414,Dimensional Crystal Fragment,1350,1600,kro,12,3
102420,Dimensional Crystal Music Box,4600000,5400000,kro,4,0
101746,Dimensional Enchantment Box,0,0,,12,0
1001093,Dimensional Jewel,0,0,,12,3
1001091,Dimensional Jewel Decoration Fragment,0,0,,12,3
1001090,Dimensional Jewel Fragment,0,0,,12,3
1001094,Dimensional Jewelry,0,0,,12,3
1002841,Dimensional Land Card Shard,869000,1020500,kro,7,0
1002334,Dimensional Magic Scroll,6200,7250,kro,12,3
105417,Dimensional Tuning (Baregun Crossbow),1840000,2160000,kro,4,0
105416,Dimensional Tuning (Ispetar),9200000,10800000,kro,4,0
1002842,Dimensional Volcano Card Shard,736000,864000,kro,7,0
490276,Dimensional Wanderer's Key,0,0,,8,0
490278,Dimensional Wanderer's Keyring,0,0,,8,0
490277,Dimensional Wanderer's Lock,0,0,,8,0
700092,Dimensions Abyss Bow,0,0,,8,0
510139,Dimensions Abyss Knife,0,0,,8,0
640050,Dimensions Arch Rod,368000,432000,kro,4,0
640049,Dimensions Arch Staff,460000,540000,kro,4,0
590080,Dimensions Biological Scepter,828000,972000,kro,4,0
500093,Dimensions Biological Sword,506000,594000,kro,4,0
630041,Dimensions Dragon Lance,1150000,1350000,kro,2,0
600054,Dimensions Dragon Sword,460000,540000,kro,4,0
540079,Dimensions Elemental Magic Book,460000,540000,kro,4,0
540080,Dimensions Elemental Spell Book,0,0,,8,0
540082,Dimensions Emperor Moon Book,0,0,,8,0
540083,Dimensions Emperor Sun Book,460000,540000,kro,4,0
550133,Dimensions Hyper Rod,230000,270000,kro,4,0
500094,Dimensions Hyper Sword,1840000,2160000,kro,2,0
530054,Dimensions Imperial Spear,460000,540000,kro,4,0
500092,Dimensions Imperial Sword,828000,972000,kro,4,0
560061,Dimensions Judgment Claw,828000,972000,kro,4,0
560060,Dimensions Judgment Knuckle,552000,648000,kro,4,0
620037,Dimensions Machanical Axe,0,0,,8,0
590079,Dimensions Mechanical Mace,322000,378000,kro,4,0
650046,Dimensions Moonlight Huuma Shuriken,460000,540000,kro,4,0
650047,Dimensions Moonlight Wheel Shuriken,276000,324000,kro,4,0
570063,Dimensions Musical Harp,230000,270000,kro,4,0
580061,Dimensions Musical Ribbon,460000,540000,kro,4,0
580062,Dimensions Musical Rope,460000,540000,kro,4,0
570062,Dimensions Musical Violin,0,0,,8,0
840032,Dimensions Night Launcher,0,0,,8,0
810040,Dimensions Night Rifle,184000,216000,kro,4,0
540081,Dimensions Saint Bible,0,0,,8,0
550130,Dimensions Saint Rod,460000,540000,kro,4,0
610065,Dimensions Shadow Chakram,506000,594000,kro,4,0
610064,Dimensions Shadow Katar,690000,810000,kro,4,0
550132,Dimensions Soul Rod,1380000,1620000,kro,2,0
550131,Dimensions Soul Stick,1380000,1620000,kro,2,0
550134,Dimensions Spirit Foxtail,391000,459000,kro,4,0
550135,Dimensions Spirit Foxtail Model,0,0,,8,0
102668,Dimensions Weapon Refinement Device,67500,79000,kro,12,3
700094,Dimensions Wind Bow,644000,756000,kro,4,0
700093,Dimensions Wind Crossbow,506000,594000,kro,4,0
4370,Dimik Card,73500,86000,kro,6,3
23556,Dinner for Hunter,0,0,,12,0
27250,Dio Anemos Card,920000,1080000,kro,2,3
300614,Diosa Card,1380000,1620000,kro,2,3
1210,Dirk,7000,8250,npc,8,0
1211,Dirk,7000,8250,npc,8,0
1212,Dirk,0,0,,8,0
300432,Disarm Lv.1,0,0,,6,0
300433,Disarm Lv.2,0,0,,6,0
300434,Disarm Lv.3,0,0,,6,0
300435,Disarm Lv.4,0,0,,6,0
300436,Disarm Lv.5,0,0,,6,0
470030,Discord Thoughtform Shoes,0,0,,8,0
470031,Discord Thoughtform Shoes,0,0,,8,0
4181,Disguise Card,1840000,2160000,kro,2,3
300244,Disguiser Card,726500,853000,kro,4,3
12720,Disheart,13500,16000,ragnastats,12,3
470058,Disillusion Thoughtform Shoes,0,0,,8,0
470059,Disillusion Thoughtform Shoes,0,0,,8,0
300448,Dispol Card,26680000,31320000,kro,2,3
682,Distilled Fighting Spirit,1,2,npc,12,18
1320,Diva Axe,0,0,,8,0
13466,Diva Blade,0,0,,8,0
26201,Diva Blade Whip,0,0,,8,0
28609,Diva Book,0,0,,8,0
1842,Diva Claw,0,0,,8,0
21026,Diva Claymore,0,0,,8,0
28722,Diva Dagger,0,0,,8,0
26143,Diva Foxtail,0,0,,8,0
28229,Diva Gatling Gun,0,0,,8,0
13140,Diva Handgun,0,0,,8,0
13333,Diva Huuma,0,0,,8,0
28018,Diva Katar,0,0,,8,0
26004,Diva Lance,0,0,,8,0
28231,Diva Launcher,0,0,,8,0
16058,Diva Mace,0,0,,8,0
20827,Diva Manteau,0,0,,8,0
28227,Diva Rifle,0,0,,8,0
15187,Diva Robe,0,0,,8,0
22127,Diva Shoes,0,0,,8,0
28233,Diva Shotgun,0,0,,8,0
32001,Diva Spear,0,0,,8,0
2035,Diva Staff,0,0,,8,0
28117,Diva Twohand Axe,0,0,,8,0
1945,Diva Viollin,0,0,,8,0
26105,Diva Wand,0,0,,8,0
18146,Diva Wing,0,0,,8,0
2205,Diver Goggles,2850,3400,npc,8,0
700109,Divine Bow Gandiva,0,0,,8,0
105917,Divine Box,0,0,,12,0
620022,Divine Buster,0,0,,8,0
2366,Divine Cloth,64500,76000,ragnastats,11,0
2001,Divine Cross,82500,97000,kro,11,0
2017,Divine Cross,82500,97000,sibling,8,0
310247,Divine Evil Lv1,0,0,,6,0
310248,Divine Evil Lv2,0,0,,6,0
310249,Divine Evil Lv3,0,0,,6,0
310250,Divine Evil Lv4,0,0,,6,0
310251,Divine Evil Lv5,0,0,,6,0
28323,Divine Gloves,0,0,,8,0
314214,Divine Light Footprints,0,0,,6,0
1002296,Divine Light Footprints (Garment),113620000,133380000,kro,4,0
27399,Divine Offering,0,0,,6,0
480319,Divine Phoenix,0,0,,8,0
29590,Divine Power,0,0,,6,0
410348,Divine Protect Shield,0,0,,8,0
24195,Divine Shadow Armor,450500,529000,kro,7,0
24207,Divine Shadow Shield,1,2,npc,12,0
24070,Divine Shoes (Shadow),276000,324000,kro,7,0
410064,Diving Goggles,0,0,,8,0
410065,Diving Goggles,0,0,,8,0
24969,Divinus Shadow Armor,5382000,6318000,kro,2,0
24970,Divinus Shadow Shoes,5520000,6480000,kro,2,0
7852,Divx Player Raffle Ticket,0,0,,12,0
2273,Doctor Band,1662500,1951500,ragnastats,2,0
5849,Doctor Hairband,3009500,3533000,ragnastats,2,0
490610,Document Acolyte,0,0,,8,0
490609,Document Archer,0,0,,8,0
490608,Document Mage,0,0,,8,0
490607,Document Merchant,0,0,,8,0
490605,Document Swordsman,0,0,,8,0
490606,Document Thief,0,0,,8,0
19300,Dog Officer,27600000,32400000,kro,2,0
23883,Dog Officer SynthesisBox,2530000,2970000,kro,4,3
23660,Dogly Bottle Z,0,0,,12,0
5429,Dokebi Cap,0,0,,8,0
4098,Dokebi Card,460000,540000,kro,5,3
9019,Dokebi Egg,644000,756000,kro,11,0
1021,Dokebi Horn,4600,5400,kro,51,36
5298,Dokebi's Wig,0,0,,8,0
18524,Dokkebi Mask,0,0,,8,0
4506,Dolomedes Card,644000,756000,kro,5,3
27312,Dolor Card,368000,432000,kro,4,3
5563,Dolor Hat,0,0,,8,0
16244,Dolor Hat Box,0,0,,12,0
4398,Dolor of Thanatos Card,225000,264500,kro,4,3
300250,Dolorian Card,1104000,1296000,kro,2,3
9060,Domovoi Egg,0,0,,12,0
100020,Don Cristal Chino Box,136500,160000,estimate,7,0
1000917,Donor List Baldur 1,0,0,,12,0
1000897,Donor List Chaos 1,0,0,,12,0
1000898,Donor List Chaos 2,0,0,,12,0
1000899,Donor List Chaos 3,0,0,,12,0
1000900,Donor List Chaos 4,0,0,,12,0
1000912,Donor List Fenrir 1,0,0,,12,0
1000913,Donor List Fenrir 2,0,0,,12,0
1000914,Donor List Fenrir 3,0,0,,12,0
1000905,Donor List Iris 1,0,0,,12,0
1000906,Donor List Iris 2,0,0,,12,0
1000907,Donor List Iris 3,0,0,,12,0
1000908,Donor List Iris 4,0,0,,12,0
1000901,Donor List Loki 1,0,0,,12,0
1000902,Donor List Loki 2,0,0,,12,0
1000903,Donor List Loki 3,0,0,,12,0
1000904,Donor List Loki 4,0,0,,12,0
1000915,Donor List Lydia 1,0,0,,12,0
1000916,Donor List Lydia 2,0,0,,12,0
1000918,Donor List Odin 1,0,0,,12,0
1000920,Donor List Sakray 1,0,0,,12,0
1000909,Donor List Sarah 1,0,0,,12,0
1000910,Donor List Sarah 2,0,0,,12,0
1000911,Donor List Sarah 3,0,0,,12,0
1000919,Donor List Thor 1,0,0,,12,0
540059,Doom Bible,0,0,,8,0
1370,Doom Slayer,736000,864000,kro,7,0
1371,Doom Slayer,92000,108000,kro,7,0
4142,Doppelganger Card,184000000,216000000,kro,2,0
20915,Doram Cape,0,0,,8,0
24410,Doram Magical Shadow Armor,3634000,4266000,kro,4,0
24317,Doram Magical Shadow Shield,4600000,5400000,kro,4,0
24411,Doram Magical Shadow Shoes,3128000,3672000,kro,4,0
24286,Doram Magical Shadow Weapon,2760000,3240000,kro,4,0
24408,Doram Physical Shadow Armor,3749000,4401000,kro,4,0
24316,Doram Physical Shadow Shield,4600000,5400000,kro,4,0
24409,Doram Physical Shadow Shoes,3910000,4590000,kro,4,0
24287,Doram Physical Shadow Weapon,3864000,4536000,kro,4,0
28948,Doram Shield,0,0,,8,0
22185,Doram Shoes,0,0,,8,0
25861,Doram Stone (Bottom),3220000,3780000,kro,4,0
29670,Doram Stone (Bottom),3220000,3780000,kro,2,0
25862,Doram Stone (Garment),8280000,9720000,kro,4,0
29671,Doram Stone (Garment),8280000,9720000,kro,2,0
25860,Doram Stone (Middle),2507000,2943000,kro,4,0
29669,Doram Stone (Middle),2507000,2943000,kro,2,0
25859,Doram Stone (Upper),1840000,2160000,kro,4,0
29668,Doram Stone (Upper),1840000,2160000,kro,2,0
15275,Doram Suit,0,0,,8,0
25142,Doram Token,92000,108000,kro,7,0
5608,Dorothy Doll Hat,0,0,,8,0
29362,Double Attack,0,0,,6,0
25302,Double Attack Stone (Garment),19780000,23220000,kro,4,0
490236,Double Badge,0,0,,8,0
420032,Double Barrel Cannon,0,0,,8,0
1270089,Double Blow Shadow Armor,2300000,2700000,kro,2,0
1270090,Double Blow Shadow Shoes,1196000,1404000,kro,2,0
1736,Double Bound,36500,43000,kro,8,0
311057,Double Bowling Bash Tuning Device,0,0,,6,0
310443,Double Strafing Lv.1,0,0,,6,0
310444,Double Strafing Lv.2,0,0,,6,0
310445,Double Strafing Lv.3,0,0,,6,0
310446,Double Strafing Lv.4,0,0,,6,0
310447,Double Strafing Lv.5,0,0,,6,0
562,Doublecrust Swiss Fondue,85,115,npc,12,0
563,Doublecrust Swiss Fondue,0,0,,12,0
27019,DR815 Card,953500,1119500,estimate,11,3
4444,Draco Card,6440000,7560000,kro,2,3
4471,Draco Egg Card,455000,534500,kro,4,3
4134,Dracula Card,202400000,237600000,kro,2,0
28341,Dragon Boat Festival Sachet,0,0,,8,0
2527,Dragon Breath,614000,721000,ragnastats,7,0
12080,Dragon Breath Cocktail,48000,56500,ragnastats,12,6
12252,Dragon Breath Cocktail,48000,56500,sibling,12,0
1035,Dragon Canine,340,460,kro,54,72
16577,Dragon Captain,0,0,,12,0
400420,Dragon Circlet,0,0,,8,0
18893,Dragon Claw Helm,0,0,,8,0
15135,Dragon Cloth,0,0,,8,0
4385,Dragon Egg Card,1971000,2314000,ragnastats,2,3
19104,Dragon Emperor's Wing,0,0,,8,0
4179,Dragon Fly Card,69000,81000,kro,6,3
7265,Dragon Horn,765,1000,kro,36,18
13001,Dragon Killer,460000,540000,kro,4,0
13030,Dragon Killer,460000,540000,kro,4,0
24161,Dragon Killer Shadow Weapon,2806000,3294000,kro,4,0
5924,Dragon Knight Eye Patch,0,0,,8,0
312302,Dragon Knight Soul (Dragonic Breath),0,0,,6,0
313561,Dragon Knight Soul (Dragonic Pierce),0,0,,6,0
312202,Dragon Knight Soul (Hack and Slasher),0,0,,6,0
312203,Dragon Knight Soul (Madness Crusher),0,0,,6,0
312200,Dragon Knight Soul (Servant Weapon),0,0,,6,0
312201,Dragon Knight Soul (Storm Slash),0,0,,6,0
313059,Dragon Knight Stone (Garment),257600000,302400000,kro,2,0
1001604,Dragon Knight Stone (Garment),257600000,302400000,kro,4,0
313735,Dragon Knight Stone II (Garment),0,0,,6,0
1001948,Dragon Knight Stone II (Garment),0,0,,12,0
15130,Dragon Mail,0,0,,8,0
2553,Dragon Manteau,9200,10500,ragnastats,11,0
1036,Dragon Scale,1650,1950,kro,76,72
22208,Dragon Scale Boots,0,0,,8,0
20946,Dragon Scale Hood,0,0,,8,0
310242,Dragon Scale Lv1,0,0,,6,0
310243,Dragon Scale Lv2,0,0,,6,0
310244,Dragon Scale Lv3,0,0,,6,0
310245,Dragon Scale Lv4,0,0,,6,0
310246,Dragon Scale Lv5,0,0,,6,0
7123,Dragon Skin,1800,2150,kro,36,36
5292,Dragon Skull,50500,59000,ragnastats,8,0
16695,Dragon Skull Box,0,0,,12,0
16696,Dragon Skull Box,0,0,,12,0
1166,Dragon Slayer,69000,81000,estimate,8,0
1180,Dragon Slayer,0,0,,8,0
470248,Dragon Slayer Shoes,0,0,,8,0
500009,Dragon Slayer's Longsword,0,0,,8,0
1037,Dragon Tail,820,1100,kro,54,36
4178,Dragon Tail Card,894500,1050000,ragnastats,4,3
7665,Dragon Tail Missile,12,18,npc,12,0
100197,Dragon Tail Missile Case,0,0,,12,0
22058,Dragon Trainer Shoes,0,0,,8,0
22097,Dragon Trainer Shoes,0,0,,8,0
2399,Dragon Vest,46000,54000,ragnastats,11,0
1724,Dragon Wing,69000,81000,ragnastats,8,0
6073,Dragon's Mane,2050,2450,estimate,36,18
7858,Dragonball Yellow,69000,81000,estimate,12,0
1685,Dragonfly Sitting Foxtail Staff,184000,216000,kro,4,0
600004,Dragonic Slayer,0,0,,8,0
100275,Dragonic Slayer Modification Cube,0,0,,12,0
600024,Dragonic Slayer-LT,0,0,,8,0
1270023,Dragonic Spear Shadow Earring,920000,1080000,kro,2,0
1270024,Dragonic Spear Shadow Pendant,1840000,2160000,kro,2,0
312416,Dragoon Badge,0,0,,6,0
24057,Dragoon Shield (Shadow),1,2,npc,12,0
24071,Dragoon Shoes (Shadow),1,2,npc,12,0
4069,Drainliar Card,414000,486000,kro,5,3
4137,Drake Card,276000000,324000000,kro,2,0
15209,Drake Coat,0,0,,8,0
5946,Drama Clockwork,0,0,,8,0
29177,Dream Blessing 1,0,0,,6,0
29178,Dream Blessing 2,0,0,,6,0
29179,Dream Blessing 3,0,0,,6,0
29180,Dream Blessing 4,0,0,,6,0
29181,Dream Blessing 5,0,0,,6,0
480332,Dream Guardian,0,0,,8,0
6483,Dream Scroll,0,0,,12,0
420164,Dreaming Red Sheep,0,0,,8,0
5211,Dress Hat,0,0,,8,0
6683,Dried Flower,51500,60500,estimate,12,36
7887,Dried Fruit Box,0,0,,12,0
1100006,Dried Ice Gangu,0,0,,12,0
18627,Dried Leaf,0,0,,8,0
25266,Dried Yggdrasil Leaf,380,515,npc,36,18
12293,Dried Yggdrasilberry,425,575,npc,36,3
13157,Drifter,66000,77500,npc,11,0
20834,Drifter's Cape,0,0,,8,0
7092,Drifting Air,1,2,npc,12,3
1270,Drill Katar,1839500,2159500,kro,2,0
4180,Driller Card,5980000,7020000,kro,3,3
18630,Drooping Alicel,0,0,,8,0
5779,Drooping Boto,0,0,,8,0
5198,Drooping Bunny,46000,54000,sibling,8,0
5290,Drooping Bunny,3214000,3773500,ragnastats,2,0
5459,Drooping Bunny,3214000,3773500,sibling,2,0
16697,Drooping Bunny Box,17,24,npc,12,0
16698,Drooping Bunny Box,0,0,,12,0
5058,Drooping Cat,207000,243000,npc,4,0
19219,Drooping Chuni Penguin,0,0,,8,0
18735,Drooping Elven Ears,0,0,,8,0
23100,Drooping Gunslinger Scroll,777000,912500,kro,7,0
5671,Drooping Morocc Minion,0,0,,8,0
5296,Drooping Nine Tail,0,0,,8,0
5252,Drooping Ninetail,0,0,,8,0
18531,Drooping Permeter,0,0,,8,0
18672,Drooping Pope,0,0,,8,0
19142,Drooping Rebellion,276000000,324000000,sibling,2,0
19157,Drooping Rebellion,276000000,324000000,kro,2,0
400023,Drooping Thanatos's Dolor,13800000,16200000,kro,2,0
400465,Drooping Thanatos's Dolor-LT,0,0,,8,0
16603,Drooping Votto Box,0,0,,12,0
16604,Drooping Votto Box,0,0,,12,0
18668,Droopy Turtle Hat,0,0,,8,0
490679,Drop of Seven Colors,0,0,,8,0
19147,Drops Balloon,46000000,54000000,kro,2,0
4004,Drops Card,368000,432000,kro,5,3
9002,Drops Egg,1366000,1603500,kro,4,0
4421,Drosera Card,368000,432000,kro,5,3
18704,Drosera Hairpin,0,0,,8,0
12433,Drosera Herb Salad,184000,216000,kro,32,3
6259,Drosera Tentacle,11500,13500,kro,54,3
300083,Dry Rafflesia Card,1104000,1296000,kro,2,3
7264,Dry Sand,1100,1300,ragnastats,36,36
1000504,Dry Sand,1100,1300,sibling,12,0
1001426,Dry Wind Leaf Gem,82500,97000,estimate,12,36
4177,Dryad Card,455500,535000,ragnastats,4,3
480306,Dual Shadow World Cloak,0,0,,8,0
10045,Duck Doll's Star Button,460000,540000,kro,7,0
400052,Duel Dragon Hat,0,0,,8,0
490523,Duelist Gold Coin,0,0,,8,0
4176,Dullahan Card,398000,467000,ragnastats,5,3
9049,Dullahan Egg,5520000,6480000,kro,4,0
4154,Dumpling Child Card,413000,485000,ragnastats,4,3
313558,Dumpling Footprint,0,0,,6,0
1001907,Dumpling Footprint (Garment),54280000,63720000,kro,4,0
313322,Dumpling Power 1,0,0,,6,0
313323,Dumpling Power 2,0,0,,6,0
4458,Duneyrr Card,3680000,4320000,kro,2,3
5762,Duneyrr Helm,0,0,,8,0
16586,Duneyrr Helm Box,0,0,,12,0
12352,Dungeon Teleport Scroll 3,0,0,,12,0
14378,Dungeon Teleport Scroll 3 Box,0,0,,12,0
24488,Duplex Shadow Armor,1840000,2160000,kro,2,0
24489,Duplex Shadow Shield,8280000,9720000,kro,2,0
24490,Duplex Shadow Shoes,1794000,2106000,kro,2,0
100888,Durable Shadow Pick-Up Box,21160000,24840000,kro,4,3
101552,Durable Shadow Selection Box,0,0,,12,3
101554,Durable Shadow Shield Box,0,0,,12,0
101361,Durable Shadow Spellbook,506000,594000,kro,7,3
101553,Durable Shadow Weapon Box,0,0,,12,0
24735,Durable Shield Shadow,3220000,3780000,kro,2,0
24734,Durable Weapon Shadow,7360000,8640000,kro,2,0
1287,Durga,115000,135000,kro,7,0
490611,Durga Ring,0,0,,8,0
684,Durian,0,0,,12,3
13153,Dusk,19000,22500,npc,8,0
29130,Dusk,0,0,,6,0
7835,Dusk Glow,1,2,npc,12,3
26160,Dust Grave,0,0,,8,0
26170,Dust Grave,0,0,,8,0
7320,Dust Pollutant,3600,4250,ragnastats,36,36
24548,Dust Shadow Armor,0,0,,8,0
24549,Dust Shadow Shield,5428000,6372000,kro,2,0
24550,Dust Shadow Shoes,460000,540000,kro,4,0
6561,Dustball,1800,2150,npc,12,36
28224,Dustfire,164500,193000,estimate,4,0
4056,Dustiness Card,92000,108000,kro,4,3
19320,Dwarf's Mustache,0,0,,8,0
27262,Dwigh Card,4600000,5400000,kro,2,3
25814,Dynite,487500,572000,kro,7,9
5706,E Alice Doll,0,0,,8,0
5731,E Apple OE Archer C,0,0,,8,0
12520,E B Def Potion,0,0,,12,0
12518,E B Mdef Potion,0,0,,12,0
12495,E Battle Manual,0,0,,12,0
5695,E Blue Drooping Kitty,0,0,,8,0
5733,E Brooch C,0,0,,8,0
5702,E Bunny Band,0,0,,8,0
5729,E Bunny Band C,0,0,,8,0
5701,E Cat Hat,0,0,,8,0
5730,E Centimental Flower C,0,0,,8,0
5713,E Charming Ribbon,0,0,,8,0
5708,E Chick Hat,0,0,,8,0
6310,E Cloth Dye Coupon,0,0,,12,0
6318,E Cloth Dye Coupon2,0,0,,12,0
12643,E Coin Pack50,0,0,,12,0
5726,E Crescent Helm,0,0,,8,0
5718,E Dragon Skull,0,0,,8,0
5716,E Drooping Bunny,0,0,,8,0
12500,E Dun Tele Scroll1,0,0,,12,0
27304,E EA2S Card,1840000,2160000,kro,2,3
5732,E Elven Ears C,0,0,,8,0
6314,E Enriched Elunium,0,0,,12,0
6315,E Enriched Oridecon,0,0,,12,0
5728,E Fantastic Wig,0,0,,8,0
5699,E Fish On Head,0,0,,8,0
5696,E Flying Angel,0,0,,8,0
12494,E Giant Fly Wing,0,0,,12,0
12513,E Glass Of Illusion,0,0,,12,0
6422,E Grade Coin,0,0,,12,0
12621,E Grade Coin Bag,17,24,npc,12,3
12512,E Greed Scroll,0,0,,12,0
6311,E Happy Box,0,0,,12,0
5700,E Hibiscus,0,0,,8,0
12496,E Insurance,0,0,,12,0
16503,E Insurance Package,0,0,,12,0
5723,E Jumping Poring,0,0,,8,0
12498,E Kafra Card,0,0,,12,0
5717,E Kettle Hat,0,0,,8,0
5734,E Magestic Goat C,0,0,,8,0
5703,E Magestic Goat TW,0,0,,8,0
5722,E Magic Eyes,0,0,,8,0
6317,E Marriage Covenant,0,0,,12,0
6309,E Max Weight Up Scroll,0,0,,12,0
5705,E Mini Propeller,0,0,,8,0
6312,E Mysterious Dyestuff,0,0,,12,0
12499,E Neuralizer,0,0,,12,0
6313,E New Style Coupon,0,0,,12,0
5698,E Pair OE Red Ribbon,0,0,,8,0
5711,E Pecopeco Hairband,0,0,,8,0
5720,E Pink Fur Hat,0,0,,8,0
5721,E Puppy Hat,0,0,,8,0
5719,E Ramen Hat,0,0,,8,0
5707,E Red Glasses,0,0,,8,0
12517,E Regeneration Potion,0,0,,12,0
5724,E Robo Eye,0,0,,8,0
12521,E S Def Potion,0,0,,12,0
12519,E S Mdef Potion,0,0,,12,0
5704,E Sheep Hat,0,0,,8,0
12511,E Siege Teleport Scroll,0,0,,12,0
5697,E Smoking Pipe,0,0,,8,0
5727,E Tiger Mask,0,0,,8,0
5712,E Vacation Hat,0,0,,8,0
5710,E Vane Hairpin,0,0,,8,0
5715,E Vanilmirth Hat,0,0,,8,0
5714,E Water Lily Crown,0,0,,8,0
5709,E White Deviruchi Cap,0,0,,8,0
5725,E Yellow Wizardry Hat,0,0,,8,0
27320,E-EA1L Card,644000,756000,kro,4,3
25341,Eagle Eagle Bead,0,0,,12,0
2515,Eagle Wing,459000,538500,kro,7,0
100517,Ear Cleaner,0,0,,12,0
2283,Ear Muffs,920000,1080000,ragnastats,2,0
19006,Ear of Victory,0,0,,8,0
2602,Earring,184000,216000,kro,4,0
2622,Earring,27500,32000,kro,8,0
2842,Earring,184000,216000,kro,4,0
410124,Ears of Grisly Soul,0,0,,8,0
410125,Ears of Grisly Soul,0,0,,8,0
19128,Ears Of Ifrit,4600000,5400000,kro,2,0
1000277,Earth Acid Bottle,0,0,,12,0
6515,Earth Amulet,42,58,ragnastats,12,3
23377,Earth Armor Scroll,0,0,,12,0
29693,Earth Attribute (Weapon),0,0,,6,0
1732,Earth Bow,150500,177000,ragnastats,4,0
18139,Earth Bow,150500,177000,sibling,4,0
100190,Earth Charm Bundle,0,0,,12,0
4279,Earth Deleter Card,1380000,1620000,kro,16,3
28131,Earth Dragon Axe,0,0,,8,0
26207,Earth Dragon Book,0,0,,8,0
18172,Earth Dragon Bow,0,0,,8,0
1857,Earth Dragon Claw,0,0,,8,0
28747,Earth Dragon Dagger,0,0,,8,0
21041,Earth Dragon Great Sword,0,0,,8,0
28034,Earth Dragon Katar,0,0,,8,0
16083,Earth Dragon Mace,0,0,,8,0
28748,Earth Dragon Nindo,0,0,,8,0
26017,Earth Dragon Spear,0,0,,8,0
13488,Earth Dragon Sword,0,0,,8,0
32101,Earth Dragon Violin,0,0,,8,0
26142,Earth Dragon Wand,0,0,,8,0
26208,Earth Dragon Whip,0,0,,8,0
20731,Earth Dragon's Coat,0,0,,8,0
4954,Earth Drop,0,0,,6,0
29304,Earth Element(Armor),0,0,,6,0
18864,Earth Goddess Flower,0,0,,8,0
311376,Earth Magic (Combat) Lv. 1,0,0,,6,0
311377,Earth Magic (Combat) Lv. 2,0,0,,6,0
311378,Earth Magic (Combat) Lv. 3,0,0,,6,0
311373,Earth Magic (Magical) Lv. 1,0,0,,6,0
311374,Earth Magic (Magical) Lv. 2,0,0,,6,0
311375,Earth Magic (Magical) Lv. 3,0,0,,6,0
311370,Earth Magic (Sniper) Lv. 1,0,0,,6,0
311371,Earth Magic (Sniper) Lv. 2,0,0,,6,0
311372,Earth Magic (Sniper) Lv. 3,0,0,,6,0
311367,Earth Magic (Warrior) Lv. 1,0,0,,6,0
311368,Earth Magic (Warrior) Lv. 2,0,0,,6,0
311369,Earth Magic (Warrior) Lv. 3,0,0,,6,0
1596,Earth Pedigree Book,0,0,,8,0
4118,Earth Petite Card,211500,248000,kro,32,3
4972,Earth Property Reactor,0,0,,6,0
6967,Earth Property Reactor Blueprint,0,0,,12,0
311408,Earth Resistance +5%,0,0,,6,0
4976,Earth Resistance Reactor,0,0,,6,0
6971,Earth Resistance Reactor Blueprint,0,0,,12,0
2982,Earth Ring,0,0,,8,0
312320,Earth Rune 1Lv,0,0,,6,0
312321,Earth Rune 2Lv,0,0,,6,0
312322,Earth Rune 3Lv,0,0,,6,0
312323,Earth Rune 4Lv,0,0,,6,0
312324,Earth Rune 5Lv,0,0,,6,0
24222,Earth Spike Shadow Armor,0,0,,12,0
1000292,Earth Stone 4th,920,1050,npc,12,0
420369,Earth Stone In Mouth,0,0,,8,0
12829,Earth Type Scroll,0,0,,12,0
12120,Earthproof Potion,2750,3200,kro,54,3
20715,Earthquake Manteau,0,0,,8,0
1055,Earthworm Peeling,195,270,ragnastats,51,36
623,Earthworm the Dude,89500,105000,kro,12,3
6781,Earthworms Alive,0,0,,12,3
22571,Easter Egg,0,0,,12,0
5852,Easter Egg Shell,3084000,3620500,ragnastats,3,0
15014,Ebon Armor,552000,648000,kro,7,0
1199,Ebony Toe Nail,0,0,,8,0
4410,Echio Card,92000,108000,kro,4,3
4266,Eclipse Card,625000,734000,ragnastats,4,3
18805,Eclipse Hat,0,0,,8,0
4945,Economy Lv1,0,0,,6,0
4946,Economy Lv2,0,0,,6,0
4947,Economy Lv3,0,0,,6,0
2882,Ecoro Cardslip,0,0,,8,0
7220,Ectoplasm,1050,1250,ragnastats,36,36
1001073,Ectoplasmic Stone,16000,19000,estimate,12,0
4123,Eddga Card,218500000,256500000,kro,2,0
9142,Eddga Egg,678040000,795960000,kro,4,0
12801,Eddga Scroll,0,0,,12,0
6495,Eden Merit Badge,0,0,,12,0
1132,Edge,253500,297500,estimate,4,0
13497,Edge,0,0,,8,0
23833,Edgga Doll Combination,0,0,,12,3
581,Edible Mushroom,34,47,ragnastats,12,6
6776,Eel,0,0,,12,3
22775,Eels Skewer,0,0,,12,3
1270117,Effltio Shadow Armor,1242000,1458000,kro,2,0
1270118,Effltio Shadow Shoes,2242500,2632500,kro,2,0
103871,Efreet Class Shadow Cube,0,0,,12,0
103872,Efreet Shadow Cube,0,0,,12,0
103873,Efreet Shadow Tick-Tock Box,0,0,,12,0
574,Egg,17,24,npc,51,3
19339,Egg Crispinette,0,0,,8,0
9057,Egg Of Tiny,0,0,,12,0
22518,Egg Of Wisdom,0,0,,12,0
5015,Egg Shell,49000,57500,estimate,22,0
5896,Egg Tart Hat,0,0,,8,0
7769,Egg Yolk,1,2,npc,12,0
4659,Eggring Card,79000,93000,ragnastats,6,0
9092,Eggring Egg,8740000,10260000,kro,4,0
4070,Eggyra Card,112500,132500,ragnastats,5,3
15061,Egir Armor,0,0,,8,0
18728,Egir Helm,0,0,,8,0
20700,Egir Manteau,0,0,,8,0
28520,Egir Ring,0,0,,8,0
2495,Egir Shoes,0,0,,8,0
4346,Egnigem Cenia Card,184000,216000,kro,4,3
15109,Egregori Mail,0,0,,8,0
9515,Einbeck Weapon Box,0,0,,12,0
102544,Einbeh Ore Box,28000,32500,kro,12,3
15189,Einherjar Armor,0,0,,8,0
420093,Einherjar Manteau,0,0,,8,0
420180,Eispinne,0,0,,8,0
27305,EL A17T Card,17480000,20520000,kro,2,3
7200,Elastic Band,34000,39500,kro,51,18
7939,Elder Branch,5700,6650,kro,54,36
4251,Elder Card,687500,807000,estimate,5,3
18812,Elder Crown,0,0,,8,0
18784,Elder Devil Horn,0,0,,8,0
300103,Elder of Chung-Geum Card,726500,853000,kro,4,3
1040,Elder Pixie's Moustache,6050,7100,ragnastats,51,36
26107,Elder Staff,0,0,,8,0
4052,Elder Willow Card,92000,108000,kro,5,3
300269,Eldest Card,901500,1058000,kro,4,3
1972,Electric Eel,9200,10500,kro,11,0
29142,Electric Effect,0,0,,6,0
1000882,Electric Effect (Bottom),0,0,,12,0
25136,Electric Effect (Middle),28520000,33480000,kro,4,0
25206,Electric Effect (Upper),717600000,842400000,kro,4,0
1820,Electric Fist,73500,86000,kro,11,0
26164,Electric Fox-OS,0,0,,8,0
550076,Electric Fox-OSAD,0,0,,8,0
1913,Electric Guitar,46000,54000,ragnastats,8,0
18711,Electric Sunglass,0,0,,8,0
1971,Electric Wire,7800,9200,ragnastats,8,0
490524,Electron Booster,0,0,,8,0
20790,Elegant Doram Manteau,333000,390500,estimate,4,0
22085,Elegant Doram Shoes,138000,162000,kro,4,0
15156,Elegant Doram Suit,184000,216000,kro,4,0
6510,Elegant Flower,255,345,npc,27,18
24364,Elegant Shadow Earring,0,0,,12,0
24365,Elegant Shadow Pendant,0,0,,12,0
23828,Elegant Shadow SynthesisBox,0,0,,12,3
24363,Elegant Shadow Weapon,0,0,,12,0
470033,Elemental Boots,0,0,,8,0
20820,Elemental Cape,0,0,,8,0
12114,Elemental Converter,6200,7300,kro,54,3
12115,Elemental Converter,6200,7300,kro,54,3
12116,Elemental Converter,6200,7300,kro,54,3
12117,Elemental Converter,6200,7300,kro,54,3
19019,Elemental Crown,0,0,,8,0
19177,Elemental Crown,0,0,,8,0
19178,Elemental Crown,0,0,,8,0
490453,Elemental Jewel,0,0,,8,0
312252,Elemental Master Soul (Conflagration),0,0,,6,0
312251,Elemental Master Soul (Diamond Storm),0,0,,6,0
312253,Elemental Master Soul (Lightning Land),0,0,,6,0
312254,Elemental Master Soul (Terra Drive),0,0,,6,0
312255,Elemental Master Soul (Venom Swamp),0,0,,6,0
312477,Elemental Master Stone (Garment),211600000,248400000,kro,2,0
1001420,Elemental Master Stone (Garment),211600000,248400000,kro,4,0
28608,Elemental Origin,174500,205000,kro,4,0
28615,Elemental Origin,174500,205000,sibling,4,0
450242,Elemental Possession,0,0,,8,0
7434,Elemental Potion Creation Guide,0,0,,12,3
490570,Elemental Ring,0,0,,8,0
15177,Elemental Robe,0,0,,8,0
11056,Elemental Spirit Guide,0,0,,12,0
13414,Elemental Sword,460000,540000,kro,7,0
19048,Elemental Tights,0,0,,8,0
20799,Elemental Towel,0,0,,8,0
300486,Elena Card,0,0,,6,3
9064,Elephant Egg,0,0,,12,0
5146,Elephant Hat,69000,81000,ragnastats,8,0
5259,Elephant Hat,46000,54000,sibling,8,0
18929,Elephant Model Hat,0,0,,8,0
12882,Elf Tear Blind,0,0,,12,0
12880,Elf Tear Curse,0,0,,12,0
12878,Elf Tear Freezing,0,0,,12,0
12881,Elf Tear Silence,0,0,,12,0
12879,Elf Tear Sleep,0,0,,12,0
12877,Elf Tear Stone Curse,0,0,,12,0
12876,Elf Tear Stun,0,0,,12,0
300111,Elite Bellare Card,855500,1004000,kro,4,3
400085,Elite Force Cap,0,0,,8,0
400549,Elite Force Cap-LT,0,0,,8,0
1000235,Elite Hunter Token,0,0,,12,3
27174,Elite Revolver Buffalo Bandit Card,1334000,1566000,kro,2,3
27175,Elite Scimitar Buffalo Bandit Card,1702000,1998000,kro,2,3
27173,Elite Shotgun Buffalo Bandit Card,920000,1080000,kro,2,3
23256,Elixir Bandages,220500,259000,kro,7,0
985,Elunium,12000,14000,kro,76,72
1773,Elven Arrow,2,4,ragnastats,12,0
5244,Elven Blindfold,0,0,,8,0
1746,Elven Bow,92000,108000,kro,7,0
2286,Elven Ears,32000,37500,kro,11,0
18507,Elven Ears,1840000,2160000,kro,2,0
5245,Elven Sunglasses,0,0,,8,0
16554,Elven Sunglasses Box,0,0,,12,0
22140,Elvira Boots,0,0,,8,0
23044,Elvira Candy,0,0,,12,3
4577,Elvira Card,920000,1080000,kro,3,3
31002,Elvira Card,920000,1080000,sibling,2,0
28436,Elvira Pendant,0,0,,8,0
310292,Ember Emblem Lv1,0,0,,6,0
310293,Ember Emblem Lv2,0,0,,6,0
310294,Ember Emblem Lv3,0,0,,6,0
310295,Ember Emblem Lv4,0,0,,6,0
310296,Ember Emblem Lv5,0,0,,6,0
310297,Ember Emblem Lv6,0,0,,6,0
1001445,Emblem of Floral Pegasus,1286000,1509500,kro,4,3
1001455,Emblem of Monarch Penguin,3209500,3768000,kro,4,3
7086,Emblem of the Sun God,4471000,5248500,estimate,8,3
7142,Embryo,8,12,npc,18,0
7419,Embryo Creation Guide,0,0,,12,3
9076,Emelit Egg,0,0,,12,0
721,Emerald,4100,4850,ragnastats,76,6
28536,Emerald Earring,0,0,,8,0
490527,Emerald Earring-LT,0,0,,8,0
28411,Emerald Earrings,0,0,,8,0
6669,Emerald Leaf,0,0,,12,0
28573,Emerald Ring,0,0,,8,0
490526,Emerald Ring-LT,0,0,,8,0
23277,Emergency Magic Gear,9200,10500,npc,12,0
300270,Empathizer Card,1380000,1620000,kro,2,3
310217,Empathy Lv1,0,0,,6,0
310218,Empathy Lv2,0,0,,6,0
310219,Empathy Lv3,0,0,,6,0
310220,Empathy Lv4,0,0,,6,0
310221,Empathy Lv5,0,0,,6,0
714,Emperium,82500,97000,kro,76,3
989,Emperium Anvil,736000,864000,kro,16,3
5533,Emperor Wreath,0,0,,8,0
5205,Emperor's Laurel Crown,0,0,,8,0
2012,Empowered Aqua Staff,447000,525000,estimate,4,0
2013,Empowered Crimson Staff,447000,525000,estimate,4,0
2014,Empowered Forest Staff,447000,525000,estimate,4,0
2011,Empowered Golden Rod Staff,447000,525000,estimate,4,0
16018,Empowered Mace Of Judgement,249500,293000,estimate,4,0
1660,Empowered Wand Of Affection,342000,401500,estimate,4,0
713,Empty Bottle,260,355,ragnastats,76,3
17074,Empty Bottle Box10,0,0,,12,0
17075,Empty Bottle Box100,0,0,,12,0
17076,Empty Bottle Box500,0,0,,12,0
1093,Empty Potion Bottle,8,12,ragnastats,51,6
12774,Empty Potion Bottle,8,12,sibling,12,0
1092,Empty Test Tube,2,4,ragnastats,27,3
1011,Emveretarcon,920,1050,ragnastats,51,18
23151,Enchant Stone Recipe,5520000,6480000,kro,4,0
23967,Enchant Stone Recipe 9m,0,0,,12,0
1000874,Enchant Ticket,26680000,31320000,kro,4,3
4217,Enchanted Peach Tree Card,2277000,2673000,kro,3,3
24384,Enchanting Shadow Earring,0,0,,12,0
24385,Enchanting Shadow Pendant,0,0,,12,0
24383,Enchanting Shadow Weapon,828000,972000,kro,7,0
101399,Enchantment Ticket Envelope,0,0,,12,0
101344,Enchantment Ticket Recipe,3348500,3931000,kro,4,3
540109,Encroached Book,73600000,86400000,kro,2,0
700117,Encroached Bow,92000000,108000000,kro,2,0
510140,Encroached Dagger,46000000,54000000,kro,2,0
300646,Encroached Dimik Card,26220000,30780000,kro,2,3
300644,Encroached Exploration Robot Card,15180000,17820000,kro,2,3
810048,Encroached Firearm,55200000,64800000,kro,2,0
550174,Encroached Foxtail,82800000,97200000,kro,2,0
103523,Encroached Fruit,138000,162000,kro,7,3
650048,Encroached Huuma Shuriken,82800000,97200000,kro,2,0
570086,Encroached Instrument,82800000,97200000,kro,2,0
610084,Encroached Katar,82800000,97200000,kro,2,0
560080,Encroached Knuckles,92000000,108000000,kro,2,0
590081,Encroached Mace,55200000,64800000,kro,2,0
1001031,Encroached Magical Crystal,188000,220500,kro,22,3
1001029,Encroached Magical Ore,2350,2800,kro,12,3
300645,Encroached Repair Robot Card,11040000,12960000,kro,2,3
530071,Encroached Spear,92000000,108000000,kro,2,0
550137,Encroached Staff,138000000,162000000,kro,2,0
500119,Encroached Sword,92000000,108000000,kro,2,0
620038,Encroached Two-Handed Axe,82800000,97200000,kro,2,0
630059,Encroached Two-Handed Spear,92000000,108000000,kro,2,0
640051,Encroached Two-Handed Staff,75900000,89100000,kro,2,0
600056,Encroached Two-Handed Sword,50600000,59400000,kro,2,0
580086,Encroached Whip,46000000,54000000,kro,2,0
1564,Encyclopedia,23000,27000,kro,8,0
460006,Encyclopedia Complete Edition,9200000,10800000,kro,2,0
28200,End Of The Horizon,2235500,2624000,npc,2,0
470130,End of the World,0,0,,8,0
1393,End Sectora,308000,361500,kro,4,0
6368,Endless Tower Coin,0,0,,12,0
20807,Endure Amistr Bag,0,0,,8,0
2889,Endure Ring,0,0,,8,0
17036,Energetic Pisces Box,0,0,,12,0
17035,Energetic Pisces Scroll,0,0,,12,0
29231,Energy (Dragon Hunting),0,0,,6,0
29234,Energy (Fatal Blow),0,0,,6,0
29233,Energy (Magic),0,0,,6,0
29232,Energy (Tough),0,0,,6,0
311415,Energy Coat Lv1,0,0,,6,0
11060,Energy Crystal Book,0,0,,12,0
1001442,Energy of Autumn,21000,24500,kro,12,3
1001464,Energy of Earth,101000,118500,kro,7,3
1001600,Energy of Elemental,1978000,2322000,kro,4,3
1001461,Energy of Fire,128000,150500,kro,7,3
1001440,Energy of Spring,34000,39500,kro,12,3
1001441,Energy of Summer,87000,102500,kro,12,3
1001462,Energy of Water,90500,106000,kro,12,3
1001463,Energy of Wind,114500,134500,kro,7,3
1001443,Energy of Winter,26500,31000,kro,12,3
20800,Enforcer Cape,0,0,,8,0
480193,Enforcer Cape,0,0,,8,0
22134,Enforcer Shoes,0,0,,8,0
470279,Enforcer Shoes,0,0,,8,0
470280,Enforcer Shoes,0,0,,8,0
7288,Engagement Ring,0,0,,12,0
32404,Engine pile bunker,0,0,,8,0
16092,Engine Pilebuncker,2990000,3510000,kro,2,0
5679,Engineer Cap,0,0,,8,0
19364,Engineer Cap,0,0,,8,0
15106,Engineer Mail,0,0,,8,0
22062,Engineer's Shoes,0,0,,8,0
4583,Engkanto Card,13800000,16200000,kro,3,3
7781,Engrave Treasure Box,0,0,,12,0
450192,Engraved Naga's Scale Armor,0,0,,8,0
460022,Engraved Naga's Scale Shield,0,0,,8,0
490160,Engraved Orlean's Glove,0,0,,8,0
450191,Engraved Orlean's Gown,0,0,,8,0
460021,Engraved Orlean's Server,0,0,,8,0
490161,Engraved Pinguicula's Corsage,0,0,,8,0
15066,Engraved Plate Armor,82500,97000,npc,11,0
480138,Engraved Survival Manteau,0,0,,8,0
490162,Engraved Waterdrop Brooch,0,0,,8,0
4635,Enhanced Amdarais Card,777000,912500,kro,4,3
4633,Enhanced Archer Skeleton Card,1380000,1620000,kro,2,3
18768,Enhanced Bone Helm,0,0,,8,0
4547,Enhanced Byorgue Card,0,0,,6,3
18765,Enhanced Corsair,0,0,,8,0
24223,Enhanced Force Shadow Weapon,828000,972000,kro,7,0
18767,Enhanced Hat of the Sun God,0,0,,8,0
18766,Enhanced Helm of Angel,0,0,,8,0
4551,Enhanced Necromancer Card,0,0,,6,0
4548,Enhanced Salamander Card,0,0,,6,3
4446,Enhanced Skeleton Card,773500,908000,estimate,4,3
4634,Enhanced Soldier Skeleton Card,1748000,2052000,kro,2,3
24227,Enhanced Soul Shadow Weapon,317000,372500,kro,7,0
22014,Enhanced Variant Shoes,0,0,,8,0
1000334,Enriched Etherdeocon,218000,255500,kro,7,3
1000333,Enriched Etherium,256500,301000,kro,7,3
1683,Enriched Foxtail Staff,82500,97000,kro,8,0
300380,Entangled Intermediate Rgan Card,1518000,1782000,kro,2,3
15107,Entomologist Mail,0,0,,8,0
4451,Entweihen Crothen Card,1608000,1888000,estimate,2,3
450440,Entwined Magical Armor,0,0,,8,0
470333,Entwined Magical Boots,0,0,,8,0
480545,Entwined Magical Manteau,0,0,,8,0
480546,Entwined Magical Muffler,0,0,,8,0
450441,Entwined Magical Robe,0,0,,8,0
470334,Entwined Magical Shoes,0,0,,8,0
24192,Envenom Shadow Armor,9200000,10800000,kro,4,0
24204,Envenom Shadow Shield,1,2,npc,12,0
590006,Envy Blunt,506000,594000,kro,4,0
300595,Epesto Walther Megas Card,138000000,162000000,kro,2,3
1001847,Epesto Walther Megas Card Fragment,0,0,,12,3
17519,Epic Heroes Scroll,0,0,,12,0
16423,Episode 13.1 Key Package,0,0,,12,0
7782,Episode 13.1 Poporing Key,92000,108000,estimate,7,0
7783,Episode 13.2 Poring Key,92000,108000,estimate,7,0
102813,Episode 17-18 Boss Card Album,0,0,,12,0
102767,Episode 17-18 Card Album,6716000,7884000,kro,4,0
1475,Equestrian's Spear,0,0,,8,0
1637,Eraser,1519500,1784000,ragnastats,2,0
16000,Erde,340000,399500,kro,7,0
4360,Eremes Guile Card,1334000,1566000,kro,3,3
29596,Eremes's Memory,0,0,,6,0
1943,Erhu,0,0,,8,0
570070,Erhu,0,0,,8,0
15855,Ermac's Veil (OSM),0,0,,8,0
4349,Errende Ebecee Card,1081500,1269500,ragnastats,2,3
32282,Erron's Black Glove (OSM),0,0,,8,0
15885,Erron's Hat (OSM),0,0,,8,0
480094,Erymanthian Skin,0,0,,8,0
300293,Erzsebet Card,368000,432000,kro,4,3
17572,Erzulie Lucky Egg,0,0,,12,0
24657,Es Shadow Armor,2208000,2592000,kro,2,0
24656,Es Shadow Shield,5520000,6480000,kro,2,0
24655,Es Shadow Weapon,0,0,,8,0
20716,Esprit Manteau,0,0,,8,0
2175,Esprit Shield,0,0,,8,0
22066,Esprit Shoes,0,0,,8,0
7925,Essence of a Powerful Dimension,4094000,4806000,kro,4,3
1002013,Essence of Chaotic Magic Power,14500,17000,kro,12,3
1001316,Essence of Deep Cold,95000,111500,kro,7,3
1001320,Essence of Deep Corruption,266500,313000,kro,7,3
1001315,Essence of Deep Earth,920000,1080000,kro,4,3
1001314,Essence of Deep Fire,552000,648000,kro,7,3
1001319,Essence of Deep Purification,312500,367000,kro,7,3
1001321,Essence of Deep Venom,202000,237500,kro,7,3
7921,Essence Of Dragon,0,0,,12,0
6001,Essence of Fire,0,0,,12,3
1002016,Essence of Heterogeneous Magic Power,1012000,1188000,kro,4,3
1001317,Essence of the Deep Storm,90000,105500,kro,12,3
6604,Essence Rune Magic,0,0,,27,3
300490,Est Card,0,0,,6,3
490396,Establish,0,0,,8,0
32351,Estal,0,0,,8,0
32355,Estal,0,0,,8,0
1000328,Etel Amber,2160500,2536500,kro,4,3
1000327,Etel Amethyst,1323500,1554000,kro,11,3
1000325,Etel Aquamarine,47500,55500,kro,36,3
1000368,Etel Bradium,0,0,,12,3
1000370,Etel Carnium,0,0,,12,3
1000322,Etel Dust,2000,2350,kro,12,3
1000323,Etel Stone,103500,122000,kro,7,3
1000326,Etel Topaz,339000,398000,kro,7,3
24906,Eternal Cross Shadow Earring,460000,540000,kro,4,0
24907,Eternal Cross Shadow Pendant,828000,972000,kro,4,0
5741,Eternal Egg Shell,0,0,,8,0
420065,Eternal Poring Balloon,0,0,,8,0
312305,Eternality of Heaven,0,0,,6,0
1000332,Etherdeocon,32000,37500,kro,12,3
21201,Ethereum Helm,0,0,,8,0
1000331,Etherium,37500,44000,kro,12,3
20797,Etran Shirt,0,0,,8,0
20904,Etran Shirt,0,0,,8,0
20910,Etran Shirt,0,0,,8,0
450010,Europa Robe,0,0,,8,0
5282,Europe Baseball Cap,0,0,,8,0
4859,Evasion1,0,0,,6,0
4860,Evasion3,0,0,,6,0
312418,Evening Bell of Prayer,0,0,,6,0
490548,Evening Bell of Prayer (Abyss Chaser),0,0,,8,0
490502,Evening Bell of Prayer (Arch Mage),0,0,,8,0
490547,Evening Bell of Prayer (Biolo),0,0,,8,0
490525,Evening Bell of Prayer (Cardinal),0,0,,8,0
490517,Evening Bell of Prayer (Elemental Master),0,0,,8,0
490534,Evening Bell of Prayer (Inquisitor),0,0,,8,0
490546,Evening Bell of Prayer (Meister),0,0,,8,0
490541,Evening Bell of Prayer (Shadow Cross),0,0,,8,0
490573,Evening Bell of Prayer (Shinkiro & Shiranui),0,0,,8,0
490579,Evening Bell of Prayer (Spirit Handler),0,0,,8,0
6300,event,0,0,,12,0
6301,event,0,0,,12,0
7711,Event Ticket,0,0,,12,0
12281,Event Treasure Box,0,0,,12,0
1615,Evil Bone Wand,184000,216000,kro,7,0
1662,Evil Bone Wand,184000,216000,sibling,4,0
24658,Evil Curse Shadow Earring,0,0,,8,0
24659,Evil Curse Shadow Pendant,1840000,2160000,kro,2,0
24660,Evil Curse Shadow Shoes,3680000,4320000,kro,2,0
15145,Evil Dragon Armor,0,0,,8,0
15238,Evil Dragon Armor,0,0,,8,0
4141,Evil Druid Card,2300000,2700000,kro,16,3
31018,Evil Dwelling Box Card,3588000,4212000,kro,2,3
410284,Evil Eyes of False God,0,0,,8,0
410285,Evil Eyes of False God,0,0,,8,0
27265,Evil Fanatics Card,2230000,2618000,estimate,2,3
470292,Evil Hermit Shoes,0,0,,8,0
923,Evil Horn,6300,7450,kro,36,18
18522,Evil Marcher Hat,17480000,20520000,kro,3,0
18540,Evil Mask,0,0,,8,0
1001075,Evil Minded Ruby,14000,16000,estimate,12,0
4559,Evil Morocc Card,0,0,,6,3
4258,Evil Nymph Card,2225500,2612500,ragnastats,2,3
27372,Evil Obsidian Card,0,0,,6,0
1001072,Evil Orb,17000,20000,estimate,12,0
27264,Evil Shadow Card,572500,672000,estimate,4,3
16027,Evil Slayer Destroyer Hammer,0,0,,8,0
18120,Evil Slayer Piercer Bow,0,0,,8,0
28001,Evil Slayer Ripper Katar,0,0,,8,0
21010,Evil Slayer Slaher Sword,0,0,,8,0
13094,Evil Slayer Stabber Dagger,0,0,,8,0
1671,Evil Slayer Vanquisher Staff,1533000,1800000,ragnastats,2,0
4330,Evil Snake Lord Card,437000000,513000000,kro,2,0
5364,Evil Snake Lord Hat,91500,107000,kro,8,0
5655,Evil Snake Lord Hat,91500,107000,sibling,8,0
312021,Evil Spell,0,0,,6,0
2980,Evil Spirit Gloves,5520000,6480000,kro,2,0
312686,Evil Vigor (Abyss Chaser),0,0,,6,0
312804,Evil Vigor (Arch Mage),0,0,,6,0
312448,Evil Vigor (Biolo),0,0,,6,0
312425,Evil Vigor (Cardinal),0,0,,6,0
312450,Evil Vigor (Dragon Knight),0,0,,6,0
312642,Evil Vigor (Elemental Master),0,0,,6,0
312690,Evil Vigor (Hyper Novice),0,0,,6,0
312802,Evil Vigor (Imperial Guard),0,0,,6,0
312426,Evil Vigor (Inquisitor),0,0,,6,0
312652,Evil Vigor (Meister),0,0,,6,0
312806,Evil Vigor (Night Watch),0,0,,6,0
312653,Evil Vigor (Shadow Cross),0,0,,6,0
312654,Evil Vigor (Shinkiro & Shiranui),0,0,,6,0
312644,Evil Vigor (Sky Emperor),0,0,,6,0
312427,Evil Vigor (Soul Ascetic),0,0,,6,0
312452,Evil Vigor (Spirit Handler),0,0,,6,0
312688,Evil Vigor (Troubadour & Trouvere),0,0,,6,0
312643,Evil Vigor (Windhawk),0,0,,6,0
1000552,Evil Water,920,1050,npc,12,3
102071,Evil Weapon Box,0,0,,12,3
1001588,Evil Weapon Coupon,22862000,26838000,kro,4,3
102073,Evil Weapon Forge Hammer,5060000,5940000,kro,4,3
2255,Evil Wing,414000,486000,kro,7,0
5044,Evil Wing Ears,46000,54000,sibling,8,0
5068,Evil Wing Ears,46000,54000,ragnastats,8,0
18519,Evil Wing Ears,46000,54000,sibling,8,0
18816,Evoked Angel School Cap,0,0,,8,0
18817,Evoked Devil School Cap,0,0,,8,0
5215,Evolved Angel Wing,414000,486000,kro,4,0
5223,Evolved Big Golden Bell,0,0,,8,0
5222,Evolved Blue Fish,1364000,1601500,ragnastats,2,0
16699,Evolved Blue Fish Box,0,0,,12,0
5218,Evolved Bunny Band,823000,966500,kro,4,0
5219,Evolved Drooping Cat,207000,243000,npc,4,0
5216,Evolved Evil Wing,414000,486000,kro,4,0
5217,Evolved Majestic Goat,828000,972000,kro,4,0
5224,Evolved Orc Hero Helm,0,0,,8,0
5221,Evolved Pair of Red Ribbon,460000,540000,kro,4,0
16701,Evolved Pair of Red Ribbon Box,0,0,,12,0
16702,Evolved Pair of Red Ribbon Box,0,0,,12,0
5220,Evolved Pipe,432000,507500,kro,4,0
16703,Evolved Pipe Box,0,0,,12,0
16704,Evolved Pipe Box,0,0,,12,0
311436,Exam,0,0,,6,0
12226,Examination 1,0,0,,12,0
12227,Examination 2,0,0,,12,0
12228,Examination 3,0,0,,12,0
12229,Examination 4,0,0,,12,0
12230,Examination 5,0,0,,12,0
12231,Examination 6,0,0,,12,0
1137,Excalibur,910500,1069000,kro,4,0
24233,Exceeding Shadow Weapon,920000,1080000,kro,4,0
22103,Excelion Leg,0,0,,8,0
28941,Excelion Shield,0,0,,8,0
15128,Excelion Suit,0,0,,8,0
20773,Excelion Wing,0,0,,8,0
15354,Excellent Dexterous Armor,2760000,3240000,kro,2,0
6243,Exchange Coupon,0,0,,12,0
23334,Exchange Shadow Thump Box,0,0,,12,0
20862,EXE Backpack,0,0,,8,0
600041,Execution Great Sword,0,0,,8,0
1169,Executioner,0,0,,8,0
1179,Executioner,0,0,,8,0
1194,Executioner,0,0,,8,0
1195,Executioner,0,0,,8,0
16424,Executioner Box,0,0,,12,0
4250,Executioner Card,322000,378000,kro,4,3
24375,Executioner Holy Water Shadow Armor,1840000,2160000,kro,4,0
24434,Executioner Holy Water Shadow Weapon,1610000,1890000,kro,4,0
480669,Executioner's Cloak,4129500,4848000,kro,2,0
7017,Executioner's Mitten,14000,16500,ragnastats,12,3
410362,Exiled Ninja's Eyes,0,0,,8,0
28214,Exodus Joker XIII,0,0,,8,0
1233,Exorciser,178500,210000,ragnastats,4,0
2665,Exorcising Ring,0,0,,8,0
2129,Exorcism Bible,920000,1080000,kro,3,0
1270045,Exorcism of Malicious Soul Shadow Armor,184000,216000,kro,4,0
1270046,Exorcism of Malicious Soul Shadow Shoes,239000,280500,kro,4,0
24194,Exorcism Shadow Armor,92000,108000,kro,7,0
24206,Exorcism Shadow Shield,253000,297000,kro,7,0
24438,Exorcist Corrupt Shadow Weapon,1380000,1620000,kro,4,0
24376,Exorcist Corrupted Shadow Armor,0,0,,12,0
5916,Exorcist Glasses,0,0,,8,0
15113,Exorcist Mail,0,0,,8,0
18863,Exorcist Robe,0,0,,8,0
24157,Exorcist Shadow Weapon,2530000,2970000,kro,4,0
100397,Exorcist's Bible Remodeling Cube,0,0,,12,0
540035,Exorcist's Bible-LT,0,0,,8,0
22032,Exorcist's Shoes,0,0,,8,0
22093,Exorcist's Shoes,0,0,,8,0
28630,Exoricist's Bible,0,0,,8,0
450175,Exotic Temporal Armor,0,0,,8,0
450299,Exotic Temporal Armor-LT,0,0,,8,0
22202,Exotic Temporal Boots,0,0,,8,0
470183,Exotic Temporal Boots-LT,0,0,,8,0
480312,Exotic Temporal Manteau-LT,0,0,,8,0
420106,Exotic Temporal Young Leaf,0,0,,8,0
410012,EXP Advisor,14444000,16956000,kro,2,0
410013,EXP Advisor,14674000,17226000,kro,2,0
100710,EXP Overclocker,874000,1026000,kro,7,0
23862,EXP Shadow SynthesisBox,460000,540000,kro,7,3
25015,EXP Stone(Lower),920000,1080000,kro,4,0
29027,EXP+2%,920000,1080000,kro,2,0
22567,Expedition Award Box,4600,5400,npc,18,0
15221,Expedition's Armor,0,0,,8,0
22151,Expedition's Boots,0,0,,8,0
28541,Expedition's Magic Ring,0,0,,8,0
20868,Expedition's Manteau,0,0,,8,0
20869,Expedition's Muffler,0,0,,8,0
28540,Expedition's Ring,0,0,,8,0
15222,Expedition's Robe,0,0,,8,0
22152,Expedition's Shoes,0,0,,8,0
29159,Experience + 2%,2129500,2500000,kro,2,0
312406,Experience Badge,0,0,,6,0
101665,Experience Shadow Pickbox (Weapon),0,0,,12,3
101919,Experience Shadow Selection Box,0,0,,12,3
24683,Experience Shadow Shield,61640000,72360000,kro,2,0
101309,Experience Shadow Spellbook,4870500,5718000,kro,4,3
100661,Experience Shadow Thump Box,0,0,,12,3
24770,Experience Shadow Weapon,57960000,68040000,kro,2,0
101921,Experience Shield Shadow Box,0,0,,12,0
314666,Experience Stone (Garment),294400000,345600000,kro,2,0
1002404,Experience Stone (Garment),294400000,345600000,kro,4,0
25141,Experience Stone (Middle),1196000,1404000,kro,4,0
25171,Experience Stone (Upper),2129500,2500000,kro,4,0
101920,Experience Weapon Shadow Box,0,0,,12,0
29145,Experience+2%,1196000,1404000,kro,2,0
19387,Experimental Goat Cap,0,0,,8,0
23992,Experimental Weapon Box,736000,864000,kro,7,0
29048,Expert Archer,0,0,,6,0
310780,Expert Archer Infinite Lv2,0,0,,6,0
310781,Expert Archer Infinite Lv3,0,0,,6,0
4832,Expert Archer1,0,0,,6,0
4841,Expert Archer10,0,0,,6,0
4833,Expert Archer2,0,0,,6,0
4834,Expert Archer3,0,0,,6,0
4835,Expert Archer4,0,0,,6,0
4836,Expert Archer5,0,0,,6,0
4837,Expert Archer6,0,0,,6,0
4838,Expert Archer7,0,0,,6,0
4839,Expert Archer8,0,0,,6,0
4840,Expert Archer9,0,0,,6,0
311384,Expert Fighter 1Lv,0,0,,6,0
311385,Expert Fighter 2Lv,0,0,,6,0
311386,Expert Fighter 3Lv,0,0,,6,0
311387,Expert Fighter 4Lv,0,0,,6,0
311388,Expert Fighter 5Lv,0,0,,6,0
311389,Expert Magician 1Lv,0,0,,6,0
311390,Expert Magician 2Lv,0,0,,6,0
311391,Expert Magician 3Lv,0,0,,6,0
311392,Expert Magician 4Lv,0,0,,6,0
311393,Expert Magician 5Lv,0,0,,6,0
2703,Expert Ring,9200000,10800000,kro,3,0
24209,Expert Shadow Shield,4370000,5130000,kro,4,0
24208,Expert Shadow Shoes,2898000,3402000,kro,4,0
312198,Expert Soul,0,0,,6,0
25225,Exploding Effect (Middle),32200000,37800000,kro,4,0
313219,Exploit Weaknesses,0,0,,6,0
27016,Exploration Rover Turbo Card,726500,853000,kro,4,3
4267,Explosion Card,1104000,1296000,kro,3,3
19105,Explosion Gum,0,0,,8,0
24952,Explosion Shadow Earring,9200000,10800000,kro,2,0
24953,Explosion Shadow Pendant,9200000,10800000,kro,2,0
13294,Explosive Kunai,85,115,ragnastats,12,0
100191,Explosive Kunai Scroll,0,0,,12,0
6213,Explosive Powder,4300,5050,ragnastats,51,18
24940,Explosive Shadow Earring,901500,1058000,kro,4,0
24941,Explosive Shadow Pendant,920000,1080000,kro,2,0
1696,Exquisite Foxtail Model,55000,64500,kro,8,0
1697,Exquisite Yellow Foxtail Model,920000,1080000,kro,2,0
100512,Extended Class Skill Shadow Cube,0,0,,12,3
310648,Extra Agi,0,0,,6,0
310651,Extra Dex,0,0,,6,0
310650,Extra Int,0,0,,6,0
300292,Extra Joker Card,736000,864000,kro,4,3
310652,Extra Luk,0,0,,6,0
300229,Extra Str,0,0,,6,0
310649,Extra Vit,0,0,,6,0
14374,Extravagant Firework Box,0,0,,12,0
310192,Extreme,0,0,,6,0
311284,Extreme Magic,0,0,,6,0
13267,Extremely Hard Black Lump,4650,5450,ragnastats,12,0
100516,Eye Cleaner,0,0,,12,0
6559,Eye Drops,269500,316500,ragnastats,7,3
5470,Eye Of Darkness,0,0,,8,0
2614,Eye of Dullahan,264500,310500,ragnastats,4,0
7337,Eye of Hellion,1,2,npc,12,0
5595,Eye Of Juno,0,0,,8,0
410313,Eye of the Storm,0,0,,8,0
2212,Eye Patch,765,1000,npc,8,0
15948,Eye Patch Of Power,0,0,,8,0
15950,Eye Patch Of Power,0,0,,8,0
2783,Eye Stone Ring,352500,414000,estimate,4,0
18747,Eyes Of Ifrit,0,0,,8,0
19391,Eyes Of Illusion,0,0,,8,0
410010,Eyes of Illusion,0,0,,8,0
12458,F Abrasive,0,0,,12,0
12471,F Adrenaline Scroll,0,0,,12,0
12446,F Agi Dish10,0,0,,12,0
5623,F Alice Doll,0,0,,8,0
5649,F Apple Of Archer C,0,0,,8,0
12468,F Aspersio 5 Scroll,0,0,,12,0
12466,F Blessing 10 Scroll,0,0,,12,0
16602,F Blue Arara Hat Box,0,0,,12,0
5612,F Blue Drooping Kitty,207000,243000,npc,4,0
5651,F Brooch C,0,0,,8,0
5619,F Bunny Band,4599500,5399500,ragnastats,2,0
5647,F Bunny Band C,0,0,,8,0
5618,F Cat Hat,5980000,7020000,ragnastats,2,0
5648,F Centimental Flower C,0,0,,8,0
5630,F Charming Ribbon,0,0,,8,0
5625,F Chick Hat,0,0,,8,0
6295,F Clothing Dye Coupon2,0,0,,12,0
12472,F Convex Mirror,0,0,,12,0
5643,F Crescent Helm,1610000,1890000,ragnastats,2,0
12448,F Dex Dish10,0,0,,12,0
5635,F Dragon Skull,2299500,2699500,ragnastats,2,0
5633,F Drooping Bunny,1840000,2160000,ragnastats,2,0
16587,F Duneyrr Helm Box,0,0,,12,0
5650,F Elven Ears C,0,0,,8,0
6291,F Enriched Elunium,0,0,,12,0
6292,F Enriched Oridecon,0,0,,12,0
5645,F Fantastic Wig,0,0,,8,0
5616,F Fish On Head,2300000,2700000,ragnastats,2,0
5613,F Flying Angel,0,0,,8,0
12438,F Giant Fly Wing,0,0,,12,0
12457,F Glass Of Illusion,0,0,,12,0
16342,F Greed Clip Box,0,0,,12,0
12456,F Greed Scroll,0,0,,12,0
6288,F Happy Box,0,0,,12,0
5617,F Hibiscus,2300000,2700000,ragnastats,2,0
12467,F Inc Agi 10 Scroll,0,0,,12,0
12440,F Insurance,0,0,,12,0
12447,F Int Dish10,0,0,,12,0
5640,F Jumping Poring,4600000,5400000,ragnastats,2,0
12442,F Kafra Card,0,0,,12,0
5634,F Kettle Hat,4600000,5400000,ragnastats,2,0
16345,F Leo Crown Box,0,0,,12,0
16346,F Leo Diadem Box,0,0,,12,0
12449,F Luk Dish10,0,0,,12,0
5652,F Magestic Goat C,0,0,,8,0
5620,F Magestic Goat TW,0,0,,8,0
5639,F Magic Eyes,2300000,2700000,ragnastats,2,0
6294,F Marriage Covenant,1,2,npc,12,0
6286,F Max Weight Up Scroll,0,0,,12,0
12459,F Med Life Potion,0,0,,12,0
5622,F Mini Propeller,0,0,,8,0
6289,F Mysterious Dyestuff,0,0,,12,0
12443,F Neuralizer,0,0,,12,0
6290,F New Style Coupon,1,2,npc,18,0
12439,F Old Battle Manual,0,0,,12,0
12441,F Old Bubble Gum,0,0,,12,0
5615,F Pair Of Red Ribbon,6900000,8100000,ragnastats,2,0
5628,F Pecopeco Hairband,5060000,5940000,ragnastats,2,0
5637,F Pink Fur Hat,2303500,2704000,ragnastats,2,0
5638,F Puppy Hat,2300000,2700000,ragnastats,2,0
5636,F Ramen Hat,2168500,2545500,ragnastats,2,0
5624,F Red Glasses,4600000,5400000,ragnastats,2,0
12461,F Regeneration Potion,0,0,,12,0
5641,F Robo Eye,0,0,,8,0
5621,F Sheep Hat,3220000,3780000,ragnastats,2,0
16585,F Sloth Hat Box,0,0,,12,0
12460,F Small Life Potion,0,0,,12,0
5614,F Smoking Pipe,6900000,8100000,ragnastats,2,0
12445,F Str Dish10,0,0,,12,0
5644,F Tiger Mask,4600000,5400000,ragnastats,2,0
6293,F Token Of Siegfried,0,0,,12,0
5629,F Vacation Hat,0,0,,8,0
5627,F Vane Hairpin,4600000,5400000,ragnastats,2,0
5632,F Vanilmirth Hat,4600000,5400000,ragnastats,2,0
12450,F Vit Dish10,0,0,,12,0
5631,F Water Lily Crown,2300000,2700000,ragnastats,2,0
5646,F Whisper Mask,4600000,5400000,ragnastats,2,0
5626,F White Deviruchi Cap,0,0,,8,0
12470,F Wind Walk 10 Scroll,0,0,,12,0
12454,F WOB Local,0,0,,12,0
12453,F WOB Rachel,0,0,,12,0
12451,F WOB Rune,0,0,,12,0
12452,F WOB Schwarz,0,0,,12,0
5642,F Yellow Wizardry Hat,0,0,,8,0
102396,FA_Armor_Reform_1,0,0,,12,0
102397,FA_Armor_Reform_1,0,0,,12,0
4002,Fabre Card,88500,104000,kro,9,3
1059,Fabric,920,1050,kro,76,36
6120,Face Paint,125,170,ragnastats,12,3
23059,Face Paint Box,0,0,,12,0
27163,Faceworm Card,874000,1026000,kro,4,3
27166,Faceworm Egg Card,828000,972000,kro,4,3
19081,Faceworm Egg Shell,0,0,,8,0
27167,Faceworm Larva Card,920000,1080000,kro,11,3
13089,Faceworm Leg,67000,78500,estimate,11,0
27164,Faceworm Queen Card,66349500,77888500,estimate,2,0
27237,Faceworm Queen Card,0,0,,6,0
13090,Faceworm Queen Leg,9200000,10800000,kro,2,0
6343,Fade Notation Blue,0,0,,12,0
6340,Fade Notation Green,0,0,,12,0
6342,Fade Notation Purple,0,0,,12,0
6341,Fade Notation Red,0,0,,12,0
480084,Fafnir Breath,0,0,,8,0
400177,Fafnir Helm,0,0,,8,0
18560,Fafnir Mask,0,0,,8,0
15405,Fafnir Scale,0,0,,8,0
18559,Fafnir Skin,0,0,,8,0
6750,Failed Engine,8,12,npc,12,6
1001593,Faint Magical Rune Stone,82500,97000,kro,12,3
450168,Faint Star's Armor,0,0,,8,0
450166,Faint Star's Robe,0,0,,8,0
450167,Faint Star's Suit,0,0,,8,0
20907,Fairy Cloth,0,0,,8,0
5437,Fairy Flower,3616500,4245500,ragnastats,2,0
28438,Fairy Leaf Powder,0,0,,8,0
20991,Fairy of Eden,0,0,,8,0
1001340,Fairy Tale Book,90000,105500,kro,12,3
400658,Fairy's Crown,0,0,,8,0
490555,Fairy's Necklace,0,0,,8,0
400213,Faith of Yggdrasil,0,0,,8,0
400401,Faith of Yggdrasil,0,0,,8,0
4607,Faithful Manager Card,1380000,1620000,kro,2,3
460066,Fake Alloy Pot-LT,0,0,,8,0
1104,Falchion,1200,1450,npc,8,0
1105,Falchion,1200,1450,npc,8,0
1106,Falchion,0,0,,8,0
13475,Falchion,0,0,,8,0
19398,Falcon Feather,0,0,,8,0
540,Falcon Food,0,0,,12,0
18604,Falcon Mask,0,0,,8,0
2516,Falcon Muffler,230000,270000,kro,7,0
28321,Falconer Claw,0,0,,8,0
18985,Falconer Flute,0,0,,8,0
28322,Falconer Glove,0,0,,8,0
1745,Falken Blitz,92000,108000,kro,7,0
18187,Falken Shooter,920000,1080000,kro,2,0
18196,Falken Shooter,920000,1080000,sibling,2,0
450131,Fallen Angel Armor,0,0,,8,0
19176,Fallen Angel Blessing,0,0,,8,0
400043,Fallen Angel Hairband,0,0,,8,0
2193,Fallen Angel Shield,0,0,,8,0
22056,Fallen Angel Shoes,0,0,,8,0
22096,Fallen Angel Shoes,0,0,,8,0
300471,Fallen Angel Slug Card,25760000,30240000,kro,2,3
490581,Fallen Angel Tear,0,0,,8,0
20833,Fallen Angel Wing,0,0,,8,0
480307,Fallen Angel Wing,0,0,,8,0
23876,Fallen Angel Wings SynthesisBox,2760000,3240000,kro,4,3
19031,Fallen Angel's Blessing,0,0,,8,0
490033,Fallen Angel's Tear,0,0,,8,0
4441,Fallen Bishop Hibram Card,90878500,106683500,estimate,2,0
25131,Fallen Energy Particle,1800,2150,kro,12,36
450377,Fallen Flame Armor,0,0,,8,0
470129,Fallen Gods Chant Magic Boots,0,0,,8,0
25157,Fallen Leaves Branch,37500,44000,estimate,12,0
28386,Fallen Monk Rosary,0,0,,8,0
480365,Fallen Protect Manteau,0,0,,8,0
490466,Fallen Seraphim Ring,0,0,,8,0
450375,Fallen Violet Armor,0,0,,8,0
20748,Fallen Warrior Manteau,6670000,7830000,kro,2,0
20749,Fallen Warrior Manteau,6670000,7830000,kro,2,0
100270,Fallen Warrior's Headgear 12 Refine Cube,46000000,54000000,kro,4,3
28977,Fallen Warrior's Shield,0,0,,8,0
19401,Fallen Wing Hairpin,0,0,,8,0
400433,Fallen Wing Hairpin-LT,0,0,,8,0
12421,Falmons F,0,0,,12,0
4316,False Angel Card,140500,165000,ragnastats,4,3
7104,False Angel Wing,640,870,npc,12,3
7105,False Heaven Ring,785,1050,npc,12,3
4020,Familiar Card,73500,86000,kro,9,3
9138,Familiar Egg,5111000,6000000,kro,4,0
100021,Family Crystal Box,136500,160000,estimate,7,0
5771,Family Hat,0,0,,8,0
16592,Family Hat Box,0,0,,12,0
16593,Family Hat Box,0,0,,12,0
4957,Famitsu's Power,0,0,,6,0
18712,Fan In Mouth,0,0,,8,0
23170,Fan Modification Kit,828000,972000,kro,7,0
102344,Fan Modification Kit EX,245000,288000,kro,7,0
102345,Fan Modification Kit EX 10 sets,2300000,2700000,kro,4,0
12358,Fan Of Wind,17,24,npc,12,3
4465,Fanat Card,799000,938000,estimate,5,3
1001634,Fanatic Cap,1950,2300,kro,12,3
1001633,Fanatic Mask,1300,1550,kro,12,3
12248,Fancy Ball Box,0,0,,12,0
6557,Fancy Fairy Wing,2150,2500,npc,12,36
19296,Fancy Feather Hat,0,0,,8,0
23884,Fancy Feather Hat SynthesisBox,0,0,,12,3
2207,Fancy Flower,92000,108000,kro,20,0
18593,Fancy Mini Crown,0,0,,8,0
18534,Fancy Phantom Mask,0,0,,8,0
1063,Fang,8400,9850,kro,36,18
7036,Fang of Hatii,90000,105500,kro,12,0
610070,Fangs of the Worm Queen,0,0,,8,0
11507,Fanta Grape,0,0,,12,0
5425,Fanta Grape Can Hat,0,0,,8,0
11506,Fanta Orange,0,0,,12,0
5424,Fanta Orange Can Hat,0,0,,8,0
11709,Fanta Zero Lemon,0,0,,12,0
5522,Fanta Zero Lemon Hat,0,0,,8,0
20600,Fantastic Aura,0,0,,8,0
12129,Fantastic Cooking Kit,51500,60500,ragnastats,12,0
5202,Fantastic Pumpkin-Head,0,0,,8,0
5276,Fantastic Wig,46000,54000,ragnastats,8,0
16736,Fantastic Wig Box,17,24,npc,12,0
16737,Fantastic Wig Box,17,24,npc,12,0
1000924,Fantasy Book Bookmark,26500,31000,kro,12,3
1000925,Fantasy Book Completion Card,92500,108500,kro,7,3
101404,Fantasy Growth Potion,23500,27500,kro,12,3
101406,Fantasy Job Growth Potion,0,0,,12,3
101461,Fantasy Series Greed Scroll Box,169000,198500,kro,7,3
32350,Farthezan,920000,1080000,kro,2,0
32354,Farthezan,920000,1080000,sibling,2,0
10024,Fashion Glasses,2205000,2588500,ragnastats,4,0
2641,Fashion Hip Sack,0,0,,8,0
400415,Fashionable Copo,0,0,,8,0
5047,Fashionable Glasses,32000,37500,ragnastats,8,0
29047,Fatal,793500,931500,kro,4,0
29361,Fatal (Garment),11040000,12960000,kro,2,0
29360,Fatal (Lower),828000,972000,kro,4,0
29359,Fatal (Upper),644000,756000,kro,4,0
29204,Fatal Large (Physical),0,0,,6,0
1270013,Fatal Master Shadow Armor,920000,1080000,kro,2,0
1270015,Fatal Master Shadow Earring,1380000,1620000,kro,2,0
1270016,Fatal Master Shadow Pendant,920000,1080000,kro,2,0
1270014,Fatal Master Shadow Shoes,920000,1080000,kro,2,0
29203,Fatal Medium (Physical),0,0,,6,0
29705,Fatal Nemesis (Magic),0,0,,6,0
29205,Fatal Nemesis (Physical),0,0,,6,0
29704,Fatal Small (Magic),0,0,,6,0
29202,Fatal Small (Physical),0,0,,6,0
4863,Fatal1Lv,0,0,,6,0
4864,Fatal2Lv,0,0,,6,0
4865,Fatal3Lv,0,0,,6,0
4866,Fatal4Lv,0,0,,6,0
510006,Fatalist,2530000,2970000,kro,2,0
100363,Fatalist Remodeling Cube,0,0,,12,0
510041,Fatalist-LT,0,0,,8,0
7637,Father Giftbox,0,0,,12,0
7634,Father Rose,0,0,,12,0
632,Fatty Chubby Earthworm,26500,31000,kro,36,3
27263,Fay Kanavian Card,2760000,3240000,kro,11,3
27254,Faymont Card,920000,1080000,kro,2,3
16568,FCapricorn Diadem Box,0,0,,12,0
16411,FChung Hairband Box,0,0,,12,0
949,Feather,4550,5350,kro,51,72
5170,Feather Beret,138000,162000,kro,7,0
18755,Feather Beret,1794000,2106000,kro,2,0
5018,Feather Bonnet,637500,748000,ragnastats,4,0
420030,Feather In Mouth,460000,540000,kro,4,0
7079,Feather of Angel Wing,5107500,5996000,estimate,4,3
916,Feather of Birds,1700,2050,kro,51,72
1001796,Feather of Judgment,0,0,,12,3
460003,Feather Shield,0,0,,8,0
460053,Feather Shield-LT,0,0,,8,0
23708,February Special Box,0,0,,12,0
11057,February Sweets,0,0,,12,0
300550,Fei-Chai and Morroc Card,7360000,8640000,kro,2,3
9183,Fei-Chai Egg,0,0,,12,0
13259,Fell Poison Kunai,25,35,ragnastats,12,0
15117,Felrock's Armor,88000,103500,estimate,8,0
22047,Felrock's Boots,185000,217000,estimate,4,0
20744,Felrock's Cloak,7360000,8640000,kro,2,0
19914,Felrock's Hat,3773500,4430000,estimate,2,0
15125,Female Diver's Suit,0,0,,8,0
4026,Female Thief Bug Card,322000,378000,kro,4,3
4556,Fenrir Card,914940000,1074060000,kro,2,3
32227,Fenrir Chain,0,0,,8,0
19144,Ferlock's Hat,0,0,,8,0
25251,Fermented Grape Juice,1,2,npc,12,0
6737,Fermented Wheat Flour,0,0,,12,0
6765,Ferris Wheel Biscuit,0,0,,12,0
23743,Festa Commemorative Can,0,0,,12,0
23551,Festi Cookie,1,2,npc,12,0
5553,Festival Bunny Band,0,0,,8,0
16234,Festival Bunny Band Box,0,0,,12,0
542,Festival Cookie,0,0,,12,0
1001742,Festival Food Bag,3650,4300,kro,12,3
5552,Festival Grand Circlet,0,0,,8,0
16233,Festival Grand Circlet Box,0,0,,12,0
7187,Festival Mask,1000,1200,ragnastats,12,18
9569,Festival Noodles,0,0,,12,0
5356,Festival Pumpkin Hat,3220000,3780000,ragnastats,2,0
543,Festival Rainbow Cake,0,0,,12,0
7160,Feudal Lord Permit,1,2,npc,12,3
16413,FIce Wing Ear Box,0,0,,12,0
2959,Fidelity Necklace,0,0,,8,0
1000496,Fides Aiming Bow Blueprint,0,0,,12,3
1000479,Fides Axe Blueprint,0,0,,12,3
1000495,Fides Ballista Blueprint,0,0,,12,3
1000491,Fides Bible Blueprint,0,0,,12,3
1000498,Fides Chain Rope Blueprint,0,0,,12,3
1000483,Fides Chakram Blueprint,0,0,,12,3
1000494,Fides Claw Blueprint,0,0,,12,3
1000686,Fides Cross-Shaped Huuma Shuriken Blueprint,0,0,,12,3
1000486,Fides Crossbow Blueprint,0,0,,12,3
1000485,Fides Dagger Blueprint,0,0,,12,3
1000695,Fides Dark Wand Blueprint,0,0,,12,3
1000697,Fides Foxtail Model Blueprint,0,0,,12,3
1000696,Fides Foxtail Wand Blueprint,0,0,,12,3
1000690,Fides Gatling Gun Blueprint,0,0,,12,3
1000478,Fides Guardian Spear Blueprint,0,0,,12,3
1000477,Fides Guardian Sword Blueprint,0,0,,12,3
1000482,Fides Hall Blueprint,0,0,,12,3
1000499,Fides Harp Blueprint,0,0,,12,3
1000685,Fides Huuma Shuriken Blueprint,0,0,,12,3
1000484,Fides Katar Blueprint,0,0,,12,3
1000493,Fides Knuckle Blueprint,0,0,,12,3
1000476,Fides Lance Blueprint,0,0,,12,3
1000691,Fides Launcher Blueprint,0,0,,12,3
1000480,Fides Mace Blueprint,0,0,,12,3
1000489,Fides Magic Book Blueprint,0,0,,12,3
1000692,Fides Moon Book Blueprint,0,0,,12,3
1002364,Fides Nature Axe Blueprint,0,0,,12,0
1002363,Fides Nature Hall Blueprint,0,0,,12,0
1000490,Fides Poison Book Blueprint,0,0,,12,3
1000481,Fides Rapier Blueprint,0,0,,12,3
1000687,Fides Revolver Blueprint,0,0,,12,3
1000500,Fides Ribbon Blueprint,0,0,,12,3
1000689,Fides Rifle Blueprint,0,0,,12,3
1000488,Fides Rod Blueprint,0,0,,12,3
1000688,Fides Shotgun Blueprint,0,0,,12,3
1000694,Fides Soul Stick Blueprint,0,0,,12,3
1000693,Fides Stardust Book Blueprint,0,0,,12,3
1000487,Fides Two-Handed Staff Blueprint,0,0,,12,3
1000475,Fides Two-Handed Sword Blueprint,0,0,,12,3
1000497,Fides Violin Blueprint,0,0,,12,3
1000492,Fides Wand Blueprint,0,0,,12,3
16670,Field Manual Box A,0,0,,12,0
6381,Field Shovel,0,0,,12,3
314258,Fierce Attack Jewel 10Lv,0,0,,6,0
314249,Fierce Attack Jewel 1Lv,0,0,,6,0
314250,Fierce Attack Jewel 2Lv,0,0,,6,0
314251,Fierce Attack Jewel 3Lv,0,0,,6,0
314252,Fierce Attack Jewel 4Lv,0,0,,6,0
314253,Fierce Attack Jewel 5Lv,0,0,,6,0
314254,Fierce Attack Jewel 6Lv,0,0,,6,0
314255,Fierce Attack Jewel 7Lv,0,0,,6,0
314256,Fierce Attack Jewel 8Lv,0,0,,6,0
314257,Fierce Attack Jewel 9Lv,0,0,,6,0
12234,Fierce Cacao 99%,3550,4150,ragnastats,12,0
1868,Fierce Dragon Fighting,0,0,,8,0
15441,Fierce Magique Armor,0,0,,8,0
22241,Fierce Magique Boots,0,0,,8,0
15443,Fierce Magique Manteau,0,0,,8,0
15440,Fierce Physique Armor,0,0,,8,0
22240,Fierce Physique Boots,0,0,,8,0
15442,Fierce Physique Manteau,0,0,,8,0
312334,Fiery Earth Rune 10Lv,0,0,,6,0
312325,Fiery Earth Rune 1Lv,0,0,,6,0
312326,Fiery Earth Rune 2Lv,0,0,,6,0
312327,Fiery Earth Rune 3Lv,0,0,,6,0
312328,Fiery Earth Rune 4Lv,0,0,,6,0
312329,Fiery Earth Rune 5Lv,0,0,,6,0
312330,Fiery Earth Rune 6Lv,0,0,,6,0
312331,Fiery Earth Rune 7Lv,0,0,,6,0
312332,Fiery Earth Rune 8Lv,0,0,,6,0
312333,Fiery Earth Rune 9Lv,0,0,,6,0
470192,Fifth Element,0,0,,8,0
12141,Fifth Stage Prize,0,0,,12,0
7298,Fig Leaf,3750,4400,ragnastats,36,36
480671,Fighter's Cloak,11730000,13770000,kro,2,0
1869,Fighting God's Vantage,0,0,,8,0
310770,Fighting Infinite Lv1,0,0,,6,0
310771,Fighting Infinite Lv2,0,0,,6,0
310772,Fighting Infinite Lv3,0,0,,6,0
4811,Fighting Spirit1,0,0,,6,0
4825,Fighting Spirit10,0,0,,6,0
4810,Fighting Spirit2,0,0,,6,0
4809,Fighting Spirit3,0,0,,6,0
4808,Fighting Spirit4,0,0,,6,0
4820,Fighting Spirit5,0,0,,6,0
4821,Fighting Spirit6,0,0,,6,0
4822,Fighting Spirit7,0,0,,6,0
4823,Fighting Spirit8,0,0,,6,0
4824,Fighting Spirit9,0,0,,6,0
5405,Filir Hat,1651500,1939000,ragnastats,2,0
16440,Filir Wing Box,0,0,,12,0
16441,Filir Wings Box,0,0,,12,0
5664,Filir's Pinions,0,0,,11,0
5865,Filir's Wing Ears,0,0,,8,0
300256,Fillia Card,368000,432000,kro,4,3
951,Fin,1100,1300,ragnastats,36,36
5014,Fin Helm,138000,162000,kro,4,0
1001449,Fin of Coral Marine,1103500,1295500,kro,4,3
25617,Fine Chonchon Doll,53000,62500,estimate,36,6
1695,Fine Foxtail Replica,87000,102500,kro,8,0
7041,Fine Grit,4000,4700,ragnastats,36,6
1001012,Fine jewelry Box China Manufacturer,0,0,,12,0
6261,Fine Noodles,530,715,npc,12,3
25312,Fine Old Doll,48500,57500,estimate,36,6
7043,Fine Sand,1800,2150,kro,76,18
1066,Fine-grained Trunk,295,400,ragnastats,12,18
1811,Finger,48000,56000,npc,8,0
1812,Finger,48000,56000,npc,8,0
28223,Finisher,217500,255500,estimate,4,0
300638,Firafflesia Card,18400000,21600000,kro,2,3
6512,Fire Amulet,42,58,ragnastats,12,3
29648,Fire and Thunder God,0,0,,6,0
23374,Fire Armor Scroll,0,0,,12,0
1752,Fire Arrow,4,6,ragnastats,12,0
12008,Fire Arrow Quiver,4600,5400,ragnastats,54,3
29690,Fire Attribute (Weapon),0,0,,6,0
24220,Fire Bolt Shadow Armor,11960000,14040000,kro,4,0
24451,Fire Breath Shadow Earring,1610000,1890000,kro,4,0
24450,Fire Breath Shadow Pendant,1747500,2051500,kro,4,0
24449,Fire Breath Shadow Weapon,1840000,2160000,kro,4,0
18008,Fire Cannon Ball,42,58,npc,12,0
100187,Fire Charm Bundle,0,0,,12,0
27026,Fire Condor Card,3404000,3996000,kro,2,3
9098,Fire Deleter Egg,11040000,12960000,kro,4,0
480412,Fire Dragon Coat,0,0,,8,0
7451,Fire Dragon Scale,92000,108000,kro,7,0
20726,Fire Dragon's Coat,0,0,,8,0
4952,Fire Drop,0,0,,6,0
29305,Fire Element(Armor),0,0,,6,0
300640,Fire Flower Card,3910000,4590000,kro,2,3
27028,Fire Frilldora Card,1380000,1620000,kro,2,3
27029,Fire Golem Card,928500,1089500,estimate,2,3
9131,Fire Golem Egg,4600000,5400000,kro,4,0
4970,Fire Property Reactor,0,0,,6,0
6965,Fire Property Reactor Blueprint,0,0,,12,0
311405,Fire Resistance +5%,0,0,,6,0
4974,Fire Resistance Reactor,0,0,,6,0
6969,Fire Resistance Reactor Blueprint,0,0,,12,0
1001990,Fire Ring,0,0,,12,3
1000641,Fire Rune,59500,70000,kro,12,3
1000637,Fire Rune Fragment,4950,5800,kro,12,3
27027,Fire Sandman Card,903500,1061000,estimate,4,3
22132,Fire Thunder Great Boots,0,0,,8,0
22191,Fire Thunder Great Boots,0,0,,8,0
12828,Fire Type Scroll,0,0,,12,0
310373,Fire/Cold/Lightning Bolt Lv.1,0,0,,6,0
310374,Fire/Cold/Lightning Bolt Lv.2,0,0,,6,0
310375,Fire/Cold/Lightning Bolt Lv.3,0,0,,6,0
310376,Fire/Cold/Lightning Bolt Lv.4,0,0,,6,0
310377,Fire/Cold/Lightning Bolt Lv.5,0,0,,6,0
1133,Fireblend,46000,54000,kro,11,0
13435,Fireblend,46000,54000,sibling,8,0
27030,Firebug Card,938500,1101500,estimate,2,3
12018,Firecracker,4350,5100,ragnastats,27,18
12538,Firecracker Basket,1800,2150,npc,12,0
4160,Firelock Soldier Card,1748000,2052000,kro,16,3
300637,Fireloop Card,25760000,30240000,kro,2,3
12118,Fireproof Potion,5500,6450,kro,18,3
300222,Firewind Kite Card,3647500,4282000,kro,2,3
310850,Firework,0,0,,6,0
490262,Firm Faith Ring,0,0,,8,0
1001430,Firm Land Crystal,82500,97000,estimate,12,36
7671,First Aid Kit,27000,32000,sibling,12,0
12110,First Aid Kit,27000,32000,ragnastats,12,3
24630,First Exploding Draft Shadow Armor,0,0,,8,0
24629,First Exploding Draft Shadow Shield,0,0,,8,0
24628,First Exploding Draft Shadow Weapon,6440000,7560000,kro,2,0
12137,First Stage Prize,0,0,,12,0
584,Fish Cake Soup,0,0,,12,3
5403,Fish In Mouth,0,0,,8,0
5792,Fish Pin,0,0,,8,0
1023,Fish Tail,11500,14000,kro,51,36
6096,Fish With Blue Back,5500,6450,kro,36,6
312412,Fisher Badge,0,0,,6,0
24067,Fisher Shoes (Shadow),138000,162000,kro,7,0
2550,Fisher's Muffler,0,0,,8,0
1249,Fisherman's Dagger,8250,9700,npc,8,0
5317,Fisherman's Hat,0,0,,8,0
15104,Fisherman's Mail,0,0,,8,0
22017,Fisherman's Shoes,0,0,,8,0
22091,Fisherman's Shoes,0,0,,8,0
24379,Fishing Insect Net Shadow Armor,2760000,3240000,kro,4,0
24435,Fishing Insect Shadow Weapon,1610000,1890000,kro,4,0
24160,Fishing Shadow Weapon,3450000,4050000,kro,4,0
1807,Fist,43500,51500,npc,8,0
1808,Fist,43500,51500,npc,8,0
1844,Fist of Evil,0,0,,8,0
490481,Five Elements Seal Array,0,0,,8,0
29372,Fixed Cast Time - 50%,0,0,,6,0
311420,Fixed Cast Time - 70%,0,0,,6,0
1002840,Fixed Crack,125273000,147060000,kro,4,0
1510,Flail,13000,15500,npc,11,0
1511,Flail,13000,15500,npc,8,0
1512,Flail,0,0,,8,0
9033,Flail Goblin Egg,1303500,1530000,ragnastats,4,0
1129,Flamberge,49500,58000,npc,8,0
1149,Flamberge,49500,58000,npc,8,0
1000276,Flame Acid Bottle,0,0,,12,0
19412,Flame Bird,0,0,,8,0
1270085,Flame Bomb Shadow Armor,9200000,10800000,kro,2,0
1270086,Flame Bomb Shadow Shoes,9200000,10800000,kro,2,0
15175,Flame Dragon Armor,0,0,,8,0
1001139,Flame Essence,22500,26000,kro,12,3
6114,Flame Gemstone,920,1050,ragnastats,36,3
17158,Flame Gemstone Box,0,0,,12,0
27360,Flame Ghost Card,1380000,1620000,kro,2,0
994,Flame Heart,6350,7500,kro,76,18
16652,Flame Light,0,0,,12,0
2542,Flame Manteau of Naght Sieger,183500,215500,ragnastats,7,0
312420,Flame of Rebirth,0,0,,6,0
1594,Flame Pedigree Book,0,0,,8,0
312315,Flame Rune 1Lv,0,0,,6,0
312316,Flame Rune 2Lv,0,0,,6,0
312317,Flame Rune 3Lv,0,0,,6,0
312318,Flame Rune 4Lv,0,0,,6,0
312319,Flame Rune 5Lv,0,0,,6,0
24190,Flame Shadow Armor,92000,108000,kro,7,0
24202,Flame Shadow Shield,230000,270000,kro,7,0
4439,Flame Skull Card,505500,593000,kro,5,3
7521,Flame Stone,42,58,ragnastats,27,3
1000293,Flame Stone 4th,920,1050,npc,12,0
100183,Flame Stone Bundle,0,0,,12,0
2139,Flame Thrower,16500,19000,npc,8,0
19438,Flame Thunder Witch's Necklace,0,0,,8,0
2041,Flame Thunder Witch's Wand,0,0,,8,0
18822,Flame Wing Ear,0,0,,8,0
24059,Flameguard Shield (Shadow),460000,540000,kro,7,0
4570,Flamel Card,894000,1049500,estimate,4,3
29602,Flamel's Memory,0,0,,6,0
15920,Flaming Heart,0,0,,8,0
310468,Flaming Petals/Freezing Spear/Wind Blade Lv.1,0,0,,6,0
310469,Flaming Petals/Freezing Spear/Wind Blade Lv.2,0,0,,6,0
310470,Flaming Petals/Freezing Spear/Wind Blade Lv.3,0,0,,6,0
310471,Flaming Petals/Freezing Spear/Wind Blade Lv.4,0,0,,6,0
310472,Flaming Petals/Freezing Spear/Wind Blade Lv.5,0,0,,6,0
5334,Flapping Angeling,23000000,27000000,kro,2,0
24971,Flare Bloom Shadow Earring,818500,961000,kro,4,0
24972,Flare Bloom Shadow Pendant,1840000,2160000,kro,2,0
13228,Flare Bullet,4,6,npc,12,0
23123,Flare Bullet Cartridge,0,0,,12,0
101110,Flare Cannon Ball Box,0,0,,12,0
24604,Flare Dance Shadow Earring,0,0,,8,0
24605,Flare Dance Shadow Pendant,0,0,,8,0
24606,Flare Dance Shadow Shoes,2760000,3240000,kro,2,0
13223,Flare Sphere,430,580,ragnastats,12,0
12148,Flare Sphere Pack,1,3,npc,12,3
22743,Flare Sphere Pack,0,0,,12,0
29587,Flash,0,0,,6,0
1760,Flash Arrow,17,24,ragnastats,12,0
13252,Flash Shuriken,5,7,ragnastats,12,0
7327,Flashlight,17500,21000,ragnastats,36,3
1001639,Flashy Accessory,2850,3300,kro,12,3
15146,Flattery Robe,0,0,,8,0
6095,Flavored Alcohol,920,1050,npc,12,3
400676,Flaward Hat,0,0,,8,0
15829,Flaward's Hat,0,0,,8,0
29237,Flee + 5,0,0,,6,0
6645,FLEE Stone (Lower),8,12,npc,12,0
29238,Flee+10,0,0,,6,0
4763,FLEE+12,0,0,,6,0
4762,FLEE+6,0,0,,6,0
7325,Flexible Tube,500,680,ragnastats,51,36
1002684,Flickering Flower Fire,0,0,,12,0
18705,Flip Hat,0,0,,8,0
410025,Floating Artifacts,0,0,,8,0
410026,Floating Artifacts,0,0,,8,0
19380,Floating Ball,0,0,,8,0
19411,Floating Gioia,0,0,,8,0
19173,Floating Ice,0,0,,8,0
19022,Floating Stone Of Intelligence,0,0,,8,0
29216,Flood,0,0,,6,0
4080,Flora Card,46000,54000,kro,9,3
23552,Flora Cookie,1,2,npc,12,0
103747,Flora Cookie,0,0,,12,3
2989,Floral Bracelet Of Aigu,1748000,2052000,kro,2,0
1990,Floral Mic Of Aigu,429000,503500,estimate,4,0
7604,Flour,0,0,,12,0
2593,Flow Manteau,1610000,1890000,kro,2,0
2163,Flow Shield,8188000,9612000,kro,2,0
22057,Flow Shoes,4508000,5292000,kro,2,0
712,Flower,1,2,npc,51,36
11712,Flower,0,0,,12,0
2215,Flower Band,92000,108000,kro,4,0
5303,Flower Crown,0,0,,8,0
315055,Flower Garden,0,0,,6,0
5061,Flower Hairpin,1246500,1463000,ragnastats,2,0
5525,Flower Hat,0,0,,8,0
18993,Flower Hat,0,0,,8,0
13313,Flower Huuma Shuriken,92000,108000,kro,4,0
25503,Flower Left by Phantom,0,0,,12,0
5302,Flower Lily,855500,1004000,ragnastats,4,0
2612,Flower Ring,1200,1450,npc,8,0
2218,Flu Mask,225,310,npc,8,0
2219,Flu Mask,0,0,,8,0
914,Fluff,920,1050,kro,51,72
25775,Fluffy Cloth Piece,13500,16000,estimate,36,6
1001646,Fluffy Core,21000,24500,kro,12,3
470008,Fluffy Dandelion Shoes,0,0,,8,0
470009,Fluffy Dandelion Shoes,0,0,,8,0
22210,Fluffy Fish Shoes,0,0,,8,0
410109,Fluffy Lovely Fox,0,0,,8,0
410110,Fluffy Lovely Fox,0,0,,8,0
450210,Fluffy Shark Pajama,0,0,,8,0
1002683,Fluffy Sparks,3100,3650,kro,12,0
1001233,Fluorescent Fluorescent Cell (Daldal),0,0,,12,3
7326,Fluorescent Liquid,1800,2150,kro,51,36
530035,Flush Blocking Spear,0,0,,8,0
610042,Flush Bolt Crusher,0,0,,8,0
800016,Flush Bolt Revolver,0,0,,8,0
700060,Flush Bolt Shooter,0,0,,8,0
600031,Flush Claw Sword,0,0,,8,0
640035,Flush Detecting Staff,0,0,,8,0
650029,Flush Grinder Huuma Shuriken,0,0,,8,0
510077,Flush Jewel Detector Mk47,0,0,,8,0
510105,Flush Metal Detector Mk47,0,0,,8,0
510106,Flush Metal Detector Mk47-2,0,0,,8,0
590049,Flush Rubber Hammer,0,0,,8,0
550091,Flush Safety Foxtail,0,0,,8,0
560038,Flush Safety Knuckle,0,0,,8,0
570033,Flush Safety Lute,0,0,,8,0
540058,Flush Safety Manual,0,0,,8,0
500056,Flush Safety Saber,0,0,,8,0
580034,Flush Safety Whip,0,0,,8,0
620020,Flush Saw Axe,0,0,,8,0
102124,Flush Weapon Smelting Hammer,48300000,56700000,kro,4,3
550092,Flush Welding Wand,0,0,,8,0
420141,Flutter Butterfly,0,0,,8,0
601,Fly Wing,170,235,kro,54,72
19174,Flying Drone,0,0,,8,0
5376,Flying Evil Wing,0,0,,8,0
5967,Flying Galapago,0,0,,8,0
5937,Flying Helmet,0,0,,8,0
20099,Flying Ljosalfar,73600000,86400000,kro,2,0
311959,Focus of Varmundt Lv1,0,0,,6,0
311960,Focus of Varmundt Lv2,0,0,,6,0
311961,Focus of Varmundt Lv3,0,0,,6,0
311962,Focus of Varmundt Lv4,0,0,,6,0
311963,Focus of Varmundt Lv5,0,0,,6,0
24877,Focusing Shadow Earring,1104000,1296000,kro,2,0
24876,Focusing Shadow Pendant,460000,540000,kro,4,0
7262,Folding Fan of Cat Ghost,4650,5450,ragnastats,36,18
7610,Food Exchange Ticket,0,0,,12,0
7021,Foolishness of the Blind,40500,47500,ragnastats,51,3
12764,Fools Day Box Tw,0,0,,12,0
5824,Fools Day Hat,0,0,,8,0
5847,Fools Day Helmet,0,0,,8,0
2737,Foot Ring,0,0,,8,0
314171,Footprint (2D),0,0,,6,0
1002239,Footprint (2D) (Garment),41400000,48600000,kro,4,0
314172,Footprint (3D),0,0,,6,0
1002240,Footprint (3D) (Garment),41911000,49200000,kro,4,0
313065,Footprint Effect,0,0,,6,0
1001615,Footprint Effect (Garment),184000000,216000000,kro,4,0
28628,Forbidden Grimoire,0,0,,8,0
28984,Forbidden Grimoire,0,0,,8,0
460083,Forbidden Grimoire II,0,0,,8,0
460097,Forbidden Grimoire II-LT,0,0,,8,0
660,Forbidden Red Candle,828000,972000,kro,32,3
28943,Forbidden Spellbook,0,0,,8,0
23892,Force and Spirit Shadow SynthesisBox,0,0,,12,3
490077,Force Condenser,18400000,21600000,kro,2,0
24328,Force Executioner Shadow Weapon,828000,972000,kro,7,0
24225,Force Shadow Earring,0,0,,12,0
24226,Force Shadow Pendant,1610000,1890000,kro,4,0
24224,Force Shadow Weapon,2116000,2484000,kro,4,0
11708,Fore Flank Sirloin,0,0,,12,0
312906,Forearm I,0,0,,6,0
312907,Forearm II,0,0,,6,0
312908,Forearm III,0,0,,6,0
312909,Forearm IV,0,0,,6,0
312910,Forearm V,0,0,,6,0
311439,Foreign Conquerer,0,0,,6,0
313089,Forest Magic Orb (Above All),0,0,,6,0
313106,Forest Magic Orb (Acute),0,0,,6,0
313073,Forest Magic Orb (Archer),0,0,,6,0
313074,Forest Magic Orb (Assassin),0,0,,6,0
313076,Forest Magic Orb (Berserker),0,0,,6,0
313084,Forest Magic Orb (Caster),0,0,,6,0
313087,Forest Magic Orb (Critical),0,0,,6,0
313078,Forest Magic Orb (Executioner),0,0,,6,0
313101,Forest Magic Orb (Expert Archer),0,0,,6,0
313102,Forest Magic Orb (Fatal),0,0,,6,0
313100,Forest Magic Orb (Fighting Spirit),0,0,,6,0
313097,Forest Magic Orb (Firing Shot),0,0,,6,0
313082,Forest Magic Orb (Global Cooldown),0,0,,6,0
313090,Forest Magic Orb (HP),0,0,,6,0
313098,Forest Magic Orb (Lucky Strike),0,0,,6,0
313107,Forest Magic Orb (Magic Essence),0,0,,6,0
313081,Forest Magic Orb (Magic Force),0,0,,6,0
313071,Forest Magic Orb (Magical Defense),0,0,,6,0
313093,Forest Magic Orb (Magical Force),0,0,,6,0
313109,Forest Magic Orb (Magical Power),0,0,,6,0
313075,Forest Magic Orb (Magician),0,0,,6,0
313077,Forest Magic Orb (Marksman),0,0,,6,0
313105,Forest Magic Orb (Master Archer),0,0,,6,0
313085,Forest Magic Orb (Melee),0,0,,6,0
313096,Forest Magic Orb (Over Power),0,0,,6,0
313070,Forest Magic Orb (Physical Defense),0,0,,6,0
313092,Forest Magic Orb (Physical Force),0,0,,6,0
313108,Forest Magic Orb (Physical Power),0,0,,6,0
313080,Forest Magic Orb (Power Force),0,0,,6,0
313086,Forest Magic Orb (Range),0,0,,6,0
313094,Forest Magic Orb (Size Attack),0,0,,6,0
313095,Forest Magic Orb (Size Spell),0,0,,6,0
313091,Forest Magic Orb (SP),0,0,,6,0
313083,Forest Magic Orb (Speed),0,0,,6,0
313099,Forest Magic Orb (Spell Buster),0,0,,6,0
313103,Forest Magic Orb (Spell Power),0,0,,6,0
313088,Forest Magic Orb (Spell),0,0,,6,0
313104,Forest Magic Orb (Tenacity),0,0,,6,0
313072,Forest Magic Orb (Warrior),0,0,,6,0
313079,Forest Magic Orb (Wizard),0,0,,6,0
2862,Forest Orb,92000,108000,kro,4,0
15028,Forest Robe,73500,86000,kro,8,0
2470,Forest Shoes,0,0,,8,0
2010,Forest Staff,0,0,,8,0
1000946,Fork spoon,45000,53000,kro,12,3
2320,Formal Suit,387500,455000,ragnastats,7,0
101113,Formless Kunai Summon Scroll,0,0,,12,0
24163,Formless Shadow Weapon,1012000,1188000,kro,4,0
18737,Fortier Masque,0,0,,8,0
540013,Fortified Book,501000,588500,kro,4,0
600013,Fortified Claymore,0,0,,8,0
510053,Fortified Dagger,920000,1080000,kro,2,0
510054,Fortified Edge,496500,583000,kro,4,0
550057,Fortified Rod,920000,1080000,kro,2,0
530009,Fortified Spear,0,0,,8,0
640013,Fortified Staff,92000,108000,kro,4,0
550059,Fortified Wand,276000,324000,kro,4,0
300306,Fortitude,0,0,,6,0
32030,Fortrage,0,0,,8,0
32025,Fortridge,2760000,3240000,kro,2,0
7458,Fortune Horn,0,0,,12,0
1223,Fortune Sword,46000,54000,kro,8,0
19499,Fortunetelling Sealed,0,0,,8,0
28955,Fotia Shield,0,0,,8,0
24989,Four Bearing God Shadow Armor,828000,972000,kro,4,0
24990,Four Bearing God Shadow Shoes,915000,1074500,kro,4,0
706,Four Leaf Clover,81500,96000,kro,54,3
1000932,Four Leaf Clover Bookmark,533500,626000,kro,7,3
450226,Four of a Kind,0,0,,8,0
28428,Four Seasons Clover Necklace,0,0,,8,0
12140,Fourth Stage Prize,0,0,,12,0
18934,Fox Ears Bell Ribbon,0,0,,8,0
420004,Fox Hair,0,0,,8,0
5400,Fox Hat,0,0,,8,0
5534,Fox Hat,0,0,,8,0
2171,Fox Wrist Guard,33000,38500,npc,8,0
1694,Foxtail Model,82500,97000,kro,8,0
550187,Foxtail of the Sky,575000,675000,kro,4,0
1270115,Fracella Shadow Earring,368000,432000,kro,4,0
1270116,Fracella Shadow Pendant,276000,324000,kro,4,0
7094,Fragment,1650,1950,ragnastats,36,36
1001008,Fragment Beyond Dimensions,0,0,,12,0
7436,Fragment of Agony,4300,5050,kro,36,6
1000243,Fragment of Anger,27500,32000,kro,12,3
1000262,Fragment of Blessing,0,0,,12,3
1000261,Fragment of Comfort,0,0,,12,3
7798,Fragment of Darkness,4100,4850,kro,27,0
7439,Fragment of Despair,4550,5350,kro,36,6
1000258,Fragment of Empathy,87000,102500,kro,12,3
1000244,Fragment of Fear,32000,37500,kro,12,3
1000263,Fragment of Good Will,146000,171500,kro,7,3
1000259,Fragment of Happiness,18000,21500,kro,12,3
7438,Fragment of Hatred,1800,2150,kro,36,6
7918,Fragment Of Memory,0,0,,12,0
7437,Fragment of Misery,4600,5400,kro,36,6
300314,Fragment of Reason and Memory,0,0,,6,0
1000255,Fragment of Regret,26500,31000,kro,12,3
1000245,Fragment of Resentment,36500,43000,kro,12,3
1000260,Fragment of Rest,0,0,,12,3
25639,Fragment of Rock,87000,102500,estimate,12,18
7211,Fragment of Rossata Stone,156000,183500,kro,7,0
1000256,Fragment of Sorrow,4600,5400,kro,12,3
311979,Fragment of Varmundt (CON) Lv1,0,0,,6,0
311980,Fragment of Varmundt (CON) Lv2,0,0,,6,0
311981,Fragment of Varmundt (CON) Lv3,0,0,,6,0
311982,Fragment of Varmundt (CON) Lv4,0,0,,6,0
311983,Fragment of Varmundt (CON) Lv5,0,0,,6,0
311984,Fragment of Varmundt (CRT) Lv1,0,0,,6,0
311985,Fragment of Varmundt (CRT) Lv2,0,0,,6,0
311986,Fragment of Varmundt (CRT) Lv3,0,0,,6,0
311987,Fragment of Varmundt (CRT) Lv4,0,0,,6,0
311988,Fragment of Varmundt (CRT) Lv5,0,0,,6,0
311974,Fragment of Varmundt (POW) Lv1,0,0,,6,0
311975,Fragment of Varmundt (POW) Lv2,0,0,,6,0
311976,Fragment of Varmundt (POW) Lv3,0,0,,6,0
311977,Fragment of Varmundt (POW) Lv4,0,0,,6,0
311978,Fragment of Varmundt (POW) Lv5,0,0,,6,0
311994,Fragment of Varmundt (SPL) Lv1,0,0,,6,0
311995,Fragment of Varmundt (SPL) Lv2,0,0,,6,0
311996,Fragment of Varmundt (SPL) Lv3,0,0,,6,0
311997,Fragment of Varmundt (SPL) Lv4,0,0,,6,0
311998,Fragment of Varmundt (SPL) Lv5,0,0,,6,0
311989,Fragment of Varmundt (STA) Lv1,0,0,,6,0
311990,Fragment of Varmundt (STA) Lv2,0,0,,6,0
311991,Fragment of Varmundt (STA) Lv3,0,0,,6,0
311992,Fragment of Varmundt (STA) Lv4,0,0,,6,0
311993,Fragment of Varmundt (STA) Lv5,0,0,,6,0
311999,Fragment of Varmundt (WIS) Lv1,0,0,,6,0
312000,Fragment of Varmundt (WIS) Lv2,0,0,,6,0
312001,Fragment of Varmundt (WIS) Lv3,0,0,,6,0
312002,Fragment of Varmundt (WIS) Lv4,0,0,,6,0
312003,Fragment of Varmundt (WIS) Lv5,0,0,,6,0
1001199,Fragments of Corruption,0,0,,12,3
6803,Fragments Of Gigan,100500,118000,kro,7,0
1001078,Fragments of the Blue Moon,20000,23500,estimate,12,0
6941,Fragments Valkyrie Power,8,12,npc,12,0
311049,Framen Tuning Device,0,0,,6,0
5180,France Holiday Hat,0,0,,8,0
16462,FRed Wing Hat Box,0,0,,12,0
17203,Free Pass Box,0,0,,12,0
7311,Free Ticket for Flyship,0,0,,27,0
7310,Free Ticket for Peco Ride,2500,2950,ragnastats,12,0
550080,Freedom Stick,1380000,1620000,kro,2,0
101482,Freedom Stick Remodeling Cube,0,0,,12,0
550082,Freedom Stick-LT,0,0,,8,0
311905,Freeze Resistance,0,0,,6,0
4319,Freezer Card,460000,540000,kro,4,3
13217,Freezing Bullet,4,6,npc,12,0
29593,Freezing Resistance,0,0,,6,0
7574,Freezing Snow Powder,1,2,npc,12,3
13227,Freezing Sphere,0,0,,12,0
12147,Freezing Sphere Pack,1,3,npc,12,3
22742,Freezing Sphere Pack,0,0,,12,0
420137,Frenzy Galapago,0,0,,8,0
1270097,Frenzy Reaction Shot Shadow Armor,736000,864000,kro,4,0
1270098,Frenzy Reaction Shot Shadow Shoes,920000,1080000,kro,2,0
579,Fresh Fish,285,390,ragnastats,36,36
2791,Fresh Fish,285,390,sibling,8,0
28380,Fresh Grass Necklace,184000,216000,kro,4,0
28577,Fresh Grass Necklace,184000,216000,sibling,4,0
1002094,Fresh Meat,0,0,,12,0
11538,Fresh Octopus Legs,3300,3900,ragnastats,12,0
1001088,Fresh Pear,19000,22500,estimate,12,0
6112,Fresh Plant,755,1000,ragnastats,12,3
6782,Fresh Shrimp,0,0,,12,3
11588,Fresh Strawberries,0,0,,12,0
28590,Fresh Tuna Amulet,0,0,,8,0
12601,Fresh Watermelon Juice,0,0,,12,0
7073,Freya's Jewel,5107500,5996000,estimate,11,3
16216,Freya's Spiritual Bracelet Box,0,0,,12,0
16217,Freya's Spiritual Bracelet Box,0,0,,12,0
16218,Freya's Spiritual Bracelet Box,0,0,,12,0
16219,Freya's Spiritual Bracelet Box,0,0,,12,0
16212,Freya's Spiritual Circlet Box,0,0,,12,0
16213,Freya's Spiritual Circlet Box,0,0,,12,0
16214,Freya's Spiritual Circlet Box,0,0,,12,0
16215,Freya's Spiritual Circlet Box,0,0,,12,0
16200,Freya's Spiritual Robe Box,0,0,,12,0
16201,Freya's Spiritual Robe Box,0,0,,12,0
16202,Freya's Spiritual Robe Box,0,0,,12,0
16203,Freya's Spiritual Robe Box,0,0,,12,0
16208,Freya's Spiritual Sandals Box,0,0,,12,0
16209,Freya's Spiritual Sandals Box,0,0,,12,0
16210,Freya's Spiritual Sandals Box,0,0,,12,0
16211,Freya's Spiritual Sandals Box,0,0,,12,0
16204,Freya's Spiritual Scarf Box,0,0,,12,0
16205,Freya's Spiritual Scarf Box,0,0,,12,0
16206,Freya's Spiritual Scarf Box,0,0,,12,0
16207,Freya's Spiritual Scarf Box,0,0,,12,0
16196,Freya's Spiritual Shield Box,0,0,,12,0
16197,Freya's Spiritual Shield Box,0,0,,12,0
16198,Freya's Spiritual Shield Box,0,0,,12,0
16199,Freya's Spiritual Shield Box,0,0,,12,0
5541,Freyja SCirclet30,0,0,,8,0
5542,Freyja SCirclet60,0,0,,8,0
5540,Freyja SCirclet7,0,0,,8,0
5543,Freyja SCirclet90,0,0,,8,0
15004,Freyja Soul Robe30,0,0,,8,0
15005,Freyja Soul Robe60,0,0,,8,0
15003,Freyja Soul Robe7,0,0,,8,0
15006,Freyja Soul Robe90,0,0,,8,0
2555,Freyja Soul Scarf,0,0,,8,0
2556,Freyja Soul Scarf,0,0,,8,0
2557,Freyja Soul Scarf,0,0,,8,0
2558,Freyja Soul Scarf,0,0,,8,0
2141,Freyja Spirit Shield,0,0,,8,0
2142,Freyja Spirit Shield,0,0,,8,0
2143,Freyja Spirit Shield,0,0,,8,0
2144,Freyja Spirit Shield,0,0,,8,0
2451,Freyja Sprit Sandals,0,0,,8,0
2452,Freyja Sprit Sandals,0,0,,8,0
2453,Freyja Sprit Sandals,0,0,,8,0
2454,Freyja Sprit Sandals,0,0,,8,0
2811,Freyja's Spirit Bracelet,0,0,,8,0
2812,Freyja's Spirit Bracelet,0,0,,8,0
2813,Freyja's Spirit Bracelet,0,0,,8,0
2814,Freyja's Spirit Bracelet,0,0,,8,0
5124,Fricca's Circlet,92000,108000,kro,7,0
2488,Fricco Shoes,0,0,,8,0
2417,Fricco's Shoes,46000,54000,kro,11,0
12041,Fried Grasshopper Legs,13000,15500,ragnastats,12,3
12066,Fried Monkey Tails,11500,13500,ragnastats,76,3
12646,Fried Octopus Legs,17,24,npc,18,0
12070,Fried Scorpion Tails,21000,25000,ragnastats,12,3
12068,Fried Sweet Potato,14500,17000,ragnastats,12,6
300423,Friedrich Card,0,0,,6,3
300424,Friedrich S. Heine Card,11233000,13186500,kro,2,3
300452,Friedrich Stolz Heine (Sign Stamp) Card,0,0,,6,3
1012,Frill,425,575,kro,51,36
4088,Frilldora Card,1840000,2160000,kro,3,3
6696,Frilldora's Fiery Nape,45000,52500,estimate,12,6
12056,Frog Egg Squid Ink Soup,7500,8800,ragnastats,12,3
5447,Frog Hat,2300000,2700000,ragnastats,2,0
5528,Frog King Hat,0,0,,8,0
24985,From Abyss Shadow Armor,920000,1080000,kro,2,0
24986,From Abyss Shadow Shoes,920000,1080000,kro,2,0
311040,From the Abyss Tuning Device,0,0,,6,0
22234,Frontier Boots,0,0,,8,0
313893,Frontier Crystal (Death) 1Lv,0,0,,6,0
313894,Frontier Crystal (Death) 2Lv,0,0,,6,0
313895,Frontier Crystal (Death) 3Lv,0,0,,6,0
313896,Frontier Crystal (Death) 4Lv,0,0,,6,0
313897,Frontier Crystal (Death) 5Lv,0,0,,6,0
313888,Frontier Crystal (Earth) 1Lv,0,0,,6,0
313889,Frontier Crystal (Earth) 2Lv,0,0,,6,0
313890,Frontier Crystal (Earth) 3Lv,0,0,,6,0
313891,Frontier Crystal (Earth) 4Lv,0,0,,6,0
313892,Frontier Crystal (Earth) 5Lv,0,0,,6,0
313903,Frontier Crystal (Fighting Spirit) 1Lv,0,0,,6,0
313904,Frontier Crystal (Fighting Spirit) 2Lv,0,0,,6,0
313905,Frontier Crystal (Fighting Spirit) 3Lv,0,0,,6,0
313906,Frontier Crystal (Fighting Spirit) 4Lv,0,0,,6,0
313907,Frontier Crystal (Fighting Spirit) 5Lv,0,0,,6,0
313878,Frontier Crystal (Flame) 1Lv,0,0,,6,0
313879,Frontier Crystal (Flame) 2Lv,0,0,,6,0
313880,Frontier Crystal (Flame) 3Lv,0,0,,6,0
313881,Frontier Crystal (Flame) 4Lv,0,0,,6,0
313882,Frontier Crystal (Flame) 5Lv,0,0,,6,0
313883,Frontier Crystal (Frozen) 1Lv,0,0,,6,0
313884,Frontier Crystal (Frozen) 2Lv,0,0,,6,0
313885,Frontier Crystal (Frozen) 3Lv,0,0,,6,0
313886,Frontier Crystal (Frozen) 4Lv,0,0,,6,0
313887,Frontier Crystal (Frozen) 5Lv,0,0,,6,0
313863,Frontier Crystal (Good and Evil) 1Lv,0,0,,6,0
313864,Frontier Crystal (Good and Evil) 2Lv,0,0,,6,0
313865,Frontier Crystal (Good and Evil) 3Lv,0,0,,6,0
313866,Frontier Crystal (Good and Evil) 4Lv,0,0,,6,0
313867,Frontier Crystal (Good and Evil) 5Lv,0,0,,6,0
313868,Frontier Crystal (Immortal) 1Lv,0,0,,6,0
313869,Frontier Crystal (Immortal) 2Lv,0,0,,6,0
313870,Frontier Crystal (Immortal) 3Lv,0,0,,6,0
313871,Frontier Crystal (Immortal) 4Lv,0,0,,6,0
313872,Frontier Crystal (Immortal) 5Lv,0,0,,6,0
313853,Frontier Crystal (Life) 1Lv,0,0,,6,0
313854,Frontier Crystal (Life) 2Lv,0,0,,6,0
313855,Frontier Crystal (Life) 3Lv,0,0,,6,0
313856,Frontier Crystal (Life) 4Lv,0,0,,6,0
313857,Frontier Crystal (Life) 5Lv,0,0,,6,0
313898,Frontier Crystal (Poison) 1Lv,0,0,,6,0
313899,Frontier Crystal (Poison) 2Lv,0,0,,6,0
313900,Frontier Crystal (Poison) 3Lv,0,0,,6,0
313901,Frontier Crystal (Poison) 4Lv,0,0,,6,0
313902,Frontier Crystal (Poison) 5Lv,0,0,,6,0
313915,Frontier Crystal (Pride) 1Lv,0,0,,6,0
313916,Frontier Crystal (Pride) 2Lv,0,0,,6,0
313917,Frontier Crystal (Pride) 3Lv,0,0,,6,0
313918,Frontier Crystal (Pride) 4Lv,0,0,,6,0
313919,Frontier Crystal (Pride) 5Lv,0,0,,6,0
313909,Frontier Crystal (Prudence) 1Lv,0,0,,6,0
313910,Frontier Crystal (Prudence) 2Lv,0,0,,6,0
313911,Frontier Crystal (Prudence) 3Lv,0,0,,6,0
313912,Frontier Crystal (Prudence) 4Lv,0,0,,6,0
313913,Frontier Crystal (Prudence) 5Lv,0,0,,6,0
313858,Frontier Crystal (Regiment) 1Lv,0,0,,6,0
313859,Frontier Crystal (Regiment) 2Lv,0,0,,6,0
313860,Frontier Crystal (Regiment) 3Lv,0,0,,6,0
313861,Frontier Crystal (Regiment) 4Lv,0,0,,6,0
313862,Frontier Crystal (Regiment) 5Lv,0,0,,6,0
313921,Frontier Crystal (Sageness) 1Lv,0,0,,6,0
313922,Frontier Crystal (Sageness) 2Lv,0,0,,6,0
313923,Frontier Crystal (Sageness) 3Lv,0,0,,6,0
313924,Frontier Crystal (Sageness) 4Lv,0,0,,6,0
313925,Frontier Crystal (Sageness) 5Lv,0,0,,6,0
313873,Frontier Crystal (Vain) 1Lv,0,0,,6,0
313874,Frontier Crystal (Vain) 2Lv,0,0,,6,0
313875,Frontier Crystal (Vain) 3Lv,0,0,,6,0
313876,Frontier Crystal (Vain) 4Lv,0,0,,6,0
313877,Frontier Crystal (Vain) 5Lv,0,0,,6,0
313927,Frontier Crystal (Volition) 1Lv,0,0,,6,0
313928,Frontier Crystal (Volition) 2Lv,0,0,,6,0
313929,Frontier Crystal (Volition) 3Lv,0,0,,6,0
313930,Frontier Crystal (Volition) 4Lv,0,0,,6,0
313931,Frontier Crystal (Volition) 5Lv,0,0,,6,0
313933,Frontier Crystal (Will) 1Lv,0,0,,6,0
313934,Frontier Crystal (Will) 2Lv,0,0,,6,0
313935,Frontier Crystal (Will) 3Lv,0,0,,6,0
313936,Frontier Crystal (Will) 4Lv,0,0,,6,0
313937,Frontier Crystal (Will) 5Lv,0,0,,6,0
313826,Frontier Spell (Assassin),0,0,,6,0
313827,Frontier Spell (Berserker),0,0,,6,0
313838,Frontier Spell (Caster),0,0,,6,0
313843,Frontier Spell (Critical),0,0,,6,0
313831,Frontier Spell (Executioner),0,0,,6,0
314230,Frontier Spell (Fighter),0,0,,6,0
313849,Frontier Spell (Firing Shot),0,0,,6,0
313832,Frontier Spell (Global Cooldown),0,0,,6,0
313830,Frontier Spell (Grand Mage),0,0,,6,0
313829,Frontier Spell (Grand Sage),0,0,,6,0
314232,Frontier Spell (Hit Attack),0,0,,6,0
313852,Frontier Spell (Lucky Strike),0,0,,6,0
313825,Frontier Spell (Mage),0,0,,6,0
313834,Frontier Spell (Magic Force),0,0,,6,0
313851,Frontier Spell (Magic Storm),0,0,,6,0
313842,Frontier Spell (Magic),0,0,,6,0
313836,Frontier Spell (Magical Defense),0,0,,6,0
313847,Frontier Spell (Magical Force),0,0,,6,0
313828,Frontier Spell (Marksman),0,0,,6,0
313839,Frontier Spell (Melee),0,0,,6,0
313848,Frontier Spell (Over Power),0,0,,6,0
313835,Frontier Spell (Physical Defense),0,0,,6,0
313846,Frontier Spell (Physical Force),0,0,,6,0
313833,Frontier Spell (Power Force),0,0,,6,0
313840,Frontier Spell (Range),0,0,,6,0
313823,Frontier Spell (Ranger),0,0,,6,0
313824,Frontier Spell (Sage),0,0,,6,0
313844,Frontier Spell (Size Attack),0,0,,6,0
313845,Frontier Spell (Size Spell),0,0,,6,0
314233,Frontier Spell (Special Agent),0,0,,6,0
314231,Frontier Spell (Special Force),0,0,,6,0
313837,Frontier Spell (Speed),0,0,,6,0
313850,Frontier Spell (Spell Buster),0,0,,6,0
313841,Frontier Spell (Spell),0,0,,6,0
313822,Frontier Spell (Warrior),0,0,,6,0
12874,Frost Giant Blood,0,0,,12,0
470172,Frost Ice Snow Boots,0,0,,8,0
1002693,Frost Shards,2550,3000,kro,12,0
1002694,Frost Star,8700,10000,kro,12,0
480225,Frosty Cloak,0,0,,8,0
1759,Frozen Arrow,17,24,ragnastats,12,0
1731,Frozen Bow,181500,213000,ragnastats,4,0
18138,Frozen Bow,181500,213000,sibling,4,0
15100,Frozen Breastplate,874000,1026000,kro,4,0
311037,Frozen Crimson Tuning Device,0,0,,6,0
24107,Frozen Curse Shadow Earring,0,0,,12,0
24108,Frozen Curse Shadow Pendant,0,0,,12,0
27356,Frozen Gargoyle Card,874000,1026000,kro,4,0
1000832,Frozen Insect Shell,0,0,,12,3
18903,Frozen Land Rose,0,0,,8,0
6985,Frozen Reactor Blueprint,0,0,,12,0
9785,Frozen Refine Box,1610000,1890000,kro,4,0
32278,Frozen Ring,0,0,,8,0
749,Frozen Rose,33000,39000,ragnastats,76,6
25297,Frozen Stone Fragment,1,2,npc,36,18
4990,Frozen Supplement Reactor,0,0,,6,0
5390,Frozen Twin Pompom,0,0,,8,0
4640,Frozen Wolf Card,460000,540000,kro,4,3
12573,Fruit Basket,9200,10500,kro,12,0
12063,Fruit Mix,5000,5850,ragnastats,12,6
1001457,Fruit of Birth,92000,108000,kro,7,3
1001458,Fruit of Extinction,92000,108000,kro,7,3
5056,Fruit of Love,0,0,,8,0
23260,Fruit Parfait,0,0,,12,0
4670,Fruit Pom Spider Card,322000,378000,kro,4,0
101331,Fruit Set Trap,252000,296000,estimate,7,3
6534,Fruit Sundae,0,0,,12,0
4405,Frus Card,953500,1119500,ragnastats,2,3
16415,FTurtle Hat Box,0,0,,12,0
300259,Fulgor Card,460000,540000,kro,4,3
400697,Full Faith Crown,0,0,,8,0
21053,Full Force,0,0,,8,0
7663,Full Metal Jacket,12,18,npc,12,0
100195,Full Metal Jacket Case,0,0,,12,0
19538,Full Moon,64308000,75492000,kro,2,0
101545,Full Penetration Shadow Armor Box,0,0,,12,0
101543,Full Penetration Shadow Earring Box,0,0,,12,0
101544,Full Penetration Shadow Pendant Box,0,0,,12,0
101542,Full Penetration Shadow Selection Box,0,0,,12,3
101546,Full Penetration Shadow Shoes Box,0,0,,12,0
100572,Full Penetration Shadow Thump Box,0,0,,12,3
2316,Full Plate,66000,77500,npc,8,0
2317,Full Plate,66000,77500,npc,11,0
15261,Full Plate,0,0,,8,0
24872,Full Power Shadow Armor,1840000,2160000,kro,2,0
24873,Full Power Shadow Shoes,2024000,2376000,kro,2,0
24874,Full Rate Shadow Armor,460000,540000,kro,4,0
24875,Full Rate Shadow Shoes,828000,972000,kro,4,0
24883,Full Spell Shadow Armor,1840000,2160000,kro,2,0
24884,Full Spell Shadow Shoes,2300000,2700000,kro,2,0
12418,Full SwingK,0,0,,12,3
101177,Full Temperament Shadow Spellbook,6624000,7776000,kro,4,3
24667,Full Tempest Shadow Armor,119600000,140400000,kro,2,0
101550,Full Tempest Shadow Armor Box,0,0,,12,0
24665,Full Tempest Shadow Earring,105800000,124200000,kro,2,0
101548,Full Tempest Shadow Earring Box,0,0,,12,0
24668,Full Tempest Shadow Pendant,108468000,127332000,kro,2,0
101549,Full Tempest Shadow Pendant Box,0,0,,12,0
101547,Full Tempest Shadow Selection Box,0,0,,12,3
24666,Full Tempest Shadow Shoes,101200000,118800000,kro,2,0
101551,Full Tempest Shadow Shoes Box,0,0,,12,0
100596,Full Tempest Shadow Thump Box,73600000,86400000,kro,4,3
4846,Fully Loved Stone,0,0,,6,0
28301,Fuma's Jewel,0,0,,8,0
420130,Fumi Fan,0,0,,8,0
2290,Funeral Hat,9100,10500,ragnastats,8,0
6020,Fur,3250,3800,ragnastats,36,36
490375,Fur Seal Mini Fan-LT,225400000,264600000,kro,2,0
470265,Furious Boots,920000,1080000,kro,2,0
400629,Furious Crown (Abyss Chaser),11500000,13500000,kro,2,0
400694,Furious Crown (Arch Mage),1840000,2160000,kro,2,0
400674,Furious Crown (Biolo),4600000,5400000,kro,2,0
400609,Furious Crown (Cardinal),460000,540000,kro,4,0
400628,Furious Crown (Dragon Knight),1840000,2160000,kro,2,0
400662,Furious Crown (Elemental Master),460000,540000,kro,4,0
400675,Furious Crown (Hyper Novice),2760000,3240000,kro,2,0
400650,Furious Crown (Imperial Guard),1737500,2040000,kro,2,0
400695,Furious Crown (Inquisitor),9199000,10798500,kro,2,0
400661,Furious Crown (Meister),4600000,5400000,kro,2,0
400696,Furious Crown (Night Watch),184000,216000,kro,4,0
400651,Furious Crown (Shadow Cross),4600000,5400000,kro,2,0
400652,Furious Crown (Shinkiro & Shiranui),920000,1080000,kro,2,0
400610,Furious Crown (Sky Emperor),0,0,,8,0
400663,Furious Crown (Soul Ascetic),920000,1080000,kro,2,0
400630,Furious Crown (Spirit Handler),3680000,4320000,kro,2,0
400673,Furious Crown (Troubadour & Trouvere),1840000,2160000,kro,2,0
400608,Furious Crown (Windhawk),30666500,36000000,kro,2,0
1001810,Furious Crown Coupon,3220000,3780000,kro,4,3
313115,Furious Crystal (Earth),0,0,,6,0
313114,Furious Crystal (Fire),0,0,,6,0
313118,Furious Crystal (Ghost),0,0,,6,0
313119,Furious Crystal (Holy),0,0,,6,0
313111,Furious Crystal (Neutral),0,0,,6,0
313120,Furious Crystal (Poison),0,0,,6,0
313117,Furious Crystal (Shadow),0,0,,6,0
313116,Furious Crystal (Undead),0,0,,6,0
313112,Furious Crystal (Water),0,0,,6,0
313113,Furious Crystal (Wind),0,0,,6,0
510151,Furious Demon Sword,0,0,,8,0
510150,Furious Demonius,7360000,8640000,kro,2,0
27104,Furious Dracula Card,115838500,135984500,estimate,2,0
103034,Furious Dual Dagger Box,2760000,3240000,kro,4,0
313128,Furious Energy (Angel),0,0,,6,0
313126,Furious Energy (Brute),0,0,,6,0
313122,Furious Energy (Demihuman),0,0,,6,0
313129,Furious Energy (Demon),0,0,,6,0
313123,Furious Energy (Dragon),0,0,,6,0
313127,Furious Energy (Fish),0,0,,6,0
313121,Furious Energy (Formless),0,0,,6,0
313125,Furious Energy (Insect),0,0,,6,0
313124,Furious Energy (Plant),0,0,,6,0
313130,Furious Energy (Undead),0,0,,6,0
560068,Furious Extermination,0,0,,8,0
640053,Furious Flame Staff,0,0,,8,0
550143,Furious Foxtail,1150000,1350000,kro,2,0
550144,Furious Foxtail Model,4600000,5400000,kro,2,0
560067,Furious Gale Claw,0,0,,8,0
27110,Furious Gazeti Card,825000,968500,estimate,4,3
620040,Furious Gigantic Axe,224500,264000,kro,4,0
540091,Furious Grimoire,207000,243000,kro,4,0
590087,Furious Hammer,644000,756000,kro,4,0
570073,Furious Harp,0,0,,8,0
610072,Furious Huuma Shuriken,1380000,1620000,kro,2,0
27112,Furious Ice Titan Card,920000,1080000,kro,2,3
610071,Furious Impact,3864000,4536000,kro,2,0
530058,Furious Lance,1426000,1674000,kro,2,0
103033,Furious Lance Shield Box,588000,690500,kro,7,0
540090,Furious Master Spellbook,92000,108000,kro,4,0
570072,Furious Metal Violin,0,0,,8,0
580072,Furious Metal Whip,0,0,,8,0
540088,Furious Moon Word,460000,540000,kro,4,0
830038,Furious Night Gatling Gun,0,0,,8,0
530057,Furious Over Spear,460000,540000,kro,4,0
500101,Furious Rapier,920000,1080000,kro,2,0
102900,Furious Refine Stone,38638000,45357500,kro,4,3
810042,Furious Rifle,0,0,,8,0
540086,Furious Saint Book,0,0,,8,0
550141,Furious Saint Wand,4600000,5400000,kro,2,0
510153,Furious Shadow,11500000,13500000,kro,2,0
510152,Furious Shape,13800000,16200000,kro,2,0
500102,Furious Sharp Sword,17935000,21054500,kro,2,0
460072,Furious Shield,9200000,10800000,kro,2,0
600059,Furious Slayer,8280000,9720000,kro,2,0
27111,Furious Snowier Card,690000,810000,kro,4,3
550145,Furious Soul,644000,756000,kro,4,0
550150,Furious Specter,2530000,2970000,kro,2,0
550146,Furious Spirit Stick,920000,1080000,kro,2,0
550148,Furious Stick,0,0,,8,0
700100,Furious Storm Bow,11960000,14040000,kro,2,0
540087,Furious Sun Book,0,0,,8,0
700101,Furious Tornado Bow,368000,432000,kro,4,0
630045,Furious Trident,1840000,2160000,kro,2,0
1001809,Furious Weapon Coupon,4140000,4860000,kro,4,3
650049,Furious Wheel Shuriken,92000,108000,kro,4,0
580073,Furious Whip,0,0,,8,0
500103,Furious White Sword,920000,1080000,kro,2,0
27088,Fury Hero Card,1329000,1560500,kro,11,3
15369,Futuristic Tiara,0,0,,8,0
1474,Gae Bolg,167500,196500,ragnastats,7,0
1480,Gae Bolg,167500,196500,sibling,4,0
450350,Gaebolg Armor,0,0,,8,0
470260,Gaebolg Boots,0,0,,8,0
490509,Gaebolg Earring,736000,864000,kro,4,0
490508,Gaebolg Glove,23000000,27000000,kro,2,0
480415,Gaebolg Manteau,0,0,,8,0
480416,Gaebolg Muffler,0,0,,8,0
490510,Gaebolg Necklace,13800000,16200000,kro,2,0
490507,Gaebolg Ring,23000000,27000000,kro,2,0
450351,Gaebolg Robe,0,0,,8,0
470261,Gaebolg Shoes,0,0,,8,0
300445,Gaia Pol Card,0,0,,6,3
28916,Gaia Shield,0,0,,8,0
1143,Gaia Sword,1160500,1362500,ragnastats,2,0
1967,Gaia Whip,7900,9250,ragnastats,11,0
28947,Gaia's Shield,0,0,,8,0
1000514,Gaia's Worn Hat,15500,18500,estimate,36,6
4151,Gajomart Card,920000,1080000,kro,2,3
1714,Gakkung Bow,38500,45000,kro,8,0
1716,Gakkung Bow,184000,216000,kro,7,0
5111,Galapago Cap,1840000,2160000,kro,2,0
4152,Galapago Card,317500,373000,ragnastats,4,3
12779,Galapago Scroll,0,0,,12,0
300599,Galaxia Nerius Card,0,0,,6,3
1001851,Galaxia Nerius Card,0,0,,12,3
18551,Galaxy Circlet,0,0,,8,0
12022,Galbi,0,0,,12,0
29045,Gale,0,0,,6,0
29215,Gale,0,0,,6,0
1000278,Gale Acid Bottle,0,0,,12,0
18801,Gale Hair Ornament,0,0,,8,0
24910,Gale Shadow Earring,1748000,2052000,kro,2,0
24911,Gale Shadow Pendant,1564000,1836000,kro,2,0
311043,Gale Storm Tuning Device,0,0,,6,0
300261,Galensis Card,1656000,1944000,kro,2,3
4423,Galion Card,151500,178000,kro,4,3
5144,Gambler Hat,0,0,,8,0
5918,Gambler's Seal,372600000,437400000,sibling,2,0
410004,Gambler's Seal,372600000,437400000,sibling,2,0
410232,Gambler's Seal,372600000,437400000,kro,2,0
410233,Gambler's Seal,372600000,437400000,kro,2,0
7859,Game Ticket,0,0,,12,0
300240,Gan Ceann Card,1278500,1501000,kro,2,3
2021,Ganbantein,0,0,,8,0
420215,Gang Scarf,0,0,,8,0
2265,Gangster Mask,4600,5400,kro,8,0
18621,Gangster Mask A,0,0,,8,0
19272,Garden of Eden,0,0,,8,0
400645,Garden of Heaven,0,0,,8,0
22050,Gardener Shoes,0,0,,8,0
22094,Gardener Shoes,0,0,,8,0
24055,Gargantua Shield (Shadow),1840000,2160000,kro,4,0
4149,Gargoyle Card,13000,15500,ragnastats,6,3
910,Garlet,25,35,kro,51,72
300557,Garling Card,23460000,27540000,kro,2,3
12693,Garment Card Album,0,0,,12,3
718,Garnet,3200,3800,ragnastats,36,36
490189,Garnet Brooch,0,0,,8,0
490103,Garnet Crystal Pendant,0,0,,8,0
17552,Garnet Lucky Egg,0,0,,12,0
13104,Garrison,137000,161000,ragnastats,4,0
13105,Garrison,39500,46500,npc,8,0
480278,Garuda Wings,0,0,,8,0
5005,Gas Mask,46000,54000,kro,11,0
27178,Gaster Card,1932000,2268000,kro,2,3
27191,Gaster Card,1932000,2268000,sibling,2,0
13156,Gate Keeper,46000,54000,npc,8,0
13167,Gate Keeper-DD,50000,58500,ragnastats,8,0
400101,Gate of Netherworld,0,0,,8,0
2663,Gauntlet of Hit,0,0,,8,0
4418,Gazeti Card,635500,746500,ragnastats,4,3
27018,GC109 Card,2024000,2376000,kro,2,3
2243,Geek Glasses,16500,19000,npc,22,0
19093,Geek Glasses,0,0,,8,0
1000317,Geffen Arena Certificate,22000,25500,kro,12,3
1000316,Geffen Arena Coin,12000,14500,kro,12,3
27252,Geffen Bully Card,736000,864000,kro,4,3
6671,Geffen Coin Magic Tournament,4000,4750,kro,12,3
27251,Geffen Gang Member Card,818500,961000,kro,4,3
23679,Geffen Magic Accessory Order Form,0,0,,12,0
23675,Geffen Magic Armor Order Form,1104000,1296000,kro,4,0
20943,Geffen Magic Muffler,0,0,,8,0
15074,Geffen Magic Robe,0,0,,8,0
100269,Geffen Magic Tournament 12 Refine Cube,78200000,91800000,kro,4,3
101645,Geffen Secret Stone,0,0,,12,3
27253,Geffen Shoplifter Card,736000,864000,kro,4,3
490029,Geffenia Ice Magic Tool,0,0,,8,0
2161,Geffenia Tomb of Water,46000,54000,npc,8,0
18626,Gelato Hat,0,0,,8,0
1414,Gelerdria,460000,540000,kro,4,0
1449,Gelerdria,460000,540000,sibling,4,0
17107,Gemi Crown Scroll,0,0,,12,0
17108,Gemi Crown Scroll Box,0,0,,12,0
17082,Gemi Diadem Scroll,17,24,npc,12,0
17083,Gemi Diadem Scroll Box,0,0,,12,0
4958,Gemini,0,0,,6,0
450130,Gemini Mail,0,0,,8,0
480026,Gemini Manteau,0,0,,8,0
490032,Gemini Ring,0,0,,8,0
580004,Gemini Rope,0,0,,8,0
19273,Gemini S-58 Eyes (Red),0,0,,8,0
470032,Gemini Shoes,0,0,,8,0
313336,Gemini Stone,0,0,,6,0
570004,Gemini Violin,0,0,,8,0
4354,Gemini-S58 Card,8872000,10415000,ragnastats,2,3
19113,Gemini-S58 Eyes,0,0,,8,0
18590,Gemma Hairband,0,0,,8,0
2230,Gemmed Sallet,41000,48500,npc,8,0
2231,Gemmed Sallet,41000,48500,npc,8,0
7300,Gemstone,303500,356000,kro,22,9
9550,Gemstone of Time,828000,972000,kro,7,0
24084,Gemstone Shadow Armor,2300000,2700000,kro,4,0
24088,Gemstone Shadow Earring,2392000,2808000,kro,4,0
24322,Gemstone Shadow Earring II,5980000,7020000,kro,4,0
24089,Gemstone Shadow Pendant,2760000,3240000,kro,4,0
24086,Gemstone Shadow Shield,2530000,2970000,kro,4,0
24336,Gemstone Shadow Shield II,3174000,3726000,kro,4,0
24085,Gemstone Shadow Shoes,2300000,2700000,kro,4,0
23871,Gemstone Shadow SynthesisBox,920000,1080000,kro,4,3
24087,Gemstone Shadow Weapon,2300000,2700000,kro,4,0
24335,Gemstone Shadow Weapon II,2760000,3240000,kro,4,0
23248,GemstoneShadow Mix,18400000,21600000,kro,4,0
16094,Gene Rod,0,0,,8,0
32406,Gene Rod,0,0,,8,0
4574,General Daehyon Card,137080000,160920000,kro,2,0
31005,General Daehyon Card,137080000,160920000,sibling,2,0
4352,General Egnigem Cenia Card,117087000,137450000,estimate,2,0
23886,General Helm SynthesisBox,1840000,2160000,kro,4,3
18555,General Helmet,0,0,,8,0
12737,General Rune,1,3,npc,12,3
19263,General's Helm,46000000,54000000,kro,2,0
311009,Generic Stone (Middle),59800000,70200000,kro,2,0
314675,Generic Stone II (Lower),21620000,25380000,kro,2,0
1002413,Generic Stone II (Lower),21620000,25380000,kro,4,0
314674,Generic Stone II (Middle),22652000,26592000,kro,2,0
1002412,Generic Stone II (Middle),22652000,26592000,kro,4,0
314673,Generic Stone II (Upper),7176000,8424000,kro,2,0
1002411,Generic Stone II (Upper),7176000,8424000,kro,4,0
1001601,Genesis of Life,43000,50500,kro,12,3
24583,Genesis Shadow Earring,4600000,5400000,kro,2,0
24582,Genesis Shadow Pendant,4370000,5130000,kro,2,0
24581,Genesis Shadow Weapon,2990000,3510000,kro,2,0
27065,Genetic Flamel (MVP) Card,0,0,,6,0
4681,Genetic Flamel Card,2690000,3158000,estimate,2,3
100375,Genetic Shadow Cube,0,0,,12,0
24304,Genetic Shadow Shield,7820000,9180000,kro,4,0
24291,Genetic Shadow Weapon,7360000,8640000,kro,4,0
25449,Genetic Stone (Garment),8280000,9720000,kro,4,0
29467,Genetic Stone (Garment),8280000,9720000,kro,2,0
311010,Genetic Stone (Lower),12880000,15120000,kro,2,0
1000671,Genetic Stone (Lower),12880000,15120000,kro,4,0
1000670,Genetic Stone (Middle),59800000,70200000,kro,4,0
311008,Genetic Stone (Upper),64160500,75319000,kro,2,0
1000669,Genetic Stone (Upper),64160500,75319000,kro,4,0
1000300,Genetic Stone II (Garment),4508000,5292000,kro,4,0
15085,Geneticist Battle Armor,0,0,,8,0
22030,Geneticist Battle Boots,0,0,,8,0
400084,Genlin Heirs,0,0,,8,0
400548,Genlin Heirs-LT,0,0,,8,0
1917,Gentle Breeze Guitar,46000,54000,ragnastats,8,0
18924,Gentleman Fez,0,0,,8,0
5377,Gentleman's Pipe,0,0,,8,0
1629,Gentleman's Staff,639500,750500,ragnastats,4,0
1675,Gentleman's Staff,639500,750500,sibling,4,0
5186,Geographer Band,0,0,,8,0
4280,Geographer Card,2709000,3180500,kro,3,3
18950,Gerhard Von Deviruchi,0,0,,8,0
400498,Germes Horn,0,0,,8,0
15830,Germes's Horn,0,0,,8,0
4571,Gertie Card,894000,1049500,estimate,4,3
29603,Gertie's Memory,0,0,,6,0
7976,Gf Magic Coin,0,0,,12,0
29720,Ghost,0,0,,6,0
2274,Ghost Bandana,138000,162000,kro,4,0
300242,Ghost Cube Card,1012000,1188000,kro,2,3
29040,Ghost Effect,0,0,,6,0
25059,Ghost Effect (Middle),9200000,10800000,kro,4,0
470317,Ghost Galoshes,0,0,,8,0
470318,Ghost Galoshes,0,0,,8,0
311412,Ghost Resistance +5%,0,0,,6,0
300532,Ghost Ship Captain Card,689999500,809999500,kro,2,3
400396,Ghost Whisper,0,0,,8,0
19153,Ghostring Balloon,27600000,32400000,kro,2,0
4047,Ghostring Card,713000,837000,kro,4,3
15219,Ghostring Robe,0,0,,8,0
4110,Ghoul Card,92000,108000,kro,4,3
1387,Giant Axe,130500,153000,estimate,7,0
5063,Giant Band Aid,225500,264500,ragnastats,4,0
22106,Giant Boots,0,0,,8,0
18122,Giant Bow,398000,467500,estimate,4,0
12083,Giant Burito,0,0,,12,3
7168,Giant Butterfly Wing,22500,26000,ragnastats,36,36
300249,Giant Caput Card,855500,1004000,kro,4,3
18110,Giant Crossbow,115000,135000,kro,7,0
1001987,Giant Fireweed Leaf,0,0,,12,3
16418,Giant Fly Wing Box 500,0,0,,12,0
480434,Giant God Snake Skin,0,0,,8,0
480435,Giant God Snake Skin,0,0,,8,0
4271,Giant Hornet Card,2760000,3240000,kro,2,3
9192,Giant Hornet Egg,46000000,54000000,kro,4,0
6899,Giant Octopus,0,0,,12,3
4534,Giant Octopus Card,1652000,1939000,estimate,2,3
23818,Giant Orc Helm Combination SynthesisBox,690000,810000,kro,7,3
490598,Giant Protection,0,0,,8,0
2160,Giant Shield,46000,54000,npc,8,0
23881,Giant Snake Breath SynthesisBox,3680000,4320000,kro,4,3
4270,Giant Spider Card,294500,346000,ragnastats,4,3
6900,Giant Squid,0,0,,12,3
4303,Giant Whisper Card,1840000,2160000,kro,2,3
28521,Giant's Protection,0,0,,8,0
4278,Gibbet Card,22500,26500,ragnastats,6,3
4087,Giearth Card,874000,1026000,kro,4,3
644,Gift Box,11000,13000,kro,54,36
664,Gift Box,11000,13000,kro,12,18
665,Gift Box,11000,13000,kro,12,18
666,Gift Box,11000,13000,kro,12,18
667,Gift Box,11000,13000,kro,12,18
12396,Gift Box?,10500,12500,ragnastats,12,0
12397,Gift Box?,9900,11500,ragnastats,12,0
12537,Gift Chocolate Basket,103000,121000,ragnastats,7,0
400048,Gift of Panagia,0,0,,8,0
4165,Gig Card,92000,108000,kro,4,3
19021,Gigant Helm,0,0,,8,0
400500,Gigant Helm,0,0,,8,0
19268,Gigant Snake Breath,71760000,84240000,kro,2,0
20717,Gigant Snake Skin,0,0,,11,0
20718,Gigant Snake Skin,0,0,,11,0
27183,Gigantes Card,3680000,4320000,kro,2,3
21011,Gigantic Blade,24500,29000,npc,8,0
1490,Gigantic Lance,0,0,,8,0
5374,Gigantic Majestic Goat,322000,378000,kro,4,0
5518,Gigantic Majestic Goat,45954000,53946000,kro,2,0
18724,Gigantic Majestic Goat,45954000,53946000,kro,2,0
24238,Gigantic Shadow Earring,0,0,,12,0
24239,Gigantic Shadow Pendant,0,0,,12,0
12027,Giggling Box,6850,8050,ragnastats,12,3
956,Gill,1100,1300,ragnastats,36,36
6462,Gilsang Yeoui,0,0,,12,0
12232,Ginger Bread,0,0,,12,0
22605,Ginger Bread,0,0,,12,0
13002,Ginnungagap,110000,129500,kro,4,0
13019,Ginnungagap,110000,129500,kro,4,0
4576,Gioia Card,120266500,141182500,estimate,2,0
7856,Girl's Bouquet,0,0,,12,0
11701,Girl's Bouquet,0,0,,12,0
1558,Girl's Diary,276000,324000,kro,20,0
12366,Girl's Doll,230000,270000,kro,7,3
7057,Gjallar,0,0,,12,3
7561,Glacial Heart,595,805,kro,76,72
28970,Glacial Protection Shield,0,0,,8,0
22746,Glaciation Shot Cartridge,3100,3600,ragnastats,12,0
450264,Glacier Armor,391000,459000,kro,4,0
520017,Glacier Axe,0,0,,8,0
510062,Glacier Basic Knife,0,0,,8,0
500050,Glacier Basic Sword,0,0,,8,0
540049,Glacier Book,0,0,,8,0
470196,Glacier Boots,0,0,,8,0
700052,Glacier Bow,1329000,1560500,kro,2,0
490329,Glacier Earring,13800000,16200000,kro,2,0
1001037,Glacier Extract,26000,30500,kro,12,3
312072,Glacier Flower Meow Power (Above All),0,0,,6,0
312052,Glacier Flower Meow Power (AGI),0,0,,6,0
312089,Glacier Flower Meow Power (All Force),0,0,,6,0
312091,Glacier Flower Meow Power (Attack),0,0,,6,0
312064,Glacier Flower Meow Power (Berserker),0,0,,6,0
312070,Glacier Flower Meow Power (Caster),0,0,,6,0
312060,Glacier Flower Meow Power (CON & CRT),0,0,,6,0
312090,Glacier Flower Meow Power (Defense),0,0,,6,0
312051,Glacier Flower Meow Power (DEX),0,0,,6,0
312084,Glacier Flower Meow Power (Expert Archer),0,0,,6,0
312069,Glacier Flower Meow Power (Fast),0,0,,6,0
312086,Glacier Flower Meow Power (Fatal),0,0,,6,0
312083,Glacier Flower Meow Power (Fighting Spirit),0,0,,6,0
312081,Glacier Flower Meow Power (Firing Shot),0,0,,6,0
312076,Glacier Flower Meow Power (Fixed Casting),0,0,,6,0
312068,Glacier Flower Meow Power (Global Cooldown),0,0,,6,0
312066,Glacier Flower Meow Power (Grand Mage),0,0,,6,0
312094,Glacier Flower Meow Power (Guardian),0,0,,6,0
312071,Glacier Flower Meow Power (Guide Attack),0,0,,6,0
312053,Glacier Flower Meow Power (INT),0,0,,6,0
312095,Glacier Flower Meow Power (Intelligence),0,0,,6,0
312055,Glacier Flower Meow Power (LUK),0,0,,6,0
312063,Glacier Flower Meow Power (Mage),0,0,,6,0
312057,Glacier Flower Meow Power (Magical Defense),0,0,,6,0
312078,Glacier Flower Meow Power (Magical Force),0,0,,6,0
312088,Glacier Flower Meow Power (Magical Power),0,0,,6,0
312093,Glacier Flower Meow Power (Magical Resistance),0,0,,6,0
312065,Glacier Flower Meow Power (Marksman),0,0,,6,0
312074,Glacier Flower Meow Power (Mental),0,0,,6,0
312079,Glacier Flower Meow Power (Over Power),0,0,,6,0
312056,Glacier Flower Meow Power (Physical Defense),0,0,,6,0
312077,Glacier Flower Meow Power (Physical Force),0,0,,6,0
312087,Glacier Flower Meow Power (Physical Power),0,0,,6,0
312092,Glacier Flower Meow Power (Physical Resistance),0,0,,6,0
312058,Glacier Flower Meow Power (POW & STA),0,0,,6,0
312067,Glacier Flower Meow Power (Power Force),0,0,,6,0
312073,Glacier Flower Meow Power (Powerful),0,0,,6,0
312075,Glacier Flower Meow Power (Robust),0,0,,6,0
312062,Glacier Flower Meow Power (Shooter),0,0,,6,0
312082,Glacier Flower Meow Power (Speed),0,0,,6,0
312080,Glacier Flower Meow Power (Spell Buster),0,0,,6,0
312085,Glacier Flower Meow Power (Spell),0,0,,6,0
312059,Glacier Flower Meow Power (SPL & WIS),0,0,,6,0
312050,Glacier Flower Meow Power (STR),0,0,,6,0
312054,Glacier Flower Meow Power (VIT),0,0,,6,0
300454,Glacier Flower Meow Power (Vital),0,0,,6,0
312061,Glacier Flower Meow Power (Warrior),0,0,,6,0
313811,Glacier Flower Spell (Abyss Flame),0,0,,6,0
313813,Glacier Flower Spell (Blazing Flame Blast),0,0,,6,0
313809,Glacier Flower Spell (Chasing Break),0,0,,6,0
313810,Glacier Flower Spell (Chasing Shot),0,0,,6,0
313820,Glacier Flower Spell (Chulho Battering),0,0,,6,0
313807,Glacier Flower Spell (Cross Slash),0,0,,6,0
313812,Glacier Flower Spell (Divinus Flos),0,0,,6,0
311443,Glacier Flower Spell (Dragonic Breath),0,0,,6,0
313798,Glacier Flower Spell (Dragonic Pierce),0,0,,6,0
313806,Glacier Flower Spell (Dust Explosion),0,0,,6,0
313804,Glacier Flower Spell (Energy Cannonade),0,0,,6,0
311447,Glacier Flower Spell (Explosive Powder),0,0,,6,0
313808,Glacier Flower Spell (Hit and Sliding),0,0,,6,0
313821,Glacier Flower Spell (Hyunrok Spirit Power),0,0,,6,0
313800,Glacier Flower Spell (Imperial Cross),0,0,,6,0
313801,Glacier Flower Spell (Imperial Pressure),0,0,,6,0
311454,Glacier Flower Spell (Magical Grade) 1Lv,0,0,,6,0
311455,Glacier Flower Spell (Magical Grade) 2Lv,0,0,,6,0
311456,Glacier Flower Spell (Magical Grade) 3Lv,0,0,,6,0
311457,Glacier Flower Spell (Magical Grade) 4Lv,0,0,,6,0
311458,Glacier Flower Spell (Magical Grade) 5Lv,0,0,,6,0
311448,Glacier Flower Spell (Mayhemic Thorns),0,0,,6,0
313816,Glacier Flower Spell (Midnight Fallen),0,0,,6,0
311446,Glacier Flower Spell (Mighty Smash),0,0,,6,0
313805,Glacier Flower Spell (Mystery Powder),0,0,,6,0
311449,Glacier Flower Spell (Physical Grade) 1Lv,0,0,,6,0
311450,Glacier Flower Spell (Physical Grade) 2Lv,0,0,,6,0
311451,Glacier Flower Spell (Physical Grade) 3Lv,0,0,,6,0
311452,Glacier Flower Spell (Physical Grade) 4Lv,0,0,,6,0
311453,Glacier Flower Spell (Physical Grade) 5Lv,0,0,,6,0
313803,Glacier Flower Spell (Powerful Swing),0,0,,6,0
313799,Glacier Flower Spell (Radiant Spear),0,0,,6,0
313814,Glacier Flower Spell (Rhythmical Wave),0,0,,6,0
313802,Glacier Flower Spell (Rush Strike),0,0,,6,0
313818,Glacier Flower Spell (Sky Moon),0,0,,6,0
313817,Glacier Flower Spell (Sky Sun),0,0,,6,0
311444,Glacier Flower Spell (Spark Blaster),0,0,,6,0
313819,Glacier Flower Spell (Star Light Kick),0,0,,6,0
311445,Glacier Flower Spell (Triple Laser),0,0,,6,0
313815,Glacier Flower Spell (Wild Shot),0,0,,6,0
550070,Glacier Foxtail Staff,0,0,,8,0
830013,Glacier Gatling,0,0,,8,0
460040,Glacier Guard,0,0,,8,0
650025,Glacier Huuma,0,0,,8,0
610037,Glacier Katar,124000,145500,kro,4,0
560032,Glacier Knuckle,0,0,,8,0
630018,Glacier Lance,0,0,,8,0
840009,Glacier Launcher,0,0,,8,0
590038,Glacier Mace,0,0,,8,0
311285,Glacier Magic Orb (Abyss Dagger),0,0,,6,0
311288,Glacier Magic Orb (Abyss Square),0,0,,6,0
311280,Glacier Magic Orb (Acidified Zone),0,0,,6,0
311230,Glacier Magic Orb (Adoramus),0,0,,6,0
311238,Glacier Magic Orb (Aimed Bolt),0,0,,6,0
311301,Glacier Magic Orb (Arbitrium),0,0,,6,0
311205,Glacier Magic Orb (Arm Cannon),0,0,,6,0
311239,Glacier Magic Orb (Arrow Storm),0,0,,6,0
311342,Glacier Magic Orb (ATK),0,0,,6,0
311346,Glacier Magic Orb (Attack Speed),0,0,,6,0
311221,Glacier Magic Orb (Auto Shadow Spell),0,0,,6,0
311209,Glacier Magic Orb (Axe Boomerang),0,0,,6,0
311279,Glacier Magic Orb (Axe Stomp),0,0,,6,0
311206,Glacier Magic Orb (Axe Tornado),0,0,,6,0
311266,Glacier Magic Orb (Back Stab),0,0,,6,0
311199,Glacier Magic Orb (Banishing Point),0,0,,6,0
311319,Glacier Magic Orb (Black Tortoise),0,0,,6,0
311316,Glacier Magic Orb (Blue Dragon),0,0,,6,0
311204,Glacier Magic Orb (Boost Knuckle),0,0,,6,0
311200,Glacier Magic Orb (Cannon Spear),0,0,,6,0
311211,Glacier Magic Orb (Cart Cannon),0,0,,6,0
311210,Glacier Magic Orb (Cart Tornado),0,0,,6,0
311261,Glacier Magic Orb (Catnip Meteor),0,0,,6,0
311286,Glacier Magic Orb (Chain Reaction Shot),0,0,,6,0
311331,Glacier Magic Orb (Chul Ho Sonic Claw),0,0,,6,0
311224,Glacier Magic Orb (Comet),0,0,,6,0
311296,Glacier Magic Orb (Conflagration),0,0,,6,0
311216,Glacier Magic Orb (Counter Slash),0,0,,6,0
311213,Glacier Magic Orb (Crazy Weed),0,0,,6,0
311309,Glacier Magic Orb (Crescive Bolt),0,0,,6,0
311344,Glacier Magic Orb (CRI),0,0,,6,0
311217,Glacier Magic Orb (Cross Impact),0,0,,6,0
311278,Glacier Magic Orb (Cross Rain),0,0,,6,0
311214,Glacier Magic Orb (Cross Ripper Slasher),0,0,,6,0
311255,Glacier Magic Orb (Cross Slash),0,0,,6,0
311291,Glacier Magic Orb (Crystal Magic),0,0,,6,0
311249,Glacier Magic Orb (Curse Explosion),0,0,,6,0
311289,Glacier Magic Orb (Deft Stab),0,0,,6,0
311226,Glacier Magic Orb (Diamond Dust),0,0,,6,0
311295,Glacier Magic Orb (Diamond Storm),0,0,,6,0
311335,Glacier Magic Orb (Double Bowling Bash),0,0,,6,0
311192,Glacier Magic Orb (Dragon Breath),0,0,,6,0
311252,Glacier Magic Orb (Dragon Tail),0,0,,6,0
311232,Glacier Magic Orb (Duple Light),0,0,,6,0
311203,Glacier Magic Orb (Earth Drive),0,0,,6,0
311228,Glacier Magic Orb (Earth Grave),0,0,,6,0
311222,Glacier Magic Orb (Elemental Spell),0,0,,6,0
311247,Glacier Magic Orb (Espa),0,0,,6,0
311248,Glacier Magic Orb (Eswhoo),0,0,,6,0
311282,Glacier Magic Orb (Eternal Slash),0,0,,6,0
311306,Glacier Magic Orb (Explosion Blaster),0,0,,6,0
311305,Glacier Magic Orb (Extinction),0,0,,6,0
311303,Glacier Magic Orb (Faith),0,0,,6,0
311218,Glacier Magic Orb (Fatal Menace),0,0,,6,0
311220,Glacier Magic Orb (Feint Bomb),0,0,,6,0
311250,Glacier Magic Orb (Fire Dance),0,0,,6,0
311257,Glacier Magic Orb (Flame Ice Wind),0,0,,6,0
311256,Glacier Magic Orb (Flame Wind),0,0,,6,0
311290,Glacier Magic Orb (Flare Magic),0,0,,6,0
311246,Glacier Magic Orb (Flash Fall),0,0,,6,0
311300,Glacier Magic Orb (Framen),0,0,,6,0
311287,Glacier Magic Orb (Frenzy Shot),0,0,,6,0
311308,Glacier Magic Orb (Gale Storm),0,0,,6,0
311330,Glacier Magic Orb (Grenade),0,0,,6,0
311293,Glacier Magic Orb (Ground Magic),0,0,,6,0
311273,Glacier Magic Orb (Hack And Slasher),0,0,,6,0
311251,Glacier Magic Orb (Hammer of God),0,0,,6,0
311307,Glacier Magic Orb (Hawk),0,0,,6,0
311340,Glacier Magic Orb (Hell's Jack),0,0,,6,0
311198,Glacier Magic Orb (Hesperus Lit),0,0,,6,0
311332,Glacier Magic Orb (Hogogong Strike),0,0,,6,0
311265,Glacier Magic Orb (Holy Cross),0,0,,6,0
311195,Glacier Magic Orb (Hundred Spear),0,0,,6,0
311322,Glacier Magic Orb (Huuma Shuriken),0,0,,6,0
311334,Glacier Magic Orb (Hyun Rok Cannon),0,0,,6,0
311333,Glacier Magic Orb (Hyun Roks Breeze),0,0,,6,0
311194,Glacier Magic Orb (Ignition Break),0,0,,6,0
311294,Glacier Magic Orb (Illusion Soul Magic),0,0,,6,0
311283,Glacier Magic Orb (Impact Crater),0,0,,6,0
311324,Glacier Magic Orb (Inbeoppo),0,0,,6,0
311231,Glacier Magic Orb (Judex),0,0,,6,0
311304,Glacier Magic Orb (Judgment),0,0,,6,0
311269,Glacier Magic Orb (Jupitel Thunder),0,0,,6,0
311237,Glacier Magic Orb (Knuckle Arrow),0,0,,6,0
311258,Glacier Magic Orb (Kunai Explosion),0,0,,6,0
311323,Glacier Magic Orb (Kunai),0,0,,6,0
311297,Glacier Magic Orb (Lightning Land),0,0,,6,0
311268,Glacier Magic Orb (Lord of Vermilion),0,0,,6,0
311262,Glacier Magic Orb (Lunatic Carrot Beat),0,0,,6,0
311274,Glacier Magic Orb (Madness Crusher),0,0,,6,0
311328,Glacier Magic Orb (Magazine for One),0,0,,6,0
311353,Glacier Magic Orb (Magical-Element),0,0,,6,0
311349,Glacier Magic Orb (Magical-Race),0,0,,6,0
311351,Glacier Magic Orb (Magical-Size),0,0,,6,0
311343,Glacier Magic Orb (MATK),0,0,,6,0
311336,Glacier Magic Orb (Mega Sonic Blow),0,0,,6,0
311310,Glacier Magic Orb (Metalic Fury),0,0,,6,0
311242,Glacier Magic Orb (Metallic Sound),0,0,,6,0
311270,Glacier Magic Orb (Meteor Storm),0,0,,6,0
311339,Glacier Magic Orb (Meteor Thunder),0,0,,6,0
311245,Glacier Magic Orb (Moon Kick),0,0,,6,0
311314,Glacier Magic Orb (Moon),0,0,,6,0
311341,Glacier Magic Orb (Napalm Gravitation),0,0,,6,0
311326,Glacier Magic Orb (Only One Bullet),0,0,,6,0
311197,Glacier Magic Orb (Over Brand),0,0,,6,0
311276,Glacier Magic Orb (Overslash),0,0,,6,0
311302,Glacier Magic Orb (Petitio),0,0,,6,0
311352,Glacier Magic Orb (Physical-Element),0,0,,6,0
311348,Glacier Magic Orb (Physical-Race),0,0,,6,0
311350,Glacier Magic Orb (Physical-Size),0,0,,6,0
311263,Glacier Magic Orb (Picky Peck),0,0,,6,0
311229,Glacier Magic Orb (Poison Buster),0,0,,6,0
311207,Glacier Magic Orb (Power Swing),0,0,,6,0
311244,Glacier Magic Orb (Prominence Burst),0,0,,6,0
311225,Glacier Magic Orb (Psychic Wave),0,0,,6,0
311234,Glacier Magic Orb (Rampage Blaster),0,0,,6,0
311201,Glacier Magic Orb (Ray of Genesis),0,0,,6,0
311318,Glacier Magic Orb (Red Phoenix),0,0,,6,0
311243,Glacier Magic Orb (Reverberation),0,0,,6,0
311311,Glacier Magic Orb (Rhythm Shooting),0,0,,6,0
311236,Glacier Magic Orb (Ride In Lightening),0,0,,6,0
311215,Glacier Magic Orb (Rolling Cutter),0,0,,6,0
311312,Glacier Magic Orb (Rose Blossom),0,0,,6,0
311254,Glacier Magic Orb (Round Trip),0,0,,6,0
311281,Glacier Magic Orb (Savage Impact),0,0,,6,0
311272,Glacier Magic Orb (Servant Weapon),0,0,,6,0
311241,Glacier Magic Orb (Severe Rainstorm),0,0,,6,0
311321,Glacier Magic Orb (Shadow),0,0,,6,0
311267,Glacier Magic Orb (Shield Boomerang),0,0,,6,0
311337,Glacier Magic Orb (Shield Chain Rush),0,0,,6,0
311202,Glacier Magic Orb (Shield Press),0,0,,6,0
311277,Glacier Magic Orb (Shield Shooting),0,0,,6,0
311260,Glacier Magic Orb (Silvervine Stem Spear),0,0,,6,0
311347,Glacier Magic Orb (Skill Delay),0,0,,6,0
311235,Glacier Magic Orb (Sky Net Blow),0,0,,6,0
311196,Glacier Magic Orb (Sonic Wave),0,0,,6,0
311223,Glacier Magic Orb (Soul Expansion),0,0,,6,0
311338,Glacier Magic Orb (Spiral Pierce Max),0,0,,6,0
311327,Glacier Magic Orb (Spiral Shooting),0,0,,6,0
311264,Glacier Magic Orb (Spirit of Savage),0,0,,6,0
311320,Glacier Magic Orb (Spirit Purification),0,0,,6,0
311212,Glacier Magic Orb (Spore Explosion),0,0,,6,0
311315,Glacier Magic Orb (Star),0,0,,6,0
311253,Glacier Magic Orb (Storm Buster),0,0,,6,0
311271,Glacier Magic Orb (Storm Gust),0,0,,6,0
311292,Glacier Magic Orb (Storm Magic),0,0,,6,0
311275,Glacier Magic Orb (Storm Slash),0,0,,6,0
311313,Glacier Magic Orb (Sun),0,0,,6,0
311259,Glacier Magic Orb (Swirling Petal),0,0,,6,0
311298,Glacier Magic Orb (Terra Drive),0,0,,6,0
311325,Glacier Magic Orb (The Vigilant at Night),0,0,,6,0
311233,Glacier Magic Orb (Tiger Cannon),0,0,,6,0
311219,Glacier Magic Orb (Triangle Shot),0,0,,6,0
311227,Glacier Magic Orb (Varetyr Spear),0,0,,6,0
311345,Glacier Magic Orb (Variable Casting),0,0,,6,0
311299,Glacier Magic Orb (Venom Swamp),0,0,,6,0
311208,Glacier Magic Orb (Vulcan Arm),0,0,,6,0
311240,Glacier Magic Orb (Warg Strike),0,0,,6,0
311317,Glacier Magic Orb (White Tiger),0,0,,6,0
311329,Glacier Magic Orb (Wild Fire),0,0,,6,0
311193,Glacier Magic Orb (Wind Cutter),0,0,,6,0
450266,Glacier Manteau,0,0,,8,0
590039,Glacier Mechanic Mace,0,0,,8,0
450267,Glacier Muffler,0,0,,8,0
490330,Glacier Necklace,14720000,17280000,kro,2,0
490328,Glacier Pendant,13800000,16200000,kro,2,0
800014,Glacier Revolver,0,0,,8,0
810010,Glacier Rifle,0,0,,8,0
490327,Glacier Ring,13800000,16200000,kro,2,0
450265,Glacier Robe,0,0,,8,0
510061,Glacier Rogue Knife,782000,918000,kro,4,0
450268,Glacier Shoes,0,0,,8,0
820008,Glacier Shotgun,0,0,,8,0
530025,Glacier Spear,0,0,,8,0
640033,Glacier Staff,15272000,17928000,kro,2,0
500049,Glacier Sword,0,0,,8,0
620017,Glacier Two-Handed Axe,0,0,,8,0
600027,Glacier Two-Handed Sword,0,0,,8,0
570029,Glacier Violin,0,0,,8,0
550069,Glacier Wand,0,0,,8,0
580030,Glacier Whip,2815000,3304500,kro,2,0
1000640,Glade Rune,91000,106500,kro,12,3
1000636,Glade Rune Fragment,6400,7550,kro,12,3
1219,Gladius,35500,41500,npc,8,0
1220,Gladius,39500,46000,ragnastats,11,0
1221,Gladius,39500,46000,sibling,8,0
13449,Gladius Daemonicus,0,0,,8,0
1454,Glaive,16500,19000,npc,8,0
1455,Glaive,2850,3350,ragnastats,8,0
1456,Glaive,2850,3350,sibling,8,0
746,Glass Bead,965,1100,ragnastats,51,18
7143,Glass Tube,4600,5400,ragnastats,12,3
2203,Glasses,3650,4300,kro,22,0
2204,Glasses,18399500,21599500,kro,2,0
6609,Glast Decayed Nail,12500,14500,estimate,12,18
6610,Glast Horrendous Mouth,5350,6300,ragnastats,12,18
7058,Gleipnir,0,0,,12,3
7139,Glistening Coat,425,575,kro,18,0
7132,Glistening Coat Creation Guide,539000,633000,ragnastats,7,3
7009,Glitter Shell,445,605,npc,36,18
490149,Glittering Cat Choker,0,0,,8,0
2319,Glittering Jacket,138000,162000,kro,4,0
6030,Glittering Paper,0,0,,27,0
6031,Glittering Paper,0,0,,27,0
1001638,Glittering Snake Shape Rosary,1700,2050,kro,12,3
1001236,Glittering Snowflakes,0,0,,12,3
310851,Global Cooldown 1Lv,0,0,,6,0
310852,Global Cooldown 2Lv,0,0,,6,0
310853,Global Cooldown 3Lv,0,0,,6,0
4408,Gloom Under Night Card,598000000,702000000,kro,2,0
9122,Gloom Under Night Egg,874000000,1026000000,kro,4,0
28314,Glorious Hand,0,0,,8,0
12770,Glory FB Hat Box,0,0,,12,0
28713,Glory King Sword,0,0,,8,0
1001130,Glory of Herosria,0,0,,12,3
312188,Glory of the Snake God,0,0,,6,0
23824,Glory Soccer Ball Hat SynthesisBox,1840000,2160000,kro,4,3
7152,Glossy Hair,5500,6450,ragnastats,54,36
480081,Glotoneria,0,0,,8,0
2604,Glove,1150000,1350000,kro,3,0
2624,Glove,27500,32000,kro,8,0
2836,Glove,588500,691000,sibling,4,0
2848,Glove,588500,691000,sibling,4,0
2877,Glove Sabik,0,0,,8,0
2984,Glove Save Rimnil,82800000,97200000,kro,2,0
300667,Glutto Card,0,0,,6,3
530002,Gluttony Stick,581000,682000,estimate,4,0
6302,GM Handwriting,0,0,,12,0
18787,Goal Tender Mask,0,0,,8,0
4150,Goat Card,82500,97000,kro,9,3
400120,Goat Crown,9614000,11286000,kro,2,0
4157,Goblin Archer Card,443500,521000,ragnastats,4,3
4060,Goblin Card,736000,864000,kro,4,3
300297,Goblin King Card,0,0,,6,3
4155,Goblin Leader Card,2295000,2694500,kro,2,3
9046,Goblin Leader Egg,0,0,,12,0
5090,Goblin Leader Mask,226500,265500,ragnastats,4,0
2297,Goblin Mask,69000,81000,kro,8,0
4156,Goblin Steamrider Card,476500,559500,ragnastats,4,3
7806,God Anvil,0,0,,12,0
32007,God Eater Dragon Spear,0,0,,8,0
7809,God Furnace,0,0,,12,0
7808,God Hammer,0,0,,12,0
24609,God Hammer Shadow Armor,11960000,14040000,kro,2,0
24608,God Hammer Shadow Shield,4600000,5400000,kro,2,0
24607,God Hammer Shadow Weapon,0,0,,8,0
12674,God Material Box,17,24,npc,12,0
7807,God Mineral,0,0,,12,0
18925,God of Winds Fan,0,0,,8,0
15237,God's Armor,0,0,,8,0
13473,God's Sword,0,0,,8,0
460077,God-Devouring Demonic Shield,0,0,,8,0
460078,God-Devouring Demonic Shield-LT,0,0,,8,0
311073,Goddess of Abundance,0,0,,6,0
12315,Goddess Of Blessing,0,0,,12,0
14370,Goddess of Blessing Box,0,0,,12,0
2652,Goddess of Fortune's Cursed Brooch,276000,324000,kro,7,0
29125,Goddess of Insight A,0,0,,6,0
29126,Goddess of Insight S,0,0,,6,0
29121,Goddess of Justice A,0,0,,6,0
29122,Goddess of Justice S,0,0,,6,0
29123,Goddess of Mercy A,0,0,,6,0
29124,Goddess of Mercy S,0,0,,6,0
7830,Goddess Tear,1,2,npc,12,3
11543,Goedo Choco,0,0,,12,0
18655,Goedo Monocle,0,0,,8,0
19337,Goggle Hat,0,0,,8,0
2224,Goggles,17,24,ragnastats,11,0
2225,Goggles,9200,10500,ragnastats,11,0
2354,Goibne's Armor,345000,405000,kro,7,0
15170,Goibne's Armor,345000,405000,sibling,4,0
2419,Goibne's Greaves,152500,179000,ragnastats,7,0
2493,Goibne's Greaves,152500,179000,sibling,4,0
5128,Goibne's Helm,2438000,2862000,kro,3,0
19043,Goibne's Helm,2438000,2862000,sibling,2,0
2520,Goibne's Spaulders,24500,29000,npc,8,0
2599,Goibne's Spaulders,0,0,,8,0
969,Gold,174500,205000,kro,46,18
4378,Gold Acidus Card,414000,486000,kro,5,3
5769,Gold Angel Sculpture,0,0,,8,0
7228,Gold Bullion,43141500,50644500,ragnastats,4,3
25627,Gold Card,0,0,,12,0
2636,Gold Christmas Ring,0,0,,8,0
7517,Gold Coin,71500,84000,ragnastats,12,0
6612,Gold Coin Basket,431000,506000,ragnastats,7,3
25762,Gold Dragon Orb,18000,21500,kro,36,3
15393,Gold Dragon Plate,0,0,,8,0
10022,Gold Earring,0,0,,12,0
19264,Gold Fish Head Hat,0,0,,8,0
23836,Gold Fish Head Hat SynthesisBox,0,0,,12,3
400155,Gold Fish Head Hat-LT,0,0,,8,0
18748,Gold Ingot Poring Hat,0,0,,8,0
13106,Gold Lux,184000,216000,kro,4,0
7231,Gold Ore,0,0,,12,0
7924,Gold Paper,0,0,,12,0
4509,Gold Queen Scaraba Card,116461000,136715000,estimate,2,0
2610,Gold Ring,8800,10000,ragnastats,11,0
7946,Gold Ring Of Valentine,0,0,,12,0
4508,Gold Scaraba Card,699000,820500,kro,5,3
23547,Gold Statue,0,0,,12,0
19221,Golden Angel Hairband,0,0,,8,0
20841,Golden Angel Wing,0,0,,8,0
20866,Golden Angel Wing,0,0,,8,0
988,Golden Anvil,335000,393000,ragnastats,7,9
1308,Golden Axe,0,0,,8,0
10016,Golden Bell,1743000,2046500,kro,5,0
24916,Golden Blooded Cannon Shadow Armor,460000,540000,kro,4,0
24917,Golden Blooded Cannon Shadow Shoes,460000,540000,kro,4,0
18889,Golden Bunny Band,0,0,,8,0
25340,Golden Corn,0,0,,12,0
1001480,Golden Diamond,342000,401500,kro,7,0
6394,Golden Feather,149000,175000,ragnastats,7,9
18936,Golden Fish In Mouth,91999500,107999500,kro,2,0
2246,Golden Gear,46000,54000,kro,11,0
5159,Golden Gear,46000,54000,kro,8,0
1060,Golden Hair,8250,9700,kro,54,36
614,Golden Hammer,3100,3600,ragnastats,12,18
5433,Golden Laurel,0,0,,8,0
28257,Golden Lord Launcher,0,0,,8,0
100406,Golden Lord Launcher Modification Cube,0,0,,12,0
840008,Golden Lord Launcher-LT,0,0,,8,0
1524,Golden Mace,92000,108000,kro,7,0
1539,Golden Mace,92000,108000,kro,4,0
15178,Golden Ninja Suit,0,0,,8,0
7435,Golden Ornament,539000,633000,ragnastats,22,3
2859,Golden Rod Orb,2300000,2700000,kro,2,0
15025,Golden Rod Robe,92000,108000,kro,4,0
2467,Golden Rod Shoes,2774500,3257500,ragnastats,2,0
2007,Golden Rod Staff,0,0,,11,0
5850,Golden Savage Hat,0,0,,8,0
20821,Golden Scarf,1664500,1954500,ragnastats,2,0
22654,Golden Seal Card,0,0,,12,0
4128,Golden Thief Bug Card,61456000,72144000,estimate,2,3
5262,Golden Tiara,0,0,,8,0
12841,Golden Treasure Box,0,0,,12,0
400051,Golden Violet,0,0,,8,0
1333,Golden Wrench,1748000,2052000,kro,2,0
1337,Golden Wrench,1748000,2052000,sibling,2,0
100231,Golden X,220500,259000,kro,7,0
13086,Goldsmithing Dagger,0,0,,11,0
4072,Golem Card,157500,185000,ragnastats,5,3
9053,Golem Egg,184000,216000,kro,7,0
12875,Golem Stone,0,0,,12,0
6695,Golem's Fiery Stone Tooth,327500,384000,estimate,7,3
300492,Gony Card,0,0,,6,3
102482,Good and Evil Boots Refine Hammer,6256000,7344000,kro,4,3
2931,Good Health Amulet,0,0,,8,0
312014,Good Spell,0,0,,6,0
17256,Good Student Gift Box,0,0,,12,0
312685,Good Vigor (Abyss Chaser),0,0,,6,0
312803,Good Vigor (Arch Mage),0,0,,6,0
312447,Good Vigor (Biolo),0,0,,6,0
312422,Good Vigor (Cardinal),0,0,,6,0
312449,Good Vigor (Dragon Knight),0,0,,6,0
312639,Good Vigor (Elemental Master),0,0,,6,0
312689,Good Vigor (Hyper Novice),0,0,,6,0
312801,Good Vigor (Imperial Guard),0,0,,6,0
312423,Good Vigor (Inquisitor),0,0,,6,0
312649,Good Vigor (Meister),0,0,,6,0
312805,Good Vigor (Night Watch),0,0,,6,0
312650,Good Vigor (Shadow Cross),0,0,,6,0
312651,Good Vigor (Shinkiro & Shiranui),0,0,,6,0
312641,Good Vigor (Sky Emperor),0,0,,6,0
312424,Good Vigor (Soul Ascetic),0,0,,6,0
312451,Good Vigor (Spirit Handler),0,0,,6,0
312687,Good Vigor (Troubadour & Trouvere),0,0,,6,0
312640,Good Vigor (Windhawk),0,0,,6,0
102070,Good Weapon Box,2741500,3218000,kro,4,3
1001584,Good Weapon Coupon,17250000,20250000,kro,4,3
102072,Good Weapon Smelting Hammer,6440000,7560000,kro,4,3
102545,Goodwill Box,92000,108000,kro,7,3
27162,Gopinich Card,92492000,108577500,estimate,2,0
400078,Goral Crown,6440000,7560000,kro,2,0
410141,Gorgon Coronet,0,0,,8,0
410142,Gorgon Coronet,0,0,,8,0
9065,Gorilla Egg,0,0,,12,0
18930,Gorilla Model Hat,0,0,,8,0
18913,Gossip Raven,0,0,,8,0
25618,Gothic Porcelain Doll,53500,62500,estimate,36,6
400050,Gothic Skull Ribbon,0,0,,8,0
11625,Gourmet Butter Popcorn,0,0,,12,0
12188,Grace Moon Cake,1700,2000,estimate,12,0
450309,Grace of Seth,0,0,,8,0
1001465,Grace of Spirit,90000,105500,kro,12,3
312157,Grace of the Snake God,0,0,,6,0
480276,Graceful Force of Nature Cloak,0,0,,8,0
480526,Graceful Force of Nature Cloak-LT,0,0,,8,0
460074,Gracies Aranea,0,0,,8,0
311424,Grain Rain,0,0,,6,0
2241,Grampa Beard,4100,4850,npc,8,0
300100,Gran Papilia Card,2823000,3314000,estimate,2,3
5007,Grand Circlet,460000,540000,kro,7,0
1528,Grand Cross,46000,54000,ragnastats,8,0
1540,Grand Cross,46000,54000,sibling,8,0
310353,Grand Cross Lv.1,0,0,,6,0
310354,Grand Cross Lv.2,0,0,,6,0
310355,Grand Cross Lv.3,0,0,,6,0
310356,Grand Cross Lv.4,0,0,,6,0
310357,Grand Cross Lv.5,0,0,,6,0
4161,Grand Peco Card,91500,107000,kro,54,3
19399,Grand Peco Hairband,0,0,,8,0
23820,Grand Peco Hairband SynthesisBox,920000,1080000,kro,4,3
9071,Grand Peco Peco Egg,0,0,,12,0
27247,Grand Pere Card,0,0,,6,0
514,Grape,8250,9700,kro,76,18
533,Grape Juice,49500,58000,kro,76,18
12046,Grape Juice Herbal Tea,7950,9300,ragnastats,27,3
4664,Grass Fabre Card,794500,933000,ragnastats,4,0
940,Grasshopper's Leg,920,1050,kro,51,36
10020,Grave Keeper's Sword,644000,756000,kro,11,0
24553,Grave Shadow Earring,184000,216000,kro,4,0
24552,Grave Shadow Pendant,432000,507500,kro,4,0
24551,Grave Shadow Weapon,0,0,,8,0
300171,Grave Worm Card,0,0,,6,3
22052,Gravekeeper Shoes,0,0,,8,0
22095,Gravekeeper Shoes,0,0,,8,0
19014,Gravekeeper's Blinker,0,0,,8,0
2056,Gravitation Staff,0,0,,8,0
2062,Gravitation Staff,0,0,,8,0
6828,Gravity Safety Device,0,0,,12,0
18890,Gray Bunny Band,0,0,,8,0
5228,Gray Deviruchi Hat,59500,70000,ragnastats,8,0
16732,Gray Deviruchi Hat Box,17,24,npc,12,0
16733,Gray Deviruchi Hat Box,0,0,,12,0
5230,Gray Drooping Cat,207000,243000,npc,4,0
18820,Gray Helmet,0,0,,8,0
300457,Gray Icewind Card,7217000,8472500,kro,2,3
9146,Gray Icewind Egg,32660000,38340000,kro,4,0
5239,Gray Mage Hat,69000,81000,ragnastats,8,0
5883,Gray Mage Hat C,0,0,,8,0
1001975,Gray Petal,5050,5900,kro,12,3
15091,Gray Robe,0,0,,8,0
6672,Gray Shard,15500,18500,kro,27,72
22172,Gray Wing Boots,0,0,,8,0
470087,Gray Wolf Boots,0,0,,8,0
490108,Gray Wolf Earring,20240000,23760000,kro,2,0
480091,Gray Wolf Manteau,0,0,,8,0
480090,Gray Wolf Muffler,0,0,,8,0
490109,Gray Wolf Necklace,19320000,22680000,kro,2,0
490106,Gray Wolf Pendant,23000000,27000000,kro,2,0
490107,Gray Wolf Ring,23000000,27000000,kro,2,0
450178,Gray Wolf Robe,0,0,,8,0
470088,Gray Wolf Shoes,0,0,,8,0
450177,Gray Wolf Suit,253000,297000,kro,4,0
1364,Great Axe,46000,54000,ragnastats,8,0
1707,Great Bow,8250,9700,npc,8,0
1708,Great Bow,8250,9700,npc,11,0
1709,Great Bow,0,0,,8,0
314268,Great Craftsman Jewel 10Lv,0,0,,6,0
314259,Great Craftsman Jewel 1Lv,0,0,,6,0
314260,Great Craftsman Jewel 2Lv,0,0,,6,0
314261,Great Craftsman Jewel 3Lv,0,0,,6,0
314262,Great Craftsman Jewel 4Lv,0,0,,6,0
314263,Great Craftsman Jewel 5Lv,0,0,,6,0
314264,Great Craftsman Jewel 6Lv,0,0,,6,0
314265,Great Craftsman Jewel 7Lv,0,0,,6,0
314266,Great Craftsman Jewel 8Lv,0,0,,6,0
314267,Great Craftsman Jewel 9Lv,0,0,,6,0
22238,Great Hero Boots,460000,540000,kro,4,0
100412,Great Hero's Bravery,2530000,2970000,kro,4,3
100413,Great Hero's Wisdom,2760000,3240000,kro,4,3
400054,Great Magician's Ceremonial Crown,10120000,11880000,kro,2,0
400263,Great Magician's Ceremonial Crown-LT,0,0,,8,0
997,Great Nature,4600,5400,kro,76,36
12775,Greater Agimat of Ancient Spirit,17,24,npc,12,3
27307,Greater Bellare Card,1633000,1917000,kro,2,3
19311,Greater Dracule Horn,0,0,,8,0
27309,Greater Sanare Card,1656000,1944000,kro,2,3
4283,Greatest General Card,133000,156500,ragnastats,4,3
2411,Greaves,39500,46500,npc,8,0
2412,Greaves,44500,52000,npc,8,0
470234,Greaves,0,0,,8,0
29046,Greed,0,0,,6,0
314175,Greed,0,0,,6,0
314176,Greed,0,0,,6,0
20804,Greed Amistr Bag,248000,291500,npc,4,0
2983,Greed Brooch,18400000,21600000,kro,2,0
2829,Greed Clip,0,0,,8,0
16341,Greed Clip Box,0,0,,12,0
16419,Greed Scroll Box 30,0,0,,12,0
25062,Greed Stone (Lower),441600000,518400000,kro,4,0
550008,Greed Wand,1610000,1890000,kro,2,0
1916,Green Acre Guitar,46000,54000,kro,11,0
12135,Green Ale,8700,10000,ragnastats,18,0
12245,Green Ale,229500,269000,ragnastats,7,0
18675,Green Apple Hat,0,0,,8,0
2868,Green Batik,0,0,,8,0
25616,Green Bear Rope,69000,81000,estimate,36,6
12712,Green Beer,0,0,,12,0
7445,Green Bijou,18000,21500,kro,36,18
16623,Green Bunny Band Box,0,0,,12,0
5785,Green Bunny Hairband,0,0,,8,0
16624,Green Bunnyband Box,0,0,,12,0
27014,Green Cenere Card,851000,999000,kro,4,3
25759,Green Dragon Orb,50000,59000,estimate,36,36
15392,Green Dragon Plate,0,0,,8,0
2298,Green Feeler,92000,108000,kro,7,0
4381,Green Ferus Card,920000,1080000,kro,2,3
29143,Green Flare Effect,0,0,,6,0
25137,Green Floor (Bottom),18400000,21600000,kro,4,0
18926,Green Foxtail,0,0,,8,0
511,Green Herb,4100,4850,kro,76,72
7814,Green Jenoss's Family Ring,0,0,,12,0
10023,Green Jewel Bag,0,0,,12,0
10015,Green Lace,15500,18000,ragnastats,18,0
1001431,Green Land Crystal,82500,97000,estimate,12,36
993,Green Live,1700,2050,kro,76,18
4373,Green Maiden Card,966000,1134000,kro,2,3
9030,Green Maiden Egg,2760000,3240000,kro,5,0
7774,Green Maiden Ticket,0,0,,12,0
22628,Green Package,0,0,,12,0
22640,Green Package,0,0,,12,0
22644,Green Package,0,0,,12,0
22629,Green Package 40,0,0,,12,0
22641,Green Package 40,0,0,,12,0
22645,Green Package 40,0,0,,12,0
22630,Green Package 80,0,0,,12,0
22642,Green Package 80,0,0,,12,0
22646,Green Package 80,0,0,,12,0
22631,Green Package 99,0,0,,12,0
22643,Green Package 99,0,0,,12,0
22647,Green Package 99,0,0,,12,0
9022,Green Petite Egg,690000,810000,kro,11,0
300125,Green Pitaya Card,920000,1080000,kro,2,3
18634,Green Poring Hairpin,4600000,5400000,ragnastats,2,0
506,Green Potion,34,47,npc,27,6
5193,Green Ribbon,610,825,npc,8,0
5681,Green Ribbon,0,0,,8,0
5735,Green Ribbon,0,0,,8,0
16730,Green Ribbon Box,0,0,,12,0
16731,Green Ribbon Box,0,0,,12,0
12065,Green Salad,20500,24000,ragnastats,12,3
15044,Green Surgical Gown,39100000,45900000,kro,2,0
1930,Green Whistle,145500,171000,ragnastats,7,0
4355,Gremlin Card,91500,107500,kro,6,3
9100,Gremlin Egg,460000,540000,kro,7,0
7664,Grenade Launcher,25,35,npc,12,0
23678,Grey Abrasive (distance),0,0,,12,3
23677,Grey Abrasive (magical),0,0,,12,3
23676,Grey Abrasive (physical),0,0,,12,3
300220,Grey Wolf Card,1380000,1620000,kro,2,3
24114,Grid Shadow Armor,11960000,14040000,kro,4,0
24118,Grid Shadow Earring,11040000,12960000,kro,4,0
24119,Grid Shadow Pendant,13064000,15336000,kro,4,0
24116,Grid Shadow Shield,41400000,48600000,kro,4,0
24115,Grid Shadow Shoes,12880000,15120000,kro,4,0
24117,Grid Shadow Weapon,32200000,37800000,kro,4,0
5021,Grief for Greed,546500,641500,ragnastats,4,0
18825,Grief for Greed,546500,641500,sibling,4,0
12338,Grilled Corn,0,0,,12,0
12335,Grilled Delicious Skewer,0,0,,12,0
12336,Grilled Mushroom,0,0,,12,0
6099,Grilled Rice Cake,17,24,npc,12,3
12337,Grilled Sausages,255,345,npc,12,0
12102,Grilled Skewer,0,0,,12,3
27327,Grim Reaper Ankou Card,2328000,2732500,estimate,2,3
18614,Grim Reaper Hat,3680000,4320000,ragnastats,2,0
1237,Grimtooth,69000,81000,kro,11,0
1334,Grinder Axe,0,0,,8,0
13346,Grinder Huuma Shuriken,36799500,43199500,kro,2,0
1056,Grit,3650,4300,kro,36,72
4162,Grizzly Card,25000,29500,ragnastats,6,3
300246,Grote Card,828000,972000,kro,4,3
1002834,Ground Essence of the Rift,36500,43000,kro,12,0
1002836,Ground Rune of Rift,0,0,,12,0
1002835,Ground Rune Ore Shard,6300,7400,kro,12,0
4377,Grove Card,21500,25500,ragnastats,9,3
12665,Grovel Buff,0,0,,12,0
29218,Grudge,0,0,,6,0
20772,Grudge Manteau,0,0,,8,0
4606,Grudge of Royal Knight Card,3864000,4536000,kro,2,3
4163,Gryphon Card,1743000,2046000,estimate,2,3
1001642,Guano,4100,4850,kro,12,3
12414,Guarana Candy,5100,6000,ragnastats,18,3
2101,Guard,425,575,kro,8,0
2102,Guard,9200,10500,kro,8,0
28369,Guardian Barrel,0,0,,8,0
22074,Guardian Booster,0,0,,8,0
420112,Guardian Claus,0,0,,8,0
20777,Guardian Engine,0,0,,8,0
470117,Guardian Greave,0,0,,8,0
410119,Guardian Helm,0,0,,8,0
410120,Guardian Helm,0,0,,8,0
1336,Guardian Knight Axe,0,0,,8,0
28141,Guardian Knight Battle Axe,0,0,,8,0
21055,Guardian Knight Claymore,0,0,,8,0
32353,Guardian Knight Jewel Sword,0,0,,8,0
32027,Guardian Knight Spear,0,0,,8,0
450211,Guardian Mail,0,0,,8,0
480163,Guardian Manteau,0,0,,8,0
480442,Guardian of Abyss,0,0,,8,0
19170,Guardian Processor,0,0,,8,0
490194,Guardian Ring,0,0,,8,0
500063,Guardian Saber,0,0,,8,0
480045,Guardian Soul,0,0,,8,0
480120,Guardian Soul,0,0,,8,0
15149,Guardian Unit,0,0,,8,0
2974,Guardianship Eternal Love,0,0,,8,0
28900,Guardsmen's Shield,36800000,43200000,kro,2,0
300610,Guerrero Card,1840000,2160000,kro,2,3
300565,Guide of Dead Card,0,0,,6,3
1369,Guillotine,766500,900000,ragnastats,4,0
15075,Guillotine Cross Battle Armor,0,0,,8,0
22020,Guillotine Cross Battle Boots,0,0,,8,0
27058,Guillotine Cross Eremes (MVP) Card,0,0,,6,0
4674,Guillotine Cross Eremes Card,2734000,3209500,estimate,2,3
100324,Guillotine Cross Shadow Cube,0,0,,12,0
24307,Guillotine Cross Shadow Shield,5980000,7020000,kro,4,0
24294,Guillotine Cross Shadow Weapon,2760000,3240000,kro,4,0
311435,Guillotine Cross Stone (Lower),64400000,75600000,kro,2,0
1000976,Guillotine Cross Stone (Lower),64400000,75600000,kro,4,0
311434,Guillotine Cross Stone (Middle),63470500,74509000,kro,2,0
1000975,Guillotine Cross Stone (Middle),63470500,74509000,kro,4,0
311433,Guillotine Cross Stone (Upper),11040000,12960000,kro,2,0
1000974,Guillotine Cross Stone (Upper),11040000,12960000,kro,4,0
310188,Guillotine Cross Stone II (Garment),47380000,55620000,kro,2,0
1000221,Guillotine Cross Stone II (Garment),47380000,55620000,kro,4,0
314023,Guillotine Cross Stone II (Lower),248400000,291600000,kro,2,0
1002098,Guillotine Cross Stone II (Lower),248400000,291600000,kro,4,0
314022,Guillotine Cross Stone II (Middle),174800000,205200000,kro,2,0
1002097,Guillotine Cross Stone II (Middle),174800000,205200000,kro,4,0
314021,Guillotine Cross Stone II (Upper),45080000,52920000,kro,2,0
1002096,Guillotine Cross Stone II (Upper),45080000,52920000,kro,4,0
1291,Guillotine Katar,46000,54000,npc,8,0
1451,Guisarme,10500,12500,npc,8,0
1452,Guisarme,995,1150,ragnastats,11,0
1453,Guisarme,995,1150,sibling,8,0
1907,Guitar,38500,45500,npc,8,0
1908,Guitar,38500,45500,npc,8,0
700008,Gula Gun,460000,540000,kro,4,0
510009,Gula Teeth,105500,124000,kro,4,0
7743,Gulaman,69500,81500,estimate,12,0
4164,Gullinbursti Card,920000,1080000,kro,2,3
1911,Gumoongoh,44500,52000,npc,8,0
1912,Gumoongoh,68500,80500,ragnastats,8,0
11049,Gun Book Basic,0,0,,12,0
11051,Gun Book Misc,0,0,,12,0
11050,Gun Book Practice,0,0,,12,0
6244,Gun Powder,1400,1650,ragnastats,36,18
1413,Gungnir,1033500,1213500,ragnastats,3,0
1418,Gungnir,1033500,1213500,sibling,2,0
7204,Gunpowder,0,0,,12,3
23161,Gunslinger Box,0,0,,12,0
24319,Gunslinger Shadow Shield,2760000,3240000,kro,4,0
24283,Gunslinger Shadow Weapon,276000,324000,kro,7,0
25857,Gunslinger Stone (Bottom),1380000,1620000,kro,4,0
29666,Gunslinger Stone (Bottom),1380000,1620000,kro,2,0
25858,Gunslinger Stone (Garment),4830000,5670000,kro,4,0
25856,Gunslinger Stone (Middle),828000,972000,kro,7,0
29665,Gunslinger Stone (Middle),828000,972000,kro,4,0
25855,Gunslinger Stone (Upper),1564000,1836000,kro,4,0
29664,Gunslinger Stone (Upper),1564000,1836000,kro,2,0
1001850,Gunter Card Fragment,1840000,2160000,kro,4,3
1733,Gust Bow,153000,180000,ragnastats,7,0
18140,Gust Bow,153000,180000,sibling,4,0
7792,Guyak,0,0,,12,0
12709,Guyak Candy,0,0,,12,0
12710,Guyak Pudding,0,0,,12,0
2126,Guyak Shield,0,0,,8,0
6364,GvG Coin,0,0,,12,0
2985,Gyges's Ring,0,0,,8,0
4566,Gypsy Trentini Card,129636500,152182000,estimate,2,0
300598,Günter Card,0,0,,6,3
311090,H.PLUS Lv1,0,0,,6,0
311091,H.PLUS Lv2,0,0,,6,0
311030,Hack and Slasher Tuning Device,0,0,,6,0
24920,Hack Slasher Shadow Armor,920000,1080000,kro,2,0
24921,Hack Slasher Shadow Shoes,1840000,2160000,kro,2,0
1123,Haedonggum,41000,48500,npc,8,0
1128,Haedonggum,94500,111000,estimate,4,0
13087,Hagalas Knife,0,0,,8,0
7180,Hahn Sukbong's Recommendation,0,0,,12,0
5176,Hahoe Mask,24500,29000,npc,8,0
2210,Hair Band,920,1050,kro,8,0
5444,Hair Brush,700000,822000,ragnastats,4,0
400488,Hairband Of Asmodeus,0,0,,8,0
5471,Hairband Of Reginleif,0,0,,8,0
10025,Hairband Of Stars,0,0,,12,0
13014,Hakujin,8800,10000,ragnastats,8,0
13015,Hakujin,4600,5400,ragnastats,11,0
1001977,Hal,0,0,,12,3
1463,Halberd,44500,52000,npc,8,0
1464,Halberd,120000,141000,ragnastats,4,0
1465,Halberd,120000,141000,sibling,4,0
17308,Half Asprika box1,0,0,,12,0
1597,Half BF Book2,0,0,,8,0
17400,Half BF Book2 Box1,0,0,,12,0
17401,Half BF Book2 Box7,0,0,,12,0
18124,Half BF Bow1,0,0,,8,0
17418,Half BF Bow1 Box1,0,0,,12,0
17419,Half BF Bow1 Box7,0,0,,12,0
13096,Half BF Dagger2,0,0,,8,0
17408,Half BF Dagger2 Box1,0,0,,12,0
17409,Half BF Dagger2 Box1s,0,0,,12,0
13321,Half BF Huuma Shuriken,0,0,,8,0
17410,Half BF Huuma Shuriken2 Box1,0,0,,12,0
17411,Half BF Huuma Shuriken2 Box7,0,0,,12,0
28002,Half BF Katar2,0,0,,8,0
17420,Half BF Katar2 Box1,0,0,,12,0
17421,Half BF Katar2 Box7,0,0,,12,0
1838,Half BF Knuckle1,0,0,,8,0
17406,Half BF Knuckle1 Box1,0,0,,12,0
17407,Half BF Knuckle1 Box7,0,0,,12,0
16035,Half BF Morning Star1,0,0,,8,0
17416,Half BF Morning Star1 Box1,0,0,,12,0
17417,Half BF Morning Star1 Box1,0,0,,12,0
28203,Half BF Rifle1,0,0,,8,0
17424,Half BF Rifle1 Box1,0,0,,12,0
17425,Half BF Rifle1 Box7,0,0,,12,0
28204,Half BF Shotgun1,0,0,,8,0
17426,Half BF Shotgun1 Box1,0,0,,12,0
17427,Half BF Shotgun1 Box7,0,0,,12,0
1439,Half BF Spear1,0,0,,8,0
17398,Half BF Spear1 Box1,0,0,,12,0
17399,Half BF Spear1 Box7,0,0,,12,0
1674,Half BF Staff2,0,0,,8,0
17404,Half BF Staff2 Box1,0,0,,12,0
17405,Half BF Staff2 Box7,0,0,,12,0
1673,Half BF Staff4,0,0,,8,0
17402,Half BF Staff4 Box1,0,0,,12,0
17403,Half BF Staff4 Box7,0,0,,12,0
13445,Half BF Sword1,0,0,,8,0
17412,Half BF Sword1 Box1,0,0,,12,0
17413,Half BF Sword1 Box7,0,0,,12,0
28102,Half BF Two Handed Axe1,0,0,,8,0
17422,Half BF Two Handed Axe1Box1,0,0,,12,0
17423,Half BF Two Handed Axe1Box7,0,0,,12,0
300138,Half Blood Princess Meer Card,0,0,,6,0
490043,Half Blood Princess Ring,0,0,,8,0
17311,Half Brynhild box1,0,0,,12,0
17396,Half L Magestic Goat Box1,0,0,,12,0
17397,Half L Magestic Goat Box7,0,0,,12,0
5887,Half L Majestic Goat,0,0,,8,0
16034,Half Mjolnir,0,0,,8,0
17414,Half Mjolnir Box1,0,0,,12,0
17415,Half Mjolnir Box7,0,0,,12,0
590046,Hall of Fame,0,0,,8,0
1001415,Hall of Life Key,12500,14500,kro,12,3
16757,Hallo Scroll,0,0,,12,0
312408,Hallow Badge,0,0,,6,0
24187,Hallowed Shadow Armor,1,2,npc,12,0
24199,Hallowed Shadow Shield,1,2,npc,12,0
22669,Halloween Box,1,2,npc,12,0
6658,Halloween Coin,830,1100,estimate,12,0
7941,Halloween Ticket,0,0,,12,0
1001014,Hallows of Sesrumnir,0,0,,12,0
300373,Hallucigenia Baby Card,414000,486000,kro,4,3
300374,Hallucigenia Card,400000,469500,kro,4,3
2282,Halo,1840000,2160000,kro,3,0
12247,Halo-Halo,0,0,,12,0
101115,Hamaya Kunai Summon Scroll,0,0,,12,0
1354,Hammer,12500,15000,npc,8,0
1355,Hammer,12500,15000,npc,8,0
1356,Hammer,0,0,,8,0
9034,Hammer Goblin Egg,0,0,,12,0
1005,Hammer of Blacksmith,1,3,npc,51,3
300427,Hammer of God Lv.1,0,0,,6,0
300428,Hammer of God Lv.2,0,0,,6,0
300429,Hammer of God Lv.3,0,0,,6,0
300430,Hammer of God Lv.4,0,0,,6,0
300431,Hammer of God Lv.5,0,0,,6,0
6595,Hammer Of Velund,1,2,npc,12,3
22538,Hanbok bag,110000,129500,kro,7,0
1009,Hand of God,18000,21500,kro,54,3
559,Hand-made Chocolate,1150,1400,ragnastats,12,0
7857,Hand-made Kitty Doll,0,0,,12,0
7345,Handcuffs,7550,8900,ragnastats,51,72
13142,Handgun of Evil,0,0,,8,0
560,Handmade White Chocolate,770,1000,ragnastats,12,0
7519,Handsel,0,0,,12,0
22676,Hangul Day Event Box,0,0,,12,0
18670,Hankie In Mouth,0,0,,11,0
300612,Hanom Card,1835000,2154500,kro,2,3
300271,Happiness Giver Card,2300000,2700000,kro,2,3
310222,Happiness Lv1,0,0,,6,0
310223,Happiness Lv2,0,0,,6,0
310224,Happiness Lv3,0,0,,6,0
310225,Happiness Lv4,0,0,,6,0
310226,Happiness Lv5,0,0,,6,0
5934,Happy Balloon,91080000,106920000,sibling,2,0
19004,Happy Balloon,91080000,106920000,sibling,2,0
19095,Happy Balloon,91080000,106920000,kro,3,0
22839,Happy Box,0,0,,12,0
15070,Happy Clothes,0,0,,8,0
19269,Happy Flapping Angel Wings,0,0,,8,0
2906,Happy Gauntlet,0,0,,8,0
28929,Happy Shield,0,0,,8,0
5273,Happy Wig,0,0,,8,0
13266,Hard Black Lump,4650,5450,ragnastats,12,0
24400,Hard Champion Shadow Shoes,0,0,,12,0
1001144,Hard Dragon's Scale,0,0,,12,0
1001143,Hard Dragon's Shell,0,0,,12,0
1001145,Hard Dragon's Tooth,0,0,,12,0
24049,Hard Earring (Shadow),1,2,npc,12,0
7163,Hard Feeler,9200,10500,kro,36,36
1002687,Hard Hammer,0,0,,12,0
25641,Hard Mud,58500,69000,estimate,12,6
1002689,Hard Prostate,0,0,,12,0
24028,Hard Shadow Armor,1,2,npc,12,0
6022,Hard Skin,750,1000,npc,12,18
1002688,Hard Spoon,0,0,,12,0
1002685,Hard Stone Box,0,0,,12,0
25044,Hard Thorny Vine,0,0,,12,0
23667,HardChampion Mix,0,0,,12,0
1561,Hardcover Book,69000,81000,ragnastats,8,0
15101,Hardened Breastplate,134000,157500,estimate,4,0
25815,Hardened Dust,11000,13000,estimate,12,0
4462,Hardrock Mammoth Card,238500,280000,kro,4,3
300443,Hardrock Titan Card,1656000,1944000,kro,2,3
27288,Hardworking Pitman Card,552000,648000,kro,4,3
27370,Hardworking Pitman Card,552000,648000,sibling,4,0
7400,Hari,0,0,,12,0
1909,Harp,57000,66500,kro,8,0
1910,Harp,276000,324000,kro,4,0
1926,Harp of Nepenthes,84000,99000,ragnastats,8,0
4325,Harpy Card,92000,108000,kro,32,3
7115,Harpy Feather,1700,2050,kro,51,36
7116,Harpy Talon,660,895,ragnastats,36,36
24091,Harrods Plaster Shadow Armor,0,0,,12,0
24092,Harrods Plaster Shadow Shoes,0,0,,12,0
32024,Harve,0,0,,8,0
32029,Harvest,0,0,,8,0
11613,Harvest Biscuit,0,0,,12,0
19406,Harvest Festa Hat,0,0,,8,0
490272,Harvest Festival,0,0,,8,0
24197,Hasty Shadow Armor,6670000,7830000,kro,4,0
101806,Hasty Shadow Selection Box,0,0,,12,3
24732,Hasty Shadow Shield,0,0,,8,0
24196,Hasty Shadow Shoes,5888000,6912000,kro,4,0
24320,Hasty Shadow Shoes II,7820000,9180000,kro,4,0
101360,Hasty Shadow Spellbook,1748000,2052000,kro,4,3
23873,Hasty Shadow SynthesisBox,2714000,3186000,kro,4,3
100058,Hasty Shadow SynthesisBox,2714000,3186000,sibling,4,0
24439,Hasty Shadow Weapon,147108000,172692000,kro,4,0
101808,Hasty Shield Shadow Box,0,0,,12,0
101807,Hasty Weapon Shadow Box,0,0,,12,0
2220,Hat,765,1000,npc,8,0
2221,Hat,765,1000,npc,22,0
400125,Hat of Ancient Kings,0,0,,8,0
400512,Hat of Desert,0,0,,8,0
5465,Hat Of Fortune,0,0,,8,0
18842,Hat Of Girl,0,0,,8,0
18758,Hat Of Scrat,0,0,,8,0
5022,Hat of the Sun God,135000,159000,estimate,4,0
5353,Hat of the Sun God,0,0,,8,0
4323,Hatii Babe Card,1033500,1213500,ragnastats,2,3
4324,Hatii Card,119600000,140400000,kro,2,0
1815,Hatii Claw,99500,117000,ragnastats,7,0
450410,Hatred Darkness,0,0,,8,0
27290,Haunted Obsidian Card,828000,972000,kro,4,3
28962,Haurvatat,0,0,,8,0
1339,Hauyne Huuma,0,0,,8,0
5516,Hawk Eyes,0,0,,8,0
5517,Hawk Eyes,0,0,,8,0
4879,Hawkeye,0,0,,6,0
5680,Hawkeyes,0,0,,8,0
101120,Haze of Icy Snow Box,0,0,,12,0
101121,Haze of Mother Earth Box,0,0,,12,0
101122,Haze of North Wind Box,0,0,,12,0
101118,Haze of Pitch Darkness Box,0,0,,12,0
101119,Haze of Prominence Box,0,0,,12,0
25256,Hazy Dream Fragment,1100,1300,npc,36,6
23228,Hazy Mooncake,13000,15500,ragnastats,12,18
7838,Hazy Starlight,1,2,npc,12,3
17105,HD Elunium 50 Box,17,24,npc,12,0
1000336,HD Etherdeocon,185000,217500,kro,7,3
1000335,HD Etherium,469000,550500,kro,7,3
17104,HD Oridecon 50 Box,17,24,npc,12,0
12411,HE Battle Manual,1,3,npc,18,0
16267,HE Battle Manual Box,0,0,,12,0
12412,HE Bubble Gum,1,3,npc,18,0
16268,HE Bubble Gum Box,0,0,,12,0
1000369,HE Etel Bradium,92000,108000,kro,7,3
1000371,HE Etel Carnium,72000,84500,kro,12,3
12690,Headgear Card Album,0,0,,12,3
27125,Headless Mule Card,6900000,8100000,kro,2,3
5001,Headset,552000,648000,kro,4,0
29227,Heal,0,0,,6,0
4931,Heal 10,0,0,,6,0
20803,Heal Amistr Bag,248000,291500,npc,4,0
480194,Heal Amistr Bag,0,0,,8,0
24120,Heal Shadow Armor,0,0,,12,0
24124,Heal Shadow Earring,0,0,,12,0
24125,Heal Shadow Pendant,0,0,,12,0
24122,Heal Shadow Shield,0,0,,12,0
24121,Heal Shadow Shoes,0,0,,12,0
24123,Heal Shadow Weapon,0,0,,12,0
25227,Heal Stone (Bottom),0,0,,12,0
24366,Healing Shadow Shield,2760000,3240000,kro,4,0
24367,Healing Shadow Shoes,0,0,,12,0
23831,Healing Shadow SynthesisBox,920000,1080000,kro,4,3
24033,Healing Shadow Weapon,6440000,7560000,kro,4,0
1625,Healing Staff,46000,54000,estimate,8,0
1666,Healing Staff,0,0,,8,0
25063,Health Stone (Lower),9200000,10800000,kro,4,0
7855,Heart,0,0,,12,0
1376,Heart Breaker,198000,232500,estimate,4,0
19306,Heart Card in Mouth,0,0,,8,0
1000930,Heart Cookie,73500,86000,kro,12,3
18620,Heart Eyepatch,0,0,,11,0
5041,Heart Hairpin,3219500,3779500,ragnastats,2,0
27149,Heart Hunter Card,391000,459000,kro,4,3
27141,Heart Hunter Evil Card,0,0,,6,0
27151,Heart Hunter Evil Card,99165500,116411500,estimate,2,0
25159,Heart Hunter's Seal,53000,62000,estimate,12,0
950,Heart of Mermaid,1800,2150,kro,76,36
490492,Heart of Pure Love-LT,0,0,,8,0
7612,Heart of Queen Fox,0,0,,12,0
18532,Heart Ribbon Hairband,0,0,,8,0
26212,Heart Whip,920000,1080000,kro,2,0
26217,Heart Whip,920000,1080000,sibling,2,0
22748,Hearthstone Shot Cartridge,5150,6050,ragnastats,12,0
300381,Hearthunter AT Card,2208000,2592000,kro,2,3
23867,Heartwing Band SynthesisBox,4600000,5400000,kro,4,3
12196,Hearty Rice Cake,18000,21500,kro,12,6
13258,Heat Wave Kunai,25,35,ragnastats,12,0
4331,Heater Card,643500,755500,ragnastats,4,3
29176,Heaven & Earth,0,0,,6,0
2993,Heaven and Earth Tree Ring,0,0,,8,0
400410,Heaven Cage,0,0,,8,0
7331,Heaven Flower,0,0,,12,0
12850,Heaven Scroll,0,0,,12,0
310368,Heaven's Drive Lv.1,0,0,,6,0
310369,Heaven's Drive Lv.2,0,0,,6,0
310370,Heaven's Drive Lv.3,0,0,,6,0
310371,Heaven's Drive Lv.4,0,0,,6,0
310372,Heaven's Drive Lv.5,0,0,,6,0
13120,Heaven's Feather & Hell's Fire,993500,1166000,npc,2,0
13135,Heaven's Feather & Hell's Fire,0,0,,8,0
310760,Heaven's Majesty,0,0,,6,0
12094,Heavenly Fruit Juice,13000,15500,ragnastats,12,3
2513,Heavenly Maiden Robe,115000,135000,kro,7,0
19451,Heavenly Order,0,0,,8,0
19452,Heavenly Order,0,0,,8,0
7633,Heavensent Report Card,0,0,,12,0
1001074,Heavy Chain,11500,13500,estimate,12,0
21007,Heavy Greatsword,0,0,,11,0
4467,Heavy Metaling Card,828000,972000,kro,4,3
6938,Hedgehog Picks,0,0,,12,3
22825,Heidam Fellow,0,0,,12,0
300564,Heka Card,5060000,5940000,kro,2,3
4477,Hell Apocalypse Card,92000,108000,kro,4,3
12372,Hell Contract,414000,486000,kro,7,3
4437,Hell Poodle Card,715000,839500,ragnastats,4,3
18810,Hell Pumpkin Hat,0,0,,8,0
1471,Hellfire,919500,1079500,kro,7,0
1497,Hellfire,919500,1079500,sibling,4,0
26138,Hellfire Staff,1380000,1620000,kro,2,0
2228,Helm,40000,47500,kro,8,0
2229,Helm,46000,54000,kro,11,0
5025,Helm of Angel,3680000,4320000,ragnastats,2,0
5181,Helm of Darkness,0,0,,8,0
7209,Helm of Dullahan,1550,1800,ragnastats,36,6
400189,Helm of Faith (Archbishop),0,0,,8,0
400233,Helm of Faith (Genetic),0,0,,8,0
400216,Helm of Faith (Guillotine Cross),0,0,,8,0
400235,Helm of Faith (Kagerou & Oboro),0,0,,8,0
400230,Helm of Faith (Mechanic),2760000,3240000,kro,2,0
400228,Helm of Faith (Minstrel & Wanderer),0,0,,8,0
400198,Helm of Faith (Ranger),1748000,2052000,kro,2,0
400237,Helm of Faith (Rebellion),0,0,,8,0
400200,Helm of Faith (Royal Guard),0,0,,8,0
400226,Helm of Faith (Rune Knight),18308000,21492000,kro,2,0
400191,Helm of Faith (Shadow Chaser),0,0,,8,0
400218,Helm of Faith (Sorcerer),2760000,3240000,kro,2,0
400239,Helm of Faith (Soul Reaper),0,0,,8,0
400241,Helm of Faith (Star Emperor),0,0,,8,0
400243,Helm of Faith (Summoner),0,0,,8,0
400180,Helm of Faith (Sura),11960000,14040000,kro,2,0
400178,Helm of Faith (Warlock),0,0,,8,0
101314,Helm of Faith Box,9154000,10746000,kro,4,3
1000850,Helm of Faith Enchantment Ticket,0,0,,12,3
400190,Helm of Faith II (Archbishop),0,0,,8,0
400234,Helm of Faith II (Genetic),0,0,,8,0
400217,Helm of Faith II (Guillotine Cross),0,0,,8,0
400236,Helm of Faith II (Kagerou & Oboro),11960000,14040000,kro,2,0
400231,Helm of Faith II (Mechanic),0,0,,8,0
400229,Helm of Faith II (Minstrel & Wanderer),0,0,,8,0
400199,Helm of Faith II (Ranger),23000000,27000000,kro,2,0
400238,Helm of Faith II (Rebellion),0,0,,8,0
400201,Helm of Faith II (Royal Guard),0,0,,8,0
400227,Helm of Faith II (Rune Knight),1196000,1404000,kro,2,0
400192,Helm of Faith II (Shadow Chaser),0,0,,8,0
400219,Helm of Faith II (Sorcerer),20700000,24300000,kro,2,0
400240,Helm of Faith II (Soul Reaper),0,0,,8,0
400242,Helm of Faith II (Star Emperor),0,0,,8,0
400244,Helm of Faith II (Summoner),13800000,16200000,kro,2,0
400181,Helm of Faith II (Sura),4140000,4860000,kro,2,0
400179,Helm of Faith II (Warlock),0,0,,8,0
101389,Helm of Faith Refine Hammer,5520000,6480000,kro,4,3
400614,Helm of the Sands,0,0,,8,0
18715,Helm Of Thoth,0,0,,8,0
18578,Helm Of Valor,0,0,,8,0
5094,Helmet of Orc Hero,414000,486000,npc,4,0
5095,Helmet of Orc Hero,0,0,,8,0
5873,Helmet Of Siegfried,0,0,,8,0
15956,Helmet Of Siegfried TH,0,0,,8,0
101563,Helmet Selection Box for OS Weapons,8280000,9720000,kro,4,3
300309,Helmut Card,0,0,,6,3
300310,Helmut Lugenburg Card,8740000,10260000,kro,2,3
22035,Heoric Nepenthes Shoes,0,0,,8,0
659,Her Heart,257500,302000,kro,7,3
7872,Herb,0,0,,12,0
12044,Herb Marinade Beef,3650,4300,kro,12,6
683,Herb of Incantation,1,2,npc,12,18
7252,Herbal Medicine,0,0,,12,0
400006,Heritage Symbol of the Orcs,0,0,,8,0
4232,Hermit Plant Card,1814500,2130500,ragnastats,2,3
470094,Hero Boots-LT,0,0,,8,0
420258,Hero Cloth,0,0,,8,0
15097,Hero Hidden Cloth,0,0,,8,0
15095,Hero Judgement Shawl,0,0,,8,0
15094,Hero Magic Coat,0,0,,8,0
20783,Hero Manteau,0,0,,8,0
14753,Hero Midgard Egg,0,0,,12,0
15093,Hero Plate,0,0,,8,0
15098,Hero Target Suit,0,0,,8,0
15096,Hero Trade Mail,138500,162500,ragnastats,4,0
490163,Hero's Badge,64400000,75600000,kro,2,0
1000645,Hero's Enchantment Ticket,0,0,,12,3
7833,Hero's Remains,1,2,npc,12,3
22129,Hero's Shoes,0,0,,8,0
102213,Hero's Weapon Mod Selection Box,0,0,,12,0
100819,Hero's Weapon Modification Box I,0,0,,12,0
100820,Hero's Weapon Modification Box II,0,0,,12,0
100834,Hero's Weapon Modification Box III,7820000,9180000,kro,4,0
100918,Hero's Weapon Modification Box IV,0,0,,12,0
100939,Hero's Weapon Modification Box V,0,0,,12,0
101190,Hero's Weapon Modification Box VI,0,0,,12,0
100745,Hero's Weapon Modifier(Magical),2704500,3175000,kro,4,3
100744,Hero's Weapon Modifier(Physical),3105000,3645000,kro,4,3
968,Heroic Emblem,46000,54000,kro,40,0
480291,Heroic Favor Cloak,0,0,,8,0
22036,Heroic Silver Fox Leather Boots,0,0,,8,0
490165,Heroic Token (Abyss Chaser),20240000,23760000,kro,2,0
490152,Heroic Token (Arch Mage),0,0,,8,0
490167,Heroic Token (Biolo),18400000,21600000,kro,2,0
490156,Heroic Token (Cardinal),35420000,41580000,kro,2,0
490166,Heroic Token (Dragon Knight),27599500,32399500,kro,2,0
490171,Heroic Token (Elemental Master),2760000,3240000,kro,2,0
490220,Heroic Token (Hyper Novice),9200000,10800000,kro,2,0
490155,Heroic Token (Imperial Guard),16355500,19200000,kro,2,0
490181,Heroic Token (Inquisitor),28060000,32940000,kro,2,0
490180,Heroic Token (Meister),0,0,,8,0
490185,Heroic Token (Night Watch),12880000,15120000,kro,2,0
490164,Heroic Token (Shadow Cross),9200000,10800000,kro,2,0
490184,Heroic Token (Shinkiro & Shiranui),6900000,8100000,kro,2,0
490187,Heroic Token (Sky Emperor),14260000,16740000,kro,2,0
490186,Heroic Token (Soul Ascetic),46000000,54000000,kro,2,0
490188,Heroic Token (Spirit Handler),0,0,,8,0
490172,Heroic Token (Troubadour / Trouvere),0,0,,8,0
490153,Heroic Token (Windhawk),11040000,12960000,kro,2,0
101194,Heroic Token Egg,0,0,,12,3
22037,Heroic Ungoliant Upgrade Boots,0,0,,8,0
480292,Heroic Valor Cloak,0,0,,8,0
101755,Heroria Blue Herb Jam,0,0,,12,3
1001132,Heroria Blue Herb Powder,0,0,,12,3
1001092,Heroria Jewel Fragment,0,0,,12,3
101753,Heroria Purple Herb Jam,0,0,,12,3
101754,Heroria Red Herb Jam,0,0,,12,3
1001131,Heroria Red Herb Powder,0,0,,12,3
101757,Heroria White Herb Jam,0,0,,12,3
1001134,Heroria White Herb Powder,0,0,,12,3
101756,Heroria Yellow Herb Jam,0,0,,12,3
1001133,Heroria Yellow Herb Powder,0,0,,12,3
101750,Heroria's Gift,0,0,,12,3
510079,Herosria Alchemic Dagger,0,0,,8,0
590051,Herosria Alchemic Mace,0,0,,8,0
500059,Herosria Alchemic Sword,0,0,,8,0
400337,Herosria Apple of Archer,0,0,,8,0
550099,Herosria Arc Wand,0,0,,8,0
510080,Herosria Assassin Dagger I,0,0,,8,0
510081,Herosria Assassin Dagger II,0,0,,8,0
510082,Herosria Assassin Knife I,0,0,,8,0
510083,Herosria Assassin Knife II,0,0,,8,0
520022,Herosria Axe,0,0,,8,0
550106,Herosria Basic Rod,0,0,,8,0
500060,Herosria Basic Sword,0,0,,8,0
550107,Herosria Basic Wand,0,0,,8,0
400339,Herosria Beret,0,0,,8,0
400340,Herosria Biretta,0,0,,8,0
480743,Herosria Black Angel Wing,0,0,,8,0
480745,Herosria Bloody Angel Wing,0,0,,8,0
480744,Herosria Blue Angel Wing,0,0,,8,0
1001115,Herosria Blue Herb,0,0,,12,3
460036,Herosria Brutal Guard,0,0,,8,0
460034,Herosria Brutal Shield,0,0,,8,0
470154,Herosria Casting Shoes,0,0,,8,0
560040,Herosria Claw,0,0,,8,0
480217,Herosria Cloak,0,0,,8,0
1002714,Herosria Coin,0,0,,12,0
470157,Herosria Cool Sandals,0,0,,8,0
490255,Herosria Cool Time Earring,0,0,,8,0
1001102,Herosria Copper Bar,0,0,,12,3
1001098,Herosria Copper Ore,0,0,,12,3
401243,Herosria Corsair,0,0,,8,0
460037,Herosria Cranial Guard,0,0,,8,0
460035,Herosria Cranial Shield,0,0,,8,0
490254,Herosria Critical Ring,0,0,,8,0
470155,Herosria Critical Shoes,0,0,,8,0
700063,Herosria Cross Bow,0,0,,8,0
401241,Herosria Crown,0,0,,8,0
500057,Herosria Crusader Sword,0,0,,8,0
490256,Herosria Defender Necklace,0,0,,8,0
540063,Herosria Demonic Book,0,0,,8,0
1001113,Herosria Diamond,0,0,,12,3
1001108,Herosria Diamond Ore,0,0,,12,3
490252,Herosria Earring,0,0,,8,0
540061,Herosria Elemental Book,0,0,,8,0
1001112,Herosria Emerald,0,0,,12,3
1001107,Herosria Emerald Ore,0,0,,12,3
470156,Herosria Fix Sandals,0,0,,8,0
550104,Herosria Foxtail,0,0,,8,0
550105,Herosria Foxtail Model,0,0,,8,0
450233,Herosria Full Plate,0,0,,8,0
830016,Herosria Gatling Gun,0,0,,8,0
620021,Herosria Giant Axe,0,0,,8,0
540065,Herosria Gladiator Book,0,0,,8,0
1001100,Herosria Gold Bar,0,0,,12,3
1001096,Herosria Gold Ore,0,0,,12,3
480746,Herosria Golden Angel Wing,0,0,,8,0
401240,Herosria Grand Circlet,0,0,,8,0
500058,Herosria Guardian Sword,0,0,,8,0
570035,Herosria Guitar,0,0,,8,0
401239,Herosria Hat of Sun God,0,0,,8,0
400336,Herosria Helm,0,0,,8,0
550098,Herosria Holy Wand,0,0,,8,0
480218,Herosria Hood,0,0,,8,0
700062,Herosria Hunter Bow,0,0,,8,0
510086,Herosria Hunter Knife,0,0,,8,0
650030,Herosria Huuma Shuriken,0,0,,8,0
1001103,Herosria Iron Bar,0,0,,12,3
1001099,Herosria Iron Ore,0,0,,12,3
1001095,Herosria Jewel,0,0,,12,3
610043,Herosria Katar,0,0,,8,0
560039,Herosria Knuckle,0,0,,8,0
630020,Herosria Lance,0,0,,8,0
840011,Herosria Launcher,0,0,,8,0
550101,Herosria Link Wand,0,0,,8,0
400338,Herosria Mage Hat,0,0,,8,0
450232,Herosria Magic Robe,0,0,,8,0
640039,Herosria Magical Staff,0,0,,8,0
450229,Herosria Mail,0,0,,8,0
401242,Herosria Majestic Goat,0,0,,8,0
480215,Herosria Manteau,0,0,,8,0
540066,Herosria Martial Arts Book,0,0,,8,0
590052,Herosria Monk Mace,0,0,,8,0
480216,Herosria Muffler,0,0,,8,0
490253,Herosria Necklace,0,0,,8,0
510087,Herosria Ninja Dagger I,0,0,,8,0
510088,Herosria Ninja Dagger II,0,0,,8,0
510089,Herosria Ninja Knife I,0,0,,8,0
510090,Herosria Ninja Knife II,0,0,,8,0
480219,Herosria Pauldron,0,0,,8,0
1001114,Herosria Red Herb,0,0,,12,3
800017,Herosria Revolver,0,0,,8,0
700064,Herosria Rhythm Bow,0,0,,8,0
810016,Herosria Rifle,0,0,,8,0
490251,Herosria Ring,0,0,,8,0
700061,Herosria Rogue Bow,0,0,,8,0
510085,Herosria Rogue Dagger,0,0,,8,0
510084,Herosria Rogue Knife,0,0,,8,0
580035,Herosria Rope,0,0,,8,0
1001109,Herosria Ruby,0,0,,12,3
1001104,Herosria Ruby Ore,0,0,,12,3
1001111,Herosria Sapphire,0,0,,12,3
1001106,Herosria Sapphire Ore,0,0,,12,3
820012,Herosria Shotgun,0,0,,8,0
1001101,Herosria Silver Bar,0,0,,12,3
1001097,Herosria Silver Ore,0,0,,12,3
590050,Herosria Smith Mace,0,0,,8,0
540062,Herosria Sorceric Book,0,0,,8,0
550100,Herosria Soul Stick,0,0,,8,0
550102,Herosria Soul Wand,0,0,,8,0
530036,Herosria Spear,0,0,,8,0
470153,Herosria Speed Boots,0,0,,8,0
550097,Herosria Spell Wand,0,0,,8,0
540064,Herosria Star Book,0,0,,8,0
450231,Herosria Suit,0,0,,8,0
550103,Herosria Summoner Foxtail,0,0,,8,0
450230,Herosria Tights,0,0,,8,0
1001110,Herosria Topaz,0,0,,12,3
1001105,Herosria Topaz Ore,0,0,,12,3
21064,Herosria Two-handed Sword,0,0,,8,0
570034,Herosria Violin,0,0,,8,0
580036,Herosria Whip,0,0,,8,0
480742,Herosria White Angel Wing,0,0,,8,0
1001117,Herosria White Herb,0,0,,12,3
640038,Herosria Wizardry Staff,0,0,,8,0
550096,Herosria Wizardry Wand,0,0,,8,0
1001116,Herosria Yellow Herb,0,0,,12,3
600032,Herosria Zweihander,0,0,,8,0
2181,Hervor,0,0,,8,0
2182,Hervor Alvitr,0,0,,8,0
21013,Hetairoi's Sword,0,0,,8,0
18676,Hexagon Spectacles,0,0,,11,0
5139,Hibiscus,2852000,3348000,ragnastats,2,0
16705,Hibiscus Box,0,0,,12,0
16706,Hibiscus Box,0,0,,12,0
28437,Hibram's Gloves,0,0,,8,0
20811,Hiding Amistr Bag,248000,291500,npc,4,0
24126,Hiding Shadow Armor,9016000,10584000,kro,4,0
24130,Hiding Shadow Earring,6900000,8100000,kro,4,0
24131,Hiding Shadow Pendant,0,0,,12,0
24128,Hiding Shadow Shield,736000,864000,kro,7,0
24127,Hiding Shadow Shoes,8279500,9719500,kro,4,0
24129,Hiding Shadow Weapon,0,0,,12,0
1000280,High Coating Bottle,18000,21500,kro,12,0
100522,High Energy Chocolate,0,0,,12,0
103627,High Expansion Stone (Lower) Box,0,0,,12,0
103626,High Expansion Stone (Middle) Box,0,0,,12,0
103625,High Expansion Stone (Upper) Box,0,0,,12,0
2422,High Fashion Sandals,110000,129500,kro,7,0
28581,High Grade Horse Mackerel Amulet,0,0,,8,0
28584,High Grade Leaf Amulet,0,0,,8,0
28587,High Grade Rabbit Amulet,0,0,,8,0
2409,High Heels,7000,8250,npc,8,0
2432,High Heels,7000,8250,npc,8,0
300664,High Incubus Card,10396000,12204000,kro,2,3
4322,High Orc Card,4308000,5057500,ragnastats,3,3
9087,High Orc Egg,8740000,10260000,kro,4,0
1000281,High Plant Bottle,9200,10500,kro,12,0
4363,High Priest Card,129636500,152182000,estimate,2,0
25708,High Priest Stone (Bottom),16330000,19170000,kro,4,0
29515,High Priest Stone (Bottom),16330000,19170000,kro,2,0
25707,High Priest Stone (Middle),19274000,22626000,kro,4,0
29514,High Priest Stone (Middle),19274000,22626000,kro,2,0
25706,High Priest Stone (Upper),6900000,8100000,kro,4,0
29513,High Priest Stone (Upper),6900000,8100000,kro,2,0
310010,High Priest Stone II (Bottom),1472000,1728000,kro,2,0
1000018,High Priest Stone II (Bottom),1472000,1728000,kro,4,0
310009,High Priest Stone II (Middle),2760000,3240000,kro,2,0
1000017,High Priest Stone II (Middle),2760000,3240000,kro,4,0
310008,High Priest Stone II (Top),1196000,1404000,kro,2,0
1000016,High Priest Stone II (Top),1196000,1404000,kro,4,0
2809,High Quality Cooler,1656000,1944000,npc,2,0
300663,High Succubus Card,7084000,8316000,kro,2,3
13257,High Wind Kunai,25,35,ragnastats,12,0
4365,High Wizard Card,129636500,152182000,estimate,2,0
29470,High Wizard Stone (Bottom),1278500,1501000,kro,2,0
25455,High Wizard Stone (Lower),1278500,1501000,kro,4,0
25454,High Wizard Stone (Middle),1637500,1922000,kro,4,0
29469,High Wizard Stone (Middle),1637500,1922000,kro,2,0
29468,High Wizard Stone (Top),901500,1058000,kro,4,0
25453,High Wizard Stone (Upper),901500,1058000,kro,7,0
310183,High Wizard Stone II (Lower),3680000,4320000,kro,2,0
1000216,High Wizard Stone II (Lower),3680000,4320000,kro,4,0
310182,High Wizard Stone II (Middle),5428000,6372000,kro,2,0
1000215,High Wizard Stone II (Middle),5428000,6372000,kro,4,0
310181,High Wizard Stone II (Upper),5515000,6474500,kro,2,0
1000214,High Wizard Stone II (Upper),5515000,6474500,kro,4,0
20916,High-End Doram Cape,0,0,,8,0
22186,High-End Doram Shoes,0,0,,8,0
15276,High-End Doram Suit,0,0,,8,0
460096,High-tech Shield,0,0,,8,0
4345,Hill Wind Card,92000,108000,kro,5,3
4453,Hillsrion Card,23000000,27000000,kro,3,3
100319,Himelmez's Wig Box,0,0,,12,0
27381,Himmelmez's Phantom Card,0,0,,6,0
703,Hinalle,6150,7250,ragnastats,51,3
520,Hinalle Leaflet,485,660,ragnastats,76,18
15180,Hippie Clothes,0,0,,8,0
28442,Hippie Feather,1680500,1972500,ragnastats,2,0
1944,Hippie Guitar,169000,198500,estimate,4,0
1948,Hippie Guitar,0,0,,8,0
26200,Hippie Rope,165000,194000,estimate,4,0
26204,Hippie Rope,0,0,,8,0
18714,Hippo Hat,0,0,,8,0
460093,Hissatsu: Falling Bloom,0,0,,8,0
11000,History book of Prontera,0,0,,12,3
4884,HIT + 1,0,0,,6,0
310319,Hit + 100,0,0,,6,0
29212,Hit + 3,0,0,,6,0
29213,Hit + 6,0,0,,6,0
314661,Hit Physical Stone (Dual),579600000,680400000,kro,2,0
1002395,Hit Physical Stone (Dual),579600000,680400000,kro,4,0
314665,Hit Physical Stone (Garment),294400000,345600000,kro,2,0
1002399,Hit Physical Stone (Garment),294400000,345600000,kro,4,0
314664,Hit Physical Stone (Lower),2576000,3024000,kro,2,0
1002398,Hit Physical Stone (Lower),2576000,3024000,kro,4,0
314663,Hit Physical Stone (Middle),3342500,3924000,kro,2,0
1002397,Hit Physical Stone (Middle),3342500,3924000,kro,4,0
314662,Hit Physical Stone (Upper),5428000,6372000,kro,2,0
1002396,Hit Physical Stone (Upper),5428000,6372000,kro,4,0
311395,Hit Plus 1Lv,0,0,,6,0
311396,Hit Plus 2Lv,0,0,,6,0
311397,Hit Plus 3Lv,0,0,,6,0
311398,Hit Plus 4Lv,0,0,,6,0
311399,Hit Plus 5Lv,0,0,,6,0
6644,HIT Stone (Lower),12880000,15120000,kro,4,0
29240,Hit+10,0,0,,6,0
29239,Hit+5,0,0,,6,0
4081,Hode Card,115000,135000,kro,5,3
4413,Hodremlin Card,1380000,1620000,kro,16,3
9105,Hodremlin Egg,4600000,5400000,kro,4,0
6010,Hoe,1,2,npc,27,3
24958,Hogogong Battering Shadow Armor,414000,486000,kro,4,0
24959,Hogogong Battering Shadow Shoes,276000,324000,kro,4,0
4343,Holden Card,91000,106500,kro,6,3
5097,Holiday Hat,202500,238000,ragnastats,4,0
105836,Holiday Season Gift,22770000,26730000,kro,4,0
5484,Holidays Hat,0,0,,8,0
7287,Holier Threads,1,3,npc,12,0
1535,Hollgrehenn's Hammer,0,0,,8,0
101341,Hollgrehenn's Shadow Refine Hammer Recipe,3680000,4320500,kro,4,3
470306,Hollow Aggressor,0,0,,8,0
22212,Hollow Shoes,0,0,,8,0
6581,Holy Amulet,0,0,,12,0
1772,Holy Arrow,85,115,ragnastats,12,0
12183,Holy Arrow Quiver,2550,3000,ragnastats,12,3
1145,Holy Avenger,372500,437000,npc,4,0
28617,Holy Bible,0,0,,8,0
18001,Holy Cannon Ball,42,58,npc,12,0
100177,Holy Cannon Ball Box,0,0,,12,0
2583,Holy Cape,0,0,,8,0
310348,Holy Cross Lv.1,0,0,,6,0
310349,Holy Cross Lv.2,0,0,,6,0
310350,Holy Cross Lv.3,0,0,,6,0
310351,Holy Cross Lv.4,0,0,,6,0
310352,Holy Cross Lv.5,0,0,,6,0
1244,Holy Dagger,0,0,,8,0
4955,Holy Drop,0,0,,6,0
12019,Holy Egg,11500,13500,ragnastats,12,0
12703,Holy Egg,11500,13500,sibling,12,0
19340,Holy Egg Shell,0,0,,8,0
29307,Holy Element(Armor),0,0,,6,0
12280,Holy Elemental Scroll,0,0,,12,0
314678,Holy Emperor Stone II (Lower),17480000,20520000,kro,2,0
314677,Holy Emperor Stone II (Middle),7211500,8466000,kro,2,0
314676,Holy Emperor Stone II (Upper),32200000,37800000,kro,2,0
15124,Holy Father Mail,0,0,,8,0
300011,Holy Frus Card,547000,642500,kro,4,3
2110,Holy Guard,78000,91500,kro,8,0
510092,Holy Light Dagger,0,0,,8,0
530045,Holy Light Spear,0,0,,8,0
6472,Holy Mom Blaze,0,0,,12,0
17052,Holy Mom Blaze Box,0,0,,12,0
1000501,Holy Oil of Purification,0,0,,12,3
312799,Holy Protection,0,0,,6,0
311410,Holy Resistance +5%,0,0,,6,0
2327,Holy Robe,920000,1080000,kro,3,0
2373,Holy Robe,920000,1080000,kro,2,0
6481,Holy Rock Piece,0,0,,12,0
18658,Holy Santa Beard,0,0,,8,0
300012,Holy Skogul Card,406500,477500,kro,4,3
17337,Holy Spirit Egg,0,0,,12,0
1631,Holy Stick,7360000,8640000,kro,3,0
1002416,Holy Stone II (Lower),17480000,20520000,kro,4,0
1002415,Holy Stone II (Middle),7211500,8466000,kro,4,0
1002414,Holy Stone II (Upper),32200000,37800000,kro,4,0
7285,Holy Threads,1,3,npc,12,0
523,Holy Water,2750,3200,kro,76,0
1000502,Holy Water of Purification,1564000,1836000,kro,4,3
24164,Holy Water Shadow Weapon,1610000,1890000,kro,4,0
5673,Home Cherry Blossom,0,0,,8,0
12126,Home Cooking Kit,235,320,ragnastats,12,3
23445,Home Food,0,0,,12,0
1001339,Homemade Jerky,312500,367000,kro,7,3
24056,Homers Shield (Shadow),184000,216000,kro,7,0
12194,Hometown Gift,17,24,npc,12,3
100371,Homunculus Nutritional Supplement,0,0,,12,0
518,Honey,1000,1200,ragnastats,76,36
18533,Honey Bee Hat,0,0,,8,0
12061,Honey Grape Juice,15000,17500,ragnastats,12,3
12048,Honey Herbal Tea,2750,3200,kro,12,6
593,Honey Pancake,3300,3900,ragnastats,12,3
12123,Honey Pastry,10000,12000,ragnastats,12,3
7121,Honey Pot,9650,11000,kro,51,18
6532,Honey Songpyun,0,0,,12,0
22657,Honey Songpyun,0,0,,12,0
5828,Honor Gold Ring,0,0,,8,0
11061,Honor Proof Exchange List,0,0,,12,0
2501,Hood,920,1050,kro,8,0
2502,Hood,920000,1080000,kro,2,0
480414,Hood,460000,540500,sibling,4,0
947,Horn,2750,3200,kro,36,36
10038,Horn Barrier,234500,275000,kro,7,0
4045,Horn Card,64000,75500,kro,9,3
17114,Horn Of Ancient Box,0,0,,12,0
10036,Horn Of Hell,0,0,,12,0
1825,Horn of Hillslion,232000,272000,ragnastats,7,0
6032,Horn of Hillslion,1150,1350,ragnastats,27,6
6033,Horn of Tendrilion,425,575,npc,12,18
17239,Horned Scroll,0,0,,12,0
4019,Hornet Card,220500,259000,kro,5,3
9155,Hornet Egg,1748000,2052000,kro,4,0
4103,Horong Card,1656000,1944000,kro,3,3
1048,Horrendous Hair,9200,10500,kro,51,36
958,Horrendous Mouth,5800,6800,ragnastats,76,72
310202,Horror Lv1,0,0,,6,0
310203,Horror Lv2,0,0,,6,0
310204,Horror Lv3,0,0,,6,0
310205,Horror Lv4,0,0,,6,0
310206,Horror Lv5,0,0,,6,0
300275,Horror of Thanatos Card,161000,189000,kro,4,3
27002,Horror of Xmas Giftcase Card,0,0,,6,0
19996,Horse King,8280000,9720000,kro,3,0
28580,Horse Mackerel Amulet,0,0,,8,0
944,Horseshoe,2100,2450,kro,51,36
6764,Hot Dog,0,0,,12,0
100145,Hot Dragon's Power,0,0,,12,0
300214,Hot Molar Card,598000,702000,kro,4,3
11563,Hot Tea,8,12,npc,12,3
1001424,Hot Water Droplet Gem,82500,97000,estimate,12,36
5070,Hot-blooded Headband,920000,1080000,ragnastats,2,0
2801,Hovering Booster,82500,97000,npc,8,0
6284,How To Grow Plant Genes,920,1050,npc,12,3
4362,Howard Alt-Eisen Card,920000,1080000,kro,2,3
29595,Howard's Memory,0,0,,6,0
1002345,Howell Megas Walter Card Fragment,0,0,,12,0
311063,Howling Strike Tuning Device,0,0,,6,0
450368,Howling Tiger Pajama,0,0,,8,0
4992,HP Absorb 1,0,0,,6,0
1000526,HP Absorbtion Stone(Dual),2576000,3024000,kro,4,0
310662,HP Absorbtion(Dual),2576000,3024000,kro,2,0
29013,HP Absorption 3,0,0,,6,0
6963,HP Absorption Stone (Garment),11040000,12960000,kro,4,0
6999,HP Absorption Stone (Upper),15640000,18360000,kro,4,0
312877,HP I,0,0,,6,0
312878,HP II,0,0,,6,0
312879,HP III,0,0,,6,0
12424,HP Increase Potion (Large),6400,7550,kro,54,3
12423,HP Increase Potion (Medium),11500,13500,ragnastats,12,3
12422,HP Increase Potion (Small),17500,20500,ragnastats,12,3
312880,HP IV,0,0,,6,0
6983,HP Reactor Blueprint,0,0,,12,0
6951,HP Stone (Lower),0,0,,6,0
6743,HP Stone (Middle),9108000,10692000,kro,2,0
4988,HP Supplement Reactor,0,0,,6,0
312881,HP V,0,0,,6,0
4795,HP+100,0,0,,6,0
29049,HP+100,0,0,,6,0
310790,HP+100,0,0,,6,0
4796,HP+200,0,0,,6,0
310791,HP+200,0,0,,6,0
4797,HP+300,0,0,,6,0
4798,HP+400,0,0,,6,0
4799,HP+500,0,0,,6,0
25209,HPAbsorb Stone (Garment),0,0,,12,0
25210,HPAbsorb Stone (Upper),0,0,,12,0
29210,HPabsorp2 3,0,0,,6,0
29211,HPabsorp2 3,0,0,,6,0
810013,HR-55-OSAD,0,0,,8,0
28253,HR-S55-OS,110000,129500,kro,4,0
7198,Huge Leaf,1450,1700,ragnastats,36,72
6961,Huge Metal Scrap,1988500,2334500,estimate,4,3
14453,Huginn's Fifth Egg,0,0,,12,0
14452,Huginn's Fourth Egg,0,0,,12,0
14454,Huginn's Sixth Egg,0,0,,12,0
14451,Huginn's Third Egg,0,0,,12,0
11544,Huike Choco,0,0,,12,0
5249,Human Blindfold,0,0,,8,0
6893,Human's Cookbook,8,12,npc,12,0
27147,Humanoid Chimera Card,920000,1080000,kro,2,3
18568,Humming Bird,0,0,,8,0
29592,Hundred Lucks,0,0,,6,0
7212,Hung Doll,2150,2500,ragnastats,36,18
1718,Hunter Bow,58500,69000,kro,8,0
1726,Hunter Bow,322000,378000,kro,4,0
4115,Hunter Fly Card,1380000,1620000,kro,16,3
9008,Hunter Fly Egg,1518000,1782000,kro,4,0
15102,Hunter Mail,0,0,,8,0
24279,Hunter Shadow Armor,1380000,1620000,kro,4,0
24266,Hunter Shadow Shoes,1380000,1620000,kro,4,0
22060,Hunter Shoes,0,0,,8,0
4667,Hunter Wolf Card,15500,18500,ragnastats,6,0
5383,Hunter's Cap,0,0,,8,0
20723,Hunter's Manteau,0,0,,8,0
22098,Hunter's Shoes,0,0,,8,0
1774,Hunting Arrow,2,4,ragnastats,12,0
12576,Hunting Arrow Cntr,1550,1800,ragnastats,18,3
18941,Hunting Cap of Gust,0,0,,8,0
28491,Hunting Knife,0,0,,8,0
7977,Hunting Medal Badge,0,0,,12,0
480313,Hunting Scarf,0,0,,8,0
313531,Hunting Seal (Archer),0,0,,6,0
313532,Hunting Seal (Assassin),0,0,,6,0
313528,Hunting Seal (Attack Power),0,0,,6,0
313535,Hunting Seal (Caster),0,0,,6,0
313538,Hunting Seal (Critical),0,0,,6,0
313545,Hunting Seal (Fixed Casting),0,0,,6,0
313540,Hunting Seal (HP),0,0,,6,0
313529,Hunting Seal (Magic Power),0,0,,6,0
313543,Hunting Seal (Magical Force),0,0,,6,0
313533,Hunting Seal (Magician),0,0,,6,0
313536,Hunting Seal (Melee),0,0,,6,0
313542,Hunting Seal (Physical Force),0,0,,6,0
313537,Hunting Seal (Range),0,0,,6,0
313544,Hunting Seal (Robust),0,0,,6,0
313541,Hunting Seal (SP),0,0,,6,0
313534,Hunting Seal (Speed),0,0,,6,0
313539,Hunting Seal (Spell),0,0,,6,0
313527,Hunting Seal (State),0,0,,6,0
313530,Hunting Seal (Warrior),0,0,,6,0
24158,Hunting Shadow Weapon,1380000,1620000,kro,4,0
470123,Hunting Shoes,0,0,,8,0
1422,Hunting Spear,23000,27000,ragnastats,11,0
1001881,Hunting Tag,0,0,,12,3
1377,Hurricane's Fury,266500,313000,estimate,7,0
2977,Hurt Mind,230000,270000,kro,4,0
18891,Husky Hat,0,0,,8,0
13303,Huuma Blaze Shuriken,186500,219000,ragnastats,7,0
13304,Huuma Calm Mind,690000,810000,ragnastats,7,0
13301,Huuma Giant Wheel Shuriken,29000,34000,ragnastats,8,0
13302,Huuma Giant Wheel Shuriken,29000,34000,sibling,8,0
13335,Huuma of Evil,0,0,,8,0
650034,Huuma Shuriken Brilliance,0,0,,8,0
13345,Huuma Shuriken Clearness,8280000,9720000,kro,2,0
650024,Huuma Shuriken Clearness-LT,0,0,,8,0
13332,Huuma Shuriken of Dancing Petals,161000,189000,kro,4,0
13340,Huuma Shuriken of Dancing Petals,161000,189000,sibling,4,0
311382,Huuma Shuriken Tuning Device,0,0,,6,0
13300,Huuma Wing Shuriken,23500,27500,ragnastats,8,0
12095,Hwergelmir's Tonic,42500,50000,ragnastats,12,3
12253,Hwergelmir's Tonic,42500,50000,sibling,12,0
12408,Hydra Ball,1,2,npc,12,0
4035,Hydra Card,276000,324000,kro,5,3
4384,Hydrolancer Card,276000,324000,kro,4,3
9093,Hyegun Egg,54280000,63720000,kro,4,0
32104,Hyegun Erhu,0,0,,8,0
5367,Hyegun Hat,73500,86000,kro,8,0
4321,Hylozoist Card,3220000,3780000,kro,3,3
312290,Hyper Novice Soul (Double Double Bash),0,0,,6,0
312298,Hyper Novice Soul (Ground Gravitation),0,0,,6,0
312297,Hyper Novice Soul (Hell's Drive),0,0,,6,0
312296,Hyper Novice Soul (Jack Frost Nova),0,0,,6,0
312295,Hyper Novice Soul (Jupitel Thunderstorm),0,0,,6,0
312291,Hyper Novice Soul (Mega Sonic Blow),0,0,,6,0
312294,Hyper Novice Soul (Meteor Storm Buster),0,0,,6,0
312299,Hyper Novice Soul (Napalm Vulcan Strike),0,0,,6,0
312292,Hyper Novice Soul (Shield Chain Rush),0,0,,6,0
312293,Hyper Novice Soul (Spiral Pierce Max),0,0,,6,0
312694,Hyper Novice Stone (Garment),276000000,324000000,kro,2,0
1001489,Hyper Novice Stone (Garment),276000000,324000000,kro,4,0
314192,Hyper Novice Stone II (Garment),910800000,1069200000,kro,2,0
1002284,Hyper Novice Stone II (Garment),910800000,1069200000,kro,4,0
1621,Hypnotist's Staff,46000,54000,kro,8,0
1622,Hypnotist's Staff,46000,54000,kro,11,0
600008,Hypocrisy Edge,1380000,1620000,kro,2,0
500007,Hypocrisy Machine,460000,540000,kro,4,0
101241,Hyul's Special Rice Cake Soup,0,0,,12,0
311064,Hyun Rok Tuning Device,0,0,,6,0
1270033,Hyunrok Breeze Spirit Shadow Armor,828000,972000,kro,4,0
1270034,Hyunrok Breeze Spirit Shadow Shoes,809500,950000,kro,4,0
1270031,Hyunrok Cannon Shadow Earring,368000,432000,kro,4,0
1270032,Hyunrok Cannon Shadow Pendant,460000,540000,kro,4,0
22144,IA Boots,0,0,,8,0
19286,IA Choker,0,0,,8,0
15214,IA Dress,0,0,,8,0
300600,Iana Card,0,0,,6,3
1001852,Iana Card,0,0,,12,3
27120,Iara Card,425500,499500,estimate,4,3
2726,Icarus Wings,605500,711000,ragnastats,7,0
28347,Icarus Wings,605500,711000,sibling,4,0
6513,Ice Amulet,42,58,npc,12,3
13230,Ice Bullet,4,6,npc,12,0
23125,Ice Bullet Cartridge,0,0,,12,0
18005,Ice Cannon Ball,42,58,npc,12,0
101107,Ice Cannon Ball Box,0,0,,12,0
100188,Ice Charm Bundle,0,0,,12,0
536,Ice Cream,51,71,ragnastats,12,18
6257,Ice Crystal,85,115,npc,54,3
490603,Ice Crystal Circle,0,0,,8,0
1001454,Ice Crystal of Monarch Penguin,3220000,3780000,kro,4,3
490594,Ice Crystal Pendant,0,0,,8,0
7066,Ice Cubic,1800,2150,kro,76,72
1001140,Ice Essence,20000,23500,kro,12,3
1131,Ice Falchion,46000,54000,ragnastats,11,0
13436,Ice Falchion,46000,54000,sibling,8,0
12374,Ice Fireworks,17,24,npc,12,3
1000727,Ice Flower Magic Stone (Critical),1840000,2160000,kro,4,0
300359,Ice Gangu Card,919000,1078500,kro,4,3
27359,Ice Ghost Card,1156500,1357500,estimate,2,0
1002695,Ice Jelly,2450,2900,kro,12,0
311110,Ice Magic Orb (Above All),0,0,,6,0
311149,Ice Magic Orb (Acid Explosion),0,0,,6,0
311094,Ice Magic Orb (AGI),0,0,,6,0
311168,Ice Magic Orb (Aimed Rush),0,0,,6,0
311137,Ice Magic Orb (All Force),0,0,,6,0
311155,Ice Magic Orb (Angle Shot),0,0,,6,0
311170,Ice Magic Orb (Arrow Gale),0,0,,6,0
311142,Ice Magic Orb (Banishing Cannon),0,0,,6,0
311152,Ice Magic Orb (Berserk Slash),0,0,,6,0
311141,Ice Magic Orb (Brand Lit),0,0,,6,0
311169,Ice Magic Orb (Breeze Shooting),0,0,,6,0
311165,Ice Magic Orb (Cannon Empire),0,0,,6,0
311105,Ice Magic Orb (Cast Delay),0,0,,6,0
311107,Ice Magic Orb (Caster),0,0,,6,0
311159,Ice Magic Orb (Cloud Buster),0,0,,6,0
311158,Ice Magic Orb (Comet Expansion),0,0,,6,0
311148,Ice Magic Orb (Crazy Cannon),0,0,,6,0
311156,Ice Magic Orb (Crimson Strain),0,0,,6,0
311108,Ice Magic Orb (Critical),0,0,,6,0
311184,Ice Magic Orb (Cross Petal),0,0,,6,0
311179,Ice Magic Orb (Curse Explosion),0,0,,6,0
311139,Ice Magic Orb (Cutter Break),0,0,,6,0
311151,Ice Magic Orb (Cutter Slasher),0,0,,6,0
311180,Ice Magic Orb (Death Hammer Dance),0,0,,6,0
311098,Ice Magic Orb (Defense),0,0,,6,0
311126,Ice Magic Orb (Delay After Attack),0,0,,6,0
311093,Ice Magic Orb (DEX),0,0,,6,0
311161,Ice Magic Orb (Diamond Grave),0,0,,6,0
311138,Ice Magic Orb (Dragonic Breach),0,0,,6,0
311133,Ice Magic Orb (Drain Life),0,0,,6,0
311134,Ice Magic Orb (Drain Soul),0,0,,6,0
311187,Ice Magic Orb (Earth Power),0,0,,6,0
311178,Ice Magic Orb (Espa),0,0,,6,0
311177,Ice Magic Orb (Eswhoo),0,0,,6,0
311127,Ice Magic Orb (Expert Archer),0,0,,6,0
311153,Ice Magic Orb (Fatal Attack),0,0,,6,0
311124,Ice Magic Orb (Fatal Flash),0,0,,6,0
311128,Ice Magic Orb (Fatal),0,0,,6,0
311129,Ice Magic Orb (Fighting Spirit),0,0,,6,0
311181,Ice Magic Orb (Fire Howling Tail),0,0,,6,0
311122,Ice Magic Orb (Firing Shot),0,0,,6,0
311117,Ice Magic Orb (Fixed Casting),0,0,,6,0
311183,Ice Magic Orb (Flame Ice Wind),0,0,,6,0
311185,Ice Magic Orb (Flame Wind),0,0,,6,0
311176,Ice Magic Orb (Flash Fall),0,0,,6,0
311143,Ice Magic Orb (Genesis Pressure),0,0,,6,0
311144,Ice Magic Orb (Genesis Pressure),0,0,,6,0
311109,Ice Magic Orb (Guide Attack),0,0,,6,0
311115,Ice Magic Orb (Heal),0,0,,6,0
311167,Ice Magic Orb (Hell Arrow),0,0,,6,0
311147,Ice Magic Orb (Hell Tornado),0,0,,6,0
311163,Ice Magic Orb (Holy Judex),0,0,,6,0
311131,Ice Magic Orb (HP Recovery),0,0,,6,0
311140,Ice Magic Orb (Hundred Wave),0,0,,6,0
311191,Ice Magic Orb (Hyper Magic),0,0,,6,0
311189,Ice Magic Orb (Hyper Melee),0,0,,6,0
311190,Ice Magic Orb (Hyper Range),0,0,,6,0
311095,Ice Magic Orb (INT),0,0,,6,0
311157,Ice Magic Orb (Jack Lightning),0,0,,6,0
311186,Ice Magic Orb (Life Force),0,0,,6,0
311125,Ice Magic Orb (Lucky Strike),0,0,,6,0
311097,Ice Magic Orb (LUK),0,0,,6,0
311102,Ice Magic Orb (Mage),0,0,,6,0
311099,Ice Magic Orb (Magic Defense),0,0,,6,0
311135,Ice Magic Orb (Magic Healing),0,0,,6,0
311136,Ice Magic Orb (Magic Soul),0,0,,6,0
311130,Ice Magic Orb (Magic),0,0,,6,0
311118,Ice Magic Orb (Magical Force),0,0,,6,0
311162,Ice Magic Orb (Magnusmus),0,0,,6,0
311164,Ice Magic Orb (Milliduple),0,0,,6,0
311112,Ice Magic Orb (Mirror Counter),0,0,,6,0
311175,Ice Magic Orb (Moon Kick),0,0,,6,0
311123,Ice Magic Orb (Overpower),0,0,,6,0
311119,Ice Magic Orb (Physical Force),0,0,,6,0
311104,Ice Magic Orb (Power Force),0,0,,6,0
311188,Ice Magic Orb (Power of Savage),0,0,,6,0
311111,Ice Magic Orb (Powerful),0,0,,6,0
311174,Ice Magic Orb (Prominence Burst),0,0,,6,0
311172,Ice Magic Orb (Rainstorm),0,0,,6,0
311103,Ice Magic Orb (Reject Reflection),0,0,,6,0
311116,Ice Magic Orb (Robust),0,0,,6,0
311154,Ice Magic Orb (Shadow Spell),0,0,,6,0
311100,Ice Magic Orb (Sniper),0,0,,6,0
311150,Ice Magic Orb (Sonic Impact),0,0,,6,0
311171,Ice Magic Orb (Sound Metal),0,0,,6,0
311132,Ice Magic Orb (SP Recovery),0,0,,6,0
311106,Ice Magic Orb (Speed),0,0,,6,0
311121,Ice Magic Orb (Spell Buster),0,0,,6,0
311114,Ice Magic Orb (Spirit),0,0,,6,0
311113,Ice Magic Orb (Stamina),0,0,,6,0
311182,Ice Magic Orb (Storm Buster Trip),0,0,,6,0
311092,Ice Magic Orb (STR),0,0,,6,0
311166,Ice Magic Orb (Thunder Blast),0,0,,6,0
311146,Ice Magic Orb (Tornado Swing),0,0,,6,0
311120,Ice Magic Orb (Unlimited Vital),0,0,,6,0
311160,Ice Magic Orb (Varetyr Wave),0,0,,6,0
311096,Ice Magic Orb (VIT),0,0,,6,0
311173,Ice Magic Orb (Vulcan Shooting),0,0,,6,0
311145,Ice Magic Orb (Vulkan Boomerang),0,0,,6,0
311101,Ice Magic Orb (Warrior),0,0,,6,0
1000729,Ice Magic Stone (Above All),17480000,20520000,kro,4,0
1000768,Ice Magic Stone (Acid Explosion),274500,322500,kro,7,0
1000713,Ice Magic Stone (AGI),506000,594000,kro,7,0
1000787,Ice Magic Stone (Aimed Rush),2254000,2646000,kro,4,0
1000756,Ice Magic Stone (All Force),8188000,9612000,kro,4,0
1000774,Ice Magic Stone (Angle Shot),4600000,5400000,kro,4,0
1000789,Ice Magic Stone (Arrow Gale),2116000,2484000,kro,4,0
1000761,Ice Magic Stone (Banishing Cannon),782000,918000,kro,7,0
1000771,Ice Magic Stone (Berserk Slash),2760000,3240000,kro,4,0
1000760,Ice Magic Stone (Brand Drive),2760000,3240000,kro,4,0
1000788,Ice Magic Stone (Breeze Shooting),1840000,2160000,kro,4,0
1000784,Ice Magic Stone (Cannon Empire),1656000,1944000,kro,4,0
1000724,Ice Magic Stone (Cast Delay),1288000,1512000,kro,4,0
1000726,Ice Magic Stone (Caster),4600000,5400000,kro,4,0
1000778,Ice Magic Stone (Cloud Buster),2760000,3240000,kro,4,0
1000767,Ice Magic Stone (Crazy Cannon),5428000,6372000,kro,4,0
1000775,Ice Magic Stone (Crimson Strain),2277000,2673000,kro,4,0
1000803,Ice Magic Stone (Cross Petal),2530000,2970000,kro,4,0
1000798,Ice Magic Stone (Curse Explosion),3680000,4320000,kro,4,0
1000758,Ice Magic Stone (Cutter Break),1840000,2160000,kro,4,0
1000770,Ice Magic Stone (Cutter Slasher),2231000,2619000,kro,4,0
1000799,Ice Magic Stone (Death Hammer Dance),644000,756000,kro,7,0
1000717,Ice Magic Stone (Defense),2300000,2700000,kro,4,0
1000745,Ice Magic Stone (Delay After Attack),1379500,1619500,kro,4,0
1000712,Ice Magic Stone (DEX),644000,756000,kro,7,0
1000780,Ice Magic Stone (Diamond Grave),1380000,1620000,kro,4,0
1000757,Ice Magic Stone (Dragonic Breach),1334000,1566000,kro,4,0
1000752,Ice Magic Stone (Drain Life),5060000,5940000,kro,4,0
1000753,Ice Magic Stone (Drain Soul),4968000,5832000,kro,4,0
1000806,Ice Magic Stone (Earth Power),1840000,2160000,kro,4,0
1000797,Ice Magic Stone (Espa),2300000,2700000,kro,4,0
1000796,Ice Magic Stone (Eswhoo),6440000,7560000,kro,4,0
1000746,Ice Magic Stone (Expert Archer),1334000,1566000,kro,4,0
1000772,Ice Magic Stone (Fatal Attack),1840000,2160000,kro,4,0
1000743,Ice Magic Stone (Fatal Flash),1380000,1620000,kro,4,0
1000747,Ice Magic Stone (Fatal),1104000,1296000,kro,4,0
1000748,Ice Magic Stone (Fighting Spirit),2484000,2916000,kro,4,0
1000800,Ice Magic Stone (Fire Howling Tail),2300000,2700000,kro,4,0
1000741,Ice Magic Stone (Firing Shot),2576000,3024000,kro,4,0
1000736,Ice Magic Stone (Fixed Casting),25760000,30240000,kro,4,0
1000802,Ice Magic Stone (Flame Ice Wind),0,0,,12,0
1000804,Ice Magic Stone (Flame Wind),0,0,,12,0
1000795,Ice Magic Stone (Flash Fall),285500,335000,kro,7,0
1000762,Ice Magic Stone (Genesis Pressure),828000,972000,kro,7,0
1000763,Ice Magic Stone (Genesis Pressure),1840000,2160000,kro,4,0
1000728,Ice Magic Stone (Guide Attack),1242000,1458000,kro,4,0
1000734,Ice Magic Stone (Heal),1748000,2052000,kro,4,0
1000786,Ice Magic Stone (Hell Arrow),552000,648000,kro,7,0
1000766,Ice Magic Stone (Hell Tornado),736000,864000,kro,7,0
1000782,Ice Magic Stone (Holy Judex),3220000,3780000,kro,4,0
1000750,Ice Magic Stone (HP Recovery),3680000,4320000,kro,4,0
1000759,Ice Magic Stone (Hundred Wave),736000,864000,kro,7,0
1000810,Ice Magic Stone (Hyper Magic),2208000,2592000,kro,4,0
1000808,Ice Magic Stone (Hyper Melee),3680000,4320000,kro,4,0
1000809,Ice Magic Stone (Hyper Range),1380000,1620000,kro,4,0
1000714,Ice Magic Stone (INT),598000,702000,kro,7,0
1000776,Ice Magic Stone (Jack Lightning),920000,1080000,kro,4,0
1000805,Ice Magic Stone (Life Force),0,0,,12,0
1000744,Ice Magic Stone (Lucky Strike),920000,1080000,kro,4,0
1000716,Ice Magic Stone (LUK),487500,572000,kro,7,0
1000721,Ice Magic Stone (Mage),1012000,1188000,kro,4,0
1000718,Ice Magic Stone (Magic Defense),460000,540000,kro,7,0
1000754,Ice Magic Stone (Magic Healing),2760000,3240000,kro,4,0
1000755,Ice Magic Stone (Magic Soul),2760000,3240000,kro,4,0
1000749,Ice Magic Stone (Magic),3220000,3780000,kro,4,0
1000737,Ice Magic Stone (Magical Force),1380000,1620000,kro,4,0
1000781,Ice Magic Stone (Magnusmus),3933000,4617000,kro,4,0
1000783,Ice Magic Stone (Milliduple),18400000,21600000,kro,4,0
1000731,Ice Magic Stone (Mirror Counter),1288000,1512000,kro,4,0
1000794,Ice Magic Stone (Moon Kick),3496000,4104000,kro,4,0
1000742,Ice Magic Stone (Overpower),3588000,4212000,kro,4,0
1000738,Ice Magic Stone (Physical Force),12420000,14580000,kro,4,0
1000723,Ice Magic Stone (Power Force),920000,1080000,kro,4,0
1000807,Ice Magic Stone (Power of Savage),2300000,2700000,kro,4,0
1000730,Ice Magic Stone (Powerful),16468000,19332000,kro,4,0
1000793,Ice Magic Stone (Prominence Burst),2760000,3240000,kro,4,0
1000791,Ice Magic Stone (Rainstorm),1840000,2160000,kro,4,0
1000722,Ice Magic Stone (Reject Reflection),874000,1026000,kro,7,0
1000735,Ice Magic Stone (Robust),2208000,2592000,kro,4,0
1000773,Ice Magic Stone (Shadow Spell),6417000,7533000,kro,4,0
1000719,Ice Magic Stone (Sniper),1564000,1836000,kro,4,0
1000769,Ice Magic Stone (Sonic Impact),3657000,4293000,kro,4,0
1000777,Ice Magic Stone (Soul Comet),1508500,1771000,kro,4,0
1000790,Ice Magic Stone (Sound Metal),1104000,1296000,kro,4,0
1000751,Ice Magic Stone (SP Recovery),897000,1053000,kro,7,0
1000725,Ice Magic Stone (Speed),4600000,5400000,kro,4,0
1000740,Ice Magic Stone (Spell Buster),3588000,4212000,kro,4,0
1000733,Ice Magic Stone (Spirit),736000,864000,kro,7,0
1000732,Ice Magic Stone (Stamina),920000,1080000,kro,4,0
1000801,Ice Magic Stone (Storm Buster Trip),0,0,,12,0
1000711,Ice Magic Stone (STR),874000,1026000,kro,7,0
1000785,Ice Magic Stone (Thunder Blast),274500,322500,kro,7,0
1000765,Ice Magic Stone (Tornado Swing),1656000,1944000,kro,4,0
1000739,Ice Magic Stone (Unlimited Vital),3588000,4212000,kro,4,0
1000779,Ice Magic Stone (Varetyr Wave),1288000,1512000,kro,4,0
1000715,Ice Magic Stone (VIT),1656000,1944000,kro,4,0
1000792,Ice Magic Stone (Vulcan Shooting),4416000,5184000,kro,4,0
1000764,Ice Magic Stone (Vulkan Boomerang),7360000,8640000,kro,4,0
1000720,Ice Magic Stone (Warrior),1748000,2052000,kro,4,0
1595,Ice Pedigree Book,0,0,,8,0
1230,Ice Pick,920000,1080000,kro,3,0
13017,Ice Pick,920000,1080000,kro,2,0
6256,Ice Piece,9650,11000,kro,54,6
1000642,Ice Rune,19000,22000,kro,12,3
312335,Ice Rune 1Lv,0,0,,6,0
312336,Ice Rune 2Lv,0,0,,6,0
312337,Ice Rune 3Lv,0,0,,6,0
312338,Ice Rune 4Lv,0,0,,6,0
312339,Ice Rune 5Lv,0,0,,6,0
1000638,Ice Rune Fragment,2200,2550,kro,12,3
7562,Ice Scale,82500,97000,kro,27,18
300512,Ice Seahorse Card,2300000,2700000,kro,2,3
9157,Ice Seahorse Egg,383000,450000,kro,7,0
1001648,Ice Star Candy,10500,12500,kro,12,3
7522,Ice Stone,42,58,ragnastats,12,3
1000295,Ice Stone 4th,920,1050,npc,12,0
100184,Ice Stone Bundle,0,0,,12,0
300361,Ice Straw Card,2484000,2916000,kro,2,3
4417,Ice Titan Card,112500,132000,kro,5,3
5610,Ice Wing Ear,0,0,,8,0
16412,Ice Wing Ear Box,0,0,,12,0
5500,Icecream Hat,0,0,,8,0
15420,Icefall Dress,1350,1600,ragnastats,8,0
300513,Icehorn Card,920000000,1080000000,kro,2,3
300458,Icewind Card,15640000,18360000,kro,2,3
9147,Icewind Egg,36800000,43200000,kro,4,0
300456,Icewind's Egg Card,40848000,47952000,kro,2,3
18906,Ichthys's Rosary,0,0,,8,0
1000279,Icicle Acid Bottle,0,0,,12,0
1819,Icicle Fist,118000,138500,kro,4,0
13255,Icicle Kunai,25,35,ragnastats,12,0
26139,Icicle Staff,1840000,2160000,kro,2,0
1966,Icicle Whip,41500,49000,ragnastats,8,0
312354,Icy Storm Rune 10Lv,0,0,,6,0
312345,Icy Storm Rune 1Lv,0,0,,6,0
312346,Icy Storm Rune 2Lv,0,0,,6,0
312347,Icy Storm Rune 3Lv,0,0,,6,0
312348,Icy Storm Rune 4Lv,0,0,,6,0
312349,Icy Storm Rune 5Lv,0,0,,6,0
312350,Icy Storm Rune 6Lv,0,0,,6,0
312351,Icy Storm Rune 7Lv,0,0,,6,0
312352,Icy Storm Rune 8Lv,0,0,,6,0
312353,Icy Storm Rune 9Lv,0,0,,6,0
29146,Identify,0,0,,6,0
25139,Identify Stone (Bottom),62100000,72900000,kro,4,0
7628,Idiot Key,0,0,,12,0
17207,Idn Heart Scroll,0,0,,12,0
17245,Idn Independ Scroll,0,0,,12,0
5853,IdRO Crown,0,0,,8,0
1230000,IDTest ammo,0,0,,12,3
450000,IDTest armor,0,0,,8,0
1200000,IDTest arrow,0,0,,12,3
600000,IDTest bothhand,0,0,,8,0
700000,IDTest bow,0,0,,8,0
1210000,IDTest canon,0,0,,12,3
300000,IDTest Card,0,0,,6,3
200000,IDTest Cash,0,0,,12,3
1000000,IDTest event,0,0,,12,3
800000,IDTest gun,0,0,,8,0
1100000,IDTest heal,0,0,,12,3
100000,IDTest Special,0,0,,12,3
1220000,IDTest throw,0,0,,12,3
500000,IDTest weapon,0,0,,8,0
6410,Idul Fitri Card,0,0,,12,0
7459,Idul Fitri Card,0,0,,12,0
27258,Ifodes Card,2070000,2430000,kro,2,3
4430,Ifrit Card,128800000,151200000,kro,2,0
23850,Ifrit Mask SynthesisBox,0,0,,12,3
23866,Ifrit's Ear SynthesisBox,0,0,,12,3
18651,Ignis Cap,11040000,12960000,sibling,2,0
400022,Ignis Cap,11040000,12960000,kro,2,0
400266,Ignis Cap-LT,0,0,,8,0
24445,Ignition Shadow Earring,5750000,6750000,kro,4,0
24444,Ignition Shadow Pendant,1357000,1593000,kro,4,0
24443,Ignition Shadow Weapon,12420000,14580000,kro,4,0
29649,Ignored Def 50%,0,0,,6,0
313372,Ignored Mdef 100%,0,0,,6,0
29650,Ignored Mdef 50%,0,0,,6,0
1392,Ignus Steel,459500,539500,kro,4,0
1002021,Igpi,0,0,,12,3
490340,illegal Chip,0,0,,8,0
20840,Illusion Ancient Cape,910500,1069000,kro,4,0
510034,Illusion Ancient Dagger,7176000,8424000,kro,2,0
19210,Illusion Apple of Archer,920000,1080000,kro,2,0
15376,Illusion Armor A-type,2208000,2592000,kro,2,0
15377,Illusion Armor B-type,1840000,2160000,kro,2,0
18149,Illusion Ballista,621000,729000,kro,4,0
32210,Illusion Battle chip L,18400000,21600000,kro,2,0
32209,Illusion Battle chip R,18400000,21600000,kro,2,0
28762,Illusion Bazerald,1840000,2160000,kro,2,0
28612,Illusion Book of the Apocalypse,1380000,1620000,kro,2,0
32208,Illusion Booster L,16560000,19440000,kro,2,0
32207,Illusion Booster R,18400000,21600000,kro,2,0
22190,Illusion Boots,9200000,10800000,kro,2,0
630006,Illusion Brionac,460000,540000,kro,4,0
28254,Illusion Butcher,827500,971000,kro,4,0
19223,Illusion Cap,460000,540000,kro,4,0
450146,Illusion Chain Mail,368000,432000,kro,4,0
1846,Illusion Combo Battle Glove,1794000,2106000,kro,2,0
28745,Illusion Counter Dagger,552000,648000,kro,4,0
550031,Illusion Dea Staff,11500000,13500000,kro,2,0
600011,Illusion Death Guidance,460000,540000,kro,4,0
620010,Illusion Doom Slayer,920000,1080000,kro,2,0
580008,Illusion Electric Eel,276000,324000,kro,4,0
570008,Illusion Electric Guitar,919000,1078500,kro,4,0
20933,Illusion Engine wing A-type,2760000,3240000,kro,2,0
20934,Illusion Engine wing B-type,2530000,2970000,kro,2,0
500030,Illusion Excalibur,2732000,3207500,kro,2,0
19247,Illusion Fancy Flower,450500,529000,kro,4,0
710,Illusion Flower,368000,432000,kro,46,3
28244,Illusion Gate Keeper DD,96500,113000,kro,4,0
530015,Illusion Gelerdria,2760000,3240000,kro,2,0
25272,Illusion Gemstone,500,675,npc,12,0
15348,Illusion Goibne Armor,6670000,7830000,kro,2,0
19366,Illusion Goibne Helm,9200000,10800000,kro,2,0
20923,Illusion Goibne Spaulders,5520000,6480000,kro,2,0
22192,Illusion Goibne's Greaves,2760000,3240000,kro,2,0
32301,Illusion Gold Lux,276000,324000,kro,4,0
460017,Illusion Guard,9200000,10800000,kro,2,0
19344,Illusion Hot-blooded Headband,3588000,4212000,kro,2,0
18174,Illusion Hunter Bow,1840000,2160000,kro,2,0
13337,Illusion Huuma Fluttering Snow,276000,324000,kro,4,0
13469,Illusion Immaterial Sword,455000,534500,kro,4,0
28022,Illusion Infiltrator,828000,972000,kro,4,0
16065,Illusion Iron Driver,368000,432000,kro,4,0
610012,Illusion Katar of Frozen Icicle,736000,864000,kro,4,0
22196,Illusion Leg A-type,1840000,2160000,kro,2,0
22197,Illusion Leg B-type,2300000,2700000,kro,2,0
16063,Illusion Long Mace,722000,847500,kro,4,0
470036,Illusion Military Boots,0,0,,8,0
470037,Illusion Military Boots,0,0,,8,0
100601,Illusion Module Thump Box,1840000,2160000,kro,4,3
28725,Illusion Moonlight Dagger,2760000,3240000,kro,2,0
32239,Illusion Morpheus's Bracelet,3680000,4320000,kro,2,0
19428,Illusion Morpheus's Hood,6578000,7722000,kro,2,0
32238,Illusion Morpheus's Ring,3680000,4320000,kro,2,0
20948,Illusion Morpheus's Shawl,3220000,3780000,kro,2,0
490069,Illusion Morrigane's Belt,0,0,,8,0
400053,Illusion Morrigane's Helm,1840000,2160000,kro,2,0
480054,Illusion Morrigane's Manteau,920000,1080000,kro,2,0
490070,Illusion Morrigane's Pendant,0,0,,8,0
20838,Illusion Muffler,1311000,1539000,kro,2,0
16576,Illusion Nothing,0,0,,12,0
19209,Illusion Nurse Cap,322000,378000,kro,4,0
7974,Illusion Piece,0,0,,12,0
32005,Illusion Pole Axe,276000,324000,kro,4,0
15195,Illusion Puente Robe,552000,648000,kro,4,0
28509,Illusion Ring,1104000,1296000,kro,2,0
28922,Illusion Sacred Mission,5520000,6480000,kro,2,0
450144,Illusion Saint Robe,184000,216000,kro,4,0
450145,Illusion Saphien's Armor of Ocean,230000,270000,kro,4,0
28023,Illusion Sharpened Legbone of Ghoul,823000,966500,kro,4,0
460004,Illusion Shield I,0,0,,8,0
460014,Illusion Shield II,0,0,,8,0
22133,Illusion Shoes,18400000,21600000,kro,2,0
460018,Illusion Silver Guard,13800000,16200000,kro,2,0
28508,Illusion Skull Ring,920000,1080000,kro,2,0
26007,Illusion Spectral Spear,276000,324000,kro,4,0
490121,Illusion Sprint Glove,276000,324000,kro,4,0
450182,Illusion Sprint Mail,1840000,2160000,kro,2,0
490120,Illusion Sprint Ring,1380000,1620000,kro,2,0
470066,Illusion Sprint Shoes,0,0,,8,0
26109,Illusion Staff of Bordeaux,460000,540000,kro,4,0
25271,Illusion Stone,9200,10500,kro,12,3
20847,Illusion Survivor Manteau,184000,216000,kro,4,0
2051,Illusion Survivor's Staff,920000,1080000,kro,2,0
2059,Illusion Survivor's Staff,920000,1080000,sibling,2,0
28626,Illusion Tablet,460000,540000,kro,4,0
21050,Illusion Tae Goo Lyeon,2070000,2430000,kro,2,0
550030,Illusion Thorn Staff of Darkness,8050000,9450000,kro,2,0
1326,Illusion War Axe,506000,594000,kro,4,0
13338,Illusion Wing Shuriken,731000,858500,kro,4,0
2039,Illusion Wizardry Staff,874000,1026000,kro,4,0
630007,Illusion Zephyrus,460000,540000,kro,4,0
420252,Illusional Saucer,0,0,,8,0
420238,Illusionary Bat,0,0,,8,0
410306,Illusionary Lens,0,0,,8,0
420251,Illusionary Spark,0,0,,8,0
300594,Ilse El Heine Card,0,0,,6,3
1001846,Ilse El Heine Card Fragment,0,0,,12,3
1757,Immaterial Arrow,4,6,ragnastats,12,0
12014,Immaterial Arrow Quiver,1,3,npc,54,3
1141,Immaterial Sword,460000,540000,kro,4,0
470034,Immoral Thoughtform Shoes,0,0,,8,0
470035,Immoral Thoughtform Shoes,0,0,,8,0
311909,Immortal Benefactor,0,0,,6,0
312047,Immortal Body,0,0,,6,0
4637,Immortal Corps Card,1257000,1476000,kro,2,3
300658,Immortal Corps Officer Card,2760000,3240000,kro,2,3
31024,Immortal Cursed Knight Card,51111000,59999500,kro,2,3
32204,Immortal Dog Tag,0,0,,8,0
490182,Immortal Dog Tag,0,0,,8,0
17242,Immortal Egg,0,0,,12,0
929,Immortal Heart,1800,2150,kro,54,36
1002337,Immortal Magic Book,165500,194000,kro,7,3
12085,Immortal Stew,67500,79000,ragnastats,12,3
12255,Immortal Stew,67500,79000,sibling,12,0
31025,Immortal Wind Ghost Card,63479500,74519500,kro,2,3
7973,Immortality Egg,3050,3600,estimate,12,0
24399,Immune Athena Shadow Shield,9200000,10800000,kro,4,0
22019,Immune Boots,0,0,,8,0
27411,Immune Earth,0,0,,6,0
27408,Immune Fire,0,0,,6,0
4848,Immune Level 1,0,0,,6,0
12748,Immune Scroll,0,0,,12,0
24027,Immune Shadow Armor,4140000,4860000,kro,4,0
27409,Immune Water,0,0,,6,0
27410,Immune Wind,0,0,,6,0
23666,ImmunedAthena Mix,0,0,,12,0
4433,Imp Card,782000,918000,kro,4,3
9056,Imp Egg,2944000,3456000,kro,4,0
23848,Imp Hat SynthesisBox,0,0,,12,3
400156,Imp Hat-LT,0,0,,8,0
450209,Imp Powered Suit,0,0,,8,0
311035,Impact Crater Tuning Device,0,0,,6,0
1001282,Imperfect Rune,32000,37500,kro,12,3
22207,Imperial Boots,0,0,,8,0
410346,Imperial Ear Wing,0,0,,8,0
410347,Imperial Ear Wing,0,0,,8,0
18823,Imperial Feather,0,0,,8,0
420028,Imperial Glory,0,0,,8,0
420256,Imperial Glory,0,0,,8,0
28551,Imperial Glove,0,0,,8,0
490600,Imperial Glove,0,0,,8,0
2153,Imperial Guard,455000,534500,kro,7,0
312206,Imperial Guard Soul (Cross Rain),0,0,,6,0
313376,Imperial Guard Soul (Imperial Cross),0,0,,6,0
313562,Imperial Guard Soul (Imperial Pressure),0,0,,6,0
312204,Imperial Guard Soul (Overslash),0,0,,6,0
313377,Imperial Guard Soul (Radiant Spear),0,0,,6,0
312205,Imperial Guard Soul (Shield Shooting),0,0,,6,0
313060,Imperial Guard Stone (Garment),414000000,486000000,kro,2,0
1001603,Imperial Guard Stone (Garment),414000000,486000000,kro,4,0
28372,Imperial Ring,0,0,,8,0
28515,Imperial Ring,0,0,,8,0
1433,Imperial Spear,322000,378000,kro,7,0
530076,Imperial Spear of the Sky,460000,540000,kro,4,0
20809,Improve Concentration Amistr Bag,248000,291500,npc,4,0
18770,Improved Bongun Hat,0,0,,8,0
18764,Improved Bunny Band,3680000,4320000,ragnastats,2,0
12613,Improved Coin Bag,0,0,,12,3
18763,Improved Joker Jester,0,0,,8,0
18762,Improved Kitsune Mask,736000,864000,kro,4,0
18760,Improved Mage Hat,0,0,,8,0
18761,Improved Magician Hat,0,0,,8,0
18769,Improved Munak Hat,0,0,,8,0
18771,Improved Opera Phantom Mask,0,0,,11,0
2390,Improved Tights,1258000,1477000,ragnastats,2,0
28910,Imuke Upper Shield,0,0,,8,0
22745,Incandescence Shot Cartridge,2550,3000,ragnastats,12,0
23851,Incarnation Of Morocc Doll SynthesisBox,0,0,,12,3
7926,Incense,0,0,,12,0
7635,Incense Bag,0,0,,12,0
490265,Inception Ring,0,0,,8,0
20805,Increase Agility Amistr Bag,248000,291500,npc,4,0
11023,Increase Stamina Study,8,12,npc,12,3
2397,Incredible Event Resignation Coat,0,0,,8,0
12088,Incredibly Spicy Curry,66500,78500,ragnastats,12,3
4269,Incubus Card,2116000,2484000,kro,16,3
9052,Incubus Egg,36800000,43200000,kro,5,0
5072,Incubus Horn,299000,351000,kro,7,0
510118,Incurable Evil Sword,0,0,,8,0
470078,Indecisive Thoughtform Shoes,0,0,,8,0
470079,Indecisive Thoughtform Shoes,0,0,,8,0
25240,Independence Certificate,0,0,,12,0
5190,Independence Memorial Hat,0,0,,8,0
29242,Indestructible (Armor),0,0,,6,0
18660,Indian Feather Headband,0,0,,8,0
5010,Indian Fillet,27500,32000,kro,8,0
5071,Indian Headband,644000,756000,ragnastats,4,0
12716,Indian Rice Cake,0,0,,12,0
5448,Indifferent Solo Hat,2760000,3240000,kro,2,0
6361,Indigo Point,85,115,npc,12,3
19243,Indigo Rear Ribbon,30360000,35640000,kro,2,0
23839,Indigo Rear Ribbon Combination,920000,1080000,kro,4,3
14626,Indigo Scroll,0,0,,12,0
7403,Indonesia,0,0,,12,0
16266,Indonesia Beret Box,0,0,,12,0
17079,Indonesia Box2,0,0,,12,0
18792,Indonesian Independence Sakkat,0,0,,8,0
2932,Infallible Amulet,0,0,,8,0
13162,Inferno,190000,223500,npc,4,0
1261,Infiltrator,115000,135000,kro,7,0
1266,Infiltrator,184000,216000,kro,7,0
310821,Infinite Attack Power Lv1,0,0,,6,0
310822,Infinite Attack Power Lv2,0,0,,6,0
310823,Infinite Attack Power Lv3,0,0,,6,0
23303,Infinite Cat Hand Ticket Box (1 Day),0,0,,12,0
9553,Infinite Cat Hand Ticket Box(7 Days),436500,512000,kro,7,3
17600,Infinite Cat's Hand Ticket Box (1 day),0,0,,12,0
17766,Infinite Cat's Hand Ticket Box (7 days),437000,513000,kro,7,0
4646,Infinite Chimera Card,1370500,1609000,kro,2,3
310800,Infinite Dexterity Lv1,0,0,,6,0
310801,Infinite Dexterity Lv2,0,0,,6,0
310802,Infinite Dexterity Lv3,0,0,,6,0
4645,Infinite Eclipse Card,736000,864000,kro,4,3
4648,Infinite Eddga Card,138000000,162000000,kro,2,0
310761,Infinite Fighting Spirit Lv1,0,0,,6,0
310762,Infinite Fighting Spirit Lv2,0,0,,6,0
310763,Infinite Fighting Spirit Lv3,0,0,,6,0
23304,Infinite Fly Wing Box (1 Day),0,0,,12,0
23331,Infinite Fly Wing Box (1 Week),0,0,,12,0
23329,Infinite Fly Wing Box (5 Days),184000,216000,kro,7,3
23330,Infinite Giant Fly Wing Box (1 Day),4135000,4854500,kro,4,3
17608,Infinite Giant Fly Wing Box 1Day,4135000,4854500,kro,4,0
105715,Infinite Giant Fly's Wings 1-Hour Box,2622000,3078000,kro,4,3
310799,Infinite Intelligence Lv1,0,0,,6,0
310826,Infinite Intelligence Lv2,0,0,,6,0
310827,Infinite Intelligence Lv3,0,0,,6,0
310838,Infinite Magic Power 1,0,0,,6,0
310839,Infinite Magic Power 2,0,0,,6,0
310840,Infinite Magic Power 3,0,0,,6,0
310810,Infinite Magic Power Lv1,0,0,,6,0
310811,Infinite Magic Power Lv2,0,0,,6,0
310812,Infinite Magic Power Lv3,0,0,,6,0
4650,Infinite Orc Hero Card,377200000,442800000,kro,2,0
4647,Infinite Osiris Card,95514500,112125500,estimate,2,0
4649,Infinite Phreeoni Card,828000000,972000000,kro,2,0
310764,Infinite Power Lv1,0,0,,6,0
310824,Infinite Power Lv2,0,0,,6,0
310825,Infinite Power Lv3,0,0,,6,0
310813,Infinite Sharpshooter Lv1,0,0,,6,0
310814,Infinite Sharpshooter Lv2,0,0,,6,0
310815,Infinite Sharpshooter Lv3,0,0,,6,0
4651,Infinite Tao Gunka Card,98635500,115789500,estimate,2,0
4642,Infinite Toad Card,1219000,1431000,kro,2,3
4643,Infinite Vagabond Wolf Card,1104000,1296000,kro,2,3
4644,Infinite Vocal Card,920000,1080000,kro,2,3
500005,Infinity Blade,0,0,,8,0
490264,Infinity Chip MAX,0,0,,8,0
490572,Infinity Chip-EX,0,0,,8,0
23893,Infinity Shadow Combination,3220000,3780000,kro,4,3
24150,Infinity Shadow Earring,6440000,7560000,kro,4,0
24151,Infinity Shadow Pendant,8280000,9720000,kro,4,0
101862,Infinity Shadow Selection Box,0,0,,12,3
24733,Infinity Shadow Shield,16744000,19656000,kro,2,0
101311,Infinity Shadow Spellbook,4508000,5292000,kro,4,3
24386,Infinity Shadow Weapon,41400000,48600000,kro,4,0
101864,Infinity Shield Shadow Box,0,0,,12,0
101863,Infinity Weapon Shadow Box,0,0,,12,0
23474,InfinityShadow Mix,0,0,,12,0
300014,Ingrid Card,0,0,,6,3
18615,Injured Eyepatch,1380000,1620000,ragnastats,2,0
19445,Injured Eyepatch,1380000,1620000,sibling,2,0
19446,Injured Eyepatch,1380000,1620000,sibling,2,0
4268,Injustice Card,414000,486000,kro,5,3
312022,Innate Ability,0,0,,6,0
6805,Inorganic Pumpkin,17000,20000,estimate,12,0
313566,Inquisitor Soul (Blazing Flame Blast),0,0,,6,0
312223,Inquisitor Soul (Explosion Blaster),0,0,,6,0
312222,Inquisitor Soul (Extermination),0,0,,6,0
312220,Inquisitor Soul (Faith),0,0,,6,0
312221,Inquisitor Soul (Judgement),0,0,,6,0
313325,Inquisitor Stone (Garment),920000000,1080000000,kro,2,0
1001738,Inquisitor Stone (Garment),920000000,1080000000,kro,4,0
314028,Inquisitor Stone II (Garment),0,0,,6,0
1002103,Inquisitor Stone II (Garment),0,0,,12,0
400556,Inquisitor's Veil,0,0,,8,0
22031,Insect Collector's Shoes,0,0,,8,0
22092,Insect Collector's Shoes,0,0,,8,0
928,Insect Feeler,200,275,ragnastats,36,36
7316,Insect Leg,71500,84000,ragnastats,36,36
24159,Insect Shadow Weapon,644000,756000,kro,7,0
312411,Insecticide Badge,0,0,,6,0
24066,Insecticide Shoes (Shadow),230000,270000,kro,7,0
12700,Inside-out Shirt,17,24,npc,12,6
22249,Insidious's Shoes,0,0,,8,0
24093,Insomnia Shadow Armor,0,0,,12,0
24094,Insomnia Shadow Shoes,0,0,,12,0
24353,Insomniac Shadow Shoes II,0,0,,12,0
4771,Int + 1,0,0,,6,0
4772,Int + 2,0,0,,6,0
4773,Int + 3,0,0,,6,0
310080,INT Blessing,0,0,,6,0
12687,Int Dish20,0,0,,12,0
25013,INT Exchange Stone(Lower),4600000,5400000,kro,4,0
25005,INT Exchange Stone(Middle),4600000,5400000,kro,4,0
2918,Int Glove,62000,72500,npc,8,0
2924,Int Glove,62000,72500,npc,8,0
312860,INT I,0,0,,6,0
312861,INT II,0,0,,6,0
312862,INT III,0,0,,6,0
312863,INT IV,0,0,,6,0
6978,INT Reactor Blueprint,0,0,,12,0
22705,INT Reduction Potion,43500,51000,kro,12,0
15401,INT Soutane,736000,864000,kro,4,0
6946,INT Stone (Middle),6359000,7465000,ragnastats,2,0
6637,INT Stone (Upper),8,12,npc,12,0
4983,INT Supplement Reactor,0,0,,6,0
4710,INT+1,0,0,,6,0
310773,INT+1,0,0,,6,0
4719,INT+10,0,0,,6,0
4711,INT+2,0,0,,6,0
310774,INT+2,0,0,,6,0
4712,INT+3,0,0,,6,0
29016,INT+3 DEX-3,0,0,,6,0
29017,INT+3 VIT-3,0,0,,6,0
4713,INT+4,0,0,,6,0
4714,INT+5,0,0,,6,0
4715,INT+6,0,0,,6,0
4716,INT+7,0,0,,6,0
4717,INT+8,0,0,,6,0
4718,INT+9,0,0,,6,0
101954,Intake Hair Gift Box,0,0,,12,0
310917,Intelligence,0,0,,6,0
312911,Intelligence I,0,0,,6,0
312912,Intelligence II,0,0,,6,0
312913,Intelligence III,0,0,,6,0
312914,Intelligence IV,0,0,,6,0
310816,Intelligence Lv1,0,0,,6,0
310817,Intelligence Lv2,0,0,,6,0
310818,Intelligence Lv3,0,0,,6,0
310819,Intelligence Lv4,0,0,,6,0
310820,Intelligence Lv5,0,0,,6,0
311954,Intelligence of Varmundt Lv1,0,0,,6,0
311955,Intelligence of Varmundt Lv2,0,0,,6,0
311956,Intelligence of Varmundt Lv3,0,0,,6,0
311957,Intelligence of Varmundt Lv4,0,0,,6,0
311958,Intelligence of Varmundt Lv5,0,0,,6,0
313410,Intelligence of Yorscalp 1Lv,0,0,,6,0
313411,Intelligence of Yorscalp 2Lv,0,0,,6,0
313412,Intelligence of Yorscalp 3Lv,0,0,,6,0
313413,Intelligence of Yorscalp 4Lv,0,0,,6,0
312915,Intelligence V,0,0,,6,0
24042,Intelligent Shadow Earring,920000,1080000,kro,4,0
24036,Intelligent Shadow Pendant,1,2,npc,12,0
410322,Interdimensional Rift,0,0,,8,0
410323,Interdimensional Rift,0,0,,8,0
410340,Interdimensional Rift (Effect Off),0,0,,8,0
410341,Interdimensional Rift (Effect Off),0,0,,8,0
12614,Intermediate Coin Bag,17,24,npc,12,36
550005,Intermediate Guild Member's Arc Wand,0,0,,8,0
470012,Intermediate Guild Member's Boots,0,0,,8,0
520001,Intermediate Guild Member's Cleaver,0,0,,8,0
600005,Intermediate Guild Member's Craymore,0,0,,8,0
640001,Intermediate Guild Member's Destruction Staff,0,0,,8,0
560003,Intermediate Guild Member's Fist,0,0,,8,0
500006,Intermediate Guild Member's Flamberge,0,0,,8,0
510005,Intermediate Guild Member's Gladius,0,0,,8,0
470013,Intermediate Guild Member's Greaves,0,0,,8,0
570003,Intermediate Guild Member's Guitar,0,0,,8,0
550004,Intermediate Guild Member's Healing Staff,0,0,,8,0
700005,Intermediate Guild Member's Hunter Bow,0,0,,8,0
650001,Intermediate Guild Member's Huuma Shuriken,0,0,,8,0
610004,Intermediate Guild Member's Jamadhar,0,0,,8,0
630001,Intermediate Guild Member's Lance,0,0,,8,0
580003,Intermediate Guild Member's Lariat,0,0,,8,0
480008,Intermediate Guild Member's Manteau,0,0,,8,0
590004,Intermediate Guild Member's Morning Star,0,0,,8,0
480007,Intermediate Guild Member's Muffler,0,0,,8,0
530001,Intermediate Guild Member's Pike,0,0,,8,0
450014,Intermediate Guild Member's Plate,0,0,,8,0
450012,Intermediate Guild Member's Robe,0,0,,8,0
470011,Intermediate Guild Member's Shoes,0,0,,8,0
450013,Intermediate Guild Member's Suit,0,0,,8,0
620001,Intermediate Guild Member's Two-Handed Axe,0,0,,8,0
15235,Intermediate Kingdom Suits,0,0,,8,0
300368,Intermediate Rgan Card,2760000,3240000,kro,2,3
15232,Intermediate Simple Suits,0,0,,8,0
12282,Internet Cafe1,0,0,,12,0
12283,Internet Cafe2,0,0,,12,0
12284,Internet Cafe3,0,0,,12,0
12285,Internet Cafe4,0,0,,12,0
300237,Intrepid Familiar Card,460000,540000,kro,4,3
300236,Intrepid Giearth Card,736000,864000,kro,4,3
490410,Intuiabis,0,0,,8,0
6892,Invasion Plan,8,12,npc,12,0
15147,Invective Robe,0,0,,8,0
1269,Inverse Scale,46000,54000,kro,11,0
1297,Inverse Scale,46000,54000,kro,8,0
310237,Inverse Scale Lv1,0,0,,6,0
310238,Inverse Scale Lv2,0,0,,6,0
310239,Inverse Scale Lv3,0,0,,6,0
310240,Inverse Scale Lv4,0,0,,6,0
310241,Inverse Scale Lv5,0,0,,6,0
500008,Invidia Bundle,548000,643500,estimate,4,0
400453,Invincible Crest Hat,0,0,,8,0
23033,Invisible Box,0,0,,12,0
20506,Invisible Manteau,303600000,356400000,kro,2,0
22670,Invitation of Darkness,348500,409000,estimate,7,0
7028,Invite for Duel,0,0,,12,0
7853,iPod nano Raffle Ticket,0,0,,12,0
560004,Ira Fist,910500,1069000,kro,4,0
27168,Irene High Elder Card,1518000,1782000,kro,2,3
11505,Iris,305,415,ragnastats,12,0
7173,iROGM02's Backpack,1,2,npc,12,0
998,Iron,3800,4500,ragnastats,76,36
1770,Iron Arrow,2,4,ragnastats,12,0
12005,Iron Arrow Quiver,5200,6100,ragnastats,18,3
2266,Iron Cain,46000,54000,kro,11,0
18004,Iron Cannon Ball,68,93,npc,12,0
100172,Iron Cannon Ball Box,0,0,,12,0
1529,Iron Driver,46000,54000,kro,8,0
16052,Iron Driver,46000,54000,sibling,8,0
4239,Iron Fist Card,726500,853000,kro,4,3
613,Iron Hammer,2550,3000,ragnastats,12,3
7075,Iron Maiden,1,2,npc,12,3
1837,Iron Nail,414000,486000,sibling,4,0
1847,Iron Nail,414000,486000,kro,4,0
100388,Iron Nail Remodeling Cube,0,0,,12,0
560026,Iron Nail-LT,0,0,,8,0
1002,Iron Ore,4100,4850,kro,76,36
2197,Iron Shield,0,0,,8,0
2028,Iron Staff,0,0,,8,0
100395,Iron Staff Remodeling Cube,0,0,,12,0
640027,Iron Staff-LT,0,0,,8,0
12838,Iron Treasure Box,0,0,,12,0
11597,Iron Worm,8,12,npc,12,18
2719,Iron Wrist,51500,60500,ragnastats,11,0
1001240,Irwin Private Hat,0,0,,12,3
27395,Isaac Card,0,0,,6,3
300358,Isaac Wigner (Sign Stamp) Card,0,0,,6,0
27396,Isaac Wigner Card,13800000,16200000,kro,2,3
18910,Isabella Blue Ear,0,0,,8,0
18909,Isabella Brown Ear,0,0,,8,0
420000,Isabella Carrot,0,0,,8,0
18908,Isabella Red Ear,0,0,,8,0
102238,Isgard Crown Smelting Hammer,48913000,57420000,kro,4,3
4412,Isilla Card,772500,907000,kro,5,3
4116,Isis Card,3588000,4212000,kro,3,3
9021,Isis Egg,23000000,27000000,kro,5,0
102732,Issgard Crown Selection Box,36800000,43200000,kro,4,3
312306,Issgard Crystal,0,0,,6,0
312309,Issgard Crystal (Assassin),0,0,,6,0
312311,Issgard Crystal (Berserker),0,0,,6,0
312313,Issgard Crystal (Executioner),0,0,,6,0
312314,Issgard Crystal (Grand Mage),0,0,,6,0
312310,Issgard Crystal (Mage),0,0,,6,0
312312,Issgard Crystal (Marksman),0,0,,6,0
312308,Issgard Crystal (Shooter),0,0,,6,0
312307,Issgard Crystal (Warrior),0,0,,6,0
400106,Issgard Magician Crown,46000000,54000000,kro,2,0
400107,Issgard Ranger Crown,18348500,21540000,kro,2,0
400105,Issgard Warrior Crown,29440000,34560000,kro,2,0
300589,Ivan Wigner Card,0,0,,6,3
1001841,Ivan Wigner Card Fragment,0,0,,12,3
13039,Ivory Knife,276000,324000,kro,4,0
13082,Ivory Knife,276000,324000,sibling,4,0
1483,Ivory Lance,421500,495000,ragnastats,4,0
18129,Ixion Wing,0,0,,8,0
1737,Ixion Wings,1879500,2206500,ragnastats,2,0
709,Izidor,9200,10500,ragnastats,36,3
2271,Jack be Dandy,2760000,3240000,kro,2,0
18919,Jack Castle Bat,0,0,,8,0
1062,Jack o' Pumpkin,315,430,ragnastats,51,36
24512,Jack Shadow Armor,0,0,,8,0
24513,Jack Shadow Shield,276000,324000,kro,4,0
24514,Jack Shadow Shoes,460000,540000,kro,4,0
28767,Jack The Knife,16100000,18900000,kro,2,0
2303,Jacket,150,205,npc,8,0
2304,Jacket,150,205,npc,11,0
300558,Jackonette Card,6440000,7560000,kro,2,3
400094,Jade Crown,1840000,2160000,kro,2,0
470098,Jade Crystal Boots,0,0,,8,0
470269,Jade Crystal Boots-LT,0,0,,8,0
310286,Jade Emblem Lv1,0,0,,6,0
310287,Jade Emblem Lv2,0,0,,6,0
310288,Jade Emblem Lv3,0,0,,6,0
310289,Jade Emblem Lv4,0,0,,6,0
310290,Jade Emblem Lv5,0,0,,6,0
310291,Jade Emblem Lv6,0,0,,6,0
2633,Jade Ring,0,0,,8,0
10029,Jade Trinket,0,0,,12,0
6460,Jae Sinho Undo,0,0,,12,0
6459,Jae Sinho Unpo,0,0,,12,0
27124,Jaguar Card,1840000,2160000,kro,2,3
5602,Jaguar Hat J,0,0,,8,0
4109,Jakk Card,82500,97000,kro,6,3
592,Jam Pancake,3300,3900,ragnastats,12,3
1254,Jamadhar,30500,36000,npc,8,0
1255,Jamadhar,30500,36000,npc,8,0
17181,Jan Groove Box,0,0,,12,0
450390,Janus Armor,0,0,,8,0
450391,Janus Armor-LT,0,0,,8,0
11020,Japan Book1,0,0,,12,3
11021,Japan Book2,0,0,,12,3
7147,Jasmine,0,0,,12,3
490113,Jasper Ring,0,0,,8,0
1401,Javelin,110,155,npc,8,0
1402,Javelin,110,155,npc,11,0
1403,Javelin,0,0,,8,0
14666,Je Un Scroll,0,0,,12,0
19453,Jeje Cap,0,0,,8,0
18885,Jejecap,0,0,,8,0
4589,Jejeling Card,920000,1080000,kro,2,3
6498,Jejellopy,170,230,npc,12,36
909,Jellopy,5,7,kro,76,72
7861,Jelly Bean,66500,78000,estimate,12,0
300294,Jennifer Card,284500,334000,kro,4,3
25736,Jeremy's Beauty Coupon II,2300000,2700000,kro,4,0
7818,Jessur's Necklace,0,0,,12,0
1002006,Jet Black Illusion Stone,35000,41500,kro,12,3
1002010,Jet Black Illusion Stone,1552500,1822500,kro,4,3
5002,Jewel Crown,184000,216000,kro,7,0
28772,Jewel Detector Mk47,12420000,14580000,kro,2,0
7582,Jewel of Destruction,22000,25500,estimate,12,0
28949,Jewel Shield,0,0,,8,0
1142,Jeweled Sword,147000,172500,kro,4,0
300007,Jeweled Ungoliant Card,2853500,3350000,estimate,2,3
300006,Jewelry Ant Card,1196000,1404000,kro,11,3
12106,Jewelry Box,1380000,1620000,ragnastats,5,3
28332,Jewerly Ring,0,0,,8,0
4265,Jing Guai Card,295000,346500,ragnastats,4,3
18947,Jiraiya's Pipe,0,0,,8,0
13007,Jitte,12500,14500,sibling,8,0
13008,Jitte,12500,14500,ragnastats,11,0
27109,Jitterbug Card,1614500,1895000,estimate,2,3
6719,Jitterbug's Tooth,8,12,npc,12,0
12380,Job Change Flute,8,12,npc,12,0
1002515,Job Change Map,0,0,,12,0
4139,Joker Card,901500,1058000,kro,4,3
5003,Joker Jester,322000,378000,kro,7,0
5150,Joker Jester,322000,378000,sibling,4,0
15878,Joker's Card (OSM),0,0,,8,0
15880,Joker's Face (OSM),0,0,,8,0
25505,Jokers Wild,3650,4300,kro,12,0
18847,Jolly Roger,0,0,,8,0
2020,Jormungand,0,0,,8,0
1001629,Jormungandr Catechism,1900,2250,kro,36,3
300459,Jormungandr Church Bishop Card,3795000,4455000,kro,2,3
300464,Jormungandr Church Shaman Card,4443500,5216000,kro,11,3
300460,Jormungandr Guardian Card,2576000,3024000,kro,2,3
300466,Jormungandr Sanctuary Cleaner Card,2576000,3024000,kro,2,3
300465,Jormungandr Sanctuary Guardian Card,7221500,8477500,kro,2,3
27261,Ju Card,920000,1080000,kro,2,3
7312,Jubilee,920,1050,kro,51,36
24494,Judex Shadow Armor,2760000,3240000,kro,2,0
24495,Judex Shadow Shield,4784000,5616000,kro,2,0
24496,Judex Shadow Shoes,0,0,,8,0
5371,Judge Hat,0,0,,8,0
23882,Judge Hat SynthesisBox,0,0,,12,3
28765,Judgement Slasher,0,0,,8,0
28777,Judgement Slasher,0,0,,8,0
470027,Juggernaut,0,0,,8,0
470028,Juggernaut,0,0,,8,0
18512,Juho Necktie,0,0,,8,0
12789,Juicy Fruit,0,0,,12,0
11530,Jujube,0,0,,12,0
13000,Jujube Dagger,8250,9700,npc,8,0
11713,Julia's Candy,0,0,,12,0
28010,Juliette D. Rachel,1107500,1300500,estimate,2,0
5335,Jumping Poring,4085000,4795500,ragnastats,2,0
16707,Jumping Poring Box,17,24,npc,12,0
16708,Jumping Poring Box,17,24,npc,12,0
14665,Jung Bi Scroll,0,0,,12,0
13165,Jungle Carbine,46000,54000,npc,8,0
13166,Jungle Carbine,0,0,,8,0
4669,Jungle Mandragora Card,138000,162000,kro,4,0
12237,Junky Chocolate,0,0,,12,0
28537,Juperos Necklace,0,0,,8,0
450294,Jupiter Light Armor-LT,0,0,,8,0
630027,Jupiter Spear,0,0,,8,0
1250,Jur,17500,21000,kro,8,0
1251,Jur,46000,54000,kro,8,0
27202,Jurgen Card,0,0,,6,3
27198,Jurgen Wigner Card,874000,1026000,kro,4,3
840021,Justice Bomber,0,0,,8,0
1001129,Justice of Herosria,0,0,,12,3
23130,Kachua Armor,0,0,,12,0
23129,Kachua Garment,0,0,,12,0
23133,Kachua Helm,0,0,,12,0
23132,Kachua Shield,0,0,,12,0
23131,Kachua Shoes,0,0,,12,0
23128,Kachua Weapon,0,0,,12,0
5020,Kafra Band,0,0,,8,0
23178,Kafra Box,0,0,,12,3
6367,Kafra Coin,0,0,,12,0
6494,Kafra Coin,0,0,,12,0
400413,Kafra Employee Band,0,0,,8,0
11003,Kafra Legend Vol.1,92000000,108000000,kro,4,3
1084,Kafra Pass,1,2,npc,12,0
2640,Kafra Ring,0,0,,8,0
19168,Kafra Staff Headband,188600000,221400000,kro,2,0
450269,Kafra Suit,0,0,,8,0
15186,Kafra Uniform,257600000,302400000,kro,2,0
15105,Kaftan,0,0,,8,0
13077,Kagekiri,0,0,,8,0
24403,Kagerou Shadow Armor,4140000,4860000,kro,4,0
24406,Kagerou Shadow Shoes,0,0,,12,0
25853,Kagerou Stone (Garment),11040000,12960000,kro,4,0
29662,Kagerou Stone (Garment),11040000,12960000,kro,2,0
311914,Kagerou Stone (Lower),21160000,24840000,kro,2,0
1001161,Kagerou Stone (Lower),21160000,24840000,kro,4,0
311913,Kagerou Stone (Middle),23920000,28080000,kro,2,0
1001160,Kagerou Stone (Middle),23920000,28080000,kro,4,0
311912,Kagerou Stone (Upper),34960000,41040000,kro,2,0
1001159,Kagerou Stone (Upper),34960000,41040000,kro,4,0
22984,Kahluna Milk,3300,3900,ragnastats,12,0
4065,Kaho Card,552000,648000,kro,4,3
1813,Kaiser Knuckle,92000,108000,ragnastats,4,0
2169,Kalasag,483000,567000,estimate,4,0
13009,Kamaitachi,18000,21500,ragnastats,8,0
11528,Kanafeh,0,0,,12,0
2388,Kandura,427000,501500,estimate,7,0
420389,Kankrai,0,0,,8,0
18882,Kannam On Head,0,0,,8,0
7742,Kaong,36500,43000,estimate,12,0
4287,Kapha Card,12500,14500,ragnastats,6,3
11508,Karada Meguricha,0,0,,12,0
5426,Karada Meguricha Hat,0,0,,8,0
4286,Karakasa Card,166500,195500,ragnastats,4,3
410332,Karasu Tengu Mask,0,0,,8,0
410333,Karasu Tengu Mask,0,0,,8,0
5966,Kardui Ear,0,0,,8,0
19252,Kardui Ears,0,0,,8,0
15169,Kardui Robe,0,0,,8,0
26176,Karlite Staff,0,0,,8,0
972,Karvodailnirol,11000,12500,kro,76,6
4431,Kasa Card,276000,324000,kro,4,3
12628,Kasa Scroll,0,0,,12,0
17005,Kasa Scroll Box10,0,0,,12,0
17004,Kasa Scroll Box5,0,0,,12,0
2572,Katabart Sholder,0,0,,8,0
1116,Katana,1800,2150,kro,8,0
1117,Katana,9200,10500,kro,8,0
1118,Katana,1334000,1566000,kro,2,0
1252,Katar,37500,44000,kro,8,0
1253,Katar,92000,108000,kro,4,0
28020,Katar of Evil,0,0,,8,0
1256,Katar of Frozen Icicle,138000,162000,kro,4,0
1275,Katar of Frozen Icicle,92000,108000,kro,4,0
1259,Katar of Piercing Wind,37000,43500,npc,8,0
1278,Katar of Piercing Wind,37000,43500,npc,8,0
1257,Katar of Quaking,37000,43500,npc,8,0
1276,Katar of Quaking,37000,43500,npc,8,0
1258,Katar of Raging Blaze,37000,43500,npc,11,0
1277,Katar of Raging Blaze,37000,43500,npc,8,0
28039,Katar of Shiver,1840000,2160000,kro,2,0
24541,Katar Shadow Earring,3751500,4404000,kro,2,0
24540,Katar Shadow Pendant,4600000,5400000,kro,2,0
24539,Katar Shadow Weapon,2760000,3240000,kro,2,0
27393,Kathryn Card,0,0,,6,3
27394,Kathryn Wigner Card,2944000,3456000,kro,2,3
4366,Kathryne Keyron Card,31019500,36414000,kro,3,3
1170,Katzbalger,111000,130500,ragnastats,4,0
4351,Kavach Icarus Card,6571000,7714000,ragnastats,2,3
300716,Kaya Toss Card,0,0,,6,3
7404,Ke-60,0,0,,12,0
7401,Kemerdekaan,0,0,,12,0
490282,Kenshi Gauntlet,0,0,,8,0
28503,Keraunos,0,0,,8,0
13067,Keris,0,0,,8,0
6404,Keris Hilt,0,0,,12,3
5291,Kettle Hat,0,0,,8,0
16709,Kettle Hat Box,0,0,,12,0
16710,Kettle Hat Box,0,0,,12,0
552,Ketupat,0,0,,12,0
11704,Ketupat,0,0,,12,0
583,Ketupat Sayur,0,0,,12,0
7026,Key of Clock Tower,7550,8900,ragnastats,36,6
7483,Key of the Seal,0,0,,12,0
7027,Key of Underground,13500,16000,kro,54,18
15272,Khalitzburg Armor,0,0,,8,0
4136,Khalitzburg Card,690000,810000,kro,32,3
15191,Khalitzburg Knight Armor,0,0,,8,0
15281,Khalitzburg Knight Armor,0,0,,8,0
400750,Khalitzburg Knight Blue Helm,0,0,,8,0
4609,Khalitzburg Knight Card,1656000,1944000,kro,2,3
400454,Khalitzburg Knight White Helm,0,0,,8,0
420390,Khon,0,0,,8,0
13006,Khukri,37500,44000,ragnastats,11,0
27013,Kick & Kick Card,1702000,1998000,kro,2,3
27012,Kick Step Card,2576000,3024000,kro,2,3
4403,Kiel-D-01 Card,107466000,126155500,estimate,2,0
9126,Kiel-D-01 Egg,828000000,972000000,kro,4,0
4301,Killer Mantis Card,460000,540000,kro,4,3
2978,Kind Heart,230000,270000,kro,4,0
18860,Kindergartener's Hat,0,0,,8,0
1247,Kindle Dagger,8250,9700,npc,8,0
4524,King Dramoh Card,552000,648000,kro,4,3
6903,King Earthworm,0,0,,12,3
6902,King Lobster,0,0,,12,3
490590,King Of Elemental Ring,0,0,,8,0
19426,King Of Spirit Circlet,0,0,,8,0
20774,King of Void's Garment,0,0,,8,0
18785,King Poring Hat,0,0,,8,0
18554,King Prawn Hat,0,0,,8,0
32233,King Schmidt's Celestial Insignia,644000,756000,kro,4,0
32229,King Schmidt's Divine Power Insignia,920000,1080000,kro,2,0
32232,King Schmidt's Flash Insignia,736000,864000,kro,4,0
32230,King Schmidt's Hundred Lucks Insignia,276000,324000,kro,4,0
15389,King Schmidt's Manteau,92000,108000,kro,4,0
32228,King Schmidt's Power Insignia,27600000,32400000,kro,2,0
32231,King Schmidt's Rigid Body Insignia,1380000,1620000,kro,2,0
15388,King Schmidt's Suit,55000,64500,kro,8,0
28927,King's Guard,0,0,,8,0
15386,King's Mail,0,0,,8,0
6521,King's Mark,368000,432000,kro,7,3
6522,King's Mark,368000,432000,kro,7,3
24401,Kingbird Ancient Shadow Armor,0,0,,12,0
24745,Kingbird Ancient Shadow Weapon,0,0,,8,0
24031,Kingbird's Shadow Weapon,1380000,1620000,kro,4,0
23668,KingbirdAncient Mix,0,0,,12,0
15849,Kintaro's Bracelet (OSM),0,0,,8,0
28764,Kiri no Tsuyu,0,0,,8,0
100400,Kiri no Tsuyu Remodeling Cube,0,0,,12,0
510060,Kiri no Tsuyu-LT,0,0,,8,0
15103,Kirin Armor,0,0,,8,0
28501,Kirin Horn,0,0,,8,0
20707,Kirin Wing,0,0,,8,0
20812,Kirin Wing,0,0,,8,0
1229,Kitchen Knife,9108000,10692000,kro,2,0
5069,Kitsune Mask,1242000,1458000,ragnastats,2,0
2213,Kitty Band,9200,10500,kro,34,0
400597,Kiwawa Cowboy,0,0,,8,0
1001247,Kkopo Eggshell Fragment,6150,7200,kro,12,3
13499,Kladenets,0,0,,8,0
1201,Knife,42,58,kro,22,0
1202,Knife,92000,108000,kro,4,0
1203,Knife,92000,108000,kro,4,0
9032,Knife Goblin Egg,3128500,3672500,ragnastats,4,0
16249,Knight Gift Box,0,0,,12,0
27184,Knight Sakray Card,7820000,9180000,kro,2,3
24269,Knight Shadow Armor,7268000,8532000,kro,4,0
24256,Knight Shadow Shoes,6440000,7560000,kro,4,0
1000934,Knight's Badge,0,0,,12,3
470247,Knight's Boots of Midgard,0,0,,8,0
400619,Knight's Helm,0,0,,8,0
6209,Knight's Honor,0,0,,12,0
18942,Knit Cap of Water,0,0,,8,0
4434,Knocker Card,358500,421000,kro,4,3
25629,Knotted Letter,138000,162000,kro,7,0
310911,Knowledge of Wise Man,0,0,,6,0
2933,Knowledgeable Amulet,0,0,,8,0
1803,Knuckle Dusters,20500,24000,npc,8,0
1804,Knuckle Dusters,20500,24000,npc,8,0
1872,Knuckle of Infinite,0,0,,8,0
24482,Knuckle Shadow Armor,2300000,2700000,kro,2,0
24483,Knuckle Shadow Shield,4140000,4860000,kro,2,0
24484,Knuckle Shadow Shoes,598000,702000,kro,4,0
4292,Kobold Archer Card,460000,540000,kro,22,3
4091,Kobold Card,542500,637000,kro,5,3
4291,Kobold Leader Card,365500,429000,ragnastats,4,3
1000880,Kofte,0,0,,12,0
21008,Kogarasumaru,0,0,,8,0
663,Korean Rice Cake,9200,10500,kro,12,3
100083,Korean Style Apple Hair Box (Middle),0,0,,12,0
2632,Korean Trinket,0,0,,8,0
16668,Kotak Ketupat Warna Warni,0,0,,12,0
4295,Kraben Card,459000,538500,kro,4,3
420391,Kradat,0,0,,8,0
4525,Kraken Card,106891500,125481500,estimate,2,0
1189,Krasnaya,1352000,1587500,ragnastats,2,0
7302,Krathong,0,0,,12,0
13046,Krierg,367500,431500,kro,4,0
1284,Krishna,138000,162000,kro,7,0
13088,Krishnagar,0,0,,8,0
1001043,Kritura Academy Doll,450500,529000,kro,7,3
27330,Kronecker Card,0,0,,6,3
27331,Kronecker G. Heine Card,1380000,1620000,kro,2,3
300453,Kronecker Granz Heine (Sign Stamp) Card,0,0,,6,3
15856,Kronika's Orb (OSM),0,0,,8,0
15835,Kronika's Speller (Phy.),0,0,,8,0
15850,Kronika's Speller Mag (OSM),0,0,,8,0
2004,Kronos,115000,135000,kro,4,0
470312,Kshatra Vairya,0,0,,8,0
4419,Ktullanux Card,230000000,270000000,kro,2,0
25300,Ktullanux Eye,1,2,npc,12,18
12800,Ktullanux Scroll,0,0,,12,0
15831,Kuken's Hat,0,0,,8,0
4027,Kukre Card,113500,133000,kro,4,3
480015,Kukulkan Feather,0,0,,8,0
450017,Kukulkan Skin,0,0,,8,0
400017,Kukulkan Skull,0,0,,8,0
490023,Kukulkan's Tooth,0,0,,8,0
12362,Kuloren,17,24,npc,12,3
1220001,Kunai,25,35,npc,12,0
1220004,Kunai Of Hamaya,25,35,npc,12,0
1220002,Kunai Of Nothing,25,35,npc,12,0
1220003,Kunai Of Shadow,25,35,npc,12,0
23081,Kunai Scroll of Flame,0,0,,12,0
23082,Kunai Scroll of Icicle,0,0,,12,0
23085,Kunai Scroll of Poison,0,0,,12,0
23084,Kunai Scroll of Sand,0,0,,12,0
23083,Kunai Scroll of Storm,0,0,,12,0
24624,Kunai Shadow Armor,0,0,,8,0
24623,Kunai Shadow Shield,2944000,3456000,kro,2,0
24622,Kunai Shadow Weapon,2760000,3240000,kro,2,0
1270125,Kunai Shuriken Shadow Armor,690000,810000,kro,4,0
1270126,Kunai Shuriken Shadow Shoes,920000,1080000,kro,2,0
101112,Kunai Summon Scroll,0,0,,12,0
300618,Kung Fu Panda Card,73600000,86400000,kro,2,3
15879,Kung Jin's Headpiece (OSM),0,0,,8,0
15421,Kuraokami's Feather Robe,0,0,,8,0
13075,Kurenai,4100,4850,npc,8,0
12599,Kurma,0,0,,12,0
27257,Kuro Akuma Card,3312000,3888000,kro,2,3
28755,Kuroiro-OS,0,0,,8,0
510066,Kuroiro-OSAD,0,0,,8,0
2951,Kvasir Ring Blue,0,0,,8,0
2954,Kvasir Ring Brown,0,0,,8,0
2953,Kvasir Ring Green,0,0,,8,0
2952,Kvasir Ring Red,0,0,,8,0
12233,Kvass,0,0,,12,0
6376,KVM Badge,1,2,npc,12,0
11017,KVM Reward Items Catalog,0,0,,12,0
29057,Kyrie,0,0,,6,0
25072,Kyrie Stone (Lower),17480000,20520000,kro,4,0
1646,La'cryma Stick,138000,162000,kro,7,0
2657,Laboratory Permit,3024500,3551000,ragnastats,7,0
27031,Labyrinth Baphomet Card,0,0,,6,0
300420,Labyrinth Berzebub Card,0,0,,6,0
27301,Labyrinth Doppelganger Card,0,0,,6,0
27032,Labyrinth Dracula Card,0,0,,6,0
100423,Labyrinth Refine Box,828000,972000,kro,7,0
4394,Lady Solace Card,230000,270000,kro,22,3
4376,Lady Tanee Card,92000000,108000000,kro,2,0
300590,Lalaila Nazar Wigner Card,0,0,,6,3
1001842,Lalaila Nazar Wigner Card Fragment,0,0,,12,3
6958,Lamb Horns,8,12,npc,12,0
22051,Lamor Shoes,4140000,4860000,kro,2,0
7191,Lamp,1,2,npc,12,3
1410,Lance,49500,58000,npc,8,0
1411,Lance,26000,31000,ragnastats,8,0
1412,Lance,26000,31000,sibling,8,0
26006,Lance of Evil,0,0,,8,0
7747,Langka,37000,43500,estimate,12,0
1041,Lantern,7350,8600,kro,36,36
2666,Lantern of Hope,0,0,,8,0
1649,Laphine Staff,71500,84500,ragnastats,11,0
1679,Laphine Staff,71500,84500,sibling,8,0
23150,Lapine Big Box,4140000,4860000,kro,4,0
100623,Lapine Box (Shadow),0,0,,12,3
470086,Lapine Prayer Shoes,0,0,,8,0
2198,Lapine Shield,0,0,,8,0
100109,Lapine Thump Box II,9200000,10800000,kro,4,3
6255,Large Cookpot,530,715,npc,12,3
25765,Large Dragon Bone,276000,324000,kro,22,9
12326,Large Firecracker,83500,98000,estimate,12,0
1686,Large Foxtail Staff,18000,21000,estimate,8,0
1001244,Large Gray Feather,7500,8850,kro,12,3
5311,Large Hisbiscus,0,0,,8,0
7126,Large Jellopy,2150,2550,ragnastats,51,36
100179,Large Madogear Fuel Tank,0,0,,12,0
5889,Large Orc Hero Helm,0,0,,8,0
24072,Large Shadow Armor,0,0,,12,0
24075,Large Shadow Weapon,0,0,,12,0
6790,Large Stone (Upper),0,0,,6,0
1001245,Large White Feather,3450,4100,kro,12,3
1962,Lariat Whip,18000,21500,ragnastats,22,0
19111,Laser of Eagle,0,0,,8,0
810027,Last Dawn,0,0,,8,0
312814,Latent Awakening (Adoramus I),0,0,,6,0
312811,Latent Awakening (Aimed Bolt I),0,0,,6,0
313302,Latent Awakening (Aimed Bolt II),0,0,,6,0
313306,Latent Awakening (Anti-Material Blast I),0,0,,6,0
310959,Latent Awakening (Arm Cannon),0,0,,6,0
313298,Latent Awakening (Arms Cannon II),0,0,,6,0
310949,Latent Awakening (Arrow Storm II),0,0,,6,0
313301,Latent Awakening (Arrow Storm III),0,0,,6,0
310948,Latent Awakening (Arrow Storm),0,0,,6,0
313300,Latent Awakening (Axe Boomerang II),0,0,,6,0
313299,Latent Awakening (Axe Tornado II),0,0,,6,0
310971,Latent Awakening (Banishing Buster),0,0,,6,0
312815,Latent Awakening (Cannon Spear I),0,0,,6,0
310962,Latent Awakening (Cart Cannon I),0,0,,6,0
312821,Latent Awakening (Cart Tornado I),0,0,,6,0
310981,Latent Awakening (Catnip Meteor I),0,0,,6,0
313290,Latent Awakening (Counter Slash I),0,0,,6,0
310961,Latent Awakening (Crazy Weed),0,0,,6,0
313319,Latent Awakening (Crimson Rock II),0,0,,6,0
310964,Latent Awakening (Cross Ripper Slasher I),0,0,,6,0
310968,Latent Awakening (Cross Slash I),0,0,,6,0
313293,Latent Awakening (Cross Slash II),0,0,,6,0
313315,Latent Awakening (Curse Explosion II),0,0,,6,0
313291,Latent Awakening (Dark Claw I),0,0,,6,0
313311,Latent Awakening (Diamond Dust I),0,0,,6,0
313289,Latent Awakening (Duple Light I),0,0,,6,0
310941,Latent Awakening (Earth Drive I),0,0,,6,0
313312,Latent Awakening (Earth Grave I),0,0,,6,0
312808,Latent Awakening (Earth Strain I),0,0,,6,0
310976,Latent Awakening (Esha),0,0,,6,0
313313,Latent Awakening (Espa II),0,0,,6,0
313314,Latent Awakening (Eswoo II),0,0,,6,0
312826,Latent Awakening (Falling Stars I),0,0,,6,0
310966,Latent Awakening (Fatal Menace I),0,0,,6,0
313308,Latent Awakening (Fire Rain II),0,0,,6,0
310975,Latent Awakening (Full Moon Kick II),0,0,,6,0
310973,Latent Awakening (Full Moon Kick),0,0,,6,0
313305,Latent Awakening (Hammer of God I),0,0,,6,0
312810,Latent Awakening (Hell Inferno I),0,0,,6,0
310957,Latent Awakening (Howling of Lion),0,0,,6,0
313303,Latent Awakening (Ignition Break III),0,0,,6,0
310954,Latent Awakening (Ignition Break),0,0,,6,0
312809,Latent Awakening (Jack Frost II),0,0,,6,0
310942,Latent Awakening (Jack Frost),0,0,,6,0
310953,Latent Awakening (Judex II),0,0,,6,0
310952,Latent Awakening (Judex),0,0,,6,0
312824,Latent Awakening (Lightning Bullet I),0,0,,6,0
313316,Latent Awakening (Lion's Howl II),0,0,,6,0
312820,Latent Awakening (Metallic Sound I),0,0,,6,0
312813,Latent Awakening (Power Swing I),0,0,,6,0
312816,Latent Awakening (Ray of Genesis I),0,0,,6,0
313296,Latent Awakening (Ray of Genesis II),0,0,,6,0
313292,Latent Awakening (Rolling Cutter II),0,0,,6,0
313307,Latent Awakening (Round Trip II),0,0,,6,0
313297,Latent Awakening (Severe Rainstorm III),0,0,,6,0
310950,Latent Awakening (Severe Rainstorm),0,0,,6,0
312817,Latent Awakening (Shield Press I),0,0,,6,0
313295,Latent Awakening (Shield Press II),0,0,,6,0
310980,Latent Awakening (Silvervine Stem Spear I),0,0,,6,0
313317,Latent Awakening (Sky Blow II),0,0,,6,0
313304,Latent Awakening (Slug Shot I),0,0,,6,0
310974,Latent Awakening (Solar Burst I),0,0,,6,0
310956,Latent Awakening (Sonic Wave I),0,0,,6,0
313318,Latent Awakening (Soul Expansion II),0,0,,6,0
312819,Latent Awakening (Spellfist I),0,0,,6,0
312830,Latent Awakening (Spirit of Savage II),0,0,,6,0
310979,Latent Awakening (Spirit of Savage),0,0,,6,0
312822,Latent Awakening (Spore Explosion I),0,0,,6,0
310944,Latent Awakening (Summon Ventus),0,0,,6,0
310967,Latent Awakening (Swirling Petal I),0,0,,6,0
313294,Latent Awakening (Swirling Petal II),0,0,,6,0
310965,Latent Awakening (Triangle Shot I),0,0,,6,0
313309,Latent Awakening (Triangle Shot II),0,0,,6,0
310978,Latent Awakening (Tuna Belly),0,0,,6,0
312818,Latent Awakening (Vanishing Point I),0,0,,6,0
310947,Latent Awakening (Varetyr Spear I),0,0,,6,0
313310,Latent Awakening (Varetyr Spear II),0,0,,6,0
311892,Latent Release (Abyss Chaser I),0,0,,6,0
312033,Latent Release (Abyss Chaser II),0,0,,6,0
312397,Latent Release (Abyss Chaser III),0,0,,6,0
312647,Latent Release (Abyss Chaser IV),0,0,,6,0
313271,Latent Release (Abyss Chaser IX),0,0,,6,0
312930,Latent Release (Abyss Chaser V),0,0,,6,0
312931,Latent Release (Abyss Chaser VI),0,0,,6,0
313269,Latent Release (Abyss Chaser VII),0,0,,6,0
313270,Latent Release (Abyss Chaser VIII),0,0,,6,0
312836,Latent Release (Archbishop II),0,0,,6,0
310313,Latent Release (Archbishop),0,0,,6,0
311891,Latent Release (Archmage I),0,0,,6,0
312031,Latent Release (Archmage II),0,0,,6,0
312473,Latent Release (Archmage III),0,0,,6,0
312927,Latent Release (Archmage IV),0,0,,6,0
312928,Latent Release (Archmage V),0,0,,6,0
313448,Latent Release (Archmage X),0,0,,6,0
311902,Latent Release (Biolo I),0,0,,6,0
312043,Latent Release (Biolo II),0,0,,6,0
312301,Latent Release (Biolo III),0,0,,6,0
312955,Latent Release (Biolo IV),0,0,,6,0
311897,Latent Release (Cardinal I),0,0,,6,0
312038,Latent Release (Cardinal II),0,0,,6,0
312304,Latent Release (Cardinal III),0,0,,6,0
312645,Latent Release (Cardinal IV),0,0,,6,0
312691,Latent Release (Cardinal V),0,0,,6,0
312944,Latent Release (Cardinal VI),0,0,,6,0
312945,Latent Release (Cardinal VII),0,0,,6,0
311899,Latent Release (Dragon Knight I),0,0,,6,0
312040,Latent Release (Dragon Knight II),0,0,,6,0
312300,Latent Release (Dragon Knight III),0,0,,6,0
312474,Latent Release (Dragon Knight IV),0,0,,6,0
312949,Latent Release (Dragon Knight V),0,0,,6,0
313272,Latent Release (Dragon Knight VII),0,0,,6,0
313446,Latent Release (Dragon Knight X),0,0,,6,0
313447,Latent Release (Dragon Knight XI),0,0,,6,0
311896,Latent Release (Elemental Master I),0,0,,6,0
312037,Latent Release (Elemental Master II),0,0,,6,0
312303,Latent Release (Elemental Master III),0,0,,6,0
312941,Latent Release (Elemental Master IV),0,0,,6,0
312942,Latent Release (Elemental Master V),0,0,,6,0
313268,Latent Release (Elemental Master VII),0,0,,6,0
312840,Latent Release (Genetic II),0,0,,6,0
310317,Latent Release (Genetic),0,0,,6,0
312835,Latent Release (Guillotine Cross II),0,0,,6,0
310332,Latent Release (Guillotine Cross),0,0,,6,0
312960,Latent Release (Hyper Novice II),0,0,,6,0
312961,Latent Release (Hyper Novice III),0,0,,6,0
312962,Latent Release (Hyper Novice IV),0,0,,6,0
313273,Latent Release (Hyper Novice V),0,0,,6,0
313274,Latent Release (Hyper Novice VI),0,0,,6,0
313275,Latent Release (Hyper Novice VII),0,0,,6,0
313276,Latent Release (Hyper Novice VIII),0,0,,6,0
311894,Latent Release (Imperial Guard I),0,0,,6,0
312035,Latent Release (Imperial Guard II),0,0,,6,0
312935,Latent Release (Imperial Guard IV),0,0,,6,0
312936,Latent Release (Imperial Guard V),0,0,,6,0
312937,Latent Release (Imperial Guard VI),0,0,,6,0
313277,Latent Release (Imperial Guard VII),0,0,,6,0
313278,Latent Release (Imperial Guard VIII),0,0,,6,0
313460,Latent Release (Imperial Guard XI),0,0,,6,0
311893,Latent Release (Inquisitor I),0,0,,6,0
312034,Latent Release (Inquisitor II),0,0,,6,0
312932,Latent Release (Inquisitor III),0,0,,6,0
312933,Latent Release (Inquisitor IV),0,0,,6,0
313279,Latent Release (Inquisitor VI),0,0,,6,0
312845,Latent Release (Kagerou & Oboro I),0,0,,6,0
27405,Latent Release (Kagerou),0,0,,6,0
312834,Latent Release (Mechanic II),0,0,,6,0
310316,Latent Release (Mechanic),0,0,,6,0
311903,Latent Release (Meister I),0,0,,6,0
312958,Latent Release (Meister III),0,0,,6,0
312959,Latent Release (Meister IV),0,0,,6,0
312978,Latent Release (Meister V),0,0,,6,0
313280,Latent Release (Meister VII),0,0,,6,0
313281,Latent Release (Meister VIII),0,0,,6,0
313454,Latent Release (Meister XII),0,0,,6,0
312839,Latent Release (Minstrel & Wanderer I),0,0,,6,0
310333,Latent Release (Minstrel),0,0,,6,0
312969,Latent Release (Night Watch II),0,0,,6,0
312970,Latent Release (Night Watch III),0,0,,6,0
312971,Latent Release (Night Watch IV),0,0,,6,0
313476,Latent Release (Night Watch IX),0,0,,6,0
27406,Latent Release (Oboro),0,0,,6,0
312833,Latent Release (Ranger II),0,0,,6,0
310334,Latent Release (Ranger),0,0,,6,0
312846,Latent Release (Rebellion II),0,0,,6,0
27407,Latent Release (Rebellion),0,0,,6,0
312837,Latent Release (Royal Guard II),0,0,,6,0
310311,Latent Release (Royal Guard),0,0,,6,0
312831,Latent Release (Rune Knight II),0,0,,6,0
310310,Latent Release (Rune Knight),0,0,,6,0
312841,Latent Release (Shadow Chaser II),0,0,,6,0
310315,Latent Release (Shadow Chaser),0,0,,6,0
311898,Latent Release (Shadow Cross I),0,0,,6,0
312039,Latent Release (Shadow Cross II),0,0,,6,0
312396,Latent Release (Shadow Cross III),0,0,,6,0
312947,Latent Release (Shadow Cross IV),0,0,,6,0
312948,Latent Release (Shadow Cross V),0,0,,6,0
313283,Latent Release (Shadow Cross VI),0,0,,6,0
313284,Latent Release (Shadow Cross VII),0,0,,6,0
312972,Latent Release (Shinkiro & Shiranui II),0,0,,6,0
312973,Latent Release (Shinkiro & Shiranui III),0,0,,6,0
312974,Latent Release (Shinkiro & Shiranui IV),0,0,,6,0
313287,Latent Release (Shinkiro & Shiranui VI),0,0,,6,0
312842,Latent Release (Shura II),0,0,,6,0
313286,Latent Release (Sky Emperor VI),0,0,,6,0
312838,Latent Release (Sorcerer II),0,0,,6,0
310312,Latent Release (Sorcerer),0,0,,6,0
313267,Latent Release (Soul Ascetic VI),0,0,,6,0
312844,Latent Release (Soul Reaper II),0,0,,6,0
27404,Latent Release (Soul Reaper),0,0,,6,0
312975,Latent Release (Spirit Handler II),0,0,,6,0
313330,Latent Release (Spirit Handler IX),0,0,,6,0
313282,Latent Release (Spirit Handler VII),0,0,,6,0
313321,Latent Release (Spirit Handler VIII),0,0,,6,0
312843,Latent Release (Star Emperor II),0,0,,6,0
27403,Latent Release (Star Emperor),0,0,,6,0
312847,Latent Release (Summoner II),0,0,,6,0
27402,Latent Release (Summoner),0,0,,6,0
310314,Latent Release (Sura),0,0,,6,0
312951,Latent Release (Troubadour & Trouvelle II),0,0,,6,0
312952,Latent Release (Troubadour & Trouvelle III),0,0,,6,0
313288,Latent Release (Troubadour & Trouvere VI),0,0,,6,0
311900,Latent Release (Troubadour I),0,0,,6,0
311901,Latent Release (Trouvere I),0,0,,6,0
310335,Latent Release (Wanderer),0,0,,6,0
312832,Latent Release (Warlock II),0,0,,6,0
310331,Latent Release (Warlock),0,0,,6,0
311895,Latent Release (Wind Hawk I),0,0,,6,0
312036,Latent Release (Windhawk II),0,0,,6,0
312646,Latent Release (Windhawk III),0,0,,6,0
312938,Latent Release (Windhawk V),0,0,,6,0
312939,Latent Release (Windhawk VI),0,0,,6,0
313346,Latent Release (Windhawk VIII),0,0,,6,0
300592,Laura Valdaris Card,920000000,1080000000,kro,2,3
1001844,Laura Valdaris Card Fragment,18400000,21600000,kro,4,3
5185,Laurel Wreath,41000,48500,ragnastats,8,0
4350,Laurell Weinder Card,102000,120000,kro,5,3
7096,Lava,8700,10000,kro,36,18
23815,Lava Essence,92000,108000,kro,7,0
4184,Lava Golem Card,128000,150500,ragnastats,22,3
15378,Lava Leather Armor,552000,648000,kro,4,0
22199,Lava Leather Boots,167500,196500,estimate,4,0
20937,Lava Leather Hood,87000,102500,kro,8,0
20935,Lava Leather Manteau,119500,140000,kro,4,0
20936,Lava Leather Muffler,92000,108000,kro,4,0
15380,Lava Leather Robe,690000,810000,kro,4,0
22201,Lava Leather Sandals,213500,250500,estimate,4,0
22200,Lava Leather Shoes,450500,529000,kro,4,0
15379,Lava Leather Suit,598000,702000,kro,4,0
300216,Lava Toad Card,874000,1026000,kro,4,3
300258,Lavaeter Card,625500,734000,kro,4,3
5084,Lazy Smokie,69000,81000,ragnastats,8,0
1000680,Lead,4200,4950,kro,36,3
28583,Leaf Amulet,0,0,,8,0
6560,Leaf Bookmark,2750,3200,npc,12,36
4195,Leaf Cat Card,1978000,2322000,kro,2,3
9041,Leaf Cat Egg,368000,432000,kro,7,0
4663,Leaf Lunatic Card,1840000,2160000,kro,2,0
9094,Leaf Lunatic Egg,23000000,27000000,kro,4,0
1001450,Leaf of Maple Tree,3314000,3890500,kro,4,3
15269,Leaf Robe,0,0,,8,0
25637,Leaf-like Hair,58000,68500,estimate,12,6
300634,Leafeing Card,0,0,,6,3
4520,Leak Card,73600000,86400000,kro,2,0
7042,Leather Bag of Infinity,0,0,,12,0
15255,Leather Jacket,0,0,,8,0
2544,Leather of Tendrilion,83000,97500,ragnastats,8,0
6068,Leather Rabbit,29500,34500,estimate,12,0
7744,Leche Flan,39000,45500,estimate,12,0
1565,Ledger of Death,920000,1080000,kro,3,0
300601,Lee Card,685400000,804600000,kro,2,3
1001853,Lee Card Fragment,18400000,21600000,kro,4,3
12718,Leech End,10000,12000,ragnastats,12,3
18678,Leek In Mouth,0,0,,8,0
1559,Legacy of Dragon,23000,27000,ragnastats,11,0
1589,Legacy of Dragon,23000,27000,sibling,8,0
400287,Legacy of Wise One,0,0,,8,0
1001226,Legan's Advanced Magic Core,0,0,,12,3
17435,Legend Hero Lucky Egg,0,0,,12,0
7328,Legend of Songkran,0,0,,12,0
6834,Legendary Fur,8,12,npc,12,0
1002134,Legendary Fur,0,0,,12,0
6835,Legendary Mane,8,12,npc,12,0
2341,Legion Plate Armor,77500,91000,npc,8,0
2342,Legion Plate Armor,84500,99500,npc,11,0
5782,Legionaire Helm,0,0,,8,0
5418,Legionnaire Hat,0,0,,8,0
2474,Lehmannza Shoes,0,0,,8,0
4188,Leib Olmai Card,3220000,3780000,kro,2,3
300496,Leizi Card,0,0,,6,3
568,Lemon,360,490,ragnastats,51,36
976,Lemon Dyestuffs,181500,213000,ragnastats,46,3
100823,Lens Craft Stone,0,0,,12,0
4967,Leo,0,0,,6,0
5588,Leo Crown,2760000,3240000,ragnastats,2,0
19447,Leo Crown,2760000,3240000,sibling,2,0
16343,Leo Crown Box,0,0,,12,0
5589,Leo Diadem,0,0,,8,0
16344,Leo Diadem Box,0,0,,12,0
16098,Leo Mace,0,0,,8,0
15408,Leo Mail,0,0,,8,0
20951,Leo Manteau,0,0,,8,0
32247,Leo Ring,0,0,,8,0
16664,Leo Scroll,0,0,,12,0
17140,Leo Scroll,0,0,,12,0
17127,Leo Scroll2,0,0,,12,0
22213,Leo Shoes,0,0,,8,0
29148,Leo Stone,4600000,5400000,kro,2,0
7172,Leopard Claw,795,1050,ragnastats,51,18
7171,Leopard Skin,495,670,ragnastats,36,18
27158,Les Card,432500,507500,estimate,4,3
6497,Lesser Agimat,17,24,npc,12,3
2680,Lesser Elemental Ring,598000,702000,kro,4,0
26147,Lesser Guild Member's Arc Wand,0,0,,8,0
22147,Lesser Guild Member's Boots,0,0,,8,0
1329,Lesser Guild Member's Cleaver,0,0,,8,0
21044,Lesser Guild Member's Craymore,0,0,,8,0
2052,Lesser Guild Member's Destruction Staff,0,0,,8,0
1859,Lesser Guild Member's Fist,0,0,,8,0
13490,Lesser Guild Member's Flamberge,0,0,,8,0
28751,Lesser Guild Member's Gladius,0,0,,8,0
22148,Lesser Guild Member's Greaves,0,0,,8,0
32103,Lesser Guild Member's Guitar,0,0,,8,0
26146,Lesser Guild Member's Healing Staff,0,0,,8,0
18175,Lesser Guild Member's Hunter Bow,0,0,,8,0
650000,Lesser Guild Member's Huuma Shuriken,0,0,,8,0
28036,Lesser Guild Member's Jamadhar,0,0,,8,0
26019,Lesser Guild Member's Lance,0,0,,8,0
26210,Lesser Guild Member's Lariat,0,0,,8,0
20864,Lesser Guild Member's Manteau,0,0,,8,0
16085,Lesser Guild Member's Morning Star,0,0,,8,0
20865,Lesser Guild Member's Muffler,0,0,,8,0
32015,Lesser Guild Member's Pike,0,0,,8,0
15218,Lesser Guild Member's Plate,0,0,,8,0
15216,Lesser Guild Member's Robe,0,0,,8,0
22146,Lesser Guild Member's Shoes,0,0,,8,0
15217,Lesser Guild Member's Suit,0,0,,8,0
28133,Lesser Guild Member's Two-Handed Axe,0,0,,8,0
15234,Lesser Kingdom Suits,0,0,,8,0
300367,Lesser Rgan Card,3128000,3672000,kro,2,3
300482,Lesser Rune Card,0,0,,6,0
29190,Lethal Angel (Physical),0,0,,6,0
29699,Lethal Beast (Magic),0,0,,6,0
29184,Lethal Beast (Physical),0,0,,6,0
29188,Lethal Demon (Physical),0,0,,6,0
29191,Lethal Dragon (Physical),0,0,,6,0
29187,Lethal Fish (Physical),0,0,,6,0
29698,Lethal Frame (Magic),0,0,,6,0
29182,Lethal Frame (Physical),0,0,,6,0
29700,Lethal Human (Magic),0,0,,6,0
29189,Lethal Human (Physical),0,0,,6,0
29186,Lethal Insect (Physical),0,0,,6,0
29185,Lethal Plant (Physical),0,0,,6,0
29183,Lethal Undead (Physical),0,0,,6,0
470062,Lethargy Thoughtform Shoes,0,0,,8,0
470063,Lethargy Thoughtform Shoes,0,0,,8,0
7183,Letter from Sister,0,0,,27,0
6062,Letter Moon Cake,21500,25500,estimate,12,0
6063,Letter Moon Cake,19500,23000,estimate,12,0
6064,Letter Moon Cake,17500,21000,estimate,12,0
6065,Letter Moon Cake,12000,14000,estimate,12,0
6066,Letter Moon Cake,12000,14000,estimate,12,0
6067,Letter Moon Cake,21000,24500,estimate,12,0
7278,Letter to Wife,0,0,,12,0
7589,Lettered Moon Snack 01,0,0,,12,0
7590,Lettered Moon Snack 02,0,0,,12,0
7591,Lettered Moon Snack 03,0,0,,12,0
7592,Lettered Moon Snack 04,0,0,,12,0
7593,Lettered Moon Snack 05,0,0,,12,0
300509,Letterster Card,3220000,3780000,kro,2,3
20750,Levain Manteau,6854000,8046000,kro,2,0
2194,Levain Shield,8280000,9720000,kro,2,0
22063,Levain Shoes,7360000,8640000,kro,2,0
7472,Level 1 Cookbook,635,860,ragnastats,12,3
696,Level 1 Fire Ball,940,1100,ragnastats,12,3
698,Level 1 Fire Wall,985,1150,ragnastats,12,3
700,Level 1 Frost Diver,430,580,ragnastats,36,3
12003,Level 1 Teleport,0,0,,12,3
7481,Level 10 Cookbook,5520000,6480000,kro,4,3
100080,Level 10 Dishes,0,0,,12,0
490287,Level 2 Clip,0,0,,8,0
7473,Level 2 Cookbook,635,860,npc,12,3
410209,Level 2 Glasses,0,0,,8,0
400360,Level 2 Hat,0,0,,8,0
480250,Level 2 Hood,0,0,,8,0
470179,Level 2 Sandals,0,0,,8,0
460049,Level 2 Shield,0,0,,8,0
450250,Level 2 Shirt,0,0,,8,0
688,Level 3 Cold Bolt,960,1100,ragnastats,36,3
7474,Level 3 Cookbook,635,860,ragnastats,12,3
686,Level 3 Earth Spike,1850,2150,ragnastats,12,3
690,Level 3 Fire Bolt,385,525,ragnastats,36,6
12001,Level 3 Heal,1550,1850,ragnastats,36,6
692,Level 3 Lightening Bolt,525,710,ragnastats,36,6
694,Level 3 Soul Strike,1150,1400,ragnastats,12,3
7475,Level 4 Cookbook,635,860,npc,12,3
520030,Level 5 Axe,0,0,,8,0
540073,Level 5 Book,0,0,,8,0
689,Level 5 Cold Bolt,1300,1550,ragnastats,12,6
7476,Level 5 Cookbook,635,860,ragnastats,12,3
23193,Level 5 Crimson Rock,211500,248000,estimate,7,0
510100,Level 5 Dagger,0,0,,8,0
23192,Level 5 Diamond Dust,211500,248000,estimate,7,0
100075,Level 5 Dishes,0,0,,12,0
687,Level 5 Earth Spike,2250,2600,ragnastats,12,3
697,Level 5 Fire Ball,1000,1200,ragnastats,12,3
691,Level 5 Fire Bolt,930,1050,ragnastats,12,3
699,Level 5 Fire Wall,2200,2600,ragnastats,12,6
12000,Level 5 Frost Diver,2250,2650,ragnastats,12,3
830032,Level 5 Gatling Gun,0,0,,8,0
12002,Level 5 Heal,520,705,ragnastats,12,6
570044,Level 5 Instrument,0,0,,8,0
610052,Level 5 Katar,0,0,,8,0
560047,Level 5 Knuckle,0,0,,8,0
693,Level 5 Lightening Bolt,1850,2150,ragnastats,12,6
530044,Level 5 One-Handed Spear,0,0,,8,0
500071,Level 5 One-Handed Sword,0,0,,8,0
800033,Level 5 Revolver,0,0,,8,0
820027,Level 5 shotgun,0,0,,8,0
23194,Level 5 Sienna Execrate,211500,248000,estimate,7,0
695,Level 5 Soul Strike,515,700,ragnastats,12,3
550113,Level 5 Staff,0,0,,8,0
28144,Level 5 Two-Handed Axe,0,0,,8,0
630025,Level 5 Two-Handed Spear,0,0,,8,0
640045,Level 5 Two-Handed Staff,0,0,,8,0
600039,Level 5 Two-Handed Sword,0,0,,8,0
23191,Level 5 Varetyr Spear,211500,248000,estimate,7,0
580045,Level 5 Whip,0,0,,8,0
650039,Level 5 Wind Magic Shuriken,0,0,,8,0
7477,Level 6 Cookbook,73500,86000,kro,36,3
100076,Level 6 Dishes,0,0,,12,0
7478,Level 7 Cookbook,24000,28000,ragnastats,54,3
100077,Level 7 Dishes,0,0,,12,0
7479,Level 8 Cookbook,920,1050,npc,36,3
100078,Level 8 Dishes,0,0,,12,0
7480,Level 9 Cookbook,920,1050,npc,36,3
100079,Level 9 Dishes,0,0,,12,0
23949,Level Achievement Box,0,0,,12,0
13170,Lever Action Rifle,26000,30500,ragnastats,11,0
400742,Leviathan Helm,0,0,,8,0
20922,Leviathan Muffler,0,0,,8,0
490678,Leviathan Orb,0,0,,8,0
29155,Lex Aeterna,0,0,,6,0
25175,Lex Aeterna Stone (Middle),23000000,27000000,kro,4,0
300559,Liamette Card,4186000,4914000,kro,2,3
20753,Lian Robe,2760000,3240000,kro,2,0
2195,Lian Shield,9199500,10799500,kro,2,0
22069,Lian Shoes,23000000,27000000,kro,2,0
24063,Liberation Shoes (Shadow),4508000,5292000,kro,4,0
4969,Libra,0,0,,6,0
5662,Libra Crown,5290000,6210000,ragnastats,2,0
400117,Libra Crown,2300000,2700000,kro,2,0
16436,Libra Crown Box,0,0,,12,0
16437,Libra Crown Box,0,0,,12,0
5663,Libra Diadem,4557000,5349500,ragnastats,2,0
19468,Libra Diadem,4557000,5349500,sibling,2,0
16438,Libra Diadem Box,0,0,,12,0
16439,Libra Diadem Box,0,0,,12,0
15418,Libra Mail,0,0,,8,0
20970,Libra Manteau,0,0,,8,0
32261,Libra Ring,0,0,,8,0
16673,Libra Scroll,0,0,,12,0
17018,Libra Scroll2,0,0,,12,0
22227,Libra Shoes,0,0,,8,0
313338,Libra Stone,0,0,,6,0
1150,Libra's Krasnaya,0,0,,8,0
2716,Librarian Glove,109500,128500,ragnastats,7,0
27025,Lich Lord Card,51970500,61009000,estimate,2,0
1624,Lich's Bone Wand,46000,54000,kro,8,0
27259,Licheniyes Card,1058000,1242000,kro,2,3
4597,Lichtern Blue Card,542500,637000,kro,4,3
4598,Lichtern Green Card,1150000,1350000,kro,2,3
4599,Lichtern Red Card,552000,648000,kro,4,3
4600,Lichtern Yellow Card,731000,858500,kro,4,3
5253,Lif Doll Hat,73500,86000,ragnastats,8,0
29207,Life Drain,0,0,,6,0
2391,Life Link,1411500,1657000,ragnastats,2,0
313018,Life of Autumn (Earth),0,0,,6,0
313019,Life of Autumn (Vitality),0,0,,6,0
313020,Life of Autumn (Wisdom),0,0,,6,0
312608,Life of Autumn 10Lv,0,0,,6,0
312609,Life of Autumn 11Lv,0,0,,6,0
312610,Life of Autumn 12Lv,0,0,,6,0
312611,Life of Autumn 13Lv,0,0,,6,0
312612,Life of Autumn 14Lv,0,0,,6,0
312613,Life of Autumn 15Lv,0,0,,6,0
312614,Life of Autumn 16Lv,0,0,,6,0
312615,Life of Autumn 17Lv,0,0,,6,0
312616,Life of Autumn 18Lv,0,0,,6,0
312617,Life of Autumn 19Lv,0,0,,6,0
312599,Life of Autumn 1Lv,0,0,,6,0
312618,Life of Autumn 20Lv,0,0,,6,0
312600,Life of Autumn 2Lv,0,0,,6,0
312601,Life of Autumn 3Lv,0,0,,6,0
312602,Life of Autumn 4Lv,0,0,,6,0
312603,Life of Autumn 5Lv,0,0,,6,0
312604,Life of Autumn 6Lv,0,0,,6,0
312605,Life of Autumn 7Lv,0,0,,6,0
312606,Life of Autumn 8Lv,0,0,,6,0
312607,Life of Autumn 9Lv,0,0,,6,0
313014,Life of Spring (Luck),0,0,,6,0
313012,Life of Spring (Strength),0,0,,6,0
313013,Life of Spring (Vitality),0,0,,6,0
312568,Life of Spring 10Lv,0,0,,6,0
312569,Life of Spring 11Lv,0,0,,6,0
312570,Life of Spring 12Lv,0,0,,6,0
312571,Life of Spring 13Lv,0,0,,6,0
312572,Life of Spring 14Lv,0,0,,6,0
312573,Life of Spring 15Lv,0,0,,6,0
312574,Life of Spring 16Lv,0,0,,6,0
312575,Life of Spring 17Lv,0,0,,6,0
312576,Life of Spring 18Lv,0,0,,6,0
312577,Life of Spring 19Lv,0,0,,6,0
312559,Life of Spring 1Lv,0,0,,6,0
312578,Life of Spring 20Lv,0,0,,6,0
312560,Life of Spring 2Lv,0,0,,6,0
312561,Life of Spring 3Lv,0,0,,6,0
312562,Life of Spring 4Lv,0,0,,6,0
312563,Life of Spring 5Lv,0,0,,6,0
312564,Life of Spring 6Lv,0,0,,6,0
312565,Life of Spring 7Lv,0,0,,6,0
312566,Life of Spring 8Lv,0,0,,6,0
312567,Life of Spring 9Lv,0,0,,6,0
313015,Life of Summer (Agility),0,0,,6,0
313017,Life of Summer (Luck),0,0,,6,0
313016,Life of Summer (Vitality),0,0,,6,0
312588,Life of Summer 10Lv,0,0,,6,0
312589,Life of Summer 11Lv,0,0,,6,0
312590,Life of Summer 12Lv,0,0,,6,0
312591,Life of Summer 13Lv,0,0,,6,0
312592,Life of Summer 14Lv,0,0,,6,0
312593,Life of Summer 15Lv,0,0,,6,0
312594,Life of Summer 16Lv,0,0,,6,0
312595,Life of Summer 17Lv,0,0,,6,0
312596,Life of Summer 18Lv,0,0,,6,0
312597,Life of Summer 19Lv,0,0,,6,0
312579,Life of Summer 1Lv,0,0,,6,0
312598,Life of Summer 20Lv,0,0,,6,0
312580,Life of Summer 2Lv,0,0,,6,0
312581,Life of Summer 3Lv,0,0,,6,0
312582,Life of Summer 4Lv,0,0,,6,0
312583,Life of Summer 5Lv,0,0,,6,0
312584,Life of Summer 6Lv,0,0,,6,0
312585,Life of Summer 7Lv,0,0,,6,0
312586,Life of Summer 8Lv,0,0,,6,0
312587,Life of Summer 9Lv,0,0,,6,0
313022,Life of Winter (Concentration),0,0,,6,0
313023,Life of Winter (Creative),0,0,,6,0
313021,Life of Winter (Power),0,0,,6,0
312628,Life of Winter 10Lv,0,0,,6,0
312629,Life of Winter 11Lv,0,0,,6,0
312630,Life of Winter 12Lv,0,0,,6,0
312631,Life of Winter 13Lv,0,0,,6,0
312632,Life of Winter 14Lv,0,0,,6,0
312633,Life of Winter 15Lv,0,0,,6,0
312634,Life of Winter 16Lv,0,0,,6,0
312635,Life of Winter 17Lv,0,0,,6,0
312636,Life of Winter 18Lv,0,0,,6,0
312637,Life of Winter 19Lv,0,0,,6,0
312619,Life of Winter 1Lv,0,0,,6,0
312638,Life of Winter 20Lv,0,0,,6,0
312620,Life of Winter 2Lv,0,0,,6,0
312621,Life of Winter 3Lv,0,0,,6,0
312622,Life of Winter 4Lv,0,0,,6,0
312623,Life of Winter 5Lv,0,0,,6,0
312624,Life of Winter 6Lv,0,0,,6,0
312625,Life of Winter 7Lv,0,0,,6,0
312626,Life of Winter 8Lv,0,0,,6,0
312627,Life of Winter 9Lv,0,0,,6,0
500003,Light Blade,920000,1080000,kro,2,0
100394,Light Blade Remodeling Cube,0,0,,12,0
500038,Light Blade-LT,0,0,,8,0
1366,Light Epsilon,46000,54000,ragnastats,11,0
1390,Light Epsilon,46000,54000,sibling,8,0
7938,Light Granule,9200,10500,kro,54,36
1001979,Light Green Hal,0,0,,12,3
2864,Light Of Cure,2441000,2865500,ragnastats,3,0
1001460,Light of Life,162000,190500,kro,7,3
1659,Light of Recovery,46000,54000,npc,8,0
480115,Light of the World Asprika,0,0,,8,0
570037,Light Power Harp,0,0,,8,0
580038,Light Power Spark,0,0,,8,0
2908,Light Ring,0,0,,8,0
4454,Light Up Card,0,0,,6,3
4455,Light Up Card,0,0,,6,3
4478,Light Up Card,0,0,,6,3
4479,Light Up Card,0,0,,6,3
1001980,Light Yellow Hal,0,0,,12,3
550116,Lightforce Foxtail Wand,0,0,,8,0
24221,Lightning Bolt Shadow Armor,299000,351000,kro,7,0
18133,Lightning Bow,0,0,,8,0
13218,Lightning Bullet,4,6,npc,12,0
13229,Lightning Bullet,4,6,npc,12,0
23124,Lightning Bullet Cartridge,0,0,,12,0
18006,Lightning Cannon Ball,42,58,npc,12,0
101108,Lightning Cannon Ball Box,0,0,,12,0
410247,Lightning Savage,0,0,,8,0
13224,Lightning Sphere,0,0,,12,0
12144,Lightning Sphere Pack,1,3,npc,12,3
22739,Lightning Sphere Pack,3600,4200,ragnastats,12,0
830026,Lightning Splatter,0,0,,8,0
24981,Lightning Swamp Shadow Armor,828000,972000,kro,4,0
24982,Lightning Swamp Shadow Shoes,828000,972000,kro,4,0
410339,Lightweight Telescope-LT,0,0,,8,0
300363,Limacina Card,1840000,2160000,kro,2,3
6363,Lime Green Point,85,115,npc,12,3
311890,Limit Break,0,0,,6,0
6618,Limited Diego Card,0,0,,12,0
6616,Limited Manny Card,0,0,,12,0
6619,Limited Scrat Card,0,0,,12,0
6617,Limited Sid Card,0,0,,12,0
21018,Lindy Hop,1380000,1620000,ragnastats,2,0
2749,Linen Glove,322000,378000,kro,4,0
5422,Linguistic Book Hat,0,0,,8,0
400119,Lion Crown,1840000,2160000,kro,2,0
9066,Lion Egg,0,0,,12,0
5130,Lion Mask,0,0,,8,0
18931,Lion Model Hat,0,0,,8,0
313337,Lion Stone,0,0,,6,0
6147,Liquid Condensed Bullet,62,84,ragnastats,12,3
100178,Liquid Condensed Bullet Box,0,0,,12,0
16060,Liquor Bottle,0,0,,8,0
300657,Listener Card,4461500,5237000,kro,2,3
410210,Little Abyss Dragon,0,0,,8,0
410211,Little Abyss Dragon,0,0,,8,0
410291,Little Abyss Dragon,0,0,,8,0
19371,Little Buffet Parachute,0,0,,8,0
19011,Little Devil's Horn,0,0,,8,0
1038,Little Evil Horn,6100,7200,kro,51,36
1039,Little Evil Wing,4400,5150,kro,36,36
4511,Little Fatum Card,91000,106500,kro,6,3
18541,Little Feather Hat,0,0,,11,0
19437,Little Garden,0,0,,8,0
7268,Little Ghost Doll,86500,101500,ragnastats,36,18
10044,Little Headdress Alpha,0,0,,12,0
10043,Little Headdress Beta,0,0,,12,0
9090,Little Isis Egg,66240000,77760000,kro,4,0
300485,Little Naught Dog Card,0,0,,6,0
15385,Little Robot Know-It-All,0,0,,8,0
12846,Little Unripe Apple,46000,54000,kro,12,0
300255,Litus Card,552000,648000,kro,4,3
7098,Live Coal,920,1050,kro,51,36
1001662,Livid Magic Stone,21000,24500,kro,12,3
27103,Living Dead Card,644000,756000,kro,4,3
1002019,Lobelia,0,0,,12,3
300652,Lobelia Card,12420000,14580000,kro,2,3
25939,Loft Stone Garment (AGI),0,0,,6,0
25936,Loft Stone Garment (DEX),0,0,,6,0
25937,Loft Stone Garment (INT),0,0,,6,0
25935,Loft Stone Garment (LUK),0,0,,6,0
25934,Loft Stone Garment (STR),0,0,,6,0
25940,Loft Stone Garment (Ultimate),0,0,,6,0
25938,Loft Stone Garment (VIT),0,0,,6,0
7201,Log,3650,4300,kro,76,36
25314,Logbooks,72000,84500,estimate,12,18
19050,Loki & Nidhoggur's Hat,0,0,,8,0
5332,Loki Mask,0,0,,8,0
102677,Loki's Advice (Defense),211500,248000,kro,7,3
102342,Loki's advice (distance physics),184000,216000,kro,7,3
102277,Loki's Advice (Melee Physical),138000,162000,kro,7,3
102735,Loki's Advice Selection Box,1196000,1404000,kro,4,3
102343,Loki's Black Coin,1334000,1566000,kro,4,3
102278,Loki's Coin,828000,972000,kro,7,3
102734,Loki's Coin Selection Box,9213000,10815000,kro,4,3
102676,Loki's Golden Coin,1288000,1512000,kro,4,3
1262,Loki's Nail,18000,21500,ragnastats,8,0
7019,Loki's Whispers,1242000,1458000,kro,15,3
31001,Lola Card,0,0,,6,0
15208,Lola's Plate Mail,0,0,,8,0
4191,Loli Ruri Card,1554500,1825000,kro,3,3
9042,Loli Ruri Egg,828000,972000,kro,11,0
12821,Loli Ruri Scroll,0,0,,12,0
22194,Loli Ruri Shoes,0,0,,8,0
1915,Loner's Guitar,2600,3050,ragnastats,8,0
13163,Long Barrel,33000,38500,npc,8,0
13164,Long Barrel,34000,40000,ragnastats,11,0
1684,Long Foxtail Staff,15000,18000,estimate,8,0
1420,Long Horn,200500,235500,ragnastats,7,0
1525,Long Mace,1748000,2052000,kro,3,0
18918,Long Octopus Balloon,0,0,,11,0
23264,Long Pony Gift Box,0,0,,12,0
27400,Long Range Resistance + 5%,0,0,,6,0
310867,Long Ranged 1Lv,0,0,,6,0
310868,Long Ranged 2Lv,0,0,,6,0
310869,Long Ranged 3Lv,0,0,,6,0
18616,Long Tongue,0,0,,8,0
7560,Longing Heart,0,0,,12,0
1469,Longinus's Spear,407000,478000,estimate,4,0
300488,Lookie Card,0,0,,6,3
23031,Loose Wave Twintail Gift Box,0,0,,12,0
16053,Lora's Iron Flail,0,0,,8,0
24764,Lord Bearer's Shadow Armor,230000000,270000000,kro,2,0
24766,Lord Bearer's Shadow Earring,193200000,226800000,kro,2,0
24765,Lord Bearer's Shadow Pendant,0,0,,8,0
24763,Lord Bearer's Shadow Shoes,211600000,248400000,kro,2,0
101260,Lord Bearer's Shadow Spellbook,4508000,5292000,kro,4,3
101257,Lord Bearer's Shadow Thump Box,82800000,97200000,kro,4,3
101804,Lord Bearers Armor Shadow Box,0,0,,12,0
5013,Lord Kaho's Horn,0,0,,8,0
4357,Lord Knight Card,129636500,152182000,estimate,2,0
29462,Lord Knight Stone (Bottom),2024000,2376000,kro,2,0
25447,Lord Knight Stone (Lower),2024000,2376000,kro,4,0
25446,Lord Knight Stone (Middle),828000,972000,kro,7,0
29461,Lord Knight Stone (Middle),828000,972000,kro,4,0
29460,Lord Knight Stone (Top),1380000,1620000,kro,2,0
25445,Lord Knight Stone (Upper),1380000,1620000,kro,4,0
310260,Lord Knight Stone II (Bottom),920000,1080000,kro,2,0
1000299,Lord Knight Stone II (Lower),920000,1080000,kro,4,0
310259,Lord Knight Stone II (Middle),1022000,1200000,kro,2,0
1000298,Lord Knight Stone II (Middle),1022000,1200000,kro,4,0
310258,Lord Knight Stone II (Top),2668000,3132000,kro,2,0
1000297,Lord Knight Stone II (Upper),2668000,3132000,kro,4,0
490359,Lord of Elemental,0,0,,8,0
820021,Lord of Glory,0,0,,8,0
420068,Lord of Royals,0,0,,8,0
4276,Lord of The Dead Card,110400000,129600000,kro,2,0
310363,Lord of Vermilion Lv.1,0,0,,6,0
310364,Lord of Vermilion Lv.2,0,0,,6,0
310365,Lord of Vermilion Lv.3,0,0,,6,0
310366,Lord of Vermilion Lv.4,0,0,,6,0
310367,Lord of Vermilion Lv.5,0,0,,6,0
2675,Lord Ring,0,0,,8,0
2318,Lord's Clothes,230000,270000,estimate,4,0
7955,Lost Card1,0,0,,12,0
7956,Lost Card2,0,0,,12,0
7957,Lost Card3,0,0,,12,0
7958,Lost Card4,0,0,,12,0
7528,Lottery Ticket,0,0,,12,0
25876,Lottery ticket for harvest,0,0,,12,0
7361,Lotto Ball 01,0,0,,12,0
7362,Lotto Ball 02,48500,56500,ragnastats,12,0
7363,Lotto Ball 03,1,2,npc,12,0
7364,Lotto Ball 04,1,2,npc,12,0
7365,Lotto Ball 05,1,2,npc,12,0
7366,Lotto Ball 06,0,0,,12,0
7367,Lotto Ball 07,1,2,npc,12,0
7369,Lotto Ball 09,0,0,,12,0
7370,Lotto Ball 10,1,2,npc,12,0
7371,Lotto Ball 11,1,2,npc,12,0
7372,Lotto Ball 12,1,2,npc,12,0
7373,Lotto Ball 13,0,0,,12,0
7374,Lotto Ball 14,1,2,npc,12,0
7375,Lotto Ball 15,48500,56500,ragnastats,12,0
7376,Lotto Ball 16,48500,56500,ragnastats,12,0
7377,Lotto Ball 17,0,0,,12,0
7378,Lotto Ball 18,1,2,npc,12,0
7379,Lotto Ball 19,1,2,npc,12,0
7380,Lotto Ball 20,0,0,,12,0
7381,Lotto Ball 21,1,2,npc,12,0
7382,Lotto Ball 22,1,2,npc,12,0
7383,Lotto Ball 23,0,0,,12,0
7384,Lotto Ball 24,0,0,,12,0
7385,Lotto Ball 25,26500,31500,ragnastats,12,0
7386,Lotto Ball 26,1,2,npc,12,0
7387,Lotto Ball 27,1,2,npc,12,0
7388,Lotto Ball 28,0,0,,12,0
7389,Lotto Ball 29,0,0,,12,0
7390,Lotto Ball 30,0,0,,12,0
7391,Lotto Ball 31,0,0,,12,0
7392,Lotto Ball 32,0,0,,12,0
7393,Lotto Ball 33,53500,63000,ragnastats,12,0
7394,Lotto Ball 34,1,2,npc,12,0
7395,Lotto Ball 35,1,2,npc,12,0
7396,Lotto Ball 36,1,2,npc,12,0
7397,Lotto Ball 37,0,0,,12,0
7398,Lotto Ball 38,0,0,,12,0
7540,Lotto Ball 39,0,0,,12,0
7541,Lotto Ball 40,0,0,,12,0
7542,Lotto Ball 41,0,0,,12,0
7543,Lotto Ball 42,0,0,,12,0
7544,Lotto Ball 43,0,0,,12,0
7545,Lotto Ball 44,0,0,,12,0
7546,Lotto Ball 45,0,0,,12,0
12035,Lotto Box 01,0,0,,12,0
12036,Lotto Box 02,0,0,,12,0
12037,Lotto Box 03,0,0,,12,0
12038,Lotto Box 04,0,0,,12,0
12039,Lotto Box 05,0,0,,12,0
7771,Lotus Leaf,0,0,,12,0
490387,Lotus Leaf Sticky Rice Amulet,0,0,,8,0
450258,Loud Park,0,0,,8,0
12356,Louise Costume Box,1,3,npc,12,3
7908,Louise's Beauty Coupon,0,0,,12,0
22068,Louise's Red Boots,0,0,,8,0
15162,Lounge Suit,0,0,,8,0
31012,LoVA Bahamut Card,0,0,,6,0
31006,LoVA Hades Card,0,0,,6,0
31010,LoVA Kima Card,0,0,,6,0
31008,LoVA Lulu Card,0,0,,6,0
31014,LoVA Ragnarok Card,0,0,,6,0
31013,LoVA Realization Bahamut Card,0,0,,6,0
31007,LoVA Realization Hades Card,0,0,,6,0
31011,LoVA Realization Kima Card,0,0,,6,0
31009,LoVA Realization Lulu Card,0,0,,6,0
31015,LoVA Realization Ragnarok Card,0,0,,6,0
101322,Love Confession Chocolate,0,0,,12,0
5366,Love Dad Bandana,0,0,,8,0
16458,Love Dad Box,0,0,,12,0
5209,Love Dad Cap,0,0,,8,0
20724,Love Dad Wings 2012,0,0,,8,0
18960,Love Daddy 2013,0,0,,8,0
14379,Love Daddy Box,0,0,,12,0
5489,Love Daddy Hat,0,0,,8,0
7864,Love Flower,21500,25000,ragnastats,12,0
5803,Love Flower Hat,0,0,,8,0
18542,Love Guard,0,0,,8,0
18564,Love Piece,0,0,,8,0
5764,Love Rabbit Hood,0,0,,8,0
17025,Lovely Aquarius Box,0,0,,12,0
17024,Lovely Aquarius Scroll,0,0,,12,0
597,Lovely Choco-Tart,3300,3900,ragnastats,12,0
23297,Lovely Egg Box,1,2,npc,12,0
6712,Lovely Stick,0,0,,12,0
18546,Lover In Mouth,0,0,,8,0
15231,Low-Level Simple Suits,0,0,,8,0
1000707,Low-quality Rgan Magic Core,4600,5400,kro,12,3
300366,Lowest Rgan Card,1288000,1512000,kro,2,3
5842,Loyal Ring1,0,0,,8,0
12757,Loyal Ring1 Box,0,0,,12,0
5843,Loyal Ring2,0,0,,8,0
12758,Loyal Ring2 Box,0,0,,12,0
5844,Loyal Ring3,0,0,,8,0
12759,Loyal Ring3 Box,0,0,,12,0
420236,Loyal Servant of the Demon Lord Morroc,0,0,,8,0
20730,Loyalists Hood,0,0,,8,0
100421,Luanda Refine Box,2438000,2862000,kro,4,0
4445,Luciola Vespa Card,92000,108000,kro,4,3
12345,Luciola's Honey Jam,0,0,,12,3
16095,Lucis Flail,920000,1080000,kro,2,0
32407,Lucis Flail,920000,1080000,sibling,2,0
2344,Lucius's Fierce Armor of Volcano,1379500,1619500,kro,3,0
2345,Lucius's Fierce Armor of Volcano,1379500,1619500,kro,3,0
310915,Luck,0,0,,6,0
1002142,Luck Meteorite Extract,0,0,,12,3
22558,Lucky Bag,0,0,,12,0
22563,Lucky Bag Of New Era,0,0,,12,0
570,Lucky Candy,4350,5100,ragnastats,12,18
571,Lucky Candy Cane,130,175,ragnastats,12,18
18521,Lucky Clover,0,0,,8,0
572,Lucky Cookie,150,210,ragnastats,12,3
12706,Lucky Cookie,150,210,sibling,12,0
12707,Lucky Cookie,150,210,sibling,12,0
12708,Lucky Cookie,150,210,sibling,12,0
4880,Lucky Day,0,0,,6,0
18571,Lucky Hat,0,0,,8,0
1000445,Lucky Meteorite Fragment,11500,13500,kro,12,3
1000401,Lucky Meteorite Powder,68000,80000,kro,12,3
12131,Lucky Potion,0,0,,12,0
12198,Lucky Rice Cake,17,24,npc,12,3
490894,Lucky Ring,0,0,,8,0
490895,Lucky Ring-LT,0,0,,8,0
24040,Lucky Shadow Armor,32200000,37800000,kro,4,0
24034,Lucky Shadow Weapon,1,2,npc,12,0
12096,Lucky Soup,33000,39000,ragnastats,12,3
4193,Lude Card,874000,1026000,kro,4,3
300243,Lude Gal Card,1655000,1942500,kro,2,3
18649,Lude Mask,0,0,,8,0
4783,Luk + 1,0,0,,6,0
4784,Luk + 2,0,0,,6,0
4785,Luk + 3,0,0,,6,0
310081,LUK Blessing,0,0,,6,0
12777,Luk Dish20,0,0,,12,0
25011,LUK Exchange Stone(Lower),0,0,,12,0
25002,LUK Exchange Stone(Middle),2760000,3240000,kro,4,0
2922,Luk Glove,62000,72500,npc,8,0
2928,Luk Glove,62000,72500,npc,8,0
312868,LUK I,0,0,,6,0
312869,LUK II,0,0,,6,0
312870,LUK III,0,0,,6,0
312871,LUK IV,0,0,,6,0
22707,LUK Reduction Potion,42000,49500,kro,12,0
15402,LUK Soutane,598000,702000,kro,4,0
6950,LUK Stone (Middle),0,0,,6,0
6641,LUK Stone (Upper),9200000,10800000,kro,4,0
4750,LUK+1,0,0,,6,0
4759,LUK+10,0,0,,6,0
4751,LUK+2,0,0,,6,0
4752,LUK+3,0,0,,6,0
29025,LUK+3 INT-3,0,0,,6,0
29024,LUK+3 STR-3,0,0,,6,0
4753,LUK+4,0,0,,6,0
4754,LUK+5,0,0,,6,0
4755,LUK+6,0,0,,6,0
4756,LUK+7,0,0,,6,0
4757,LUK+8,0,0,,6,0
4758,LUK+9,0,0,,6,0
300547,Luke and Alberta Card,13800000,16200000,kro,2,3
20705,Lumiere Manteau,3680000,4320000,kro,2,0
2174,Lumiere Shield,8280000,9720000,kro,2,0
22061,Lumiere Shoes,4140000,4860000,kro,2,0
28433,Luminous Blue Stone,0,0,,8,0
32270,Luminous Blue Stone,0,0,,8,0
1723,Luna Bow,69000,81000,ragnastats,11,0
28306,Luna's Blessing,0,0,,8,0
1544,Lunakaligo,276000,324000,kro,7,0
15374,Lunar Eclipse Armor,0,0,,8,0
15480,Lunar Eclipse Armor,0,0,,8,0
450263,Lunar Eclipse Armor-LT,0,0,,8,0
490086,Lunar Eclipse Guardian Heart,0,0,,8,0
490440,Lunar Eclipse Guardian Heart-LT,0,0,,8,0
19156,Lunar Rainbow,0,0,,8,0
300660,Lunarina Card,4600000,5400000,kro,2,3
2718,Lunatic Brooch,772000,906000,ragnastats,4,0
4006,Lunatic Card,92000,108000,kro,5,3
9004,Lunatic Egg,920000,1080000,kro,4,0
19427,Lunatic Family Balloon,0,0,,8,0
11630,Lunch Box,0,0,,12,0
5392,Luoyang NewYear Hat,0,0,,8,0
2775,Lure,0,0,,8,0
18848,Lush Rose,414000,486000,kro,4,0
840000,Lust Boom,384000,450500,estimate,4,0
830001,Lust Crusher,478500,561500,estimate,4,0
810000,Lust Pointer,552000,648000,kro,4,0
820000,Lust Shatter,452500,531000,estimate,4,0
1905,Lute,20000,23500,npc,8,0
1906,Lute,20000,23500,npc,8,0
12059,Lutie Cold Noodle,12500,14500,ragnastats,12,6
12045,Lutie Lady's Pancake,4600,5400,kro,12,3
630003,Luxuria Pierce,749000,879000,estimate,4,0
25377,Luxurious Pet Food,6400,7550,kro,12,0
12734,Luxurious Rune,1350,1600,kro,12,18
5562,Luxurious Wedding Veil,0,0,,8,0
14607,Luxurious Western Food,0,0,,12,0
101869,Luxury blue box,0,0,,12,3
20789,Luxury Doram Manteau,110000,129500,kro,4,0
22084,Luxury Doram Shoes,92000,108000,kro,4,0
15129,Luxury Doram Suit,92000,108000,kro,4,0
5558,Luxury Hat,0,0,,8,0
12367,Luxury Whisky Bottle,17,24,npc,12,3
314246,Lv1 Time-Space Jewel (Concentration),0,0,,6,0
314247,Lv2 Time-Space Jewel (Concentration),0,0,,6,0
314248,Lv3 Time-Space Jewel (Concentration),0,0,,6,0
450416,Lycanthrope Armor,0,0,,8,0
450379,Lykantropos,0,0,,8,0
5607,Lyria Doll Hat,0,0,,8,0
24812,M. Abyss Chaser Shadow Armor,1587000,1863000,kro,2,0
24814,M. Abyss Chaser Shadow Earring,1242000,1458000,kro,2,0
24815,M. Abyss Chaser Shadow Pendant,920000,1080000,kro,2,0
24813,M. Abyss Chaser Shadow Shoes,1840000,2160000,kro,2,0
24840,M. Arch Mage Shadow Armor,920000,1080000,kro,2,0
24842,M. Arch Mage Shadow Earring,644000,756000,kro,4,0
24843,M. Arch Mage Shadow Pendant,460000,540000,kro,4,0
24841,M. Arch Mage Shadow Shoes,1840000,2160000,kro,2,0
102540,M. Armor Shadow Box,92000,108000,kro,7,3
24828,M. Biolo Shadow Armor,460000,540000,kro,4,0
24830,M. Biolo Shadow Earring,368000,432000,kro,4,0
24831,M. Biolo Shadow Pendant,644000,756000,kro,4,0
24829,M. Biolo Shadow Shoes,184000,216000,kro,4,0
24816,M. Cardinal Shadow Armor,2760000,3240000,kro,2,0
24818,M. Cardinal Shadow Earring,2116000,2484000,kro,2,0
24819,M. Cardinal Shadow Pendant,2714000,3186000,kro,2,0
24817,M. Cardinal Shadow Shoes,3220000,3780000,kro,2,0
24800,M. Dragon Knight Shadow Armor,2300000,2700000,kro,2,0
24802,M. Dragon Knight Shadow Earring,3220000,3780000,kro,2,0
24803,M. Dragon Knight Shadow Pendant,1702000,1998000,kro,2,0
24801,M. Dragon Knight Shadow Shoes,2116000,2484000,kro,2,0
24844,M. Elemental Master Shadow Armor,920000,1080000,kro,2,0
24846,M. Elemental Master Shadow Earring,644000,756000,kro,4,0
24847,M. Elemental Master Shadow Pendant,644000,756000,kro,4,0
24845,M. Elemental Master Shadow Shoes,460000,540000,kro,4,0
24868,M. Hyper Novice Shadow Armor,920000,1080000,kro,2,0
24870,M. Hyper Novice Shadow Earring,920000,1080000,kro,2,0
24871,M. Hyper Novice Shadow Pendant,460000,540000,kro,4,0
24869,M. Hyper Novice Shadow Shoes,892000,1047500,kro,4,0
24804,M. Imperial Guard Shadow Armor,460000,540000,kro,4,0
24806,M. Imperial Guard Shadow Earring,851000,999000,kro,4,0
24807,M. Imperial Guard Shadow Pendant,414000,486000,kro,4,0
24805,M. Imperial Guard Shadow Shoes,920000,1080000,kro,2,0
24820,M. Inquisitor Shadow Armor,1150000,1350000,kro,2,0
24822,M. Inquisitor Shadow Earring,437000,513000,kro,4,0
24823,M. Inquisitor Shadow Pendant,736000,864000,kro,4,0
24821,M. Inquisitor Shadow Shoes,1748000,2052000,kro,2,0
24824,M. Meister Shadow Armor,552000,648000,kro,4,0
24826,M. Meister Shadow Earring,460000,540000,kro,4,0
24827,M. Meister Shadow Pendant,1840000,2160000,kro,2,0
24825,M. Meister Shadow Shoes,460000,540000,kro,4,0
24848,M. Night Watch Shadow Armor,276000,324000,kro,4,0
24850,M. Night Watch Shadow Earring,276000,324000,kro,4,0
24851,M. Night Watch Shadow Pendant,184000,216000,kro,4,0
24849,M. Night Watch Shadow Shoes,184000,216000,kro,4,0
24808,M. Shadow Cross Shadow Armor,736000,864000,kro,4,0
24810,M. Shadow Cross Shadow Earring,644000,756000,kro,4,0
24811,M. Shadow Cross Shadow Pendant,644000,756000,kro,4,0
24809,M. Shadow Cross Shadow Shoes,552000,648000,kro,4,0
24856,M. Shinkiro & Shiranui Shadow Armor,713000,837000,kro,4,0
24858,M. Shinkiro & Shiranui Shadow Earring,736000,864000,kro,4,0
24859,M. Shinkiro & Shiranui Shadow Pendant,828000,972000,kro,4,0
24857,M. Shinkiro & Shiranui Shadow Shoes,920000,1080000,kro,2,0
24860,M. Sky Emperor Shadow Armor,414000,486000,kro,4,0
24862,M. Sky Emperor Shadow Earring,828000,972000,kro,4,0
24863,M. Sky Emperor Shadow Pendant,460000,540000,kro,4,0
24861,M. Sky Emperor Shadow Shoes,460000,540000,kro,4,0
24864,M. Soul Ascetic Shadow Armor,276000,324000,kro,4,0
24866,M. Soul Ascetic Shadow Earring,368000,432000,kro,4,0
24867,M. Soul Ascetic Shadow Pendant,276000,324000,kro,4,0
24865,M. Soul Ascetic Shadow Shoes,235500,276500,kro,4,0
24852,M. Spirit Handler Shadow Armor,920000,1080000,kro,2,0
24854,M. Spirit Handler Shadow Earring,460000,540000,kro,4,0
24855,M. Spirit Handler Shadow Pendant,414000,486000,kro,4,0
24853,M. Spirit Handler Shadow Shoes,828000,972000,kro,4,0
24836,M. Troubadour & Trouvere Shadow Armor,404500,475000,kro,4,0
24838,M. Troubadour & Trouvere Shadow Earring,920000,1080000,kro,2,0
24839,M. Troubadour & Trouvere Shadow Pendant,598000,702000,kro,4,0
24837,M. Troubadour & Trouvere Shadow Shoes,414000,486000,kro,4,0
24832,M. Windhawk Shadow Armor,920000,1080000,kro,2,0
24834,M. Windhawk Shadow Earring,460000,540000,kro,4,0
24835,M. Windhawk Shadow Pendant,671500,788000,kro,4,0
24833,M. Windhawk Shadow Shoes,437000,513000,kro,4,0
102543,M.Earring Shadow Box,82500,97000,kro,12,3
102542,M.Pendant Shadow Box,91000,106500,kro,12,3
102541,M.Shoes Shadow Box,82500,97000,kro,12,3
11529,Maamoul,0,0,,12,0
7750,Macapuno,34500,40500,estimate,12,0
1504,Mace,1450,1700,kro,8,0
1505,Mace,18000,21500,kro,11,0
1506,Mace,138000,162000,kro,4,0
16061,Mace of Evil,0,0,,8,0
16013,Mace Of Judgement,0,0,,11,0
5006,Machoman's Glasses,1380000,1620000,kro,2,0
19092,Machoman's Glasses,1380000,1620000,kro,2,0
6779,Mackerel,0,0,,12,3
12631,Macro Stone A,0,0,,12,0
12634,Macro Stone A1,0,0,,12,0
12635,Macro Stone A2,0,0,,12,0
12632,Macro Stone B,0,0,,12,0
28902,Mad Bunny,23000000,27000000,kro,2,0
480372,Mad Bunny Backpack,0,0,,8,0
23925,Mad Bunny Box,0,0,,12,3
2189,Mad Bunny Shield,0,0,,8,0
23863,Mad Bunny SynthesisBox,1748000,2052000,kro,4,3
460020,Mad Bunny-LT,7360000,8640000,kro,2,0
1000609,Mad Bunny-LT Enchantment Ticket,0,0,,12,3
19107,Mad Hatter,0,0,,8,0
1270025,Madness Breath Shadow Armor,27600000,32400000,kro,2,0
1270026,Madness Breath Shadow Shoes,36800000,43200000,kro,2,0
12657,Madness Powder,0,0,,12,0
100158,Mado Strengthening Suit,9200,10500,npc,12,0
100362,Mado Sword Remodeling Cube,0,0,,12,0
28744,Madogum,2484000,2916000,kro,2,0
510040,Madogum-LT,0,0,,8,0
19141,Maero Mask,0,0,,8,0
4395,Maero of Thanatos Card,174000,204500,kro,4,3
24299,Maestro Shadow Weapon,920000,1080000,kro,4,0
15822,Magaleta's Ribbon,0,0,,8,0
311380,Magazine for One Tuning Device,0,0,,6,0
11037,Mage Book Basic,0,0,,12,0
11039,Mage Book Misc,0,0,,12,0
11038,Mage Book Practice,0,0,,12,0
2334,Mage Coat,314000,369000,ragnastats,7,0
2372,Mage Coat,314000,369000,sibling,4,0
5027,Mage Hat,1322500,1552500,ragnastats,2,0
16422,Magestic Goat Box,0,0,,12,0
460005,Magic Absorber,0,0,,8,0
24176,Magic Angelus Shadow Weapon,3220000,3780000,kro,4,0
480331,Magic Barrier Cloth,0,0,,8,0
480065,Magic Barrier Manteau,0,0,,8,0
480066,Magic Barrier Muffler,0,0,,8,0
2131,Magic Bible Vol1,303500,356000,kro,7,0
300387,Magic Blade,0,0,,6,0
6594,Magic Bronze Bullion,1,2,npc,36,3
24429,Magic Caesars Hunting Shadow Weapon,4600000,5400000,kro,4,0
24179,Magic Caesars Shadow Weapon,1748000,2052000,kro,4,0
680,Magic Carnation,0,0,,12,0
2961,Magic Carpet,0,0,,8,0
23311,Magic Cat Hand,828000,972000,kro,7,0
410158,Magic Celestial Globe,0,0,,8,0
410159,Magic Celestial Globe,0,0,,8,0
6491,Magic Clay,0,0,,12,0
6490,Magic Clay Fragment,0,0,,12,0
6492,Magic Clay Lump,0,0,,12,0
24334,Magic Compose Shadow Armor,0,0,,12,0
480317,Magic Compression,0,0,,8,0
400646,Magic Crown of Ashes,0,0,,8,0
24170,Magic Demi-Human Shadow Weapon,3174000,3726000,kro,4,0
24175,Magic Dragon Killer Shadow Weapon,3036000,3564000,kro,4,0
312768,Magic Essence Jewel 10Lv,0,0,,6,0
312759,Magic Essence Jewel 1Lv,0,0,,6,0
312760,Magic Essence Jewel 2Lv,0,0,,6,0
312761,Magic Essence Jewel 3Lv,0,0,,6,0
312762,Magic Essence Jewel 4Lv,0,0,,6,0
312763,Magic Essence Jewel 5Lv,0,0,,6,0
312764,Magic Essence Jewel 6Lv,0,0,,6,0
312765,Magic Essence Jewel 7Lv,0,0,,6,0
312766,Magic Essence Jewel 8Lv,0,0,,6,0
312767,Magic Essence Jewel 9Lv,0,0,,6,0
29071,Magic Essence Lv. 1,0,0,,6,0
29080,Magic Essence Lv. 10,0,0,,6,0
29072,Magic Essence Lv. 2,0,0,,6,0
29073,Magic Essence Lv. 3,0,0,,6,0
29074,Magic Essence Lv. 4,0,0,,6,0
29075,Magic Essence Lv. 5,0,0,,6,0
29076,Magic Essence Lv. 6,0,0,,6,0
29077,Magic Essence Lv. 7,0,0,,6,0
29078,Magic Essence Lv. 8,0,0,,6,0
29079,Magic Essence Lv. 9,0,0,,6,0
24347,Magic Executioner Holy Water Shadow Armor,920000,1080000,kro,4,0
24431,Magic Executioner Holy Water Shadow Weapon,1288000,1512000,kro,4,0
24348,Magic Exorcist Corrupted Shadow Armor,0,0,,12,0
24427,Magic Exorcist Current Shadow Weapon,1150000,1350000,kro,4,0
24171,Magic Exorcist Shadow Weapon,1932000,2268000,kro,4,0
5138,Magic Eyes,138000,162000,ragnastats,4,0
19130,Magic Eyes,138000,162000,sibling,4,0
16711,Magic Eyes Box,17,24,npc,12,0
16712,Magic Eyes Box,0,0,,12,0
310322,Magic Feather Effect,0,0,,6,0
1000365,Magic Feather Effect (Upper),0,0,,12,0
24351,Magic Fishing Insect Net Shadow Armor,828000,972000,kro,7,0
24430,Magic Fishing Insect Shadow Weapon,2760000,3240000,kro,4,0
24174,Magic Fishing Shadow Weapon,1150000,1350000,kro,4,0
24177,Magic Formless Shadow Weapon,6210000,7290000,kro,4,0
6146,Magic Gear Fuel,185,250,ragnastats,12,3
7761,Magic Gourd Bottle,0,0,,12,0
28579,Magic Grass Necklace,0,0,,8,0
24178,Magic Holy Water Shadow Weapon,3772000,4428000,kro,4,0
24172,Magic Hunting Shadow Weapon,3220000,3780000,kro,4,0
310775,Magic Infinite Lv1,0,0,,6,0
310776,Magic Infinite Lv2,0,0,,6,0
310777,Magic Infinite Lv3,0,0,,6,0
24173,Magic Insect Shadow Weapon,920000,1080000,kro,4,0
2964,Magic Intensifier Ring,12489000,14661000,kro,2,0
310828,Magic Lv1,0,0,,6,0
310829,Magic Lv2,0,0,,6,0
310830,Magic Lv3,0,0,,6,0
310831,Magic Lv4,0,0,,6,0
310832,Magic Lv5,0,0,,6,0
12723,Magic Mushroom,8250,9700,kro,12,3
313220,Magic of Madness,0,0,,6,0
312446,Magic Ore,0,0,,6,0
7045,Magic Paint,0,0,,12,0
100908,Magic Piercing Shadow Box,0,0,,12,0
100011,Magic Piercing Shadow SynthesisBox,3220000,3780000,kro,4,0
7636,Magic Potion Bottle,0,0,,12,0
310667,Magic Power Stone(Dual),35880000,42120000,kro,2,0
1000527,Magic Power Stone(Dual),35880000,42120000,kro,4,0
310666,Magic Power Stone(Lower),736000,864000,kro,4,0
1000530,Magic Power Stone(Lower),736000,864000,kro,7,0
310665,Magic Power Stone(Mid),1840000,2160000,kro,2,0
1000529,Magic Power Stone(Mid),1840000,2160000,kro,4,0
310664,Magic Power Stone(Upper),920000,1080000,kro,2,0
1000528,Magic Power Stone(Upper),920000,1080000,kro,4,0
450150,Magic Protector Robe,0,0,,8,0
5561,Magic Rabbit Hat,32660000,38340000,kro,2,0
19179,Magic Rabit Hat,32660000,38340000,kro,2,0
2185,Magic Reflect,0,0,,8,0
24350,Magic Scissor Hunting Shadow Armor,1150000,1350000,kro,4,0
19393,Magic Star,0,0,,8,0
420087,Magic Star Array,0,0,,8,0
32243,Magic Star Ring,0,0,,8,0
410256,Magic Star-LT,0,0,,8,0
2579,Magic Stole,0,0,,8,0
7597,Magic Stone,0,0,,12,0
6718,Magic Stone (Lower),2852000,3348000,kro,2,0
25064,Magic Stone (Lower),2852000,3348000,kro,4,0
13219,Magic Stone Bullet,4,6,npc,12,0
4987,Magic Supplement Reactor,0,0,,6,0
21012,Magic Sword,0,0,,8,0
480136,Magic Swordsman Thanatos's Sword,8280000,9720000,kro,2,0
480324,Magic Swordsman Thanatos's Sword-FA,0,0,,8,0
24349,Magic Vibration Dragon Killer Shadow Armor,1104000,1296000,kro,4,0
24428,Magic Vibration Dragon Killer Shadow Weapon,1334000,1566000,kro,4,0
310870,Magical 1Lv,0,0,,6,0
310871,Magical 2Lv,0,0,,6,0
310872,Magical 3Lv,0,0,,6,0
13438,Magical Blade,0,0,,8,0
13448,Magical Blade,0,0,,8,0
18720,Magical Booster,8182500,9606000,sibling,2,0
19241,Magical Booster,8182500,9606000,kro,2,0
23309,Magical Booster Box,0,0,,12,0
23840,Magical Booster SynthesisBox,920000,1080000,kro,4,3
450132,Magical Cloth,0,0,,8,0
24021,Magical Earring (Shadow),6440000,7560000,kro,4,0
5930,Magical Feather,0,0,,8,0
19211,Magical Feather,0,0,,8,0
312514,Magical Flower 1Lv,0,0,,6,0
312515,Magical Flower 2Lv,0,0,,6,0
312516,Magical Flower 3Lv,0,0,,6,0
312517,Magical Flower 4Lv,0,0,,6,0
312518,Magical Flower 5Lv,0,0,,6,0
1692,Magical Foxtail Staff,138000,162000,kro,4,0
312548,Magical Fruit 10Lv,0,0,,6,0
312549,Magical Fruit 11Lv,0,0,,6,0
312550,Magical Fruit 12Lv,0,0,,6,0
312551,Magical Fruit 13Lv,0,0,,6,0
312552,Magical Fruit 14Lv,0,0,,6,0
312553,Magical Fruit 15Lv,0,0,,6,0
312554,Magical Fruit 16Lv,0,0,,6,0
312555,Magical Fruit 17Lv,0,0,,6,0
312556,Magical Fruit 18Lv,0,0,,6,0
312557,Magical Fruit 19Lv,0,0,,6,0
312539,Magical Fruit 1Lv,0,0,,6,0
312558,Magical Fruit 20Lv,0,0,,6,0
312540,Magical Fruit 2Lv,0,0,,6,0
312541,Magical Fruit 3Lv,0,0,,6,0
312542,Magical Fruit 4Lv,0,0,,6,0
312543,Magical Fruit 5Lv,0,0,,6,0
312544,Magical Fruit 6Lv,0,0,,6,0
312545,Magical Fruit 7Lv,0,0,,6,0
312546,Magical Fruit 8Lv,0,0,,6,0
312547,Magical Fruit 9Lv,0,0,,6,0
312504,Magical Leaf 1Lv,0,0,,6,0
312505,Magical Leaf 2Lv,0,0,,6,0
312506,Magical Leaf 3Lv,0,0,,6,0
312507,Magical Leaf 4Lv,0,0,,6,0
312508,Magical Leaf 5Lv,0,0,,6,0
12371,Magical Lithography,920000,1080000,kro,4,3
24993,Magical Master Shadow Armor,4600000,5400000,kro,2,0
24995,Magical Master Shadow Earring,4600000,5400000,kro,2,0
24996,Magical Master Shadow Pendant,4599500,5399500,kro,2,0
24994,Magical Master Shadow Shoes,4600000,5400000,kro,2,0
24023,Magical Pencil (Shadow),2277000,2673000,kro,4,0
12656,Magical Powder,0,0,,12,0
6982,Magical Reactor Blueprint,0,0,,12,0
28377,Magical Ring,0,0,,8,0
312498,Magical Seed 10Lv,0,0,,6,0
312489,Magical Seed 1Lv,0,0,,6,0
312490,Magical Seed 2Lv,0,0,,6,0
312491,Magical Seed 3Lv,0,0,,6,0
312492,Magical Seed 4Lv,0,0,,6,0
312493,Magical Seed 5Lv,0,0,,6,0
312494,Magical Seed 6Lv,0,0,,6,0
312495,Magical Seed 7Lv,0,0,,6,0
312496,Magical Seed 8Lv,0,0,,6,0
312497,Magical Seed 9Lv,0,0,,6,0
24398,Magical Shadow Armor,0,0,,12,0
24397,Magical Shadow Shield,0,0,,12,0
24396,Magical Shadow Shoes,18400000,21600000,kro,4,0
23861,Magical Shadow SynthesisBox,0,0,,12,3
24754,Magical Spell Shadow Shield,9190500,10789000,kro,2,0
24753,Magical Spell Shadow Weapon,8740000,10260000,kro,2,0
24022,Magical Weapon (Shadow),2750500,3229000,kro,4,0
1693,Magical Yellow Foxtail Staff,322000,378000,kro,4,0
311841,Magicial Orb 10Lv,0,0,,6,0
311842,Magicial Orb 11Lv,0,0,,6,0
311843,Magicial Orb 12Lv,0,0,,6,0
311844,Magicial Orb 13Lv,0,0,,6,0
311845,Magicial Orb 14Lv,0,0,,6,0
311846,Magicial Orb 15Lv,0,0,,6,0
311832,Magicial Orb 1Lv,0,0,,6,0
311833,Magicial Orb 2Lv,0,0,,6,0
311834,Magicial Orb 3Lv,0,0,,6,0
311835,Magicial Orb 4Lv,0,0,,6,0
311836,Magicial Orb 5Lv,0,0,,6,0
311837,Magicial Orb 6Lv,0,0,,6,0
311838,Magicial Orb 7Lv,0,0,,6,0
311839,Magicial Orb 8Lv,0,0,,6,0
311840,Magicial Orb 9Lv,0,0,,6,0
5045,Magician Hat,213500,250500,ragnastats,7,0
19171,Magician Knit Hat,0,0,,8,0
24249,Magician Shadow Earring,24840000,29160000,kro,4,0
24254,Magician Shadow Pendant,6439500,7559500,kro,4,0
28507,Magician's Gloves,0,0,,8,0
28538,Magician's Gloves,0,0,,8,0
490425,Magictool Ice,0,0,,8,0
12558,Magingiorde Piece Box,0,0,,12,0
5173,Magistrate Hat,24500,29000,npc,8,0
1818,Magma Fist,164000,193000,estimate,4,0
400688,Magma Ignis Cap,0,0,,8,0
480077,Magma Manteau,0,0,,8,0
4432,Magmaring Card,184000,216000,kro,32,3
2805,Magnetic Field Generator,82500,97000,npc,8,0
18594,Magni Cap,0,0,,8,0
5122,Magni's Cap,73500,86000,kro,8,0
310195,Magnificat Lv5,0,0,,6,0
611,Magnifier,28,38,ragnastats,12,3
4076,Magnolia Card,89000,104500,ragnastats,6,3
20806,Magnum Break Amistr Bag,248000,291500,npc,4,0
311419,Magnum Break Lv5,0,0,,6,0
310418,Magnus Exorcismus Lv.1,0,0,,6,0
310419,Magnus Exorcismus Lv.2,0,0,,6,0
310420,Magnus Exorcismus Lv.3,0,0,,6,0
310421,Magnus Exorcismus Lv.4,0,0,,6,0
310422,Magnus Exorcismus Lv.5,0,0,,6,0
24499,Magnus Shadow Earring,598000,702000,kro,4,0
24498,Magnus Shadow Pendant,782000,918000,kro,4,0
24497,Magnus Shadow Weapon,2760000,3240000,kro,2,0
1225,Mailbreaker,300000,352500,ragnastats,7,0
13032,Mailbreaker,300000,352500,sibling,4,0
23604,Main Dish Course,0,0,,12,3
1207,Main Gauche,2200,2550,kro,8,0
1208,Main Gauche,18000,21500,kro,8,0
1209,Main Gauche,920000,1080000,kro,2,0
32246,Main Memory,0,0,,8,0
16562,Majestic Devil Scroll,0,0,,12,0
2256,Majestic Goat,69000,81000,kro,11,0
5160,Majestic Goat,828000,972000,kro,4,0
17526,Majestic Lucky Egg,0,0,,12,0
490380,Majesty of Yggdrasil,0,0,,8,0
490381,Majesty of Yggdrasil,0,0,,8,0
101860,Major Auto Spell Armor Shadow Box,0,0,,12,0
101858,Major Auto Spell Earring Shadow Box,0,0,,12,0
101859,Major Auto Spell Pendant Shadow Box,0,0,,12,0
24728,Major Auto Spell Shadow Armor,207000000,243000000,kro,2,0
24730,Major Auto Spell Shadow Earring,82800000,97200000,kro,2,0
24731,Major Auto Spell Shadow Pendant,122666500,144000000,kro,2,0
101856,Major Auto Spell Shadow Selection Box,0,0,,12,3
24729,Major Auto Spell Shadow Shoes,0,0,,8,0
101359,Major Auto Spell Shadow Spellbook,552000,648000,kro,7,3
101861,Major Auto Spell Shoes Shadow Box,0,0,,12,0
4201,Majoruros Card,92000,108000,kro,4,3
18749,Majoruros Horn,0,0,,8,0
6493,Makibishi,25,35,npc,12,3
18537,Malangdo Hat,0,0,,8,0
19212,Malangdo Pirate Hat,0,0,,8,0
4050,Male Thief Bug Card,92000,108000,kro,4,3
312146,Malice of the Snake God (Atk) 10Lv,0,0,,6,0
312137,Malice of the Snake God (Atk) 1Lv,0,0,,6,0
312138,Malice of the Snake God (Atk) 2Lv,0,0,,6,0
312139,Malice of the Snake God (Atk) 3Lv,0,0,,6,0
312140,Malice of the Snake God (Atk) 4Lv,0,0,,6,0
312141,Malice of the Snake God (Atk) 5Lv,0,0,,6,0
312142,Malice of the Snake God (Atk) 6Lv,0,0,,6,0
312143,Malice of the Snake God (Atk) 7Lv,0,0,,6,0
312144,Malice of the Snake God (Atk) 8Lv,0,0,,6,0
312145,Malice of the Snake God (Atk) 9Lv,0,0,,6,0
312136,Malice of the Snake God (Def) 10Lv,0,0,,6,0
312127,Malice of the Snake God (Def) 1Lv,0,0,,6,0
312128,Malice of the Snake God (Def) 2Lv,0,0,,6,0
312129,Malice of the Snake God (Def) 3Lv,0,0,,6,0
312130,Malice of the Snake God (Def) 4Lv,0,0,,6,0
312131,Malice of the Snake God (Def) 5Lv,0,0,,6,0
312132,Malice of the Snake God (Def) 6Lv,0,0,,6,0
312133,Malice of the Snake God (Def) 7Lv,0,0,,6,0
312134,Malice of the Snake God (Def) 8Lv,0,0,,6,0
312135,Malice of the Snake God (Def) 9Lv,0,0,,6,0
312156,Malice of the Snake God (Matk) 10Lv,0,0,,6,0
312147,Malice of the Snake God (Matk) 1Lv,0,0,,6,0
312148,Malice of the Snake God (Matk) 2Lv,0,0,,6,0
312149,Malice of the Snake God (Matk) 3Lv,0,0,,6,0
312150,Malice of the Snake God (Matk) 4Lv,0,0,,6,0
312151,Malice of the Snake God (Matk) 5Lv,0,0,,6,0
312152,Malice of the Snake God (Matk) 6Lv,0,0,,6,0
312153,Malice of the Snake God (Matk) 7Lv,0,0,,6,0
312154,Malice of the Snake God (Matk) 8Lv,0,0,,6,0
312155,Malice of the Snake God (Matk) 9Lv,0,0,,6,0
31020,Malicious Baby Ghost Card,2300000,2700000,kro,2,3
24325,Malicious Shadow Armor II,4600000,5400000,kro,4,0
24081,Malicious Shas Shadow Armor,6440000,7560000,kro,4,0
24083,Malicious Shas Shadow Shield,6440000,7560000,kro,4,0
24082,Malicious Shas Shadow Shoes,6394000,7506000,kro,5,0
22243,Mamaragan,0,0,,8,0
7795,Mammi's Photo Album,0,0,,12,0
24669,Mammoth Shadow Armor,7360000,8640000,kro,2,0
100707,Mammoth Shadow Box,0,0,,12,3
24672,Mammoth Shadow Earring,7360000,8640000,kro,2,0
24671,Mammoth Shadow Pendant,7820000,9180000,kro,2,0
24674,Mammoth Shadow Shield,7360000,8640000,kro,2,0
24670,Mammoth Shadow Shoes,7130000,8370000,kro,2,0
24673,Mammoth Shadow Weapon,8280000,9720000,kro,2,0
18904,Man's Pride,0,0,,8,0
12419,Mana Plus,0,0,,12,3
1001996,Mana Ring,61500,72000,kro,12,3
1098,Manacles,4350,5150,ragnastats,36,18
4584,Manananggal Card,552000,648000,kro,4,3
14608,Manchu-Han Imperial Feast,0,0,,12,0
1903,Mandolin,14500,17000,npc,8,0
1904,Mandolin,14500,17000,npc,8,0
5399,Mandragora Cap,46000,54000,kro,8,0
4030,Mandragora Card,207000,243000,kro,5,3
6217,Mandragora Flowerpot,5050,5900,kro,54,18
1028,Mane,1800,2150,kro,36,36
1001444,Mane Hair of Floral Pegasus,1268500,1489000,kro,4,3
1032,Maneater Blossom,1200,1450,kro,76,36
19042,Maneater Flower Hairpin,0,0,,8,0
18707,Maneater Flower Hat,0,0,,8,0
1033,Maneater Root,1550,1800,kro,54,72
4585,Mangkukulam Card,257500,302000,kro,4,3
4552,Manny Card,0,0,,6,3
2505,Manteau,26000,31000,npc,8,0
2506,Manteau,26000,31000,npc,8,0
20735,Manteau of Flame Heart,0,0,,8,0
20747,Manteau of Great Nature,0,0,,8,0
20942,Manteau Of Guardsman,0,0,,8,0
20734,Manteau of Leafwind,0,0,,8,0
20745,Manteau of Mystic Frozen,0,0,,8,0
480347,Manteau of Mystical Beast: Autumn,0,0,,8,0
480345,Manteau of Mystical Beast: Spring,0,0,,8,0
480346,Manteau of Mystical Beast: Summer,0,0,,8,0
480348,Manteau of Mystical Beast: Winter,0,0,,8,0
4079,Mantis Card,1150000,1350000,kro,16,3
25774,Mantis Flower,13500,16000,estimate,36,6
1031,Mantis Scythe,595,805,kro,36,36
2307,Mantle,8250,9700,npc,8,0
2308,Mantle,8250,9700,npc,8,0
15257,Mantle,0,0,,8,0
6285,Manual: How To Make High Quality Potion,107500,126500,ragnastats,7,3
11019,Manuk Selling Item,0,0,,12,0
12343,Manuk's Courage,0,0,,12,3
12348,Manuk's Faith,0,0,,12,3
12342,Manuk's Opportunity,0,0,,12,3
7526,Manuscript Paper,0,0,,12,0
400711,Many Flowers Love,0,0,,8,0
19402,Many Stars,0,0,,8,0
1000953,Manyeop Tea Imperial,0,0,,12,3
4202,Mao Guai Card,1644000,1930000,ragnastats,2,3
12820,Mao Guai Scroll,0,0,,12,0
1001083,Maple Leaves,17000,20000,estimate,12,0
4105,Marc Card,1840000,2160000,kro,3,3
100433,March Costume Enchant Stone Thump Box,828000,972000,kro,7,0
4112,Marduk Card,910500,1069000,kro,5,3
4364,Margaretha Sorin Card,27600000,32400000,kro,2,3
29599,Margaretha's Memory,0,0,,6,0
19146,Marin Balloon,27600000,32400000,kro,2,0
4196,Marin Card,3450000,4050000,kro,2,3
9061,Marin Egg,0,0,,12,0
400672,Marin Pattern Hat,0,0,,8,0
4055,Marina Card,125500,147500,kro,4,3
7138,Marine Sphere Bottle,425,575,kro,12,0
4084,Marine Sphere Card,1426000,1674000,kro,3,3
7131,Marine Sphere Creation Guide,94500,111500,ragnastats,7,3
4113,Marionette Card,4416000,5184000,kro,3,3
5141,Marionette Doll,460000,540000,kro,7,0
9043,Marionette Egg,4600000,5400000,kro,5,0
300596,Maristella Walther Card,0,0,,6,3
1001848,Maristella Walther Card Fragment,0,0,,12,3
18888,Maroon Bunny Band,0,0,,8,0
15363,Mars Armor,0,0,,8,0
450296,Mars Armor-LT,0,0,,8,0
4095,Marse Card,635500,746500,ragnastats,4,3
27177,Marsh Arclouse Card,4370000,5130000,kro,2,3
7862,Marshmallow,66500,78000,estimate,12,0
4046,Martin Card,46000,54000,kro,6,3
2714,Marvelous Pendant,0,0,,8,0
5275,Marvelous Wig,0,0,,8,0
1165,Masamune,46000,54000,kro,8,0
5475,Mask Cube,0,0,,11,0
19083,Mask of Hero,0,0,,8,0
10034,Masked Ball,0,0,,12,0
7114,Masque of Tutankhamen,174500,205000,kro,7,0
2291,Masquerade,148000,174000,ragnastats,7,0
19132,Masquerade,148000,174000,sibling,4,0
12286,Masquerade Ball Box2,0,0,,12,0
522,Mastela Fruit,7350,8600,kro,54,18
12050,Mastela Fruit Wine,5800,6850,kro,12,3
310785,Master Archer Infinite Lv1,0,0,,6,0
310786,Master Archer Infinite Lv2,0,0,,6,0
310787,Master Archer Infinite Lv3,0,0,,6,0
310788,Master Archer Infinite Lv4,0,0,,6,0
310789,Master Archer Infinite Lv5,0,0,,6,0
312748,Master Archer Jewel 10Lv,0,0,,6,0
312739,Master Archer Jewel 1Lv,0,0,,6,0
312740,Master Archer Jewel 2Lv,0,0,,6,0
312741,Master Archer Jewel 3Lv,0,0,,6,0
312742,Master Archer Jewel 4Lv,0,0,,6,0
312743,Master Archer Jewel 5Lv,0,0,,6,0
312744,Master Archer Jewel 6Lv,0,0,,6,0
312745,Master Archer Jewel 7Lv,0,0,,6,0
312746,Master Archer Jewel 8Lv,0,0,,6,0
312747,Master Archer Jewel 9Lv,0,0,,6,0
29091,Master Archer Lv. 1,0,0,,6,0
29100,Master Archer Lv. 10,0,0,,6,0
29092,Master Archer Lv. 2,0,0,,6,0
29093,Master Archer Lv. 3,0,0,,6,0
29094,Master Archer Lv. 4,0,0,,6,0
29095,Master Archer Lv. 5,0,0,,6,0
29096,Master Archer Lv. 6,0,0,,6,0
29097,Master Archer Lv. 7,0,0,,6,0
29098,Master Archer Lv. 8,0,0,,6,0
29099,Master Archer Lv. 9,0,0,,6,0
310782,Master Bow Infinite Lv1,0,0,,6,0
310783,Master Bow Infinite Lv2,0,0,,6,0
310784,Master Bow Infinite Lv3,0,0,,6,0
24793,Master Shadow Shield,7360000,8640000,kro,2,0
24792,Master Shadow Weapon,7651000,8982000,kro,2,0
28255,Master Soul Rifle,0,0,,8,0
100405,Master Soul Rifle Modification Cube,0,0,,12,0
810009,Master Soul Rifle-LT,0,0,,8,0
19425,Master's Head,0,0,,8,0
4197,Mastering Card,110000,129500,kro,4,3
9069,Mastering Egg,18400000,21600000,kro,4,0
4361,MasterSmith Card,102250000,120032500,estimate,2,0
25496,Mastersmith Stone (Lower),2760000,3240000,kro,4,0
25495,Mastersmith Stone (Middle),3220000,3780000,kro,4,0
25494,Mastersmith Stone (Upper),3680000,4320000,kro,4,0
7035,Matchstick,85,115,npc,51,6
27148,Material Chimera Card,1380000,1620000,kro,2,3
23335,Material Shadow Cube,0,0,,12,3
100690,Material Shadow Cube II,2870000,3369500,kro,4,3
1100027,Matjalal,0,0,,12,3
4883,MATK + 1%,0,0,,6,0
4896,MATK + 2%,0,0,,6,0
4897,MATK + 3%,0,0,,6,0
4898,MATK + 4%,0,0,,6,0
4899,MATK + 5%,0,0,,6,0
4906,MATK + 6,0,0,,6,0
4907,MATK + 7%,0,0,,6,0
29381,MATK +5,0,0,,6,0
310988,MATK 1Lv,0,0,,6,0
310989,MATK 2Lv,0,0,,6,0
312898,MATK I,0,0,,6,0
312899,MATK II,0,0,,6,0
312900,MATK III,0,0,,6,0
312901,MATK IV,0,0,,6,0
6643,MATK Stone (Middle),450500,529000,kro,7,0
6944,MATK Stone (Upper),0,0,,6,0
25017,MATK Stone(Lower),0,0,,12,0
312902,MATK V,0,0,,6,0
4760,MATK+1%,0,0,,6,0
29030,MATK+1%,0,0,,6,0
29031,MATK+1%(Lower),0,0,,6,0
4761,MATK+2%,0,0,,6,0
4806,MATK+3%,0,0,,6,0
27102,Matt Drainliar Card,276000,324000,kro,4,3
4097,Matyr Card,874000,1026000,kro,5,3
2618,Matyr's Leash,9200,10500,ragnastats,8,0
27161,Mavka Card,2024000,2376000,kro,2,3
1270087,Max Chain Shadow Earring,5520000,6480000,kro,2,0
1270088,Max Chain Shadow Pendant,5980000,7020000,kro,2,0
27412,MaxHP + 15%,0,0,,6,0
4927,MaxHP50,0,0,,6,0
28138,Maxi Spanner,920000,1080000,kro,2,0
28142,Maxi Spanner,920000,1080000,sibling,2,0
100621,Maximum Mammonth Shadow Thump Box,64400000,75600000,kro,4,3
24679,Maximum Mammoth Shadow Armor,110400000,129600000,kro,2,0
101719,Maximum Mammoth Shadow Armor Box,0,0,,12,0
24681,Maximum Mammoth Shadow Earring,138000000,162000000,kro,2,0
101717,Maximum Mammoth Shadow Earring Box,0,0,,12,0
24682,Maximum Mammoth Shadow Pendant,124200000,145800000,kro,2,0
101718,Maximum Mammoth Shadow Pendant Box,0,0,,12,0
101727,Maximum Mammoth Shadow Selection Box,0,0,,12,3
24680,Maximum Mammoth Shadow Shoes,110400000,129600000,kro,2,0
101720,Maximum Mammoth Shadow Shoes Box,0,0,,12,0
101264,Maximum Mammoth Shadow Spellbook,2162000,2538000,kro,4,3
4928,MaxSP+10,0,0,,6,0
312023,MaxSP+15%,0,0,,6,0
4146,Maya Card,73851000,86694500,estimate,2,0
4198,Maya Purple Card,1380000,1620000,kro,2,3
102404,Maya Purple Scroll (Egg),0,0,,12,3
1000518,Maya's Crown,84500,99500,estimate,12,18
12133,McDonald's Ice Cone,0,0,,12,0
25014,Mdef Stone(Lower),0,0,,12,0
4890,MDEF+1,0,0,,6,0
4790,MDEF+10,0,0,,6,0
4786,MDEF+2,0,0,,6,0
4891,MDEF+3,0,0,,6,0
4787,MDEF+4,0,0,,6,0
29033,MDEF+4,0,0,,6,0
4892,MDEF+5,0,0,,6,0
4788,MDEF+6,0,0,,6,0
4789,MDEF+8,0,0,,6,0
517,Meat,13,19,ragnastats,51,36
300169,Meatball Monster Card,0,0,,6,0
400766,Mecha Feather Blue Hairband,0,0,,8,0
15079,Mechanic Battle Armor,0,0,,8,0
22024,Mechanic Battle Boots,0,0,,8,0
27061,Mechanic Howard (MVP) Card,0,0,,6,0
4677,Mechanic Howard Card,2704500,3175000,estimate,2,3
100374,Mechanic Shadow Cube,0,0,,12,0
24303,Mechanic Shadow Shield,3358000,3942000,kro,4,0
24290,Mechanic Shadow Weapon,3496000,4104000,kro,4,0
22099,Mechanic Shoes,0,0,,8,0
25497,Mechanic Stone (Garment),9200000,10800000,kro,4,0
29484,Mechanic Stone (Garment),9200000,10800000,kro,2,0
311432,Mechanic Stone (Lower),69000000,81000000,kro,2,0
1000973,Mechanic Stone (Lower),69000000,81000000,kro,4,0
311431,Mechanic Stone (Middle),64400000,75600000,kro,2,0
1000972,Mechanic Stone (Middle),64400000,75600000,kro,4,0
311430,Mechanic Stone (Upper),55200000,64800000,kro,2,0
1000971,Mechanic Stone (Upper),55200000,64800000,kro,4,0
310007,Mechanic Stone II (Garment),6440000,7560000,kro,2,0
1000015,Mechanic Stone II (Garment),6440000,7560000,kro,4,0
470120,Mechanical Aluminum Modified Boots,0,0,,8,0
470283,Mechanical Aluminum Modified Boots-LT,0,0,,8,0
18933,Mechanical Plant Hat,0,0,,8,0
27180,Mechaspider Card,2315500,2718000,estimate,2,3
2895,Medal Of Valor1,0,0,,8,0
2896,Medal Of Valor2,0,0,,8,0
5920,Medical Boots,0,0,,8,0
22100,Medical Boots,0,0,,8,0
20854,Medical Cape,0,0,,8,0
480333,Medical Cape,0,0,,8,0
15205,Medical Scrubs,0,0,,8,0
25782,Medicinal Bag,0,0,,12,3
7134,Medicine Bowl,82,110,ragnastats,51,3
24073,Medium Shadow Armor,0,0,,12,0
24076,Medium Shadow Weapon,2070000,2430000,kro,4,0
6791,Medium Stone (Upper),0,0,,6,0
300562,Medjay Card,4599500,5399000,kro,2,3
300561,Medjed Card,3679500,4319000,kro,2,3
4124,Medusa Card,644000,756000,kro,5,3
9050,Medusa Egg,86888500,102000000,kro,4,0
101922,Mega Blitz Shadow Selection Box,0,0,,12,3
24767,Mega Blitz Shadow Shield,6900000,8100000,kro,2,0
101261,Mega Blitz Shadow Spellbook,4646000,5454000,kro,4,3
101258,Mega Blitz Shadow Thump Box,0,0,,12,3
24768,Mega Blitz Shadow Weapon,9108000,10692000,kro,2,0
101924,Mega Blitz Shield Shadow Box,0,0,,12,0
101923,Mega Blitz Weapon Shadow Box,0,0,,12,0
4200,Megalith Card,88500,104000,ragnastats,6,3
25638,Megalithic Token,46000,54000,kro,12,18
4067,Megalodon Card,69000,81000,kro,9,3
7040,Megaphone,1,2,npc,12,0
1000886,Megaphone,0,0,,12,0
2629,Megingjard,0,0,,8,0
2830,Megingjard,0,0,,8,0
16365,Megingjord R Box,0,0,,12,0
312224,Meister Soul (Axe Stomp),0,0,,6,0
313380,Meister Soul (Energy Cannonade),0,0,,6,0
312226,Meister Soul (Mighty Smash),0,0,,6,0
313379,Meister Soul (Powerful Swing),0,0,,6,0
313378,Meister Soul (Rush Strike),0,0,,6,0
312225,Meister Soul (Spark Blaster),0,0,,6,0
312227,Meister Soul (Triple Laser),0,0,,6,0
312478,Meister Stone (Garment),414000000,486000000,kro,2,0
1001421,Meister Stone (Garment),414000000,486000000,kro,4,0
6248,Melange Pot,635,860,npc,12,3
311469,Melee Physical Attack Stone (Garment),18354000,21546000,kro,2,0
1001053,Melee Physical Attack Stone (Garment),18354000,21546000,kro,4,0
310329,Melee Stone (Bottom),690000,810000,kro,4,0
1000379,Melee Stone (Lower),690000,810000,kro,7,0
1000378,Melee Stone (Mid),920000,1080000,kro,4,0
310328,Melee Stone (Middle),920000,1080000,kro,2,0
310327,Melee Stone (Top),920000,1080000,kro,2,0
1000377,Melee Stone (Upper),920000,1080000,kro,4,0
310661,Melee Stone(Dual),49910000,58590000,kro,2,0
1000524,Melee Stone(Dual),49910000,58590000,kro,4,0
300469,Melibe Slug Card,5763500,6766000,kro,2,3
6264,Melon,645,875,ragnastats,36,18
520015,Melon Axe,0,0,,8,0
500041,Melon Blade,0,0,,8,0
13262,Melon Bomb,0,0,,12,0
6282,Melon Bomb Guidebook,0,0,,12,3
540038,Melon Book,0,0,,8,0
23723,Melon Bread,0,0,,12,0
19463,Melon Bread Hat,0,0,,8,0
560029,Melon Claw,0,0,,8,0
600022,Melon Claymore,0,0,,8,0
510048,Melon Dagger,0,0,,8,0
550049,Melon Foxtail,0,0,,8,0
830006,Melon Gatling Gun,0,0,,8,0
800007,Melon Handgun,0,0,,8,0
650016,Melon Huuma,0,0,,8,0
23320,Melon Juice,0,0,,12,0
610032,Melon Katar,0,0,,8,0
630017,Melon Lance,0,0,,8,0
840003,Melon Launcher,0,0,,8,0
590033,Melon Mace,0,0,,8,0
23322,Melon Parfait,0,0,,12,0
810004,Melon Rifle,0,0,,8,0
820003,Melon Shotgun,0,0,,8,0
530022,Melon Spear,0,0,,8,0
640030,Melon Staff,0,0,,8,0
620014,Melon Two-Handed Axe,0,0,,8,0
570026,Melon Viollin,0,0,,8,0
550048,Melon Wand,0,0,,8,0
420219,Melon when clothes come,16100000,18900000,kro,2,0
580026,Melon Whip,0,0,,8,0
700048,Melon Wing,0,0,,8,0
300410,Meloring Card,0,0,,6,0
300174,Melted Poring Card,50600000,59400000,kro,2,3
6155,Member Card,0,0,,12,0
7348,Membership Card,0,0,,12,0
934,Memento,510,690,kro,51,36
490665,Memento Memory (Biolo),0,0,,8,0
490670,Memento Memory (Cardinal),0,0,,8,0
490674,Memento Memory (Elemental Master),0,0,,8,0
490658,Memento Memory (Inquisitor),0,0,,8,0
490642,Memento Memory (Wind Hawk),0,0,,8,0
490644,Memento Mind (Biolo),0,0,,8,0
490676,Memento Mind (Cardinal),0,0,,8,0
490672,Memento Mind (Elemental Master),0,0,,8,0
490667,Memento Mind (Inquisitor),0,0,,8,0
490660,Memento Mind (Wind Hawk),0,0,,8,0
490207,Memento Mori,0,0,,8,0
22620,Memorial Box,0,0,,12,3
1001010,Memorial clock of the Principality,0,0,,12,0
23724,Memorial Egg,79500,93500,estimate,12,0
14699,Memorial Garuda Lucky Egg,0,0,,12,0
2109,Memory Book,135000,158500,ragnastats,4,0
2121,Memory Book,277000,325500,ragnastats,4,0
312432,Memory Crystal (Attack Speed),0,0,,6,0
312431,Memory Crystal (Critical),0,0,,6,0
312429,Memory Crystal (Global Cooldown),0,0,,6,0
312430,Memory Crystal (Perfect Hit),0,0,,6,0
312428,Memory Crystal (Variable Casting),0,0,,6,0
312434,Memory Fragment (Admiration),0,0,,6,0
312436,Memory Fragment (Bravery),0,0,,6,0
312435,Memory Fragment (Freedom),0,0,,6,0
312437,Memory Fragment (Hope),0,0,,6,0
312433,Memory Fragment (Relaxation),0,0,,6,0
18937,Memory of Lovers,0,0,,8,0
4399,Memory of Thanatos Card,93488500,109747500,estimate,2,0
24530,Menace Shadow Armor,2760000,3240000,kro,2,0
24531,Menace Shadow Shield,5520000,6480000,kro,2,0
24532,Menace Shadow Shoes,3174000,3726000,kro,2,0
4593,Menblatt Card,1046500,1228500,kro,3,3
20863,Menblatt Wing Manteau,0,0,,8,0
15089,Menswear,2774500,3257500,ragnastats,2,0
708,Ment,425,575,npc,51,3
310876,Mental 1Lv,0,0,,6,0
310877,Mental 2Lv,0,0,,6,0
310878,Mental 3Lv,0,0,,6,0
490078,Mental Condenser,0,0,,8,0
1661,Mental Destroyer,304000,357000,estimate,4,0
311969,Mental of Varmundt Lv1,0,0,,6,0
311970,Mental of Varmundt Lv2,0,0,,6,0
311971,Mental of Varmundt Lv3,0,0,,6,0
311972,Mental of Varmundt Lv4,0,0,,6,0
311973,Mental of Varmundt Lv5,0,0,,6,0
1654,Mental Stick,276000,324000,kro,7,0
550067,Meow Meow Foxtail-LT,0,0,,8,0
400759,Meow Meow Meatball Growth Hat,0,0,,8,0
400758,Meow Meow Meatball Potential Hat,0,0,,8,0
26155,Meowmeow Foxtail,0,0,,8,0
100399,Meowmeow Foxtail Remodeling Cube,0,0,,12,0
11040,Mer Book Basic,0,0,,12,0
11042,Mer Book Misc,0,0,,12,0
11041,Mer Book Practice,0,0,,12,0
12242,Mercenary Awakening Potion,995,1150,ragnastats,12,3
12243,Mercenary Berserk Potion,2750,3200,npc,12,3
12185,Mercenary Blue Potion,1600,1850,ragnastats,12,3
12241,Mercenary Concentration Potion,2500,2950,ragnastats,12,3
12184,Mercenary Red Potion,1050,1250,ragnastats,12,3
28425,Mercenary Ring Type A,0,0,,8,0
28426,Mercenary Ring Type B,23000000,27000000,kro,2,0
17060,Merchant Card Album,0,0,,12,0
24247,Merchant Shadow Earring,4140000,4860000,kro,4,0
24251,Merchant Shadow Pendant,3680000,4320000,kro,4,0
31003,Merciless Gioia Card,0,0,,6,3
17116,Mercury Helm Box,0,0,,12,0
17240,Mercury Scroll,0,0,,12,0
15431,Mercury Suit,0,0,,8,0
450389,Mercury Suit-LT,0,0,,8,0
20116,Mermaid Headphone,0,0,,8,0
410587,Mermaid Headphones (Global Cooldown),165600000,194400000,kro,2,0
410590,Mermaid Headphones (Global Cooldown),165600000,194400000,kro,2,0
410589,Mermaid Headphones (MAXHP),188600000,221400000,kro,2,0
410592,Mermaid Headphones (MAXHP),188600000,221400000,kro,2,0
410588,Mermaid Headphones (Variable Casting),174800000,205200000,kro,2,0
410591,Mermaid Headphones (Variable Casting),174800000,205200000,kro,2,0
4199,Merman Card,2300000,2700000,kro,3,3
460079,Mesarthim,0,0,,8,0
15434,Meta Angel Figure (OSM),0,0,,8,0
28238,Metal Anaconda,0,0,,8,0
1000929,Metal Cube,68500,80000,kro,12,3
13145,Metal Deathadder,0,0,,8,0
102016,Metal Detector Box,0,0,,12,0
28771,Metal Detector Mk47,27599500,32399500,kro,2,0
28237,Metal Diamondback,0,0,,8,0
7095,Metal Fragment,15000,18000,ragnastats,36,36
28236,Metal Kingcobra,0,0,,8,0
490141,Metal Pick,0,0,,8,0
28239,Metal Python,0,0,,8,0
15945,Metal Riffs Ring,0,0,,8,0
32012,Metal Stick,0,0,,8,0
32013,Metal Stick,835500,981000,estimate,4,0
4341,Metaling Card,625500,734500,ragnastats,5,3
4057,Metaller Card,109500,128500,ragnastats,4,3
9106,Metaller Egg,0,0,,12,0
24924,Metallic Fury Shadow Armor,3680000,4320000,kro,2,0
24925,Metallic Fury Shadow Shoes,3680000,4320000,kro,2,0
24506,Metallic Shadow Armor,1840000,2160000,kro,2,0
24507,Metallic Shadow Shield,690000,810000,kro,4,0
24508,Metallic Shadow Shoes,92000,108000,kro,4,0
19150,Metalring Balloon,24686500,28980000,kro,2,0
2364,Meteo Plate Armor,138000,162000,ragnastats,7,0
310403,Meteor Assault Lv.1,0,0,,6,0
310404,Meteor Assault Lv.2,0,0,,6,0
310405,Meteor Assault Lv.3,0,0,,6,0
310406,Meteor Assault Lv.4,0,0,,6,0
310407,Meteor Assault Lv.5,0,0,,6,0
310358,Meteor Storm Lv.1,0,0,,6,0
310359,Meteor Storm Lv.2,0,0,,6,0
310360,Meteor Storm Lv.3,0,0,,6,0
310361,Meteor Storm Lv.4,0,0,,6,0
310362,Meteor Storm Lv.5,0,0,,6,0
311058,Meteor Storm Tuning Device,0,0,,6,0
16043,Meteor Strike,0,0,,8,0
590002,Meteor Striker,1840000,2160000,kro,2,0
100361,Meteor Striker Remodeling Cube,0,0,,12,0
590034,Meteor Striker-LT,0,0,,8,0
1000373,Meteorite Fragment,67000,78500,kro,12,3
1000446,Meteorite Fragment of Spell,1104000,1296000,kro,4,3
1000447,Meteorite Fragment of Wisdom,17000,20500,kro,12,3
1000372,Meteorite Powder,2350,2750,kro,12,3
1000402,Meteorite Powder of Spell,18000,21500,kro,12,3
1000403,Meteorite Powder of Wisdom,4600,5400,kro,12,3
310805,Mettle Infinite Lv1,0,0,,6,0
310806,Mettle Infinite Lv2,0,0,,6,0
310807,Mettle Infinite Lv3,0,0,,6,0
310808,Mettle Infinite Lv4,0,0,,6,0
310809,Mettle Infinite Lv5,0,0,,6,0
312728,Mettle Jewel 10Lv,0,0,,6,0
312719,Mettle Jewel 1Lv,0,0,,6,0
312720,Mettle Jewel 2Lv,0,0,,6,0
312721,Mettle Jewel 3Lv,0,0,,6,0
312722,Mettle Jewel 4Lv,0,0,,6,0
312723,Mettle Jewel 5Lv,0,0,,6,0
312724,Mettle Jewel 6Lv,0,0,,6,0
312725,Mettle Jewel 7Lv,0,0,,6,0
312726,Mettle Jewel 8Lv,0,0,,6,0
312727,Mettle Jewel 9Lv,0,0,,6,0
29061,Mettle Lv. 1,0,0,,6,0
29070,Mettle Lv. 10,0,0,,6,0
29062,Mettle Lv. 2,0,0,,6,0
29063,Mettle Lv. 3,0,0,,6,0
29064,Mettle Lv. 4,0,0,,6,0
29065,Mettle Lv. 5,0,0,,6,0
29066,Mettle Lv. 6,0,0,,6,0
29067,Mettle Lv. 7,0,0,,6,0
29068,Mettle Lv. 8,0,0,,6,0
29069,Mettle Lv. 9,0,0,,6,0
28038,Meuchler-OS,184000,216000,kro,4,0
610039,Meuchler-OSAD,0,0,,8,0
300307,Meyer Card,19320000,22680000,kro,2,3
300308,Meyer Lugenburg Card,13795000,16194500,kro,2,3
18179,MH-P89-OS,920000,1080000,kro,2,0
700055,MH-P89-OSAD,0,0,,8,0
310990,MHP 1Lv,0,0,,6,0
310991,MHP 2Lv,0,0,,6,0
312887,MHP I,0,0,,6,0
312888,MHP II,0,0,,6,0
312889,MHP III,0,0,,6,0
4861,MHP+1%,0,0,,6,0
4862,MHP+2%,0,0,,6,0
4867,MHP+3%,0,0,,6,0
4868,MHP+4%,0,0,,6,0
4900,MHP+5%,0,0,,6,0
310803,MHP1,0,0,,6,0
310804,MHP2,0,0,,6,0
4231,Mi Gao Card,15000,18000,ragnastats,6,3
1001033,Miasmal Spell,218000,256000,kro,7,3
11541,Mid Choco,0,0,,12,0
1002382,Midga Missile Button,0,0,,12,0
1002381,Midga Powder,0,0,,12,0
14741,Midgard Celebration Lucky Egg,0,0,,12,0
17307,Midgard Egg,0,0,,12,0
17479,Midgard Festival Egg,0,0,,12,0
14701,Midgard Immortal Lucky Egg,0,0,,12,0
1270099,Midnight Kick Shadow Earring,3680000,4320000,kro,2,0
1270100,Midnight Kick Shadow Pendant,3128000,3672000,kro,2,0
1270138,Midnight Shooting Shadow Earring,736000,864000,kro,4,0
1270139,Midnight Shooting Shadow Pendant,736000,864000,kro,4,0
15283,Mighty Black Threaded Armor,0,0,,8,0
400647,Mighty Crown of Ashes,0,0,,8,0
1613,Mighty Staff,230000,270000,ragnastats,4,0
24936,Mighty Stomp Shadow Earring,140500,165000,kro,4,0
24937,Mighty Stomp Shadow Pendant,276000,324000,kro,4,0
27318,Miguel Card,15640000,18360000,kro,2,3
13078,Mikacheuki,33000,38500,npc,8,0
18692,Mike Hat,0,0,,8,0
470193,Military Boots TH,0,0,,8,0
490183,Military Glove,0,0,,8,0
540018,Military Law Book,0,0,,8,0
15112,Military Mail,0,0,,8,0
519,Milk,21,29,npc,51,36
4205,Mimic Card,920000,1080000,kro,3,3
5869,Mimic Egg Shell,0,0,,8,0
4510,Miming Card,73500,86000,kro,6,3
23611,Mimir's Spring Water,0,0,,12,3
6461,Mimong Sungjin,0,0,,12,0
6736,Minced Meat,0,0,,12,0
5031,Mine Hat,0,0,,8,0
20822,Mine Worker's Backpack,0,0,,8,0
28116,Mine Worker's Pickaxe,221000,259500,estimate,4,0
28127,Mine Worker's Pickaxe,0,0,,8,0
15179,Mine Worker's Vest,0,0,,8,0
15244,Miner's Vest,0,0,,8,0
4339,Mineral Card,184000,216000,kro,4,3
1000931,Mini Cannon Kit,8700,10000,kro,12,3
4204,Mini Demon Card,1104000,1296000,kro,2,3
100519,Mini Extinguisher,0,0,,12,0
23168,Mini Fan Box,72680000,85320000,kro,4,3
612,Mini Furnace,2550,3000,ragnastats,27,3
2260,Mini Glasses,230000,270000,kro,4,0
18591,Mini Glasses,230000,270000,sibling,7,0
13197,Mini Mei,1324500,1555000,npc,2,0
2259,Mini Propeller,40500,47500,ragnastats,11,0
5226,Mini Propeller,40500,47500,sibling,8,0
16713,Mini Propeller Box,0,0,,12,0
16714,Mini Propeller Box,0,0,,12,0
18553,Mini Tree,3620000,4249500,ragnastats,2,0
18598,Mini Tree J,0,0,,8,0
7616,Miniboss Voucher,0,0,,12,0
100022,Minions Crystal Box,166000,195000,estimate,7,0
2311,Mink Coat,46000,54000,kro,8,0
310658,Minor Casting Reduction(Dual),0,0,,6,0
1000521,Minor Casting Stone (Dual),69511000,81600000,kro,4,0
25170,Minor Casting Stone (Garment),40480000,47520000,kro,4,0
12615,Minor Coin Bag,17,24,npc,12,72
29154,Minor Fixed Cast Reduction,0,0,,6,0
23144,Minor Growth Elixir Box,0,0,,12,0
23145,Minor Job Elixir Box,0,0,,12,0
12431,Minor Stew,138000,162000,kro,32,3
4126,Minorous Card,460000,540000,kro,5,3
27057,Minstel Alphoccio (MVP) Card,0,0,,6,0
4673,Minstel Alphoccio Card,2690000,3158000,estimate,2,3
1725,Minstrel Bow,0,0,,8,0
100359,Minstrel Shadow Cube,0,0,,12,0
24312,Minstrel Shadow Shield,1840000,2160000,kro,4,0
5878,Miracle Blue Rose,0,0,,8,0
17431,Miracle Lucky Egg,0,0,,12,0
1325,Mirage Axe,0,0,,8,0
13467,Mirage Blade,0,0,,8,0
26202,Mirage Blade Whip,0,0,,8,0
28610,Mirage Book,0,0,,8,0
1843,Mirage Claw,0,0,,8,0
21027,Mirage Claymore,0,0,,8,0
28723,Mirage Dagger,0,0,,8,0
26144,Mirage Foxtail,0,0,,8,0
28230,Mirage Gatling Gun,0,0,,8,0
13141,Mirage Handgun,0,0,,8,0
13334,Mirage Huuma,0,0,,8,0
28019,Mirage Katar,0,0,,8,0
26005,Mirage Lance,0,0,,8,0
28232,Mirage Launcher,0,0,,8,0
16059,Mirage Mace,0,0,,8,0
20828,Mirage Manteau,0,0,,8,0
28228,Mirage Rifle,0,0,,8,0
15188,Mirage Robe,0,0,,8,0
22128,Mirage Shoes,0,0,,8,0
28234,Mirage Shotgun,0,0,,8,0
32002,Mirage Spear,0,0,,8,0
2036,Mirage Staff,0,0,,8,0
28118,Mirage Twohand Axe,0,0,,8,0
1946,Mirage Viollin,0,0,,8,0
26106,Mirage Wand,0,0,,8,0
18147,Mirage Wing,0,0,,8,0
2107,Mirror Shield,55000,64500,kro,8,0
2108,Mirror Shield,55000,64500,kro,11,0
5402,Mischievous Fairy,0,0,,8,0
7730,Mission Ticket 1,0,0,,12,0
7739,Mission Ticket 10,0,0,,12,0
7740,Mission Ticket 11,0,0,,12,0
7741,Mission Ticket 12,0,0,,12,0
7731,Mission Ticket 2,0,0,,12,0
7732,Mission Ticket 3,0,0,,12,0
7733,Mission Ticket 4,0,0,,12,0
7734,Mission Ticket 5,0,0,,12,0
7735,Mission Ticket 6,0,0,,12,0
7736,Mission Ticket 7,0,0,,12,0
7737,Mission Ticket 8,0,0,,12,0
7738,Mission Ticket 9,0,0,,12,0
28737,Mist Sword,0,0,,8,0
4132,Mistress Card,613333000,720000000,kro,2,0
9193,Mistress Egg,0,0,,12,0
4393,Mistress of Shelter Card,828000,972000,kro,5,3
7757,Mithril,0,0,,12,0
674,Mithril Coin,0,0,,12,0
2532,Mithril Magic Cape,81000,95000,ragnastats,11,0
7233,Mithril Ore,0,0,,12,0
11022,Mix Cook Book,8,12,npc,12,3
12067,Mixed Juice,0,0,,12,3
974,Mixture,158000,186000,ragnastats,24,3
4208,Miyabi Doll Card,1265000,1485000,kro,3,3
9048,Miyabi Ningyo Egg,6440000,7560000,kro,4,0
1530,Mjolnir,0,0,,8,0
16007,Mjolnir,0,0,,8,0
470290,Mjolnir Mine Shoes,0,0,,8,0
12557,Mjolnir Piece Box,0,0,,12,0
16367,Mjolnir R Box,0,0,,12,0
1001204,Mjolnir's Energy,22500,26000,kro,36,3
1001203,Mjolnir's Treasure,460000,540000,kro,7,3
470204,Moan of Corruption,15640000,18360000,kro,2,0
102311,Moan of Corruption Recipe,2760000,3240000,kro,4,3
470112,Moaning of Evil Spirits,0,0,,8,0
28502,Mob Scarf,0,0,,8,0
420425,Mob Scarf-LT,0,0,,8,0
4317,Mobster Card,920000,1080000,kro,2,3
102015,Mocadas Equipment Enchantment,0,0,,12,0
102049,Mocadas Slate (Baru),0,0,,12,0
102050,Mocadas Slate (Blessing),0,0,,12,0
102047,Mocadas Slate (Dawablunt),0,0,,12,0
102045,Mocadas Slate (Dest),0,0,,12,0
102058,Mocadas Slate (Eisa),0,0,,12,0
102054,Mocadas Slate (Gross),0,0,,12,0
102042,Mocadas Slate (Jedogar),0,0,,12,0
102055,Mocadas Slate (Kaguaz),0,0,,12,0
102057,Mocadas Slate (Kanjar),0,0,,12,0
102043,Mocadas Slate (Kiteb),0,0,,12,0
102048,Mocadas Slate (Mesht),0,0,,12,0
102059,Mocadas Slate (Naraenzac),0,0,,12,0
102056,Mocadas Slate (Nazal),0,0,,12,0
102041,Mocadas Slate (Panjira),0,0,,12,0
102061,Mocadas Slate (Saka),0,0,,12,0
102040,Mocadas Slate (Sashir),0,0,,12,0
102051,Mocadas Slate (Saz),0,0,,12,0
102052,Mocadas Slate (Sharrak),0,0,,12,0
102060,Mocadas Slate (Tapang),0,0,,12,0
102044,Mocadas Slate (Tasiripati),0,0,,12,0
102046,Mocadas Slate (Tavar),0,0,,12,0
102053,Mocadas Slate (Tea Man),0,0,,12,0
102062,Mocadas Slate (Thelin),0,0,,12,0
554,Mochi,3300,3900,ragnastats,12,0
22559,Mock Strawberry,0,0,,12,0
5073,Model Training Hat,1764000,2071000,ragnastats,2,0
25695,Modification Module (Above All),7199000,8451000,kro,4,0
25675,Modification Module (Agi),276000,324000,kro,7,0
25681,Modification Module (Attack Speed),8740000,10260000,kro,4,0
25691,Modification Module (Caster),8279500,9719500,kro,4,0
25692,Modification Module (Critical),2024000,2376000,kro,4,0
25670,Modification Module (Defense),446000,523500,kro,7,0
25693,Modification Module (Delay after skill),7050500,8277000,kro,4,0
25677,Modification Module (Dex),276000,324000,kro,7,0
25696,Modification Module (Drain Life),11040000,12960000,kro,4,0
25697,Modification Module (Drain Soul),9200000,10800000,kro,4,0
25683,Modification Module (Expert Archer),1543500,1812000,kro,4,0
25690,Modification Module (Fast),6210000,7290000,kro,4,0
25704,Modification Module (Fatal Flash),34960000,41040000,kro,4,0
25682,Modification Module (Fatal),2300000,2700000,kro,4,0
25702,Modification Module (Firing Shot),9200000,10800000,kro,4,0
25694,Modification Module (Fixed Casting),6900000,8100000,kro,4,0
25686,Modification Module (Heal),460000,540000,kro,7,0
25678,Modification Module (HP recovery),644000,756000,kro,7,0
25676,Modification Module (Int),368000,432000,kro,7,0
25705,Modification Module (Lucky Strike),7360000,8640000,kro,4,0
25673,Modification Module (Luk),276000,324000,kro,7,0
25671,Modification Module (Magic Defense),184000,216000,kro,7,0
25698,Modification Module (Magic Healing),11776000,13824000,kro,4,0
25699,Modification Module (Magic Soul),9200000,10800000,kro,4,0
25688,Modification Module (Magic),7355000,8634500,kro,4,0
25685,Modification Module (Mental),2070000,2430000,kro,4,0
25703,Modification Module (Overpower),8280000,9720000,kro,4,0
25687,Modification Module (Power),9200000,10800000,kro,4,0
25689,Modification Module (Shooter),1830500,2149000,kro,4,0
25679,Modification Module (SP recovery),644000,756000,kro,7,0
25701,Modification Module (Spell Buster),6900000,8100000,kro,4,0
25680,Modification Module (Spell),4324000,5076000,kro,4,0
25674,Modification Module (Str),312500,367000,kro,7,0
25700,Modification Module (Unlimited Vital),5520000,6480000,kro,4,0
25672,Modification Module (Vit),368000,432000,kro,7,0
25684,Modification Module (Vital),3680000,4320000,kro,4,0
29542,Modification Orb (Above All),0,0,,6,0
29534,Modification Orb (ATK),0,0,,6,0
29538,Modification Orb (Caster),0,0,,6,0
29539,Modification Orb (Critical),0,0,,6,0
29527,Modification Orb (DEF),0,0,,6,0
29543,Modification Orb (Drain Life),0,0,,6,0
29544,Modification Orb (Drain Soul),0,0,,6,0
29551,Modification Orb (Fatal Flash),0,0,,6,0
29549,Modification Orb (Fierce Shooter),0,0,,6,0
29541,Modification Orb (Fixed Casting),0,0,,6,0
29540,Modification Orb (Global Delay),0,0,,6,0
29533,Modification Orb (Heal),0,0,,6,0
29531,Modification Orb (Health),0,0,,6,0
29529,Modification Orb (HP Recovery),0,0,,6,0
29552,Modification Orb (Lucky Strike),0,0,,6,0
29545,Modification Orb (Magic Healing),0,0,,6,0
29546,Modification Orb (Magic Soul),0,0,,6,0
29535,Modification Orb (MATK),0,0,,6,0
29528,Modification Orb (MDEF),0,0,,6,0
29550,Modification Orb (Overpower),0,0,,6,0
29536,Modification Orb (Sharpshooter),0,0,,6,0
29532,Modification Orb (SP Recovery),0,0,,6,0
29537,Modification Orb (Speed),0,0,,6,0
29548,Modification Orb (Spell Buster),0,0,,6,0
29530,Modification Orb (Spirit),0,0,,6,0
29547,Modification Orb (Unlimited Vitality),0,0,,6,0
300379,Modified Advanced Rgan Card,1012000,1188000,kro,2,3
22109,Modified Agi Boots,0,0,,8,0
22115,Modified Agility Boots,1387000,1628500,ragnastats,2,0
22111,Modified Dex Boots,0,0,,8,0
22117,Modified Dex Boots,0,0,,8,0
100821,Modified Hero's Weapon Refinement Hammer I,0,0,,12,0
100822,Modified Hero's Weapon Refinement Hammer II,0,0,,12,0
100835,Modified Hero's Weapon Refinement Hammer III,0,0,,12,0
100917,Modified Hero's Weapon Refinement Hammer IV,0,0,,12,0
100938,Modified Hero's Weapon Refinement Hammer V,27600000,32400000,kro,4,0
101189,Modified Hero's Weapon Refinement Hammer VI,0,0,,12,0
102214,Modified Hero's Weapon Refining Hammer S,0,0,,12,0
22108,Modified Int Boots,0,0,,8,0
22114,Modified Intelligence Boots,0,0,,8,0
22112,Modified Luk Boots,0,0,,8,0
22118,Modified Luk Boots,0,0,,8,0
22107,Modified Str Boots,0,0,,8,0
22113,Modified Str Boots,0,0,,8,0
100619,Modified Thanos Refinement Hammer,23000000,27000000,kro,4,3
22110,Modified Vit Boots,416000,488500,ragnastats,4,0
22116,Modified Vitality Boots,0,0,,8,0
1018,Mole Claw,1050,1250,ragnastats,36,36
1017,Mole Whiskers,740,1000,ragnastats,51,36
12860,Mommy Day Cake,0,0,,12,0
470046,Monarch Boots,0,0,,8,0
450141,Monarch Mail,0,0,,8,0
480051,Monarch Manteau,0,0,,8,0
490042,Monarch Ring,0,0,,8,0
400486,Monarch's Crown,0,0,,8,0
480342,Monarch's Swords,0,0,,8,0
2251,Monk Hat,161000,189000,kro,4,0
5158,Monk Hat,161000,189000,kro,4,0
24274,Monk Shadow Armor,2300000,2700000,kro,4,0
24261,Monk Shadow Shoes,3036000,3564000,kro,4,0
10018,Monkey Circlet,457500,537000,kro,7,0
18713,Monkey On Fur Hat,0,0,,8,0
6186,Monkey Wrench,425,575,npc,12,3
2239,Monocle,8250,9700,npc,8,0
18874,Monocle,904000,1061500,estimate,4,0
28721,Monokage,174000,204000,estimate,4,0
28738,Monokage,0,0,,8,0
6694,Monster Blood,8,12,npc,12,18
6732,Monster Coin,1350,1550,estimate,12,0
12713,Monster Extract,0,0,,12,0
5921,Monster Fish Gills,0,0,,8,0
626,Monster Juice,138000,162000,kro,7,3
10002,Monster Oxygen Mask,216000,253500,ragnastats,7,0
7617,Monster Voucher,0,0,,12,0
528,Monster's Feed,51,70,ragnastats,51,36
1001082,Monster's Stone,17500,20500,estimate,12,0
1001235,Monster's Tooth,0,0,,12,3
1000823,Monstrous Cell,0,0,,12,3
1001079,Monstrous Tentacles,16000,19000,estimate,12,0
23045,Mont Blanc,0,0,,12,0
29717,Moon,0,0,,6,0
12190,Moon Cake,0,0,,12,0
11702,Moon Cookie,0,0,,12,0
5971,Moon Eyepatch,0,0,,8,0
5457,Moon Rabbit Hat,3973000,4664000,ragnastats,3,0
23821,Moonflower Hair Hat SynthesisBox,2300000,2700000,kro,4,3
480446,Moonlight Bell,0,0,,8,0
1234,Moonlight Dagger,828000,972000,kro,7,0
16426,Moonlight Dagger Box,0,0,,12,0
9112,Moonlight Egg,662400000,777600000,kro,4,0
4131,Moonlight Flower Card,322000000,378000000,kro,2,0
100391,Moonlight Refine Box,1840000,2160000,kro,4,0
2645,Moonlight Ring,0,0,,8,0
24649,Moonlight Shadow Earring,0,0,,8,0
24650,Moonlight Shadow Pendant,0,0,,8,0
24651,Moonlight Shadow Shoes,874000,1026000,kro,4,0
13053,Moonlight Sword,0,0,,8,0
13057,Moonlight Sword,0,0,,8,0
12574,Mora Berry,1,2,npc,12,3
11525,Mora Hip Tea,17,24,npc,12,3
11520,Mora Mandar,46000,54000,kro,12,6
6105,Morning Dew,17,24,npc,12,3
7141,Morning Dew of Yggdrasil,18000,21500,ragnastats,12,3
1513,Morning Star,33500,39500,npc,8,0
1514,Morning Star,33500,39500,npc,8,0
1515,Morning Star,0,0,,8,0
12049,Morocc Fruit Wine,98500,116000,ragnastats,7,3
1088,Morocc Solution,47000,55000,ragnastats,12,3
27326,Morocc's Minion Card,1706000,2002500,estimate,2,3
2903,Morpheus's Armlet,0,0,,8,0
2649,Morpheus's Bracelet,46000,54000,kro,11,0
5126,Morpheus's Hood,92000,108000,kro,4,0
2648,Morpheus's Ring,46000,54000,kro,11,0
2902,Morpheus's Ring,46000,54000,sibling,8,0
2518,Morpheus's Shawl,24500,29000,npc,11,0
2650,Morrigane's Belt,78000,91500,kro,11,0
2900,Morrigane's Belt,78000,91500,sibling,8,0
5127,Morrigane's Helm,184000,216000,kro,7,0
19044,Morrigane's Helm,184000,216000,sibling,4,0
2519,Morrigane's Manteau,55000,64500,kro,11,0
2651,Morrigane's Pendant,322000,378000,kro,7,0
2901,Morrigane's Pendant,322000,378000,sibling,4,0
24371,Mortal Blow Shadow Earring,1533000,1800000,kro,4,0
24372,Mortal Blow Shadow Pendant,1380000,1620000,kro,4,0
23875,Mortal Blow Shadow SynthesisBox,0,0,,12,3
24370,Mortal Blow Shadow Weapon,920000,1080000,kro,4,0
480240,Mortal Cape,0,0,,8,0
29702,Mortal Evil (Magic),0,0,,6,0
29199,Mortal Evil (Physical),0,0,,6,0
29195,Mortal Flame (Physical),0,0,,6,0
29194,Mortal Ground (Physical),0,0,,6,0
29192,Mortal Normal (Physical),0,0,,6,0
29197,Mortal Poison (Physical),0,0,,6,0
29198,Mortal Saint (Physical),0,0,,6,0
29200,Mortal Telekinesis (Physical),0,0,,6,0
29703,Mortal Undead (Magic),0,0,,6,0
29201,Mortal Undead (Physical),0,0,,6,0
29701,Mortal Water (Magic),0,0,,6,0
29193,Mortal Water (Physical),0,0,,6,0
29196,Mortal Wind (Physical),0,0,,6,0
300173,Mosquilo Card,13800000,16200000,kro,2,3
5586,Mosquito Coil,281000,329500,estimate,4,0
15848,Motaro's Horn (OSM),0,0,,8,0
1057,Moth Dust,1150,1350,ragnastats,36,36
1058,Moth Wings,26000,31000,ragnastats,36,6
586,Mother's Cake,0,0,,12,0
7148,Mother's Letter,1,2,npc,12,0
7020,Mother's Nightmare,690000,810000,kro,7,3
7001,Mould Powder,555,755,ragnastats,51,36
15891,Mountain Helmet,0,0,,8,0
2238,Moustache,0,0,,8,0
101407,Move Scroll(Convenience),0,0,,12,3
101408,Move Scroll(Danger Areas),0,0,,12,3
311366,Movement Speed ​​Increase,0,0,,6,0
6940,Moving Black Material,14500,17000,estimate,12,36
2288,Mr. Scream,69000,81000,kro,34,0
2278,Mr. Smile,41000,48500,kro,34,0
19094,Mr. Smile,41000,48500,kro,8,0
17138,Ms Cancer Scroll,0,0,,12,0
17143,Ms Scorpio Scroll,0,0,,12,0
17141,Ms Virgo Scroll,0,0,,12,0
310992,MSP 1Lv,0,0,,6,0
310993,MSP 2Lv,0,0,,6,0
312890,MSP I,0,0,,6,0
312891,MSP II,0,0,,6,0
312892,MSP III,0,0,,6,0
4929,MSP+1%,0,0,,6,0
7004,Mud Lump,1000,1200,ragnastats,36,36
29724,Muederous Grudge,0,0,,6,0
2503,Muffler,4600,5400,kro,8,0
2504,Muffler,9200,10500,kro,8,0
2585,Muffler Of Valor,0,0,,8,0
7891,Mug,0,0,,12,0
101393,Mugwort Rice Cake,0,0,,12,0
4036,Muka Card,92000,108000,kro,5,3
4106,Mummy Card,92000,108000,kro,5,3
9102,Mummy Egg,460000,540000,kro,7,0
4090,Munak Card,920000,1080000,kro,3,3
7277,Munak Doll,101000,118500,kro,22,3
9018,Munak Egg,239000,280500,kro,11,0
2264,Munak Hat,91000,106500,kro,8,0
5167,Munak Hat,91000,106500,kro,8,0
1002069,Munch Coin,0,0,,12,0
104386,Munch Lucky Card Pack,0,0,,12,0
14455,Munin's First Egg,0,0,,12,0
14458,Munin's Fourth Egg,0,0,,12,0
14456,Munin's Second Egg,0,0,,12,0
14457,Munin's Third Egg,0,0,,12,0
590063,Muqaddas Ayyasy,0,0,,8,0
630028,Muqaddas Banjiiraa,0,0,,8,0
550117,Muqaddas Baru,0,0,,8,0
590062,Muqaddas Daablunta,0,0,,8,0
610054,Muqaddas Dayats,0,0,,8,0
640046,Muqaddas Jaydukhar,0,0,,8,0
700076,Muqaddas Kahassu,0,0,,8,0
540075,Muqaddas Kajuza,0,0,,8,0
510104,Muqaddas Kanjar,0,0,,8,0
550119,Muqaddas Kharawasu,0,0,,8,0
540074,Muqaddas Kitab,0,0,,8,0
560048,Muqaddas Mashts,0,0,,8,0
840028,Muqaddas Naranzak,0,0,,8,0
510103,Muqaddas Nazar,0,0,,8,0
820028,Muqaddas Saka,0,0,,8,0
500074,Muqaddas Sasyiir,0,0,,8,0
570045,Muqaddas Saz,0,0,,8,0
550118,Muqaddas Sharman,0,0,,8,0
580046,Muqaddas Syaraq,0,0,,8,0
810034,Muqaddas Tabanji,0,0,,8,0
520031,Muqaddas Tabar,0,0,,8,0
830033,Muqaddas Taliin,0,0,,8,0
510102,Muqaddas Tasyiribatiy,0,0,,8,0
1164,Muramasa,46000,54000,kro,8,0
21003,Muramasa,9200000,10800000,kro,2,0
13012,Murasame,5750,6750,ragnastats,8,0
13013,Murasame,31500,37000,ragnastats,11,0
312414,Murderer Badge,0,0,,6,0
4420,Muscipular Card,616000,723500,kro,5,3
1176,Muscle Cutter,1221000,1433500,ragnastats,3,0
4878,Muscle Fool,0,0,,6,0
16570,Muscle Knights Summertime Guide Box,0,0,,12,0
6344,Muscle Story,0,0,,12,0
7292,Muscovite,157500,185000,ragnastats,31,3
595,Mushroom Pancake,1100,1300,estimate,12,6
921,Mushroom Spore,765,1000,kro,76,72
300235,Mushy Ant Egg Card,1196000,1404000,kro,11,3
1270134,Musical Shooting Shadow Earring,3680000,4320000,kro,2,0
1270135,Musical Shooting Shadow Pendant,3588000,4212000,kro,2,0
310448,Musical Strike/Throw Arrow Lv.1,0,0,,6,0
310449,Musical Strike/Throw Arrow Lv.2,0,0,,6,0
310450,Musical Strike/Throw Arrow Lv.3,0,0,,6,0
310451,Musical Strike/Throw Arrow Lv.4,0,0,,6,0
310452,Musical Strike/Throw Arrow Lv.5,0,0,,6,0
2545,Musika,523500,614500,estimate,7,0
5354,Muslim Hat M,0,0,,8,0
6605,Muspellium,0,0,,27,3
27325,Muspellskoll Card,3151000,3699000,kro,2,3
4528,Mutant Coelacanth Card,2278500,2674500,estimate,2,3
27313,Mutant Dolor Card,1748000,2052000,kro,2,3
4203,Mutant Dragonoid Card,308000,361500,kro,5,3
27311,Mutant Plaga Card,1840000,2160000,kro,2,3
27317,Mutant Twin Caput Card,368000,432000,kro,4,3
27315,Mutant Venenum Card,598000,702000,kro,4,3
27385,Mutated Khalitzburg Card,1840000,2160000,kro,2,0
27384,Mutated White Knight Card,1656000,1944000,kro,2,0
9133,Mutated White Knight Egg,243800000,286200000,kro,4,0
1769,Mute Arrow,25,35,ragnastats,12,0
18729,MVP Basketball,0,0,,8,0
7873,MVP Monster Scroll,0,0,,12,0
12551,MVP Tele Scroll,0,0,,12,0
7615,MVP Voucher,0,0,,12,0
16456,My Scroll1,0,0,,12,0
16466,My Scroll2,0,0,,12,0
1002018,Myosotis,0,0,,12,3
300653,Myosotis Card,14720000,17280000,kro,2,3
4108,Myst Card,63000,74000,kro,6,3
4206,Myst Case Card,1380000,1620000,kro,2,3
1138,Mysteltainn,184000,216000,ragnastats,4,0
13453,Mysteltainn,184000,216000,sibling,4,0
4207,Mysteltainn Card,1380000,1620000,kro,2,3
12290,Mysterious Can Magic Powder,8,12,npc,12,3
12376,Mysterious Can2,8,12,npc,12,3
23817,Mysterious Combination Bundle,261500,307000,kro,7,3
25669,Mysterious Component,25000,29500,kro,12,0
7675,Mysterious Doll,0,0,,12,0
6220,Mysterious Dyestuff,1,2,npc,12,0
6509,Mysterious Flower,425,575,npc,27,36
1690,Mysterious Foxtail Staff,73500,86000,kro,8,0
7674,Mysterious Ingredient,0,0,,12,0
1000833,Mysterious Luminant,64000,75500,kro,12,3
25273,Mysterious Medal,89500,105500,kro,12,3
23234,Mysterious Medal Crane,0,0,,12,0
23336,Mysterious Medal Piggy Bank,920000,1080000,kro,4,3
20952,Mysterious Muffler,0,0,,8,0
12291,Mysterious PET Bottle,8,12,npc,12,3
12377,Mysterious PET Bottle2,8,12,npc,12,3
13268,Mysterious Powder,85,115,npc,12,0
420313,Mysterious Red Plate,0,0,,8,0
25777,Mysterious Sap,13500,16000,estimate,36,6
22675,Mysterious Scroll,0,0,,12,0
12561,Mysterious Seed,25500,30000,ragnastats,27,3
11703,Mystery Blood,0,0,,12,0
24942,Mystery Dust Shadow Armor,1380000,1620000,kro,2,0
24943,Mystery Dust Shadow Shoes,1518000,1782000,kro,2,0
7651,Mystery Egg,0,0,,12,0
312177,Mystery of the Snake God (Atk) 10Lv,0,0,,6,0
312168,Mystery of the Snake God (Atk) 1Lv,0,0,,6,0
312169,Mystery of the Snake God (Atk) 2Lv,0,0,,6,0
312170,Mystery of the Snake God (Atk) 3Lv,0,0,,6,0
312171,Mystery of the Snake God (Atk) 4Lv,0,0,,6,0
312172,Mystery of the Snake God (Atk) 5Lv,0,0,,6,0
312173,Mystery of the Snake God (Atk) 6Lv,0,0,,6,0
312174,Mystery of the Snake God (Atk) 7Lv,0,0,,6,0
312175,Mystery of the Snake God (Atk) 8Lv,0,0,,6,0
312176,Mystery of the Snake God (Atk) 9Lv,0,0,,6,0
312167,Mystery of the Snake God (Def) 10Lv,0,0,,6,0
312158,Mystery of the Snake God (Def) 1Lv,0,0,,6,0
312159,Mystery of the Snake God (Def) 2Lv,0,0,,6,0
312160,Mystery of the Snake God (Def) 3Lv,0,0,,6,0
312161,Mystery of the Snake God (Def) 4Lv,0,0,,6,0
312162,Mystery of the Snake God (Def) 5Lv,0,0,,6,0
312163,Mystery of the Snake God (Def) 6Lv,0,0,,6,0
312164,Mystery of the Snake God (Def) 7Lv,0,0,,6,0
312165,Mystery of the Snake God (Def) 8Lv,0,0,,6,0
312166,Mystery of the Snake God (Def) 9Lv,0,0,,6,0
312187,Mystery of the Snake God (Matk) 10Lv,0,0,,6,0
312178,Mystery of the Snake God (Matk) 1Lv,0,0,,6,0
312179,Mystery of the Snake God (Matk) 2Lv,0,0,,6,0
312180,Mystery of the Snake God (Matk) 3Lv,0,0,,6,0
312181,Mystery of the Snake God (Matk) 4Lv,0,0,,6,0
312182,Mystery of the Snake God (Matk) 5Lv,0,0,,6,0
312183,Mystery of the Snake God (Matk) 6Lv,0,0,,6,0
312184,Mystery of the Snake God (Matk) 7Lv,0,0,,6,0
312185,Mystery of the Snake God (Matk) 8Lv,0,0,,6,0
312186,Mystery of the Snake God (Matk) 9Lv,0,0,,6,0
480251,Mystery Wing,0,0,,8,0
18883,Mystery Witch Hat,0,0,,8,0
18103,Mystic Bow,367500,431500,kro,7,0
995,Mystic Frozen,5950,7000,kro,76,18
6023,Mystic Horn,16000,18500,kro,51,18
6221,Mystic Leaf Cat Ball,15000,18000,ragnastats,12,0
1001238,Mystic Magic Mass,0,0,,12,3
7255,Mystic Orb,0,0,,12,0
7256,Mystic Orb,0,0,,12,0
7257,Mystic Orb,0,0,,12,0
7258,Mystic Orb,0,0,,12,0
7259,Mystic Orb,0,0,,12,0
7260,Mystic Orb,0,0,,12,0
7261,Mystic Orb,0,0,,12,0
7330,Mystic Orb,0,0,,12,0
5117,Mystic Rose,1730500,2031500,ragnastats,2,0
12736,Mystic Rune,9200,10500,kro,76,6
12749,Mystic Scroll,0,0,,12,0
6111,Mystic Stone,920,1050,npc,12,3
12544,Mystic Tree Branch,0,0,,12,0
12246,Mystical Card Album,2700000,3300000,set,16,3
5177,Mythical Lion Mask,24500,29000,npc,8,0
470266,Mythical Moonlight Paw,0,0,,8,0
9079,Mythlit Egg,0,0,,12,0
2578,Nab Hood,1387000,1628500,ragnastats,2,0
2887,Nab Ring,82500,97000,kro,8,0
2478,Nab Shoes,2774500,3257500,ragnastats,2,0
15039,Nab's Cloth,1387000,1628500,ragnastats,3,0
13076,Nachal Sword,33000,38500,npc,8,0
300602,Nadoyo Card,920000000,1080000000,kro,2,3
1001854,Nadoyo Card Fragment,0,0,,12,3
4469,Naga Card,3680000,4320000,kro,2,3
1130,Nagan,92000,108000,ragnastats,7,0
13498,Nagan,92000,108000,sibling,4,0
4457,Naght Sieger Card,0,0,,6,3
1000396,Naght Sieger Soul,966000,1134000,kro,4,3
470284,Nameless Swordsman Boots,0,0,,8,0
22178,Nameless Swordsman's Boots,0,0,,8,0
1002682,Namungit,0,0,,12,0
1002686,Namunjae,0,0,,12,0
300260,Napeo Card,2760000,3240000,kro,2,3
2904,Naqsi,0,0,,8,0
18170,Narcissus Bow,0,0,,8,0
100329,Narcissus Bow Remodeling Cube,0,0,,12,0
700049,Narcissus Bow-LT,0,0,,8,0
25615,Nasarin's Soul Stone,7100,8300,estimate,36,18
11532,Nasi Goreng,0,0,,12,3
15140,Natural Cloth,0,0,,8,0
15352,Nature Dress,0,0,,8,0
15245,Nature Suit,0,0,,8,0
420315,Naughty Bats,0,0,,8,0
18639,Naval Officer Hat,0,0,,11,0
2736,Navel Ring,0,0,,8,0
5773,Navy Beret,0,0,,8,0
18583,Navy Drooping Kitty,0,0,,8,0
557,Neatly Sliced Rice Cake,8,12,npc,12,0
310730,Nebula of Expert Archer Lv1,0,0,,6,0
310731,Nebula of Expert Archer Lv2,0,0,,6,0
310732,Nebula of Expert Archer Lv3,0,0,,6,0
310727,Nebula of Fighting Spirit Lv1,0,0,,6,0
310728,Nebula of Fighting Spirit Lv2,0,0,,6,0
310729,Nebula of Fighting Spirit Lv3,0,0,,6,0
310739,Nebula of Healing Lv1,0,0,,6,0
310740,Nebula of Healing Lv2,0,0,,6,0
310741,Nebula of Healing Lv3,0,0,,6,0
310742,Nebula of Health Lv1,0,0,,6,0
310743,Nebula of Health Lv2,0,0,,6,0
310744,Nebula of Health Lv3,0,0,,6,0
310733,Nebula of Sharp Lv1,0,0,,6,0
310734,Nebula of Sharp Lv2,0,0,,6,0
310735,Nebula of Sharp Lv3,0,0,,6,0
310736,Nebula of Spell Lv1,0,0,,6,0
310737,Nebula of Spell Lv2,0,0,,6,0
310738,Nebula of Spell Lv3,0,0,,6,0
7607,Neck of Demon Dragon,43000,50500,estimate,12,0
2603,Necklace,108500,127500,ragnastats,4,0
2623,Necklace,24500,29000,npc,8,0
2838,Necklace,108500,127500,sibling,4,0
2851,Necklace,108500,127500,sibling,4,0
1008,Necklace of Oblivion,828000,972000,kro,31,3
1007,Necklace of Wisdom,5350,6300,ragnastats,51,3
2876,Necklace Spica,0,0,,8,0
5442,Necktie,1380000,1620000,ragnastats,2,0
4440,Necromancer Card,138000,162000,kro,4,3
15072,Nectar Suit,0,0,,8,0
1095,Needle of Alarm,1000,1150,ragnastats,54,36
7213,Needle Packet,11500,14000,kro,36,18
2043,Neev Arc Wand,0,0,,8,0
19312,Neev Barrette,0,0,,8,0
19313,Neev Barrette,0,0,,8,0
18153,Neev Bow Of Rogue,0,0,,8,0
28122,Neev Buster,0,0,,8,0
21031,Neev Claymore,0,0,,8,0
18155,Neev CrossBow,0,0,,8,0
2045,Neev Divine Cross,0,0,,8,0
26008,Neev Glaive,0,0,,8,0
28121,Neev Guillotine,0,0,,8,0
2044,Neev Holy Stick,0,0,,8,0
18154,Neev Hunter Bow,0,0,,8,0
13339,Neev Huuma Shuriken,0,0,,8,0
28026,Neev Katar,0,0,,8,0
29270,Neev of Blood (Arm Strength),0,0,,6,0
29273,Neev of Blood (Brains),0,0,,6,0
29274,Neev of Blood (Concentration),0,0,,6,0
29275,Neev of Blood (Fortune),0,0,,6,0
29272,Neev of Blood (Physical Strength),0,0,,6,0
29271,Neev of Blood (Quick),0,0,,6,0
29279,Neev of Death (Arm Strength),0,0,,6,0
29280,Neev of Death (Brains),0,0,,6,0
29282,Neev of Death (Magic Defense),0,0,,6,0
29281,Neev of Death (Physical Strength),0,0,,6,0
29257,Neev of Eternity (Dark),0,0,,6,0
29256,Neev of Eternity (Earth),0,0,,6,0
29253,Neev of Eternity (Fire),0,0,,6,0
29258,Neev of Eternity (Ghost),0,0,,6,0
29259,Neev of Eternity (Poison),0,0,,6,0
29254,Neev of Eternity (Water),0,0,,6,0
29255,Neev of Eternity (Wind),0,0,,6,0
29383,Neev of Honor (Avoidance),0,0,,6,0
29277,Neev of Honor (Concentration),0,0,,6,0
29384,Neev of Honor (Fortune),0,0,,6,0
29382,Neev of Honor (Hit),0,0,,6,0
29276,Neev of Honor (Quick),0,0,,6,0
29278,Neev of Honor (Skilled),0,0,,6,0
29252,Neev of Rest (Intelligence),0,0,,6,0
29251,Neev of Rest (Life),0,0,,6,0
29249,Neev of Rest (Physical Strength),0,0,,6,0
29250,Neev of Rest (Spirit),0,0,,6,0
29268,Neev of Wound (Angel),0,0,,6,0
29262,Neev of Wound (Animal),0,0,,6,0
29266,Neev of Wound (Devil),0,0,,6,0
29269,Neev of Wound (Dragon),0,0,,6,0
29265,Neev of Wound (Fish Shell),0,0,,6,0
29267,Neev of Wound (Humanoid),0,0,,6,0
29261,Neev of Wound (Immortal),0,0,,6,0
29264,Neev of Wound (Insect),0,0,,6,0
29260,Neev of Wound (Intangible),0,0,,6,0
29263,Neev of Wound (Plant),0,0,,6,0
29510,Neev of Wound (Player),0,0,,6,0
28235,Neev Rifle,0,0,,8,0
2042,Neev Wizardy Staff,0,0,,8,0
5387,Neko Mimi Kafra,4314500,5065000,kro,2,0
420327,Nekomimi Cape (Blue),0,0,,8,0
1000949,Nelem's Hand Mirror,0,0,,12,3
1541,Nemesis,161000,189000,kro,7,0
16022,Nemesis,161000,189000,sibling,4,0
300004,Neo Mineral Card,142500,167000,kro,4,3
4628,Neo Punk Card,1288000,1512000,kro,2,3
1740,Nepenthes Bow,439000,515000,ragnastats,4,0
4470,Nepenthes Card,2861500,3359000,ragnastats,2,3
450387,Neptune Uniform-LT,0,0,,8,0
15433,Neptune's suit,0,0,,8,0
4167,Nereid Card,204000,239500,ragnastats,4,3
18799,Nero Mask,0,0,,8,0
28951,Nero Shield,0,0,,8,0
12682,Nestea Black Tea,0,0,,12,0
18592,Nestea Hat,0,0,,8,0
12681,Nestea Lemon,0,0,,12,0
19080,Nettie Heart Bubble Gum,0,0,,8,0
311409,Neutral Resistance +5%,0,0,,6,0
4933,Neutral Resistance Lv1,0,0,,6,0
4934,Neutral Resistance Lv2,0,0,,6,0
4935,Neutral Resistance Lv3,0,0,,6,0
2955,Neutral Ring,0,0,,8,0
24105,Neutral Shadow Earring,0,0,,12,0
24106,Neutral Shadow Pendant,0,0,,12,0
24104,Neutral Shadow Weapon,0,0,,12,0
24358,Neutral Shadow Weapon II,0,0,,12,0
1001032,Neutralized Magical Crystal,195000,229000,kro,7,3
1001030,Neutralized Magical Ore,8850,10000,kro,12,3
29386,Neve of Death (Fortune),0,0,,6,0
29385,Neve of Death (Technique),0,0,,6,0
23205,New Hat Scroll II,0,0,,12,0
100603,New Lapine Thump Box,16560000,19440000,kro,4,3
100444,New Shadow Armor Cube,0,0,,12,3
23438,New Shadow Cube,0,0,,12,3
100446,New Shadow Earring Cube,0,0,,12,3
100447,New Shadow Pendant Cube,0,0,,12,3
100443,New Shadow Shield Cube,0,0,,12,3
100445,New Shadow Shoes Cube,0,0,,12,3
100600,New Shadow Thump Box,10222000,12000000,kro,4,3
100442,New Shadow Weapon Cube,0,0,,12,3
18813,New Wave Sunglasses,41400000,48600000,kro,2,0
19181,New Wave Sunglasses,41400000,48600000,kro,2,0
23880,New Wave Sunglasses SynthesisBox,0,0,,12,3
9038,New Year Doll Egg,0,0,,12,0
18992,New Year Hairpin,0,0,,8,0
23662,New Year Shadow Cube 2018,0,0,,12,0
7039,Newbie Tag,0,0,,12,0
15884,Nezuko's Bamboo (OSM),0,0,,8,0
15883,Nezuko's Eyes (OSM),0,0,,8,0
5686,Nice Hat Feather,0,0,,8,0
4456,Nidhoggur Shadow Card,102956000,120861500,estimate,2,0
22568,Nidhoggur Summon Scroll,0,0,,12,0
5931,Niflheim Bunny Hat,0,0,,8,0
7460,Niflheim Express Ticket,1,3,npc,12,0
1001071,Niflheim Research Paper,0,0,,12,3
1270140,Night Fire Shadow Armor,1380000,1620000,kro,2,0
1270141,Night Fire Shadow Shoes,920000,1080000,kro,2,0
102421,Night Market Blue Box,9200,10500,kro,12,0
15444,Night Owl Shawl (OSM),0,0,,8,0
312261,Night Watch Soul (Grenade),0,0,,6,0
312260,Night Watch Soul (Magazine for One),0,0,,6,0
313389,Night Watch Soul (Midnight Fallen),0,0,,6,0
312258,Night Watch Soul (Only One Bullet),0,0,,6,0
312257,Night Watch Soul (Spiral Shooting),0,0,,6,0
312256,Night Watch Soul (The Vigilante at Night),0,0,,6,0
312259,Night Watch Soul (Wild Fire),0,0,,6,0
313388,Night Watch Soul (Wild Shot),0,0,,6,0
7102,Nightmare,0,0,,12,3
4652,Nightmare Amon Ra Card,358800000,421200000,kro,2,0
4657,Nightmare Ancient Mummy Card,1012000,1188000,kro,11,3
4653,Nightmare Arclouse Card,861000,1011000,estimate,4,3
4127,Nightmare Card,5553500,6519000,ragnastats,3,3
4654,Nightmare Mimic Card,322000,378000,kro,4,3
4655,Nightmare Minorous Card,667000,783000,kro,4,3
4656,Nightmare Mummy Card,1839500,2159500,kro,2,3
300560,Nightmare Piamette Card,0,0,,6,3
4166,Nightmare Terror Card,183500,215500,kro,5,3
9054,Nightmare Terror Egg,414000,486000,kro,7,0
4630,Nightmare Timer Keeper Card,15640000,18360000,kro,2,3
4658,Nightmare Verit Card,7360000,8640000,kro,3,3
313061,Nightwatch Stone (Garment),87400000,102600000,kro,2,0
1001605,Nightwatch Stone (Garment),87400000,102600000,kro,4,0
27200,Nihil Card,0,0,,6,3
27196,Nihil M. Heine Card,690000,810000,kro,4,3
300224,Nihil Miseria Heine (Sign Stamp) Card,0,0,,6,0
27397,Nihitsu,0,0,,6,0
2658,Nile Rose,460000,540000,kro,4,0
313216,Nimble Movements,0,0,,6,0
312195,Nimble Soul,0,0,,6,0
310913,Nimbleness of Assassin,0,0,,6,0
13251,Nimbus Shuriken,3,5,ragnastats,12,0
4159,Nine Tail Card,920000,1080000,kro,3,3
9095,Nine Tail Egg,1564000,1836000,kro,4,0
1022,Nine Tails,6400,7550,kro,51,18
11046,Ninja Book Basic,0,0,,12,0
11048,Ninja Book Misc,0,0,,12,0
11047,Ninja Book Practice,0,0,,12,0
29525,Ninja Essence Lv1,0,0,,6,0
29526,Ninja Essence Lv2,0,0,,6,0
15054,Ninja Scale Armor,8250,9700,npc,8,0
24314,Ninja Shadow Shield,4600000,5400000,kro,4,0
24285,Ninja Shadow Weapon,2760000,3240000,kro,4,0
25852,Ninja Stone (Bottom),2760000,3240000,kro,4,0
29661,Ninja Stone (Bottom),2760000,3240000,kro,2,0
25851,Ninja Stone (Middle),1380000,1620000,kro,4,0
29660,Ninja Stone (Middle),1380000,1620000,kro,2,0
25850,Ninja Stone (Upper),2644500,3104000,kro,4,0
29659,Ninja Stone (Upper),2644500,3104000,kro,2,0
2337,Ninja Suit,80500,94500,ragnastats,8,0
2359,Ninja Suit,2654000,3115500,ragnastats,2,0
420031,Ninja's Blue Mask,1840000,2160000,kro,2,0
960,Nipper,1700,2050,kro,51,36
5473,Nipper Crab Hairpin,0,0,,8,0
7894,Nitrogen Acid,0,0,,12,0
2845,No Fear Belt,0,0,,8,0
5694,No Fear P Headgear,0,0,,8,0
2464,No Fear Shoes,0,0,,8,0
5693,No Fear Underwear,0,0,,8,0
636,No Recipient,92000,108000,kro,7,3
312475,No Thoughts,0,0,,6,0
12788,No100 Firecracker,0,0,,12,0
5759,Noah Hat,0,0,,8,0
16029,Noble Cross,368000,432000,kro,4,0
420064,Noble Handkerchief,0,0,,8,0
460038,Noble Libra's Shield,0,0,,8,0
5985,Noble Mask,8280000,9720000,kro,2,0
23870,Noble Mask SynthesisBox,920000,1080000,kro,4,3
490206,Noblesse Oblige,0,0,,8,0
1001992,Noise,0,0,,12,3
7819,Nokia 5300,0,0,,12,0
7712,Nokia 5500,0,0,,12,0
311051,Noon Blast Tuning Device,0,0,,6,0
24975,Noon Sun Shadow Earring,920000,1080000,kro,2,0
24976,Noon Sun Shadow Pendant,920000,1080000,kro,2,0
100167,Normal Automatic Improvement Device (Magical),276000,324000,kro,7,0
100164,Normal Automatic Improvement Device (Physical),225000,264500,kro,7,0
15906,Northern Cross,0,0,,8,0
400467,Northern Tiara,0,0,,8,0
941,Nose Ring,650,880,ragnastats,36,36
400194,Nostalgia Cherry Blossom,0,0,,8,0
5678,Notation Hairband,0,0,,8,0
5151,Note Headphones,69000,81000,ragnastats,8,0
2628,Novice Armlet,305,410,npc,8,0
1381,Novice Battle Axe,2650,3100,ragnastats,8,0
2340,Novice Breastplate,73500,86500,npc,8,0
11058,Novice Combi Book,1050,1250,ragnastats,12,0
1742,Novice Composite Bow,2600,3100,ragnastats,8,0
13040,Novice Cutter,605,820,ragnastats,8,0
13415,Novice Falchion,1300,1550,ragnastats,8,0
5055,Novice False Eggshell,69000000,81000000,kro,2,0
2765,Novice Figure,0,0,,8,0
7271,Novice Figure,0,0,,12,0
13182,Novice Gatling,0,0,,8,0
13183,Novice Grenade Launcher,0,0,,8,0
1545,Novice Mace,1000,1150,kro,8,0
13041,Novice Main Gauche,0,0,,8,0
2512,Novice Manteau,41000,48500,npc,8,0
4545,Novice Poring Card,73500,86000,kro,9,6
9062,Novice Poring Egg,36500,43000,kro,18,0
569,Novice Potion,1,2,npc,12,3
13116,Novice Revolver,0,0,,8,0
13180,Novice Rifle,140,190,ragnastats,8,0
1639,Novice Rod,79,105,ragnastats,8,0
2113,Novice Shield,4600,5400,kro,8,0
2416,Novice Shoes,28500,34000,npc,8,0
470235,Novice Shoes,0,0,,8,0
13181,Novice Shotgun,0,0,,8,0
4334,Noxious Card,73500,86000,kro,9,3
6054,Number 6 Card,0,0,,12,0
2277,Nurse Cap,46000,54000,kro,8,0
7270,Nursing Bottle,40000,47000,ragnastats,36,6
21205,Nut Cracker,0,0,,8,0
5037,Nut Shell,49500,58000,ragnastats,11,0
1000564,Nw Grenade,25,35,npc,12,0
12536,NY Rice Cake Soup,0,0,,12,3
300647,Nyaise Card,1840000,2160000,kro,2,3
314212,Nyar's Blue Footprints,0,0,,6,0
1002294,Nyar's Blue Footprints (Garment),61548000,72252000,kro,4,0
314213,Nyar's Purple Footprints,0,0,,6,0
1002295,Nyar's Purple Footprints (Garment),68080000,79920000,kro,4,0
2554,Nydhorgg's Shadow Garb,474000,556500,estimate,4,0
400418,Nymph Green Sapphire,0,0,,8,0
15271,Oak Armor,0,0,,8,0
7972,Oath Day Letter,0,0,,12,0
4093,Obeaune Card,11000,13000,ragnastats,9,3
12719,Oblivion Curse,1,3,npc,12,3
24404,Oboro Shadow Armor,6440000,7560000,kro,4,0
24407,Oboro Shadow Shoes,2070000,2430000,kro,4,0
25854,Oboro Stone (Garment),5980000,7020000,kro,4,0
29663,Oboro Stone (Garment),5980000,7020000,kro,2,0
311917,Oboro Stone (Lower),34040000,39960000,kro,2,0
1001164,Oboro Stone (Lower),34040000,39960000,kro,4,0
311916,Oboro Stone (Middle),53820000,63180000,kro,2,0
1001163,Oboro Stone (Middle),53820000,63180000,kro,4,0
311915,Oboro Stone (Upper),41400000,48600000,kro,2,0
1001162,Oboro Stone (Upper),41400000,48600000,kro,4,0
4338,Obsidian Card,91000,106500,kro,6,3
1248,Obsidian Dagger,8250,9700,npc,8,0
2639,Occult Incense,16500,19000,npc,8,0
450189,Oceanus Blessing,0,0,,8,0
5807,October Fest Cap,0,0,,8,0
6772,Octopus,0,0,,12,3
1332,Octopus Axe,0,0,,8,0
4533,Octopus Card,1608000,1888000,estimate,2,3
5938,Octopus Hat,0,0,,8,0
13081,Octopus Knife,0,0,,8,0
25286,Octopus Octopus Liquid,0,0,,12,0
400104,Odin Mask (Middle),0,0,,8,0
2353,Odin's Blessing,69000,81000,kro,8,0
19133,Odin's Mask,368000000,432000000,kro,2,0
311416,Odin's Power Lv2,0,0,,6,0
2833,Odin's Recall,0,0,,8,0
16377,Odin's Recall 30days Box,0,0,,12,0
16376,Odin's Recall 7days Box,0,0,,12,0
15887,Odious's Robe,0,0,,8,0
25811,Odium,73500,86000,kro,36,6
4396,Odium of Thanatos Card,170000,199500,kro,4,3
27260,Odoric Card,1334000,1566000,kro,2,3
400011,Officer's Hat,69920000,82080000,kro,2,0
400445,Officer's Hat-LT,9200000,10800000,kro,2,0
7002,Ogre Tooth,12500,15000,kro,51,18
4254,Ogretooth Card,1085500,1274000,kro,2,3
6216,Oil Bottle,1500,1750,ragnastats,36,6
7151,Oil Paper,2250,2650,ragnastats,51,36
12369,Oilpalm Coconut,17,24,npc,12,3
22625,Oktoberfest Bag,0,0,,12,0
22070,Old Applause Sandals,0,0,,8,0
1001631,Old Apron,45500,53500,kro,12,3
1001630,Old Bandana,45500,53500,kro,12,3
603,Old Blue Box,9150,10500,kro,54,36
12701,Old Blue Box,9150,10500,kro,12,0
11004,Old Book,0,0,,12,3
7329,Old Bronze Key,0,0,,12,0
637,Old Broom,358500,421000,kro,32,3
420110,Old Camouflage Scarf,0,0,,8,0
616,Old Card Album,900000,1100000,set,16,6
490260,Old Cart Modeling Pendant,0,0,,8,0
12612,Old Coin Bag,17,24,npc,12,36
6648,Old Crown,0,0,,12,0
32242,Old Detachment Ring,0,0,,8,0
490613,Old Detachment Ring,0,0,,8,0
15375,Old Eclipse Outfit,0,0,,8,0
7031,Old Frying Pan,2150,2500,ragnastats,51,36
6962,Old Fuel,296500,348500,estimate,7,3
12244,Old Gift Box,0,0,,12,0
12187,Old Green Box,0,0,,12,0
13825,Old Green Box,0,0,,12,0
7022,Old Hilt,125,170,npc,51,3
1001632,Old Hoe,27500,32000,kro,12,3
27127,Old King Groza Card,0,0,,6,0
28014,Old King's Double Edge,0,0,,8,0
19103,Old King’s Crown,0,0,,8,0
1006,Old Magicbook,92000,108000,kro,46,3
7207,Old Manteau,11000,13000,ragnastats,36,18
22876,Old Money Pocket,0,0,,12,0
20932,Old Morocc Shawl,0,0,,8,0
1000944,Old old dagger,0,0,,12,3
12609,Old Ore Box,41500,49000,estimate,12,36
7052,Old Papers,0,0,,12,0
13442,Old Parasol,460000,540000,kro,4,0
6652,Old Photo Album,0,0,,12,0
7318,Old Pick,11500,14000,kro,36,36
6653,Old Pill,0,0,,12,0
18959,Old Pink Poo Hat,0,0,,8,0
7014,Old Portrait,165500,194000,kro,22,3
617,Old Purple Box,18000,21000,kro,54,72
12186,Old Red Box,0,0,,12,0
12189,Old Red Box,0,0,,12,0
6650,Old Ring,0,0,,12,0
22507,Old Scroll,25500,30000,ragnastats,12,0
25313,Old Shell,1600,1850,kro,36,18
7072,Old Shuriken,350000,411000,ragnastats,22,9
1002681,Old Snack,2000,2350,kro,12,0
6203,Old Spell Book (Chain Lightning),1,2,npc,12,3
6190,Old Spell Book (Cold Bolt),1,2,npc,12,3
6195,Old Spell Book (Comet),1,2,npc,18,3
6204,Old Spell Book (Crimson Rock),1,2,npc,12,3
6205,Old Spell Book (Drain Life),1,2,npc,12,3
6201,Old Spell Book (Earth Spike),0,0,,12,3
6202,Old Spell Book (Earth Strain),1,2,npc,12,3
6189,Old Spell Book (Fire Bolt),0,0,,12,3
6200,Old Spell Book (Heaven's Drive),1,2,npc,12,3
6198,Old Spell Book (Jupitel Thunder),1,2,npc,12,3
6191,Old Spell Book (Lightening Bolt),0,0,,12,3
6193,Old Spell Book (Lord Of Vermilion),1,2,npc,12,3
6194,Old Spell Book (Meteor Storm),1,2,npc,12,3
6192,Old Spell Book (Storm Gust),53500,63000,ragnastats,12,3
6196,Old Spell Book (Tetra Vortex),1,2,npc,12,3
6197,Old Spell Book (Thunder Storm),1,2,npc,12,3
6199,Old Spell Book (Water Ball),1,2,npc,12,3
15136,Old Tatenasi Armor,0,0,,8,0
1000948,Old tie,45000,52500,kro,12,3
23257,Old Tree's Dew,73500,86000,kro,12,0
1002696,Old Watering Can,0,0,,12,0
7751,Old White Cloth,31000,36000,ragnastats,36,36
12240,Old Yellow Box,0,0,,12,0
19543,Oliver Wolf Hood,4600000,5400000,kro,2,0
490142,Omega Core,0,0,,8,0
490143,Omega Core,0,0,,8,0
7089,Omen of Tempest,5107500,5996000,estimate,4,3
27117,Ominous Assaulter Card,1288000,1512000,kro,2,3
27118,Ominous Freezer Card,1196000,1404000,kro,2,3
27116,Ominous Heater Card,1472000,1728000,kro,2,3
27115,Ominous Permeter Card,276000,324000,kro,4,3
27114,Ominous Solider Card,1012000,1188000,kro,2,3
27119,Ominous Turtle General Card,2404000,2822000,estimate,2,3
6287,Omni Clothing Dye,1,2,npc,18,0
7681,One Click Armor 7UP,0,0,,12,0
7682,One Click Armor 9UP,0,0,,12,0
7679,One Click Weapon 7UP,0,0,,12,0
7680,One Click Weapon 9UP,0,0,,12,0
28631,One Sky One Sun,0,0,,8,0
540048,One Sky One Sun-LT,0,0,,8,0
300375,One-Eye Dollocaris Card,1357000,1593000,kro,2,3
7338,One-way Ticket,0,0,,12,0
18617,Onigiri In Mouth,0,0,,8,0
21019,Onimaru,0,0,,8,0
21042,Onimaru Sword,0,0,,8,0
311055,Only One Bullet Tuning Device,0,0,,6,0
727,Opal,18000,21500,kro,76,18
1000505,Opaque Liquid,1800,2150,kro,12,0
19274,Open Air Headset,0,0,,8,0
500081,Open Illusion Immaterial Sword,0,0,,8,0
610055,Open Illusion Infiltrator,0,0,,8,0
480323,Opened Illusion Ancient Cape,0,0,,8,0
400463,Opened Illusion Apple of Archer,0,0,,8,0
400483,Opened Illusion Cap,0,0,,8,0
560050,Opened Illusion Combo Battle Glove,0,0,,8,0
400487,Opened Illusion Fancy Flower,0,0,,8,0
650043,Opened Illusion Huuma Fluttering Snow,0,0,,8,0
590066,Opened Illusion Iron Driver,0,0,,8,0
510120,Opened Illusion Moonlight Sword,0,0,,8,0
480322,Opened Illusion Muffler,0,0,,8,0
400464,Opened Illusion Nursing Cap,0,0,,8,0
530049,Opened Illusion Pole Axe,0,0,,8,0
630034,Opened Illusion Spectral Spear,0,0,,8,0
480339,Opened Illusion Survivor's Manteau,0,0,,8,0
520033,Opened Illusion War Axe,0,0,,8,0
640047,Opened Illusion Wizardry Staff,0,0,,8,0
2281,Opera Masque,23000,27000,ragnastats,34,0
5043,Opera Phantom Mask,230000,270000,ragnastats,7,0
19091,Opera Phantom Mask,230000,270000,sibling,4,0
28313,Operation Glove,0,0,,8,0
300563,Ophois Card,1196000,1404000,kro,2,3
12597,Opor Ayam,0,0,,12,0
701,Ora Ora,93500,110000,ragnastats,22,3
582,Orange,2300,2700,kro,54,36
18585,Orange Bunny Hairband,6900000,8100000,ragnastats,2,0
1000935,Orange Chocolate,18000,21500,kro,12,3
980,Orange Dyestuffs,172000,202000,ragnastats,46,3
1070,Orange Gooey Mushroom,1,3,npc,12,0
18696,Orange Hat,0,0,,8,0
18665,Orange In Mouth,0,0,,8,0
620,Orange Juice,184000,216000,kro,22,3
1069,Orange Net Mushroom,1,3,npc,12,0
502,Orange Potion,42,58,ragnastats,12,0
15968,Orange Rabbit,0,0,,8,0
5196,Orange Ribbon,610,825,npc,8,0
5743,Orange Stem Hat,0,0,,8,0
1734,Orc Archer Bow,87000,102000,estimate,11,0
18115,Orc Archer Bow,55000,64500,estimate,8,0
4256,Orc Archer Card,101500,119000,ragnastats,4,3
4375,Orc Baby Card,69000,81000,kro,9,3
1043,Orc Claw,340,460,kro,36,36
300295,Orc General Card,920000,1080000,kro,2,3
2299,Orc Helm,27500,32000,kro,11,0
5157,Orc Helm,73500,86000,kro,8,0
5687,Orc Helm,50500,59000,sibling,8,0
4143,Orc Hero Card,184000000,216000000,kro,2,0
9072,Orc Hero Egg,736000000,864000000,sibling,4,0
9121,Orc Hero Egg,736000000,864000000,kro,4,0
4255,Orc Lady Card,87000,102500,kro,9,3
450142,Orc Lord Armor,0,0,,8,0
4135,Orc Lord Card,69000000,81000000,kro,2,0
9073,Orc Lord Egg,0,0,,12,0
590084,Orc Mace,0,0,,8,0
550142,Orc Scepter,0,0,,8,0
4085,Orc Skeleton Card,138000,162000,kro,5,3
635,Orc Trophy,184000,216000,kro,7,3
25508,Orc Warlord Token,73500,86000,kro,12,0
4066,Orc Warrior Card,736000,864000,kro,5,3
9017,Orc Warrior Egg,460000,540000,kro,7,0
4071,Orc Zombie Card,82500,97000,kro,9,3
922,Orc's Fang,1350,1600,kro,36,36
15142,Orca Cloth,0,0,,8,0
5370,Orchid Hairband,0,0,,8,0
1304,Orcish Axe,92000,108000,kro,7,0
1309,Orcish Axe,69000,81000,kro,8,0
13482,Orcish Blade,0,0,,8,0
1124,Orcish Sword,46000,54000,kro,11,0
13437,Orcish Sword,46000,54000,sibling,8,0
931,Orcish Voucher,425,575,kro,54,36
5829,Ordinary Armor,0,0,,8,0
27255,Ordre Card,828000,972000,kro,4,3
6804,Organic Pumpkin,17,24,npc,12,0
984,Oridecon,12500,14500,kro,76,36
987,Oridecon Anvil,104500,122500,ragnastats,7,3
1765,Oridecon Arrow,34,47,ragnastats,12,0
12007,Oridecon Arrow Quiver,1,3,npc,54,3
615,Oridecon Hammer,303500,356000,kro,22,3
560063,Oriental Knuckle,0,0,,8,0
1918,Oriental Lute,18000,21000,ragnastats,8,0
1922,Oriental Lute,18000,21000,sibling,8,0
21038,Oriental Sword,0,0,,8,0
100274,Oriental Sword Modification Cube,0,0,,12,0
600023,Oriental Sword-LT,0,0,,8,0
540055,Origin of Life,0,0,,8,0
311072,Original King,0,0,,6,0
2881,Orleans Necklace,0,0,,8,0
2701,Orleans's Glove,69000,81000,estimate,8,0
2365,Orleans's Gown,460000,540000,kro,4,0
2123,Orleans's Server,46000,54000,ragnastats,11,0
5684,Ornate Crown,0,0,,8,0
18948,Orochimaru's Mask,0,0,,8,0
100321,OS Weapon +11 Refinement Cube,26680000,31320000,kro,4,3
100469,OS Weapon Helmet Box,11040000,12960000,kro,4,3
101355,OS Weapon Modification Box,0,0,,12,0
4144,Osiris Card,202400000,237600000,kro,2,0
751,Osiris Doll,230000,270000,kro,16,3
19035,Otto Hat,0,0,,8,0
12125,Outdoor Cooking Kit,425,575,ragnastats,12,6
820020,Outlaw Cursed Shotgun,0,0,,8,0
24948,Over Cross Shadow Earring,2759500,3239500,kro,2,0
24949,Over Cross Shadow Pendant,920000,1080000,kro,2,0
490544,Overdrive Rampage,0,0,,8,0
490545,Overdrive Rampage,0,0,,8,0
490576,Overlock Chip,0,0,,8,0
312049,Overlord of the Sky,0,0,,6,0
16591,Overseas Care Package Remix XIII Mini,0,0,,12,0
15346,Overwelm Luk Armor,2760000,3240000,kro,2,0
15347,Overwelm Vit Armor,2760000,3240000,kro,2,0
23766,Overwhelm Armor Box,0,0,,12,3
4238,Owl Baron Card,874000,1026000,kro,5,3
480509,Owl Baron Cloak,0,0,,8,0
480025,Owl Baron Mantle,0,0,,8,0
4237,Owl Duke Card,827500,971500,kro,5,3
18866,Owl Duke Silk Hat,0,0,,8,0
4632,Owl Marquees Card,368000,432000,kro,4,3
4631,Owl Viscount Card,736000,864000,kro,4,3
5943,Owl Viscount Silk Hat,0,0,,8,0
13091,Owl's Dagger,0,0,,8,0
26148,Owl.D Stick,0,0,,8,0
14469,Ox Tail Egg,0,0,,12,0
5004,Oxygen Mask,690000,810000,ragnastats,4,0
20819,Oxygen Tank,1380000,1620000,kro,2,0
1935,Oz's New Ukulele,429000,503500,estimate,4,0
2988,Oz's New Wing Ring,920000,1080000,kro,2,0
12792,P Combat Pill,0,0,,12,0
12794,P Combat Pill Box10,0,0,,12,0
310982,P.ATK 1Lv,0,0,,6,0
310983,P.ATK 2Lv,0,0,,6,0
10004,Pacifier,82500,97000,kro,18,0
22611,Packed Envelope,8,12,npc,12,0
2312,Padded Armor,39500,46500,npc,8,0
2313,Padded Armor,39500,46500,npc,11,0
15259,Padded Armor,0,0,,8,0
5263,Pagdayaw,0,0,,8,0
5299,Pagdayaw,0,0,,8,0
24535,Paint Shadow Earring,828000,972000,kro,4,0
24534,Paint Shadow Pendant,0,0,,8,0
24533,Paint Shadow Weapon,3220000,3780000,kro,2,0
13444,Pala,0,0,,8,0
18878,Palace Guard Cap,0,0,,8,0
23843,Palace Guard Cap Combination,0,0,,12,3
490208,Palace Ring,0,0,,8,0
4565,Paladin Randel Card,129636500,152182000,estimate,2,0
25712,Paladin Stone (Bottom),1288000,1512000,kro,4,0
29519,Paladin Stone (Bottom),1288000,1512000,kro,2,0
25711,Paladin Stone (Middle),5658000,6642000,kro,4,0
29518,Paladin Stone (Middle),5658000,6642000,kro,2,0
25710,Paladin Stone (Upper),4140000,4860000,kro,4,0
29517,Paladin Stone (Upper),4140000,4860000,kro,2,0
310185,Paladin Stone II (Lower),1840000,2160000,kro,2,0
1000220,Paladin Stone II (Lower),1840000,2160000,kro,4,0
310186,Paladin Stone II (Middle),1380000,1620000,kro,2,0
1000219,Paladin Stone II (Middle),1380000,1620000,kro,4,0
310187,Paladin Stone II (Upper),2990000,3510000,kro,2,0
1000218,Paladin Stone II (Upper),2990000,3510000,kro,4,0
19102,Pale Moon Hat,2300000,2700000,ragnastats,2,0
525,Panacea,7350,8600,kro,36,18
18962,Panda Balloon,0,0,,8,0
313559,Panda Basic Footprint,0,0,,6,0
1001908,Panda Basic Footprint Effect (Garment),34960000,41040000,kro,4,0
313560,Panda Color Footprint,0,0,,6,0
1001909,Panda Color Footprint Effect (Garment),36800000,43200000,kro,4,0
5030,Panda Hat,460000,540000,kro,4,0
2339,Pantie,765,1000,npc,8,0
2371,Pantie,765,1000,npc,8,0
4310,Panzer Goblin Card,2668000,3132000,kro,2,3
18644,Paperhand Model,0,0,,8,0
300095,Papila Cae Card,1380000,1620000,kro,2,3
300091,Papila Card,1196000,1404000,kro,2,3
300093,Papila Ruba Card,1748000,2052000,kro,2,3
450208,Paracelsus Coat,0,0,,8,0
490146,Paracelsus Glove,0,0,,8,0
5468,Parade Hat,0,0,,8,0
5932,Paradise Bird Cage,0,0,,8,0
490114,Paradise Lost,0,0,,8,0
12717,Paralyze,1,3,npc,12,3
4309,Parasite Card,669500,786000,ragnastats,4,3
5023,Parcel Hat,302000,354500,ragnastats,4,0
22899,Parchment City,23000,27000,ragnastats,12,0
4942,Parrying Lv1,0,0,,6,0
4943,Parrying Lv2,0,0,,6,0
4944,Parrying Lv3,0,0,,6,0
313144,Partial Eclipse Blessing,0,0,,6,0
1457,Partizan,22000,26000,npc,8,0
1458,Partizan,69500,82000,ragnastats,8,0
1459,Partizan,69500,82000,sibling,8,0
5060,Party Hat,161500,190000,ragnastats,4,0
5201,Party Hat,161500,190000,sibling,4,0
4512,Parus Card,869000,1020500,kro,4,3
4099,Pasana Card,690000,810000,kro,32,3
7350,Pass,17,24,npc,12,0
12767,Passion FB Hat Box,0,0,,12,0
12771,Passion Hat Box2,0,0,,12,0
640011,Patent Aeon Staff,368000,432000,kro,4,0
530006,Patent Aquatic Spear,920000,1080000,kro,2,0
620004,Patent Avenger,4600000,5400000,kro,2,0
580009,Patent Barbed Wire Whip,2300000,2700000,kro,2,0
610009,Patent Blade Katar,2300000,2700000,kro,2,0
510071,Patent Blessed Knife,1840000,2160000,kro,2,0
640012,Patent Blue Crystal Staff,306500,360000,kro,4,0
550013,Patent Chilling Cane,920000,1080000,kro,2,0
800002,Patent Crimson Rose,920000,1080000,kro,2,0
820001,Patent Demon Slayer Shot,0,0,,8,0
21058,Patent Dragonic Slayer,1380000,1620000,kro,2,0
540011,Patent Exorcist's Bible,920000,1080000,kro,2,0
510020,Patent Fatalist,5520000,6480000,kro,2,0
550081,Patent Freedom Stick,4370000,5130000,kro,2,0
840001,Patent Golden Lord Launcher,920000,1080000,kro,2,0
650004,Patent Huuma Shuriken Clearness,736000,864000,kro,4,0
560008,Patent Iron Nail,736000,864000,kro,4,0
510022,Patent Kiri no Tsuyu,828000,972000,kro,4,0
500017,Patent Light Blade,0,0,,8,0
510019,Patent Madogum,1840000,2160000,kro,2,0
810001,Patent Master Soul Rifle,0,0,,8,0
550014,Patent Meowmeow Foxtail,1840000,2160000,kro,2,0
590011,Patent Meteor Striker,2576000,3024000,kro,2,0
700013,Patent Narcissus Bow,1150000,1350000,kro,2,0
540010,Patent One Sky One Sun,736000,864000,kro,4,0
600009,Patent Oriental Sword,3680000,4320000,kro,2,0
560009,Patent Ray Knuckle,3670500,4309000,kro,2,0
500013,Patent Red Lotus Sword,2668000,3132000,kro,2,0
700018,Patent Royal Bow,1840000,2160000,kro,2,0
590012,Patent Saint Mace,4600000,5400000,kro,2,0
700019,Patent Scarlet Dragon Leather Bow,920000,1080000,kro,2,0
550012,Patent Shadow Staff,1380000,1620000,kro,2,0
610008,Patent Shiver Katar,1564000,1836000,kro,2,0
500014,Patent Slate Sword,920000,1080000,kro,2,0
550015,Patent Spirit Pendulum,920000,1080000,kro,2,0
830002,Patent The Black,920000,1080000,kro,2,0
570009,Patent Trumpet Shell,1840000,2160000,kro,2,0
6692,Patrol Log,0,0,,12,3
12853,Patron Scroll,0,0,,12,0
2514,Pauldron,46000,54000,estimate,8,0
100002,Payment Promotion Reward Box,0,0,,12,0
7056,Payment Statement for Kafra Employee,1,2,npc,12,36
12249,Payment Statement for Kafra Employee,0,0,,12,0
27169,Payon Soldier Card,598000,702000,kro,4,3
1089,Payon Solution,28000,33000,ragnastats,12,3
4985,PD Supplement Reactor,0,0,,6,0
13194,Peace Breaker,1614500,1895000,npc,2,0
13196,Peace Breaker,1614500,1895000,npc,2,0
12091,Peach Cake,160500,188500,ragnastats,7,9
5519,Peacock Feather,0,0,,8,0
6021,Peaked Hat,2750,3250,ragnastats,12,18
722,Pearl,5500,6450,kro,76,18
12843,Pearl Treasure Box,0,0,,12,0
5358,Peco Ears,0,0,,8,0
4031,Peco Peco Card,828000,972000,kro,5,3
9014,Peco Peco Egg,92000,108000,kro,7,0
4007,Peco Peco Egg Card,138000,162000,kro,5,3
7101,Peco Peco Feather,5950,7000,kro,51,36
400667,Peco Warrior Hat,0,0,,8,0
541,PecoPeco Food,0,0,,12,0
470075,Peep Toe Sandals,0,0,,8,0
300641,Peeping Card,25300000,29700000,kro,2,3
7860,Peeps,66500,78000,estimate,12,0
24095,Peerless Shadow Armor,690000,810000,kro,7,0
24354,Peerless Shadow Armor II,0,0,,12,0
24096,Peerless Shadow Shoes,276000,324000,kro,7,0
22701,Pegasus Cotton Candy,0,0,,12,0
18657,Pegasus Wing Ears,0,0,,11,0
7226,Pellet,21500,25000,ragnastats,36,3
400440,Penance Charm Crown,0,0,,8,0
400469,Penance Crown,0,0,,8,0
400482,Penance Glory Crown,0,0,,8,0
738,Pencil Case,340,460,npc,12,3
100579,Pendant Gemstone of Force,368000,432000,kro,7,0
2991,Pendant of Chaos,2530000,2970000,kro,3,0
2990,Pendant of Harmony,1840000,2160000,kro,2,0
2992,Pendant of Maelstrom,2668000,3132000,kro,2,0
6003,Pendant of Spirit,0,0,,12,3
24433,Penetration Shadow Armor,3404000,3996000,kro,4,0
23888,Penetration Shadow Combination,1840000,2160000,kro,4,3
24166,Penetration Shadow Earring,4600000,5400000,kro,4,0
24167,Penetration Shadow Pendant,4508000,5292000,kro,4,0
24374,Penetration Shadow Shield,1840000,2160000,kro,4,0
24373,Penetration Shadow Shoes,2530000,2970000,kro,4,0
24432,Penetration Shadow Weapon,2300000,2700000,kro,4,0
26161,Penitentia,828000,972000,kro,4,0
4314,Penomena Card,3675000,4314500,kro,3,3
12813,Peony Mamy,1,2,npc,12,3
19349,Pepperoni Pizza,0,0,,8,0
29235,Perfect Dodge + 1,0,0,,6,0
29236,Perfect Dodge + 2,0,0,,6,0
27398,Perfect Dodge + 25,0,0,,6,0
6980,Perfect Dodge Reactor Blueprint,0,0,,12,0
310318,Perfect Hit + 25%,0,0,,6,0
311442,Perfect Ripe,0,0,,6,0
1001283,Perfect Rune,11270000,13230000,kro,4,3
24426,Perfect Size Shadow Armor,13800000,16200000,kro,4,0
101664,Perfect Size Shadow Armor Box,0,0,,12,0
101662,Perfect Size Shadow Selection Box,0,0,,12,3
101362,Perfect Size Shadow Spellbook,874000,1026000,kro,7,3
100010,Perfect Size Shadow SynthesisBox,22080000,25920000,kro,4,0
24425,Perfect Size Shadow Weapon,55200000,64800000,kro,4,0
101663,Perfect Size Shadow Weapon Box,0,0,,12,0
15084,Performer Battle Armor,0,0,,8,0
22029,Performer Battle Boots,0,0,,8,0
6467,Perfume,0,0,,12,0
7289,Peridot,12000,14000,ragnastats,36,18
4311,Permeter Card,101000,118500,kro,4,3
5781,Persika,0,0,,8,0
23358,Personal Shopper Envelope,0,0,,12,0
28565,Perverse Demon Mask,0,0,,8,0
300613,Peska Card,0,0,,6,3
4315,Pest Card,496500,583000,ragnastats,32,3
2157,Pesticide,0,0,,8,0
23153,Pet Egg SynthesisBox,1196000,1404000,kro,4,0
537,Pet Food,245,335,ragnastats,27,3
643,Pet Incubator,2550,3000,ragnastats,12,3
10027,Pet Soul Ring,0,0,,12,0
4594,Petal Card,552000,648000,kro,5,3
450402,Petal Costume (Albino),0,0,,8,0
490031,Petal Tail,0,0,,8,0
490429,Petal's Tail (Albino),0,0,,8,0
12434,Petite Tail Noodles,126500,148500,kro,32,3
6260,Petite's Tail,6400,7550,kro,54,6
310269,Petrified Resistance,0,0,,6,0
2476,Peuz's Greaves,0,0,,8,0
2575,Peuz's Manteau,0,0,,8,0
15037,Peuz's Plate,367000,430500,kro,4,0
2884,Peuz's Seal,368000,432000,kro,4,0
5012,Ph.D Hat,91000,107000,ragnastats,8,0
5347,Ph.D Hat,2750000,3228000,ragnastats,2,0
5810,Ph.D Hat V,0,0,,8,0
410001,Phalanx,0,0,,8,0
1999,Phantom Bell,0,0,,8,0
470293,Phantom Boots,0,0,,8,0
470294,Phantom Boots,0,0,,8,0
400265,Phantom Cap-LT,0,0,,8,0
470295,Phantom Combat Boots,0,0,,8,0
470296,Phantom Combat Boots,0,0,,8,0
410129,Phantom Ears,0,0,,8,0
410130,Phantom Ears,0,0,,8,0
420199,Phantom Fireball,0,0,,8,0
1002741,Phantom Fragment,0,0,,12,0
470299,Phantom Heels,0,0,,8,0
470300,Phantom Heels,0,0,,8,0
19497,Phantom of Masquerade,6900000,8100000,sibling,2,0
400044,Phantom of Masquerade,6900000,8100000,kro,2,0
470297,Phantom Sneakers,0,0,,8,0
470298,Phantom Sneakers,0,0,,8,0
300223,Phantom Wolf Card,18308000,21492000,kro,2,3
23684,Phantom's Spirit,0,0,,12,0
4148,Pharaoh Card,915400000,1074600000,kro,2,0
4077,Phen Card,460000,540000,kro,5,3
4329,Phendark Card,178000,209000,ragnastats,4,3
7290,Phlogopite,9200,10500,ragnastats,36,6
5271,Phoenix Crown,0,0,,8,0
18695,Phoenix Crown,0,0,,8,0
550018,Phoenix Foxtail,0,0,,8,0
20941,Phoenix Muffler,0,0,,8,0
314813,Phoenix Operation Footprints,0,0,,6,0
1002642,Phoenix Operation Footprints (Garment),220800000,259200000,kro,4,0
1010,Phracon,170,230,kro,51,18
4121,Phreeoni Card,216200000,253800000,kro,2,0
9111,Phreeoni Egg,92000000,108000000,kro,4,0
15372,Phreeoni Robe,0,0,,8,0
450217,Phreeoni Wing Suit,0,0,,8,0
101347,Phreeoni Wing Suit Recipe,2760000,3240000,kro,4,3
20859,Phreeoni Wings,0,0,,8,0
5148,Phrygian Cap,0,0,,8,0
4461,Phylla Card,644000,756000,kro,4,3
310864,Physical 1Lv,0,0,,6,0
310865,Physical 2Lv,0,0,,6,0
310866,Physical 3Lv,0,0,,6,0
24018,Physical Earring (Shadow),1,2,npc,12,0
2963,Physical Enhancer Ring,8280000,9720000,kro,2,0
312509,Physical Flower 1Lv,0,0,,6,0
312510,Physical Flower 2Lv,0,0,,6,0
312511,Physical Flower 3Lv,0,0,,6,0
312512,Physical Flower 4Lv,0,0,,6,0
312513,Physical Flower 5Lv,0,0,,6,0
312528,Physical Fruit 10Lv,0,0,,6,0
312529,Physical Fruit 11Lv,0,0,,6,0
312530,Physical Fruit 12Lv,0,0,,6,0
312531,Physical Fruit 13Lv,0,0,,6,0
312532,Physical Fruit 14Lv,0,0,,6,0
312533,Physical Fruit 15Lv,0,0,,6,0
312534,Physical Fruit 16Lv,0,0,,6,0
312535,Physical Fruit 17Lv,0,0,,6,0
312536,Physical Fruit 18Lv,0,0,,6,0
312537,Physical Fruit 19Lv,0,0,,6,0
312519,Physical Fruit 1Lv,0,0,,6,0
312538,Physical Fruit 20Lv,0,0,,6,0
312520,Physical Fruit 2Lv,0,0,,6,0
312521,Physical Fruit 3Lv,0,0,,6,0
312522,Physical Fruit 4Lv,0,0,,6,0
312523,Physical Fruit 5Lv,0,0,,6,0
312524,Physical Fruit 6Lv,0,0,,6,0
312525,Physical Fruit 7Lv,0,0,,6,0
312526,Physical Fruit 8Lv,0,0,,6,0
312527,Physical Fruit 9Lv,0,0,,6,0
312499,Physical Leaf 1Lv,0,0,,6,0
312500,Physical Leaf 2Lv,0,0,,6,0
312501,Physical Leaf 3Lv,0,0,,6,0
312502,Physical Leaf 4Lv,0,0,,6,0
312503,Physical Leaf 5Lv,0,0,,6,0
100886,Physical Magical Shadow Box,0,0,,12,3
24020,Physical Pendant (Shadow),736000,864000,kro,7,0
24752,Physical Power Shadow Shield,3680000,4320000,kro,2,0
24751,Physical Power Shadow Weapon,3220000,3780000,kro,2,0
312488,Physical Seed 10Lv,0,0,,6,0
312479,Physical Seed 1Lv,0,0,,6,0
312480,Physical Seed 2Lv,0,0,,6,0
312481,Physical Seed 3Lv,0,0,,6,0
312482,Physical Seed 4Lv,0,0,,6,0
312483,Physical Seed 5Lv,0,0,,6,0
312484,Physical Seed 6Lv,0,0,,6,0
312485,Physical Seed 7Lv,0,0,,6,0
312486,Physical Seed 8Lv,0,0,,6,0
312487,Physical Seed 9Lv,0,0,,6,0
24395,Physical Shadow Armor,0,0,,12,0
24394,Physical Shadow Shield,7590000,8910000,kro,4,0
24393,Physical Shadow Shoes,0,0,,12,0
23860,Physical Shadow SynthesisBox,0,0,,12,3
24019,Physical Weapon (Shadow),2116000,2484000,kro,4,0
23665,PhysicalMagical Mix,0,0,,12,0
19098,Piamette Hood,0,0,,8,0
19097,Piamette Ribbon,0,0,,8,0
7184,Piano Key,1,2,npc,27,0
4008,Picky Card,184000,216000,kro,4,3
9005,Picky Egg,92000,108000,kro,7,0
4011,Picky Egg Card,184000,216000,kro,5,3
5871,Picky Egg Shell,0,0,,8,0
24636,Picky Rush Shadow Armor,457500,537000,kro,4,0
24635,Picky Rush Shadow Shield,3680000,4320000,kro,2,0
24634,Picky Rush Shadow Weapon,4370000,5130000,kro,2,0
11562,Pie Fruit,0,0,,12,3
2970,Pie Fruit Box,0,0,,8,0
6523,Piece of Bakonawa's Spirit,20000,23500,estimate,12,18
7150,Piece of Bamboo,1350,1600,ragnastats,27,36
6524,Piece of Bangungot's Spirit,2750,3200,npc,12,18
7205,Piece of Black Cloth,44000,51500,kro,36,36
25311,Piece of Black Horn,39000,45500,estimate,36,18
6525,Piece of Buwaya's Spirit,59000,69500,estimate,12,0
539,Piece of Cake,28500,34000,kro,51,36
25156,Piece of Chimera,1,2,npc,12,0
7703,Piece of Cogwheel,18500,22000,estimate,12,0
7032,Piece of Egg Shell,1600,1850,ragnastats,36,36
7108,Piece of Shield,137000,160500,kro,7,0
1000257,Piece of Sin,64000,75500,kro,12,3
6092,Piece Of Singing Crystal,7900,9250,ragnastats,12,0
5559,Piece Of White Cloth,386400000,453600000,kro,2,0
400045,Pierced Apple,0,0,,8,0
100880,Piercing Shadow Box,0,0,,12,0
100053,Piercing Shadow SynthesisBox,9200000,10800000,kro,4,0
1626,Piercing Staff,46000,54000,ragnastats,8,0
1665,Piercing Staff,46000,54000,sibling,8,0
14596,Pierre's Treasure Box,1,2,npc,12,0
300247,Pierrotzoist Card,372500,437000,kro,4,3
5674,Pig Moneybox,3651000,4286000,ragnastats,2,0
22659,Pig Steamed Ribs,17,24,npc,12,0
700009,Pigritia Rhythm,455000,534500,kro,4,0
580005,Pigritia Spark,460000,540000,kro,4,0
570005,Pigritia Wave,685000,804500,kro,4,0
1407,Pike,2850,3350,npc,8,0
1408,Pike,2850,3350,npc,11,0
1409,Pike,0,0,,8,0
1549,Pile Bunker,8250,9700,npc,22,0
16031,Pile Bunker P,426000,500000,estimate,4,0
16030,Pile Bunker S,0,0,,8,0
16032,Pile Bunker T,0,0,,8,0
6558,Pile Of Acorn,1350,1600,npc,12,18
22189,Pilgrim Shoes,0,0,,8,0
679,Pilule,692000,812000,ragnastats,7,3
7269,Pinafore,12500,15000,ragnastats,36,6
7202,Pincher of Beetle,835,1100,ragnastats,36,36
1001827,Pine Needles,7800,9150,kro,12,3
6265,Pineapple,11500,13500,ragnastats,36,18
13263,Pineapple Bomb,0,0,,12,0
6280,Pineapple Bomb Guidebook,0,0,,12,3
11521,Pingui Berry Juice,0,0,,12,3
4476,Pinguicula Card,1196000,1404000,kro,3,3
2745,Pinguicula Corsage,336000,394500,ragnastats,4,0
12344,Pinguicula's Fruit Jam,0,0,,12,3
18798,Pink Angel Hairband,0,0,,8,0
18858,Pink Angeling Bubble,0,0,,8,0
5237,Pink Beanie,69000,81000,ragnastats,8,0
16728,Pink Beanie Hat Box,17,24,npc,12,0
16729,Pink Beanie Hat Box,0,0,,12,0
16621,Pink Bunny Band Box,0,0,,12,0
16622,Pink Bunny Band Box,0,0,,12,0
5232,Pink Drooping Cat,207000,243000,npc,4,0
7629,Pink Gift Box,0,0,,12,0
29161,Pink Glow Effect,0,0,,6,0
25178,Pink Glow Effect (Middle),28520000,33480000,kro,4,0
5507,Pink Night Cap,0,0,,8,0
400412,Pink Poo Hat,0,0,,8,0
18633,Pink Poring Hairpin,0,0,,8,0
5194,Pink Ribbon,610,825,npc,8,0
400679,Pink Shampoo Hat,0,0,,8,0
5784,PinkBunny Hairband,0,0,,8,0
5458,Pinwheel Hat,0,0,,8,0
2268,Pipe,432000,507500,kro,7,0
6774,Piranha,0,0,,12,3
27121,Piranha Card,818500,961000,kro,4,3
22773,Piranha Skewer,0,0,,12,3
2287,Pirate Bandana,92000,108000,kro,4,0
5350,Pirate Bandana,92000,108000,kro,4,0
480174,Pirate Captain's Coat,13340000,15660000,kro,2,0
101346,Pirate Captain's Coat Recipe,2691000,3159000,kro,4,3
5305,Pirate Dagger,0,0,,11,0
5532,Pirate Dagger,0,0,,8,0
5804,Pirate Eye Bandage,765,1000,npc,8,0
4073,Pirate Skeleton Card,82500,97000,kro,6,3
18955,Pirate's Folly,331000,388500,ragnastats,4,0
5501,Pirate's Pride,138000,162000,ragnastats,4,0
4965,Pisces,0,0,,6,0
5515,Pisces Crown,3977500,4669000,ragnastats,2,0
14498,Pisces Crown Box,0,0,,12,0
5514,Pisces Diadem,2760000,3240000,ragnastats,2,0
14497,Pisces Diadem Box,0,0,,12,0
17029,Pisces Diadem Box,0,0,,12,0
17028,Pisces Diadem Scroll,0,0,,12,0
450133,Pisces Mail,0,0,,8,0
480041,Pisces Manteau,0,0,,8,0
490034,Pisces Ring,0,0,,8,0
17113,Pisces Scroll,0,0,,12,0
470038,Pisces Shoes,0,0,,8,0
640006,Pisces Staff of Soul,0,0,,8,0
29149,Pisces Stone,2760000,3240000,kro,2,0
313339,Pisces Stone,2760000,3240000,sibling,2,0
1002037,Pitch Black Dimensional Energy,1840000,2160000,kro,4,3
1002146,Pitch Black Light Boundary Magic Extract,0,0,,12,3
4335,Pitman Card,12500,14500,ragnastats,6,3
589,Pizza,0,0,,12,0
5499,Pizza Hat,0,0,,8,0
27310,Plaga Card,1748000,2052000,kro,2,3
300251,Plagarion Card,1840000,2160000,kro,2,3
1001138,Plain Essence,10000,12000,kro,12,3
12195,Plain Rice Cake,1650,1950,ragnastats,12,6
18674,Planewing Hat,0,0,,8,0
4024,Plankton Card,297500,349500,ragnastats,4,3
7137,Plant Bottle,425,575,kro,18,0
7130,Plant Bottle Creation Guide,65000,76500,ragnastats,12,3
6109,Plant Neutrient,17,24,npc,12,3
24165,Plant Shadow Weapon,2760000,3240000,kro,4,0
15270,Plant Stem Suit,0,0,,8,0
4389,Plasma Card,1794000,2106000,kro,2,3
24352,Plasterer's Shadow Armor II,0,0,,12,0
420310,Plastic Blue Rose,0,0,,8,0
450257,Platinum Arbitrator,0,0,,8,0
7230,Platinum Bullion,1078500,1266000,ragnastats,4,3
677,Platinum Coin,0,0,,12,0
28768,Platinum Dagger,644000,756000,kro,4,0
28780,Platinum Dagger,644000,756000,sibling,4,0
28312,Platinum Ring,0,0,,8,0
2122,Platinum Shield,6440000,7560000,kro,2,0
13404,Platinum Shotel,41000,48500,kro,8,0
12842,Platinum Treasure Box,0,0,,12,0
29244,Player Resistance 1,0,0,,6,0
29379,Player Resistance 10,0,0,,6,0
29586,Player Resistance 12,0,0,,6,0
310758,Player Resistance 13,0,0,,6,0
29245,Player Resistance 2,0,0,,6,0
29246,Player Resistance 3,0,0,,6,0
29247,Player Resistance 4,0,0,,6,0
29248,Player Resistance 5,0,0,,6,0
29375,Player Resistance 6,0,0,,6,0
29376,Player Resistance 7,0,0,,6,0
29377,Player Resistance 8,0,0,,6,0
29378,Player Resistance 9,0,0,,6,0
27107,Playing Pere Card,10856000,12744000,kro,2,3
7520,Please Be Rich,0,0,,12,0
2717,Pocket Watch,138000,162000,kro,4,0
2971,Pocket Watch,138000,162000,kro,4,0
7513,Pocket Watch,138000,162000,kro,7,3
27391,Poe Card,0,0,,6,0
300129,Poe Card,0,0,,6,3
300357,Poe Richard (Sign Stamp) Card,0,0,,6,0
27392,Poe Richard Card,1380000,1620000,sibling,2,0
300130,Poe Richard Card,1380000,1620000,kro,11,3
460013,Poenitentia Aegis,0,0,,8,0
620006,Poenitentia Ascia,0,0,,8,0
700024,Poenitentia Attendo,0,0,,8,0
560012,Poenitentia Caestus,0,0,,8,0
630009,Poenitentia Catapulta,0,0,,8,0
570013,Poenitentia Chorda,0,0,,8,0
590016,Poenitentia Clava,0,0,,8,0
540014,Poenitentia Codex,0,0,,8,0
550020,Poenitentia Crystallum,0,0,,8,0
510028,Poenitentia Dilacero,0,0,,8,0
600014,Poenitentia Ensis,0,0,,8,0
550062,Poenitentia Ferrum,0,0,,8,0
580013,Poenitentia Flagellum,0,0,,8,0
800011,Poenitentia Foramen,0,0,,8,0
500019,Poenitentia Gladius,0,0,,8,0
530010,Poenitentia Hasta,0,0,,8,0
510057,Poenitentia Jana,0,0,,8,0
540015,Poenitentia Liber,0,0,,8,0
500020,Poenitentia Ligula,0,0,,8,0
610016,Poenitentia Manus,0,0,,8,0
510027,Poenitentia Mucro,0,0,,8,0
700023,Poenitentia Nervus,0,0,,8,0
500046,Poenitentia Orbis,0,0,,8,0
590017,Poenitentia Pendulus,0,0,,8,0
810007,Poenitentia Penet,0,0,,8,0
550060,Poenitentia Planta,0,0,,8,0
540044,Poenitentia Radius,0,0,,8,0
550061,Poenitentia Ramus,0,0,,8,0
101306,Poenitentia Refining Hammer,33028000,38772000,kro,4,3
840006,Poenitentia Ruina,0,0,,8,0
550019,Poenitentia Scipio,0,0,,8,0
510056,Poenitentia Sol,0,0,,8,0
700022,Poenitentia Tenon,0,0,,8,0
640014,Poenitentia Termes,0,0,,8,0
560013,Poenitentia Ungula,0,0,,8,0
700025,Poenitentia Vatia,0,0,,8,0
830010,Poenitentia Veloci,0,0,,8,0
640015,Poenitentia Virga,0,0,,8,0
906,Pointed Scale,1800,2150,kro,51,36
1763,Poison Arrow,25,35,ragnastats,12,0
100174,Poison Arrow Quiver,0,0,,12,0
29697,Poison Attribute (Weapon),0,0,,6,0
678,Poison Bottle,4600,5400,kro,54,3
17067,Poison Bottle Box100,0,0,,12,0
17066,Poison Bottle Box50,0,0,,12,0
13231,Poison Bullet,4,6,npc,12,0
23126,Poison Bullet Cartridge,0,0,,12,0
18009,Poison Cannon Ball,0,0,,12,0
29309,Poison Element(Armor),0,0,,6,0
1447,Poison Forged Spear,323500,380000,estimate,4,0
7937,Poison Herb Amoena,3650,4300,ragnastats,36,3
7934,Poison Herb Makulata,1,2,npc,36,3
7932,Poison Herb Nerium,1,2,npc,36,6
7933,Poison Herb Rantana,3650,4300,ragnastats,36,3
7936,Poison Herb Scoporia,3650,4300,ragnastats,36,3
7935,Poison Herb Seratum,3650,4300,kro,36,3
7931,Poison Kit,4600,5400,ragnastats,12,3
1239,Poison Knife,184000,216000,kro,4,0
13016,Poison Knife,184000,216000,kro,4,0
20708,Poison Manteau,0,0,,8,0
311413,Poison Resistance +5%,0,0,,6,0
312380,Poison Rune 1Lv,0,0,,6,0
312381,Poison Rune 2Lv,0,0,,6,0
312382,Poison Rune 3Lv,0,0,,6,0
312383,Poison Rune 4Lv,0,0,,6,0
312384,Poison Rune 5Lv,0,0,,6,0
101931,Poison Rune Enchantment,0,0,,12,0
2167,Poison Shield,8280000,9720000,kro,2,0
22065,Poison Shoes,4140000,4860000,kro,2,0
13225,Poison Sphere,0,0,,12,0
12146,Poison Sphere Pack,1,3,npc,12,3
22741,Poison Sphere Pack,0,0,,12,0
7033,Poison Spore,920,1050,kro,76,36
4048,Poison Spore Card,91500,107500,kro,9,3
9013,Poison Spore Egg,138000,162000,kro,7,0
18789,Poison Spore Hat,0,0,,8,0
1000294,Poison Stone 4th,920,1050,npc,12,0
101111,Poisoning Cannon Ball Box,0,0,,12,0
300001,Poisonous Card,828000,972000,kro,4,3
19046,Poisonous Manteau,0,0,,8,0
7154,Poisonous Powder,135,185,ragnastats,36,36
4175,Poisonous Toad Card,984000,1155500,kro,2,3
7155,Poisonous Toad Skin,5150,6050,ragnastats,51,36
18750,Poker Card In Mouth,0,0,,8,0
420138,Poker Card In Mouth,0,0,,8,0
5087,Poker Face,44500,52000,ragnastats,8,0
18850,Polar Bear Cap,0,0,,11,0
490501,Polar Horizon Bracelet,0,0,,8,0
1417,Pole Axe,69000,81000,ragnastats,8,0
1431,Pole Axe,69000,81000,sibling,8,0
1432,Pole Axe,69000,81000,sibling,8,0
16431,Pole Axe Box,0,0,,12,0
27363,Polluted Dark Lord Card,552000000,648000000,kro,2,0
27362,Polluted Queen Spider Card,2823000,3314000,estimate,2,0
27355,Polluted Raydric Archer Card,920000,1080000,kro,2,0
27354,Polluted Raydric Card,828000,972000,kro,4,0
300642,Polluted Silk Frog Card,30360000,35640000,kro,2,3
300643,Polluted Silk Snail Card,23000000,27000000,kro,2,3
27357,Polluted Sting Card,1697000,1992500,kro,2,0
27361,Polluted Wanderer Card,25208000,29592000,kro,2,0
28643,Pollux Book,0,0,,8,0
15823,Pollux Crown,0,0,,8,0
20983,Pollux Mantle,0,0,,8,0
32293,Pollux Ring,0,0,,8,0
15447,Pollux Robe,0,0,,8,0
2400,Pollux Shoes,0,0,,8,0
22082,Polyhedron Shoes,0,0,,8,0
4514,Pom Spider Card,257500,302000,kro,4,3
26171,Ponitendtia,0,0,,8,0
100653,Pontifex Belief,0,0,,12,3
100650,Pontifex Courage,156000,183500,kro,7,3
100652,Pontifex Tenacity,2300000,2700000,kro,4,3
100651,Pontifex Wisdom,174500,205000,kro,7,3
23029,Ponytail Gift Box,0,0,,12,0
102580,Ponytail Gift Box,0,0,,12,0
2289,Poo Poo Hat,73500,86000,kro,11,0
19382,Pop Popcorn Hat,0,0,,8,0
11611,Popcorn,0,0,,12,0
11546,Pope Choco,0,0,,12,0
12379,Pope Cookie,8,12,npc,12,18
19172,Pope Osuwari Head,0,0,,8,0
19149,Poporing Balloon,23000000,27000000,kro,2,0
5352,Poporing Cap,0,0,,8,0
4033,Poporing Card,82500,97000,kro,9,3
9003,Poporing Egg,92000,108000,kro,11,0
4337,Porcellio Card,1495000,1755000,kro,16,3
1027,Porcupine Quill,470,635,ragnastats,51,36
6646,Poring Badge,0,0,,12,0
1000678,Poring Ballon Enchantment Ticket,0,0,,12,3
19143,Poring Balloon,27600000,32400000,kro,2,0
19435,Poring Beret,0,0,,8,0
12109,Poring Box,178000,209000,ragnastats,7,3
5415,Poring Cake Hat,0,0,,8,0
5487,Poring Cake Hat,0,0,,8,0
5590,Poring Cake Hat,0,0,,8,0
23135,Poring Capsule,18216000,21384000,kro,4,3
4001,Poring Card,82500,97000,kro,9,3
741,Poring Doll,1650,1900,kro,51,3
9001,Poring Egg,170000,199500,ragnastats,7,0
18802,Poring Fedora Hat,0,0,,8,0
15127,Poring Girl Earrings,0,0,,8,0
5035,Poring Hat,230000,270000,kro,4,0
400319,Poring in a Bowl of Costume Noodles,1794000,2106000,kro,2,0
5675,Poring Letter,0,0,,8,0
5669,Poring Party Hat J,0,0,,8,0
5879,Poring Sunglasses,80937000,95013000,sibling,2,0
18839,Poring Sunglasses,80937000,95013000,sibling,2,0
19117,Poring Sunglasses,90160000,105840000,kro,2,0
19118,Poring Sunglasses,71714000,84186000,kro,2,0
23923,Poring Sunglasses Box,0,0,,12,3
23302,Poring Treasure Box,0,0,,12,0
19239,Poring Village Carrot,460000,540000,kro,4,0
19238,Poring Village Leek,460000,540000,kro,4,0
12021,Pork,0,0,,12,0
22104,Pororoca Shoes,0,0,,8,0
420235,Portable Support System,0,0,,8,0
1000942,Portrait of the Knight Commander,0,0,,12,3
7482,Pot,315,430,ragnastats,12,3
4523,Pot Dofle Card,578500,679000,kro,4,3
516,Potato,12,18,kro,51,36
1000225,Potato Chips,9200,10500,kro,12,0
400087,Potential to Inspire Adventure Cap,0,0,,8,0
400551,Potential to Inspire Adventure Cap-LT,0,0,,8,0
7144,Potion Creation Guide,72000,84500,ragnastats,12,3
25640,Potted Stone,58000,68500,estimate,12,6
9114,Pouring Egg,0,0,,12,0
313131,POW Assistance,0,0,,6,0
313132,POW Enforcement,0,0,,6,0
311076,POW Lv1,0,0,,6,0
311077,POW Lv2,0,0,,6,0
100452,POW Reduction Potion,0,0,,12,0
312189,POW+3,0,0,,6,0
924,Powder of Butterfly,395,535,ragnastats,36,36
14372,Powder Snow Box,0,0,,12,0
29588,Power,0,0,,6,0
23606,Power Drink,0,0,,12,3
490602,Power Machine Arm,0,0,,8,0
450432,Power Machine Suit,0,0,,8,0
1002137,Power Meteorite Extract,0,0,,12,3
1000442,Power Meteorite Fragment,1324500,1555000,kro,4,3
1000398,Power Meteorite Powder,9100,10500,kro,12,3
27415,Power of Iansa,0,0,,6,0
313221,Power of Madness,0,0,,6,0
27414,Power of Ochosi,0,0,,6,0
27416,Power of Oshun,0,0,,6,0
27413,Power of Shango,0,0,,6,0
310920,Power of Varmundt Lv1,0,0,,6,0
310921,Power of Varmundt Lv2,0,0,,6,0
310922,Power of Varmundt Lv3,0,0,,6,0
311786,Power Orb 10Lv,0,0,,6,0
311787,Power Orb 11Lv,0,0,,6,0
311788,Power Orb 12Lv,0,0,,6,0
311789,Power Orb 13Lv,0,0,,6,0
311790,Power Orb 14Lv,0,0,,6,0
311791,Power Orb 15Lv,0,0,,6,0
311792,Power Orb 16Lv,0,0,,6,0
311793,Power Orb 17Lv,0,0,,6,0
311794,Power Orb 18Lv,0,0,,6,0
311795,Power Orb 19Lv,0,0,,6,0
311777,Power Orb 1Lv,0,0,,6,0
311796,Power Orb 20Lv,0,0,,6,0
311778,Power Orb 2Lv,0,0,,6,0
311779,Power Orb 3Lv,0,0,,6,0
311780,Power Orb 4Lv,0,0,,6,0
311781,Power Orb 5Lv,0,0,,6,0
311782,Power Orb 6Lv,0,0,,6,0
311783,Power Orb 7Lv,0,0,,6,0
311784,Power Orb 8Lv,0,0,,6,0
311785,Power Orb 9Lv,0,0,,6,0
24035,Power Shadow Earring,1,2,npc,12,0
24041,Power Shadow Pendant,1,2,npc,12,0
311471,Power Stone (Dual),57960000,68040000,kro,2,0
1001055,Power Stone (Dual),57960000,68040000,kro,4,0
28368,Powered Arm,0,0,,8,0
22073,Powered Boots,0,0,,8,0
410088,Powered Income,0,0,,8,0
410089,Powered Income,0,0,,8,0
15148,Powered Mail,0,0,,8,0
20776,Powered Tank,0,0,,8,0
450176,Powered Wing,0,0,,8,0
101343,Powerful Dimension Essence Recipe,1196000,1404000,kro,4,3
24938,Powerful Rush Shadow Armor,920000,1080000,kro,2,0
24939,Powerful Rush Shadow Shoes,828000,972000,kro,4,0
25375,Powerful Soul Essence,37720000,44280000,kro,4,3
101342,Powerful Soul Essence Recipe,23000000,27000000,kro,4,3
300116,Powerful Spell Card,1748000,2052000,kro,2,3
470206,Prana Boots,0,0,,8,0
450438,Prana Suit,0,0,,8,0
300272,Pray Giver Card,246000,288500,kro,4,3
12752,Prayer Scroll,0,0,,12,0
840004,Precision Bomber,0,0,,8,0
700050,Precision Bow,0,0,,8,0
560030,Precision Fist,828000,972000,kro,4,0
570028,Precision Lute,312500,367000,kro,4,0
810005,Precision Piercer,322000,378000,kro,4,0
800009,Precision Pistol,0,0,,8,0
820004,Precision Shatter,161000,189000,kro,4,0
650019,Precision Slasher,0,0,,8,0
830008,Precision Splatter,0,0,,8,0
311059,Precision Tuning Device (Shadow Dance),0,0,,6,0
580028,Precision Whip,138000,162000,kro,4,0
100169,Premium Automatic Improvement Device (Magical),18400000,21600000,kro,4,0
100166,Premium Automatic Improvement Device (Physical),0,0,,12,0
410084,Premium Melon Headphones,0,0,,8,0
410085,Premium Melon Headphones,0,0,,8,0
23284,Premium Taming Gift Set,0,0,,12,0
23761,Premium Taming Gift Set II,0,0,,12,0
7608,Premium Ticket,0,0,,12,0
2293,Pretend Murdered,60000,70500,ragnastats,8,0
25781,Pretty Little Candle,0,0,,12,3
19030,Pretty Rabbit Hood,0,0,,8,0
590,Pretzel,0,0,,12,0
12193,Pretzel,0,0,,12,0
12711,Pretzel,0,0,,12,0
576,Prickly Fruit,1800,2150,kro,54,18
1000826,Prickly Shell,0,0,,12,3
520002,Pride Steel,367500,431500,kro,4,0
640005,Pride Stone,4600000,5400000,kro,2,0
5908,Priest Decoration,0,0,,8,0
24273,Priest Shadow Armor,4600000,5400000,kro,4,0
24260,Priest Shadow Shoes,4600000,5400000,kro,4,0
13428,Priest Sword,0,0,,8,0
27382,Prime Corruption Root Card,0,0,,6,0
300365,Primitive Rgan Card,4140000,4860000,kro,2,3
1240,Princess Knife,1746000,2050000,ragnastats,2,0
300137,Princess Meer Card,0,0,,6,0
1572,Principles of Magic,46000,54000,ragnastats,8,0
20931,Prism Rangers Scarf,0,0,,8,0
29300,Prison,0,0,,6,0
27358,Prison Breaker Card,1138000,1336000,estimate,2,0
22848,Prison Key,0,0,,12,3
15040,Prison Uniform,0,0,,8,0
28619,Prisoner's Diary,497500,584000,estimate,4,0
20788,Private Doram Manteau,92000,108000,kro,4,0
22083,Private Doram Shoes,75500,89000,kro,8,0
15126,Private Doram Suits,138000,162000,kro,4,0
1001241,Private Irwin Hat,0,0,,12,3
22537,Prize Of Hero,1,2,npc,18,0
12256,PRO Gift Box,0,0,,12,0
18552,Proba Angel Blessing,0,0,,8,0
6895,Processed Ancient Rune,0,0,,12,0
6896,Processed Mystic Rune,0,0,,12,0
15824,Procyon Crown,0,0,,8,0
28784,Procyon Dagger,0,0,,8,0
20984,Procyon Mantle,0,0,,8,0
32294,Procyon Ring,0,0,,8,0
15448,Procyon Robe,0,0,,8,0
22242,Procyon Shoes,0,0,,8,0
12127,Professional Cooking Kit,1800,2150,ragnastats,36,6
1001136,Professional Instrument,0,0,,12,0
4561,Professor Celia Card,294400000,345600000,kro,2,0
29434,Professor Stone (Bottom),21160000,24840000,kro,2,0
29433,Professor Stone (Middle),920000,1080000,kro,2,0
29432,Professor Stone (Upper),13800000,16200000,kro,2,0
410066,Professor's Mini Glasses,0,0,,8,0
410067,Professor's Mini Glasses,0,0,,8,0
100196,Projectile Mine Case,0,0,,12,0
460075,Prontera Army Shield,0,0,,8,0
22847,Prontera Badge,27500,32000,kro,12,3
28356,Prontera Badge,27500,32000,kro,8,0
12477,Prontera Costume Pack,1,2,npc,12,0
32206,Prontera Militia Glove,0,0,,8,0
22849,Prontera Time Crystal,0,0,,12,3
7179,Proof of Donation,0,0,,12,0
28499,Proof of Glory,0,0,,8,0
2934,Prosperous Business Amulet,0,0,,8,0
28985,Protect Feather Shield,0,0,,8,0
19024,Protect Feathers,0,0,,8,0
11513,Protect Neck Candy,210,285,ragnastats,12,3
24554,Psychic Shadow Armor,3220000,3780000,kro,2,0
24555,Psychic Shadow Shield,9200000,10800000,kro,2,0
24556,Psychic Shadow Shoes,0,0,,8,0
26159,Psychic Spear Rod,920000,1080000,kro,2,0
26169,Psychic Spear Rod,920000,1080000,sibling,2,0
311042,Psychic Wave Tuning Device,0,0,,6,0
23360,Psychotropic,0,0,,12,3
18896,Pterios Fins,0,0,,8,0
15012,Puente Robe,184000,216000,kro,7,0
535,Pumpkin,2,4,ragnastats,27,36
11550,Pumpkin Cake,8,12,npc,12,0
22841,Pumpkin Candy,67000,79000,estimate,12,0
18535,Pumpkin Hat 2010,0,0,,8,0
19175,Pumpkin Head,0,0,,8,0
7225,Pumpkin Lantern,6250,7350,ragnastats,36,36
7609,Pumpkin Mojo,1,2,npc,12,0
6097,Pumpkin Pie,495,675,ragnastats,12,3
12192,Pumpkin Pie,945,1100,ragnastats,12,0
5134,Pumpkin-Head,2360000,2770500,ragnastats,2,0
300446,Punch Bug Card,1380000,1620000,kro,2,3
590045,Punish Scepter,0,0,,8,0
1270083,Punish Shadow Earring,828000,972000,kro,4,0
1270084,Punish Shadow Pendant,690000,810000,kro,4,0
10008,Punisher,1656000,1944000,kro,5,0
4313,Punk Card,184000,216000,kro,4,3
4003,Pupa Card,483000,567000,kro,5,3
740,Puppet,920,1050,kro,51,36
490016,Puppet Bracelet,0,0,,8,0
18681,Puppy Ears Hat,0,0,,8,0
19025,Puppy Ears Hat,0,0,,8,0
313345,Puppy Footprint,0,0,,6,0
1001772,Puppy Footprint (Garment),275540000,323460000,kro,4,0
5182,Puppy Hat,2724500,3198000,ragnastats,2,0
5454,Puppy Hat,2724500,3198000,sibling,2,0
16715,Puppy Hat Box,17,24,npc,12,0
16716,Puppy Hat Box,17,24,npc,12,0
5118,Puppy Headband,460000,540000,kro,7,0
5008,Puppy Love,92000,108000,kro,4,0
25812,Purdium,73500,86000,kro,36,3
311423,Pure Brightness,0,0,,6,0
1001478,Pure Diamond,116000,136000,kro,7,0
490218,Pure Heart,0,0,,8,0
1001250,Pure Magic Extract,16500,19000,kro,12,3
1002335,Pure Magic Scroll,8250,9700,kro,12,3
1001249,Pure Magical Crystal,16500,19500,kro,12,3
1001248,Pure Magical Ore,545,745,kro,12,3
15057,Pure White Apron,0,0,,8,0
15165,Pure White Marching Hat,0,0,,8,0
470105,Purge Shoes,0,0,,8,0
11517,Puri Potion,17,24,npc,12,3
100648,Purification Ritual,0,0,,12,0
1001335,Purification Sample of the Depths,4400,5150,kro,12,3
22749,Purification Shot Cartridge,3100,3600,ragnastats,12,0
6624,Purified Energy Crystal,1,2,npc,18,0
28946,Purified Knight's Shield,0,0,,8,0
410342,Purified Pigeon,0,0,,8,0
13220,Purifying Bullet,3,5,ragnastats,12,0
312360,Purifying Rune 1Lv,0,0,,6,0
312361,Purifying Rune 2Lv,0,0,,6,0
312362,Purifying Rune 3Lv,0,0,,6,0
312363,Purifying Rune 4Lv,0,0,,6,0
312364,Purifying Rune 5Lv,0,0,,6,0
313956,Purple Butterfly Footprints,0,0,,6,0
1002285,Purple Butterfly Footprints (Garment),110400000,129600000,kro,4,0
5816,Purple Cowboy Hat,0,0,,8,0
25763,Purple Dragon Orb,193500,227500,estimate,22,3
15394,Purple Dragon Plate,0,0,,8,0
300015,Purple Ferus Card,368000,432000,kro,4,3
2242,Purple Glasses,22000,25500,kro,8,0
1001982,Purple Hal,0,0,,12,3
300123,Purple Pitaya Card,1656000,1944000,kro,2,3
100475,Purple Special Storage Device,0,0,,12,0
313067,Purple Star Footprint,0,0,,6,0
1001617,Purple Star Footprint (Garment),0,0,,12,0
470057,Pursuiter Shoes,0,0,,8,0
5051,Pussy Cat Bell,0,0,,8,0
12722,Pyrexia,14500,17000,kro,12,3
7296,Pyroxene,276500,325000,ragnastats,22,3
29511,Q-Player,0,0,,6,0
310653,Q-Range,0,0,,6,0
1527,Quadrille,1233000,1447500,ragnastats,2,0
16024,Quadrille,1233000,1447500,sibling,2,0
5689,Queen Ant Diadem,0,0,,8,0
5969,Queen Anz Revenge,0,0,,8,0
420334,Queen of Calamity,0,0,,8,0
4507,Queen Scaraba Card,82800000,97200000,kro,2,0
19023,Queen Scaraba Helmet,0,0,,8,0
400511,Queen Scaraba Helmet,0,0,,8,0
6326,Queen Wing Piece,230000,270000,kro,7,0
10032,Queen's Coronet,0,0,,12,0
10006,Queen's Hair Ornament,1840000,2160000,kro,4,0
1970,Queen's Whip,82500,97000,kro,8,0
1976,Queen's Whip,46000,54000,kro,8,0
12552,Quest Tele Scroll,0,0,,12,0
6832,Questioned Parts,8,12,npc,12,3
313218,Quick Fingers,0,0,,6,0
12004,Quiver,595,805,ragnastats,36,3
7185,Quiz Entry,0,0,,12,0
4294,Quve Card,690000,810000,kro,4,3
300281,R001-Bestia Card,3142500,3689000,estimate,2,3
27319,R48-85-BESTIA Card,139737000,164039000,estimate,2,0
28586,Rabbit Amulet,0,0,,8,0
5568,Rabbit Bonnet,0,0,,8,0
18725,Rabbit Ear Knitted Hat,0,0,,8,0
18778,Rabbit Hairband (Peach),0,0,,8,0
23846,Rabbit Magic Hat SynthesisBox,2530000,2970000,kro,4,3
15282,Rabbit Pattern Shirt,92000,108000,kro,4,0
18700,Rabbit Ribbon,0,0,,8,0
400581,Rabbit Ribbon of Overflowing Passion,0,0,,8,0
16253,Rabbit Scroll,0,0,,12,0
101357,Rabbit's Blessed Egg,0,0,,12,0
754,Raccoon Doll,36500,43000,kro,51,3
5033,Raccoon Hat,59500,70000,ragnastats,8,0
945,Raccoon Leaf,355,485,ragnastats,51,36
23857,Race Shadow SynthesisBox,0,0,,12,3
23281,RaceShadow Mix,0,0,,12,0
29582,Racing (Soul Linker) 1Lv,0,0,,6,0
29583,Racing (Soul Linker) 2Lv,0,0,,6,0
29584,Racing (Soul Linker) 3Lv,0,0,,6,0
29579,Racing (Star Gladiator) 1Lv,0,0,,6,0
29580,Racing (Star Gladiator) 2Lv,0,0,,6,0
29581,Racing (Star Gladiator) 3Lv,0,0,,6,0
100322,Racing Cap +11 Refinement Cube,36110000,42390000,kro,4,3
22257,Racing Shoes,0,0,,8,0
29334,Racing(Archbishop) 1Lv,0,0,,6,0
29335,Racing(Archbishop) 2Lv,0,0,,6,0
29336,Racing(Archbishop) 3Lv,0,0,,6,0
29319,Racing(Geneticist) 1Lv,0,0,,6,0
29320,Racing(Geneticist) 2Lv,0,0,,6,0
29321,Racing(Geneticist) 3Lv,0,0,,6,0
29322,Racing(Guillotine Cross) 1Lv,0,0,,6,0
29323,Racing(Guillotine Cross) 2Lv,0,0,,6,0
29324,Racing(Guillotine Cross) 3Lv,0,0,,6,0
29346,Racing(Gunslinger) 1Lv,0,0,,6,0
29347,Racing(Gunslinger) 2Lv,0,0,,6,0
29348,Racing(Gunslinger) 3Lv,0,0,,6,0
29316,Racing(Mechanic) 1Lv,0,0,,6,0
29317,Racing(Mechanic) 2Lv,0,0,,6,0
29318,Racing(Mechanic) 3Lv,0,0,,6,0
29349,Racing(Ninja)1Lv,0,0,,6,0
29350,Racing(Ninja)2Lv,0,0,,6,0
29351,Racing(Ninja)3Lv,0,0,,6,0
29340,Racing(Ranger) 1Lv,0,0,,6,0
29341,Racing(Ranger) 2Lv,0,0,,6,0
29342,Racing(Ranger) 3Lv,0,0,,6,0
29313,Racing(Royal Guard) 1Lv,0,0,,6,0
29314,Racing(Royal Guard) 2Lv,0,0,,6,0
29315,Racing(Royal Guard) 3Lv,0,0,,6,0
29310,Racing(Rune Knight) 1Lv,0,0,,6,0
29311,Racing(Rune Knight) 2Lv,0,0,,6,0
29312,Racing(Rune Knight) 3Lv,0,0,,6,0
29325,Racing(Shadow Chaser) 1Lv,0,0,,6,0
29326,Racing(Shadow Chaser) 2Lv,0,0,,6,0
29327,Racing(Shadow Chaser) 3Lv,0,0,,6,0
29331,Racing(Sorcerer) 1Lv,0,0,,6,0
29332,Racing(Sorcerer) 2Lv,0,0,,6,0
29333,Racing(Sorcerer) 3Lv,0,0,,6,0
29355,Racing(Summoner) 1Lv,0,0,,6,0
29356,Racing(Summoner) 2Lv,0,0,,6,0
29357,Racing(Summoner) 3Lv,0,0,,6,0
29352,Racing(Super Novice) 1Lv,0,0,,6,0
29353,Racing(Super Novice) 2Lv,0,0,,6,0
29354,Racing(Super Novice) 3Lv,0,0,,6,0
29337,Racing(Sura) 1Lv,0,0,,6,0
29338,Racing(Sura) 2Lv,0,0,,6,0
29339,Racing(Sura) 3Lv,0,0,,6,0
29343,Racing(Wanderers & Minstrel) 1Lv,0,0,,6,0
29344,Racing(Wanderers & Minstrel) 2Lv,0,0,,6,0
29345,Racing(Wanderers & Minstrel) 3Lv,0,0,,6,0
29328,Racing(Warlock) 1Lv,0,0,,6,0
29329,Racing(Warlock) 2Lv,0,0,,6,0
29330,Racing(Warlock) 3Lv,0,0,,6,0
6565,Racy Spice,0,0,,12,0
20766,Radiance Manteau,0,0,,8,0
450420,Radiant Purify,0,0,,8,0
1270039,Radiant Shadow Earring,2760000,3240000,kro,2,0
1270040,Radiant Shadow Pendant,2760000,3240000,kro,2,0
5333,Radio Antenna,0,0,,8,0
19131,Radio Antenna,0,0,,8,0
11526,Rafflecino,17,24,npc,12,3
4083,Rafflesia Card,184000,216000,kro,4,3
13190,RAG203,0,0,,8,0
13195,RAG203,1490000,1749500,npc,2,0
2588,Ragamuffin Cape,0,0,,8,0
2508,Ragamuffin Manteau,51500,60000,kro,11,0
4436,Ragged Zombie Card,92000,108000,kro,4,3
4186,Raggler Card,706500,829000,ragnastats,4,3
1865,Raging Dragon Fist,0,0,,8,0
310428,Raging Quadruple Blow Lv.1,0,0,,6,0
310429,Raging Quadruple Blow Lv.2,0,0,,6,0
310430,Raging Quadruple Blow Lv.3,0,0,,6,0
310431,Raging Quadruple Blow Lv.4,0,0,,6,0
310432,Raging Quadruple Blow Lv.5,0,0,,6,0
420174,Raging Tempest,0,0,,8,0
310433,Raging Thrust Lv.1,0,0,,6,0
310434,Raging Thrust Lv.2,0,0,,6,0
310435,Raging Thrust Lv.3,0,0,,6,0
310436,Raging Thrust Lv.4,0,0,,6,0
310437,Raging Thrust Lv.5,0,0,,6,0
2712,Ragnarok Limited Edition,0,0,,8,0
7145,Ragnarok T-shirt,1,2,npc,12,0
6414,Ragunta Card,0,0,,12,0
310413,Raid Lv.1,0,0,,6,0
310414,Raid Lv.2,0,0,,6,0
310415,Raid Lv.3,0,0,,6,0
310416,Raid Lv.4,0,0,,6,0
310417,Raid Lv.5,0,0,,6,0
24950,Rain Pressure Shadow Armor,2760000,3240000,kro,2,0
24951,Rain Pressure Shadow Shoes,3680000,4320000,kro,2,0
12124,Rainbow Cake,10500,12000,ragnastats,12,6
622,Rainbow Carrot,229500,269000,kro,22,3
5039,Rainbow Eggshell,4600000,5400000,ragnastats,2,0
26163,Rainbow Foxtail,0,0,,8,0
20969,Rainbow Muffler,0,0,,8,0
18790,Rainbow Poring Hat,0,0,,8,0
1013,Rainbow Shell,1000,1200,ragnastats,51,36
18894,Rainbow Star,0,0,,8,0
410009,Rainbow Star,0,0,,8,0
24500,Rainstorm Shadow Armor,1610000,1890000,kro,2,0
24501,Rainstorm Shadow Shield,1610000,1890000,kro,2,0
24502,Rainstorm Shadow Shoes,0,0,,8,0
300212,Rakehand Card,460000,540000,kro,4,3
6321,Rakehorn Helm,695,945,npc,12,36
685,Ramadan,0,0,,12,0
2598,Ramor Manteau,0,0,,8,0
2158,Ramor Shield,8050000,9450000,kro,2,0
24476,Rampage Shadow Armor,920000,1080000,kro,2,0
24477,Rampage Shadow Shield,1840000,2160000,kro,2,0
24478,Rampage Shadow Shoes,2760000,3240000,kro,2,0
22013,Rand Test,0,0,,8,0
4572,Randel Card,1840000,2160000,kro,2,3
29601,Randel's Memory,0,0,,6,0
4407,Randgris Card,92351500,108412500,estimate,2,0
12104,Random Quiver,41000,48500,ragnastats,12,3
311470,Range Physical Attack Stone (Garment),7360000,8640000,kro,2,0
1001054,Range Physical Attack Stone (Garment),7360000,8640000,kro,4,0
310326,Range Stone (Bottom),736000,864000,kro,4,0
1000523,Range Stone (Dual),13800000,16200000,kro,4,0
25061,Range Stone (Middle),828000,972000,kro,7,0
310330,Range Stone (Middle),828000,972000,kro,4,0
310325,Range Stone (Top),736000,864000,kro,4,0
1000376,Ranged Stone (Lower),782000,918000,kro,7,0
1000375,Ranged Stone (Upper),736000,864000,kro,7,0
310660,Ranged Stone(Dual),13800000,16200000,kro,2,0
15076,Ranger Battle Armor,0,0,,8,0
22021,Ranger Battle Boots,0,0,,8,0
27060,Ranger Cecil (MVP) Card,0,0,,6,0
4676,Ranger Cecil Card,2734000,3209500,estimate,2,3
100356,Ranger Shadow Cube,0,0,,12,0
24311,Ranger Shadow Shield,1150000,1350000,kro,4,0
24298,Ranger Shadow Weapon,2898000,3402000,kro,4,0
311361,Ranger Stone (Bottom),57500000,67500000,kro,2,0
1000862,Ranger Stone (Bottom),57500000,67500000,kro,4,0
25416,Ranger Stone (Garment),7820000,9180000,kro,4,0
311360,Ranger Stone (Middle),54740000,64260000,kro,2,0
1000861,Ranger Stone (Middle),54740000,64260000,kro,4,0
311359,Ranger Stone (Top),62560000,73440000,kro,2,0
1000860,Ranger Stone (Top),62560000,73440000,kro,4,0
310003,Ranger Stone II (Garment),7360000,8640000,kro,2,0
1000011,Ranger Stone II (Garment),7360000,8640000,kro,4,0
29431,RangerStone (Garment),7820000,9180000,kro,2,0
1956,Rante Whip,26000,31000,npc,8,0
1957,Rante Whip,55000,65000,ragnastats,8,0
490279,Raphin P. Necklace,0,0,,8,0
18184,Rapid Fire,0,0,,8,0
18193,Rapid Fire,0,0,,8,0
24047,Rapid Pendant (Shadow),1,2,npc,12,0
1110,Rapier,8250,9700,npc,8,0
1111,Rapier,7650,9000,ragnastats,8,0
1112,Rapier,7650,9000,sibling,8,0
13477,Rapier,7650,9000,sibling,8,0
1963,Rapture Rose,46000,54000,ragnastats,22,0
12738,Rare Rune,1800,2150,kro,12,3
32262,Rasen Fuma's Orb,0,0,,8,0
20117,Raspberry Mousse Hat,0,0,,8,0
5571,Rasta Wig,0,0,,8,0
1016,Rat Tail,3200,3750,kro,51,36
4459,Rata Card,1150000,1350000,kro,2,3
580070,Rattle,0,0,,8,0
480067,Ravage Magic Manteau,0,0,,8,0
480068,Ravage Magic Muffler,0,0,,8,0
410136,Raven Of Tomb,0,0,,8,0
6408,Raw Crystal Stone,0,0,,12,0
6407,Raw Crystal Stone Fragment,0,0,,12,0
6409,Raw Crystal Stone Mass,0,0,,12,0
544,Raw Fish,565,765,ragnastats,12,3
560002,Ray Knuckle,920000,1080000,kro,2,0
100390,Ray Knuckle Remodeling Cube,0,0,,12,0
560027,Ray Knuckle-LT,0,0,,8,0
4187,Raydric Archer Card,73500,86000,kro,9,3
4133,Raydric Card,1748000,2052000,kro,16,3
28315,RCC2013 Commemorative Bracelet,0,0,,8,0
28316,RCC2013 Commemorative Bracelet,0,0,,8,0
28317,RCC2013 Commemorative Ring,0,0,,8,0
28318,RCC2013 Commemorative Ring,0,0,,8,0
312046,Reaching the Root,0,0,,6,0
6538,Real Blank Card,0,0,,12,0
100352,Real Combat Manual,7313500,8585500,kro,4,3
18200,Realgar Shooter,0,0,,8,0
4602,Realized Amdarais Card,126960000,149040000,kro,2,3
27008,Realized Amdarais Card,126960000,149040000,sibling,2,3
4604,Realized Corruption Root Card,18400000,21600000,kro,2,3
27009,Realized Corruption Root Card,18400000,21600000,sibling,2,3
420368,Reaper Of Tomb,0,0,,8,0
29647,Rebel,0,0,,6,0
490580,Rebel Chain,0,0,,8,0
300608,Rebellion Cotness Card,2530000,2970000,kro,2,3
300606,Rebellion Dien Card,3680000,4320000,kro,2,3
300503,Rebellion Elena Volkova (Sign Stamp) Card,0,0,,6,0
300487,Rebellion Elena Volkova Card,2576000,3024000,kro,2,3
300504,Rebellion Est Loveroy (Sign Stamp) Card,0,0,,6,0
300491,Rebellion Est Loveroy Card,2760000,3240000,kro,2,3
300493,Rebellion Gony Card,6440000,7560000,kro,2,3
300489,Rebellion Lookie Card,3588000,4212000,kro,2,3
410185,Rebellion Pocket Watch,0,0,,8,0
410186,Rebellion Pocket Watch,0,0,,8,0
300607,Rebellion Ridsh Card,1748000,2052000,kro,2,3
24402,Rebellion Shadow Armor,3680000,4320000,kro,4,0
24405,Rebellion Shadow Shoes,4600000,5400000,kro,4,0
29667,Rebellion Stone (Garment),4830000,5670000,kro,2,0
311465,Rebellion Stone (Lower),21160000,24840000,kro,2,0
1001049,Rebellion Stone (Lower),21160000,24840000,kro,4,0
311464,Rebellion Stone (Middle),32200000,37800000,kro,2,0
1001048,Rebellion Stone (Middle),32200000,37800000,kro,4,0
311463,Rebellion Stone (Upper),30820000,36180000,kro,2,0
1001047,Rebellion Stone (Upper),30820000,36180000,kro,4,0
28484,Rebellion's Scarf,0,0,,8,0
300304,Rebirth,0,0,,6,0
510042,Rebirth Athame,0,0,,8,0
15897,Rebirth Crown,0,0,,8,0
100500,Rebirth/Expanded Stone (Bottom) Box,0,0,,12,0
100498,Rebirth/Expanded Stone (Middle) Box,0,0,,12,0
100496,Rebirth/Expanded Stone (Top) Box,0,0,,12,0
100501,Rebirth/Expanded Stone II (Bottom) Box,0,0,,12,0
100499,Rebirth/Expanded Stone II (Middle) Box,0,0,,12,0
100497,Rebirth/Expanded Stone II (Top) Box,0,0,,12,0
7181,Receipt,0,0,,27,0
6739,Recipe,0,0,,12,0
11626,Recooked Melon Bread,0,0,,12,3
490334,Record of Acolyte,0,0,,8,0
490436,Record of Acolyte 2,0,0,,8,0
490400,Record of Archer,0,0,,8,0
490430,Record of Archer 2,0,0,,8,0
490288,Record of Mage,0,0,,8,0
490418,Record of Mage 2,0,0,,8,0
490239,Record of Merchant,0,0,,8,0
490411,Record of Merchant 2,0,0,,8,0
490221,Record of Swordsman,0,0,,8,0
490376,Record of Swordsman 2,0,0,,8,0
490229,Record of Thief,0,0,,8,0
490394,Record of Thief 2,0,0,,8,0
29133,Recover,0,0,,6,0
29052,Recovery,0,0,,6,0
4956,Recovery Drop,0,0,,6,0
28340,Recovery Drop,0,0,,8,0
4978,Recovery Reactor 101,0,0,,6,0
4979,Recovery Reactor 102,0,0,,6,0
4980,Recovery Reactor 201,0,0,,6,0
4981,Recovery Reactor 202,0,0,,6,0
2936,Recovery Ring,0,0,,8,0
6741,Recovery Skill Stone (Upper),0,0,,6,0
6745,Recovery Stone (Low),6359000,7465000,ragnastats,2,0
25066,Recovery Stone (Lower),91999500,107999500,kro,2,0
6742,Recovery Stone (Middle),0,0,,6,0
6740,Recovery Stone (Upper),0,0,,6,0
4930,Recovery UP,0,0,,6,0
6973,Recovery101 Reactor Blueprint,0,0,,12,0
6974,Recovery102 Reactor Blueprint,0,0,,12,0
6975,Recovery201 Reactor Blueprint,0,0,,12,0
6976,Recovery202 Reactor Blueprint,0,0,,12,0
25259,Recruitment Leaflet,660,895,npc,12,0
1001989,Red Ash,0,0,,12,3
19116,Red Baby Dragon,0,0,,8,0
19295,Red Baby Dragon,0,0,,8,0
2275,Red Bandana,678000,796000,ragnastats,4,0
10040,Red Bell Necklace,33079000,38832000,ragnastats,4,0
5580,Red Beret,0,0,,8,0
7447,Red Bijou,18000,21500,kro,36,3
990,Red Blood,1800,2150,kro,76,18
5109,Red Bonnet,0,0,,8,0
17125,Red Bread Hat Box,17,24,npc,12,0
5763,Red Bunny Band,0,0,,8,0
16582,Red Bunny Band Box,0,0,,12,0
12143,Red Can,0,0,,12,0
5866,Red Cherry Blossom,0,0,,8,0
7286,Red Chile,17,24,npc,36,6
400021,Red Clark Casquette,13800000,16200000,kro,2,0
400267,Red Clock Casquette-LT,0,0,,8,0
6535,Red Cloth,1,2,npc,12,0
400478,Red Commando Beret,0,0,,8,0
9035,Red Deleter Egg,2607000,3060500,ragnastats,4,0
5227,Red Deviruchi Hat,0,0,,8,0
15240,Red Dragon Armor,0,0,,8,0
25761,Red Dragon Orb,58000,68500,estimate,36,36
15391,Red Dragon Plate,0,0,,8,0
22077,Red Eco-Friendly Shoes,908500,1066500,estimate,4,0
668,Red Envelope,1,2,npc,12,36
12134,Red Envelope,1,2,npc,12,0
4531,Red Eruma Card,454000,533000,estimate,4,3
16010,Red Ether Bag,138000,162000,kro,7,0
6924,Red Eye,1350,1600,kro,12,18
7440,Red Feather,289000,339500,ragnastats,22,9
4380,Red Ferus Card,598000,702000,kro,4,3
314095,Red Fighting Spirit Effect,0,0,,6,0
1002194,Red Fighting Spirit Effect (Mid),0,0,,12,0
1001428,Red Flame Heart Gem,82500,97000,estimate,12,36
1965,Red Flame Whip,7350,8650,ragnastats,11,0
490100,Red Force Pendant,128800000,151200000,kro,2,0
490382,Red Force Pendant-LT,0,0,,8,0
734,Red Frame,2050,2400,ragnastats,36,6
716,Red Gemstone,380,515,kro,76,36
100194,Red Gemstone Pouch,0,0,,12,0
5472,Red Hat,0,0,,8,0
507,Red Herb,1350,1600,kro,76,72
100232,Red Herb Activator,30000,35500,kro,12,0
18694,Red Hood,0,0,,8,0
11635,Red Inverse Scale,0,0,,12,3
7813,Red Jenoss's Family Ring,0,0,,12,0
2976,Red Lantern,726500,853000,kro,4,0
29127,Red Lotus,0,0,,6,0
20778,Red Lotus Stole,0,0,,8,0
13485,Red Lotus Sword,4600000,5400000,kro,2,0
100327,Red Lotus Sword Remodeling Cube,0,0,,12,0
500039,Red Lotus Sword-LT,0,0,,8,0
5238,Red Mage Hat,69000,81000,ragnastats,8,0
5885,Red Mage Hat C,0,0,,8,0
23849,Red Marching Hat SynthesisBox,0,0,,12,3
7216,Red Muffler,2150,2500,ragnastats,36,36
12076,Red Mushroom Wine,62000,73000,ragnastats,12,18
5772,Red Navy Hat,0,0,,8,0
4383,Red Novus Card,95000,111500,ragnastats,5,3
18818,Red Pencil In Mouth,0,0,,8,0
300079,Red Pepper Card,121900000,143100000,kro,2,0
5813,Red Ph.D Hat,0,0,,8,0
100003,Red Phantom Resonance Stone,138000,162000,kro,7,0
5661,Red Pirate Bandana,2002500,2350500,ragnastats,2,0
5774,Red Pirate Hat,2450,2900,npc,8,0
300106,Red Pitaya Card,920000,1080000,kro,2,3
410096,Red Pope Ribbon,0,0,,8,0
410097,Red Pope Ribbon,0,0,,8,0
501,Red Potion,8,12,ragnastats,27,0
11555,Red Potion RG,0,0,,12,0
12024,Red Pouch,0,0,,12,0
587,Red Prickly Fruit,1750,2100,ragnastats,12,18
11522,Red Raffle Sap,1300,1550,ragnastats,12,3
5083,Red Ribbon,4140000,4860000,kro,2,0
5195,Red Ribbon,610,825,npc,8,0
2362,Red Robe,0,0,,8,0
10019,Red Scarf,276000,324000,kro,11,0
450143,Red Serpent Dress,0,0,,8,0
2700,Red Silk Seal,50000,59000,ragnastats,8,0
7456,Red Spice,635,860,npc,12,3
16001,Red Square Bag,194500,228000,ragnastats,4,0
313069,Red Star Footprint,0,0,,6,0
1001651,Red Star Footprint (Garment),0,0,,12,0
7034,Red Stocking,85,115,npc,12,18
11621,Red Syrup,680,920,npc,12,0
5801,Red Tailed Ribbon,0,0,,8,0
24914,Red Thunder Cannon Shadow Earring,368000,432000,kro,4,0
24915,Red Thunder Cannon Shadow Pendant,414000,486000,kro,4,0
18581,Red Tiger Mask,0,0,,8,0
5690,Red Wing Hat,0,0,,8,0
16461,Red Wing Hat Box,0,0,,12,0
25809,Redium,73500,86000,kro,36,3
29056,Reduces Fixed Cast,0,0,,6,0
6090,Refined Bradium,18000,21500,kro,27,18
100523,Refined Holy Water,0,0,,12,0
101259,Refinement Hammer for Special Hats,59800000,70200000,kro,4,3
100751,Refining Certificate Envelope,6854000,8046000,kro,4,3
470082,Regeneration Thoughtform Shoes,0,0,,8,0
470083,Regeneration Thoughtform Shoes,0,0,,8,0
300265,Regenschirm Scientist Card,1840000,2160000,kro,2,3
22206,Regia Hunting Boots,0,0,,8,0
15390,Regia Hunting Mail,0,0,,8,0
20945,Regia Hunting Manteau,368000,432000,kro,4,0
300013,Reginleif Card,0,0,,6,3
310212,Regret Lv1,0,0,,6,0
310213,Regret Lv2,0,0,,6,0
310214,Regret Lv3,0,0,,6,0
310215,Regret Lv4,0,0,,6,0
310216,Regret Lv5,0,0,,6,0
300276,Regret of Thanatos Card,460000,540000,kro,4,3
6144,Regrettable Tears,1150,1350,ragnastats,36,3
450151,Reinforced Cotton Shirt,0,0,,8,0
510021,Reinforced Knife,0,0,,8,0
460012,Reinforced Shield,0,0,,8,0
300588,Reinhardt Lugenburg Card,667000000,783000000,kro,2,3
1001840,Reinhardt Lugenburg Card Fragment,21160000,24840000,kro,4,3
1064,Reins,9400,11000,ragnastats,36,18
300722,Rekenber Chairman Rekenber Card,4600000,5400000,kro,2,3
300263,Rekenber Guard Card,1260000,1479500,kro,2,3
300720,Rekenber Kaya Toss Card,13800000,16200000,kro,2,3
300264,Rekenber Senior Guard Card,726500,853000,kro,4,3
300721,Rekenber Tatio Card,6440000,7560000,kro,2,3
620005,Relapse Axe,73500,86000,kro,8,0
500018,Relapse Blade,0,0,,8,0
540043,Relapse Book,0,0,,8,0
590015,Relapse Cross,506000,594000,kro,4,0
510026,Relapse Dagger,552000,648000,kro,4,0
510055,Relapse Edge,0,0,,8,0
610015,Relapse Katar,552000,648000,kro,4,0
550058,Relapse Plant,73500,86000,kro,8,0
29371,Release of Truth,0,0,,6,0
1630,Release of Wish,38500,45000,ragnastats,11,0
300113,Released Spell Card,2024000,2376000,kro,2,3
490656,Relic Lantern,0,0,,8,0
7672,Relief Food,0,0,,12,0
24245,Reload Shadow Armor,9200000,10800000,kro,4,0
24331,Reload Shadow Armor II,0,0,,12,0
23891,Reload Shadow Combination,920000,1080000,kro,4,3
24244,Reload Shadow Shield,4600000,5400000,kro,4,0
24243,Reload Shadow Shoes,4071000,4779000,kro,4,0
101178,Reload Shadow Spellbook,3082000,3618000,kro,4,3
101181,Reload Shadow Thump Box,0,0,,12,3
311014,Reload Stone (Dual),65780000,77220000,kro,2,0
1000675,Reload Stone (Dual),65780000,77220000,kro,4,0
25071,Reload Stone (Lower),460000,540000,kro,7,0
25070,Reload Stone (Middle),460000,540000,kro,7,0
25069,Reload Stone (Upper),552000,648000,kro,7,0
400474,Remorse Crown,0,0,,8,0
4353,Remover Card,174500,205000,kro,4,3
5777,Remover Hat,0,0,,8,0
300450,Renire Card,0,0,,6,3
2667,Renown Archer's Gloves,0,0,,8,0
5108,Renown Detective's Cap,0,0,,8,0
2606,Rental Black Tail of Hyukke,0,0,,8,0
20480,Rental Costume Dog Officer,0,0,,8,0
20479,Rental Costume Fairy Feathers,0,0,,8,0
20520,Rental Costume Full Bloom Cherry Tree,0,0,,8,0
20478,Rental Costume Royal Rabbit Crown,0,0,,8,0
20476,Rental Costume Tipsy,0,0,,8,0
20477,Rental Costume Wrapping Ribbon,0,0,,8,0
400070,Rental Crown of the Phoenix,0,0,,8,0
400064,Rental Owl Viscount Silk Hat,0,0,,8,0
1314,Rental Tomahawk,0,0,,8,0
12392,Repair A,170,230,npc,12,3
100180,Repair A Box,0,0,,12,0
12393,Repair B,425,575,npc,12,3
100181,Repair B Box,0,0,,12,0
12394,Repair C,1250,1450,npc,12,3
100182,Repair C Box,0,0,,12,0
2807,Repair Kit,165500,194000,npc,4,0
27015,Repair Robot Turbo Card,1840000,2160000,kro,2,3
1721,Repeating Crossbow,73500,86500,npc,8,0
28766,Repent Slasher,0,0,,8,0
28778,Repent Slasher,0,0,,8,0
903,Reptile Tongue,3550,4200,ragnastats,36,36
19115,Republic Hat,0,0,,8,0
420253,Republic scarf,0,0,,8,0
7402,Republik,0,0,,12,0
1698,Requiem Arc Wand,0,0,,8,0
1998,Requiem Blade Whip,0,0,,8,0
4104,Requiem Card,43500,51000,ragnastats,9,3
17326,Requiem Egg,0,0,,12,0
1840,Requiem Knuckle,0,0,,8,0
1499,Requiem Lance,0,0,,8,0
24060,Requiem Shield (Shadow),1,2,npc,12,0
1446,Requiem Spear,0,0,,8,0
1942,Requiem Violin,0,0,,8,0
2032,Requiem Wizardry Staff,0,0,,8,0
450222,Requiescat in Pace,0,0,,8,0
410235,Rescue Binoculars,0,0,,8,0
300081,Research Assistant Bot Card,1196000,1404000,kro,2,3
7347,Research Chart,1800,2150,kro,51,72
19390,Research Team Hat,0,0,,8,0
27083,Resentful Bongun Card,276000,324000,kro,4,3
27085,Resentful Munak Card,262000,307500,kro,4,3
27084,Resentful Sohee Card,460000,540000,kro,4,3
27086,Resentful Soldier Card,920000,1080000,kro,2,3
310207,Resentment Lv1,0,0,,6,0
310208,Resentment Lv2,0,0,,6,0
310209,Resentment Lv3,0,0,,6,0
310210,Resentment Lv4,0,0,,6,0
310211,Resentment Lv5,0,0,,6,0
300277,Resentment of Thanatos Card,349500,410000,kro,4,3
16556,Reset Stone Box,0,0,,12,0
907,Resin,4500,5250,kro,76,36
311067,Resist Darkness,0,0,,6,0
311924,Resist Defense Stone (Garment),13800000,16200000,kro,2,0
1001171,Resist Defense Stone (Garment),13800000,16200000,kro,4,0
300317,Resist Earth,0,0,,6,0
300315,Resist Fire,0,0,,6,0
311065,Resist Poison,0,0,,6,0
311066,Resist Saint,0,0,,6,0
24046,Resist Spell Power Pendant (Shadow),1,2,npc,12,0
311068,Resist Telekinesis,0,0,,6,0
311069,Resist Undead,0,0,,6,0
311070,Resist Water,0,0,,6,0
300316,Resist Wind,0,0,,6,0
24368,Restore Shadow Earring,0,0,,12,0
24369,Restore Shadow Pendant,0,0,,12,0
23830,Restore Shadow SynthesisBox,0,0,,12,3
29147,Resurrection,0,0,,6,0
25140,Resurrection Stone(Lower),0,0,,12,0
22980,Return of Infinite Dungeon,0,0,,12,0
450215,Revelation of Aramazd,0,0,,8,0
480269,Revenge Cloak of Naght Sieger,0,0,,8,0
2186,Revised Encyclopedia,0,0,,8,0
27171,Revolver Buffalo Bandit Card,1679000,1971000,kro,2,3
11556,RG Blue Potion,0,0,,12,3
12857,RG Golden Apple,0,0,,12,0
12856,RG Golden Apple Slice,0,0,,12,0
12858,RG Golden Potion,39500,46500,estimate,12,0
830025,RG-5649,0,0,,8,0
1000822,Rgan Shell,3100,3650,kro,12,3
9067,Rhino Egg,0,0,,12,0
18932,Rhino Model Hat,0,0,,8,0
4460,Rhyncho Card,884500,1038500,estimate,4,3
15882,Rhythm Hairband,230000000,270000000,kro,2,0
1989,Rhythmic Gymnastics Ribbon,126000,148000,estimate,4,0
24922,Rhythmical Shadow Earring,23920000,28080000,kro,2,0
24923,Rhythmical Shadow Pendant,20240000,23760000,kro,2,0
6598,Rib Of Jormungand,1,2,npc,12,3
2208,Ribbon,680,920,kro,8,0
2209,Ribbon,92000,108000,kro,7,0
18631,Ribbon Chef Hat,0,0,,8,0
17147,Ribbon Chef Hat Box,0,0,,12,0
18641,Ribbon Magic Hat,0,0,,8,0
20725,Ribbon Piamat,0,0,,8,0
564,Rice Ball,615,835,ragnastats,12,18
7272,Rice Ball Doll,425,575,npc,12,0
5575,Rice Ball Hat,0,0,,8,0
16571,Rice Ball Hat Box,0,0,,12,0
550,Rice Cake,1750,2050,ragnastats,12,18
25502,Rice Cake,1750,2050,sibling,12,0
12378,Rice Cake Soup,0,0,,12,0
556,Rice Cake Stick,3650,4300,ragnastats,12,0
490233,Rice Dumpling Amulet,0,0,,8,0
7869,Rice Pouch,0,0,,12,0
11537,Rice Weevil Bug,0,0,,12,3
300591,Richard Richard Card,188600000,221400000,kro,2,3
1001843,Richard Richard Card Fragment,4600000,5400000,kro,4,3
2529,Rider Insignia,293000,343500,ragnastats,4,0
2530,Rider Insignia,293000,343500,sibling,4,0
15058,Rider Suit,0,0,,8,0
4185,Rideword Card,276000,324000,kro,5,3
5208,Rideword Hat,0,0,,8,0
300604,Ridsh Card,0,0,,6,3
22624,Riesen Bretzel,0,0,,12,0
1002837,Rift Volcanic Essence,21500,25500,kro,12,0
1002839,Rift Volcano Rune,0,0,,12,0
1002838,Rift Volcano Rune Shard,4000,4750,kro,12,0
1315,Right Epsilon,0,0,,8,0
27353,Rigid Blazer Card,570000,669500,kro,4,0
29591,Rigid Body,0,0,,6,0
27350,Rigid Earth Deleter Card,322000,378000,kro,4,0
27349,Rigid Explosion Card,690000,810000,kro,4,0
27347,Rigid Kaho Card,184000,216000,kro,4,0
27348,Rigid Lava Golem Card,414000,486000,kro,4,0
27346,Rigid Muspellskoll Card,2719000,3192000,estimate,2,0
27352,Rigid Nightmare Terror Card,211500,248000,kro,4,0
9116,Rigid Nightmare Terror Egg,33350000,39150000,kro,4,0
27351,Rigid Sky Deleter Card,874000,1026000,kro,4,0
25810,Rindium,73500,86000,kro,36,3
2601,Ring,92000,108000,kro,7,0
2621,Ring,27500,32000,kro,11,0
2839,Ring,59500,70000,sibling,8,0
2850,Ring,59500,70000,sibling,8,0
2880,Ring Lupak,0,0,,8,0
490118,Ring of Adoramus,0,0,,8,0
2866,Ring Of Archbishop,1171500,1375000,estimate,3,0
490471,Ring of Artemis,0,0,,8,0
28523,Ring of Calamity,0,0,,8,0
490145,Ring of Ceryneian,0,0,,8,0
490597,Ring of Chivalry,0,0,,8,0
10031,Ring Of Death,0,0,,12,0
490452,Ring of Despair-LT,0,0,,8,0
2685,Ring of Earth,0,0,,8,0
2683,Ring of Fire,0,0,,8,0
2678,Ring Of Flame Lord,11500000,13500000,kro,3,0
28561,Ring of Hero,0,0,,8,0
490096,Ring of Hunter,0,0,,8,0
32258,Ring of Jupiter,0,0,,8,0
490633,Ring of Liberation,0,0,,8,0
490641,Ring of Liberation (Right),0,0,,8,0
28552,Ring of Mad Flame & White Magic,0,0,,8,0
490076,Ring of Nature,0,0,,8,0
490098,Ring of Pazuzu,0,0,,8,0
490104,Ring of Phoenix,0,0,,8,0
2679,Ring Of Resonance,9200000,10800000,kro,3,0
490243,Ring of Silver Claw,0,0,,8,0
490427,Ring of Storm,0,0,,8,0
28595,Ring of the Blue Dragon,0,0,,8,0
28567,Ring of the Elf King,0,0,,8,0
28522,Ring of The Fallen,0,0,,8,0
490488,Ring of Unknown Hero (Archbishop),0,0,,8,0
490515,Ring of Unknown Hero (Genetic),0,0,,8,0
490464,Ring of Unknown Hero (Guillotine),0,0,,8,0
490531,Ring of Unknown Hero (Mechanic),0,0,,8,0
490521,Ring of Unknown Hero (Minstrel&Wanderer),0,0,,8,0
490479,Ring of Unknown Hero (Ninja),0,0,,8,0
490511,Ring of Unknown Hero (Novice),0,0,,8,0
490420,Ring of Unknown Hero (Ranger),0,0,,8,0
490498,Ring of Unknown Hero (Rebellion),0,0,,8,0
490402,Ring of Unknown Hero (Royal Guard),0,0,,8,0
490397,Ring of Unknown Hero (Rune Knight),0,0,,8,0
490438,Ring of Unknown Hero (Shadow Chaser),0,0,,8,0
490415,Ring of Unknown Hero (Sorcerer),0,0,,8,0
490539,Ring of Unknown Hero (Summoner),0,0,,8,0
490406,Ring of Unknown Hero (Sura),0,0,,8,0
490469,Ring of Unknown Hero (Taekwon),0,0,,8,0
490434,Ring of Unknown Hero (Warlock),0,0,,8,0
490068,Ring of Venus,0,0,,8,0
2682,Ring of Water,0,0,,8,0
2815,Ring Of Water,0,0,,8,0
2684,Ring of Wind,0,0,,8,0
1122,Ring Pommel Saber,19500,23000,npc,8,0
1125,Ring Pommel Saber,55500,65500,ragnastats,8,0
13480,Ring Pommel Saber,55500,65500,sibling,8,0
420302,Ring-ging Nyan Catbell,0,0,,8,0
5965,Riot Chip,0,0,,8,0
28042,Ripper Cross,450500,529000,kro,4,0
28048,Ripper Cross,450500,529000,sibling,4,0
24547,Ripper Slasher Shadow Earring,644000,756000,kro,4,0
24546,Ripper Slasher Shadow Pendant,920000,1080000,kro,2,0
24545,Ripper Slasher Shadow Weapon,0,0,,8,0
7090,Ripple,1,2,npc,12,3
17494,Rise Midgard Lucky Egg,0,0,,12,0
18691,Rising Black Dragon,17710000,20790000,kro,2,0
400715,Rising Circlet,7820000,9180000,kro,2,0
311052,Rising Sun Tuning Device,0,0,,6,0
6738,Rissole,0,0,,12,0
15384,Ritual Robe,0,0,,8,0
2669,RJC Necklace,0,0,,8,0
2937,RJC2012 EXP Necklace,0,0,,8,0
2939,RJC2012 Spell Necklace,0,0,,8,0
2938,RJC2012 Status Necklace,0,0,,8,0
18740,RMSC2012 Special Costume,110400000,129600000,kro,3,0
311441,RO 20th Anniversary Firecracker,0,0,,6,0
400368,RO 20th Anniversary Limited Cap,0,0,,8,0
19166,RO Celebration Hat,0,0,,8,0
7360,RO Festival Invitation,0,0,,12,0
7646,RO Luk Bookmark,0,0,,12,0
6796,RO2 Name Card,0,0,,12,0
101801,Road Bearers Shadow Selection Box,0,0,,12,3
101805,Road Bearers Shoes Shadow Box,0,0,,12,0
300105,Roaming Spellbook Card,1242000,1458000,kro,2,3
11707,Roast Beef,3700,4350,estimate,12,0
1100007,Roasted sausages,0,0,,12,0
15029,Robe Of Affection,151500,178000,kro,7,0
2343,Robe of Cast,103000,121000,npc,4,0
2360,Robe of Cast,103000,121000,npc,4,0
450224,Robe of Dominator,0,0,,8,0
15030,Robe Of Judgement,241500,283500,estimate,7,0
450417,Robe of Morpheus's,0,0,,8,0
450287,Robe of Worshiper,0,0,,8,0
5848,Robin Eyepatch,3325000,3903000,ragnastats,2,0
19086,Robo Eye,17020000,19980000,kro,2,0
16033,Robot's Arm,24500,29000,npc,8,0
5248,Robotic Blindfold,0,0,,8,0
5250,Robotic Ears,0,0,,8,0
15279,Robust Magical Armor,53360000,62640000,kro,2,0
312199,Robust Soul,0,0,,6,0
25250,Rock Ridge Coin,29500,35000,kro,12,0
4699,Rock Step Card,1840000,2160000,kro,2,3
4021,Rocker Card,97000,114000,kro,5,3
752,Rocker Doll,45000,52500,kro,51,6
9011,Rocker Egg,230000,270000,kro,11,0
10014,Rocker Glasses,37500,44000,ragnastats,12,0
18622,Rocket Helm 1,0,0,,8,0
18623,Rocket Helm 2,0,0,,8,0
18624,Rocket Helm 3,0,0,,8,0
18625,Rocket Helm RWC,0,0,,8,0
18643,Rockhand Model,0,0,,8,0
300511,Rockstriker Card,11040000,12960000,kro,2,3
1601,Rod,42,58,kro,8,0
1602,Rod,18000,21500,kro,8,0
1603,Rod,460000,540000,kro,4,0
101802,Rod Bearers Earring Shadow Box,0,0,,12,0
101803,Rod Bearers Pendant Shadow Box,0,0,,12,0
26108,Rod of Evil,0,0,,8,0
4014,Roda Frog Card,234500,275000,kro,5,3
13080,Rogue Kinfe,0,0,,8,0
24276,Rogue Shadow Armor,6440000,7560000,kro,4,0
24263,Rogue Shadow Shoes,4600000,5400000,kro,4,0
2620,Rogue's Treasure,8250,9700,npc,11,0
1719,Roguemaster's Bow,1533000,1800000,ragnastats,2,0
7905,Rok Star Badge,0,0,,12,0
18832,Rolf Von Gigue 666,0,0,,8,0
23263,Roll Twin Gift Box,0,0,,12,0
24536,Rolling Shadow Armor,2254000,2646000,kro,2,0
24537,Rolling Shadow Shield,1840000,2160000,kro,2,0
24538,Rolling Shadow Shoes,828000,972000,kro,4,0
13154,Rolling Stone,9900,11500,npc,8,0
13193,Rolling Thunder,1117500,1312000,npc,2,0
311926,Romance Rose Effect,0,0,,6,0
1001175,Romance Rose Effect (Upper),0,0,,12,0
2269,Romantic Flower,4600,5400,kro,11,0
2247,Romantic Gent,27500,32000,kro,8,0
2270,Romantic Leaf,4600,5400,kro,11,0
5206,Romantic White Flower,0,0,,8,0
24213,Rookie Shadow Shield,3680000,4320000,kro,4,0
24212,Rookie Shadow Shoes,4370000,5130000,kro,4,0
9113,Roost Of Skelion,0,0,,18,0
1001147,Root of a precious plant,0,0,,12,0
7082,Root of Stone,5107500,5996000,estimate,4,3
1950,Rope,2050,2400,npc,8,0
1951,Rope,2050,2400,npc,8,0
314066,ROS 2025 Footprint,0,0,,6,0
1002286,ROS 2025 Footprint (Garment),0,0,,12,0
1002290,ROS Coin,17000,20500,kro,12,3
105031,ROS Gold Capsule,0,0,,12,0
1002289,ROS Gold Coin,262000,307500,kro,7,3
2148,Rosa Shield,276000,324000,kro,7,0
19244,Rosario Necklace,0,0,,8,0
23841,Rosario's Necklace SynthesisBox,0,0,,12,3
2608,Rosary,13500,16000,kro,34,0
2626,Rosary,27500,32000,kro,11,0
2840,Rosary,20500,24000,sibling,8,0
2852,Rosary,20500,24000,sibling,8,0
15166,Rosary Necklace,0,0,,8,0
18803,Rose Cascade,0,0,,8,0
400268,Rose Crespinette,0,0,,8,0
18783,Rose Crown,0,0,,8,0
18718,Rose Hairband,0,0,,8,0
23533,Rose of Choice,0,0,,12,3
2192,Rose of Eden,0,0,,8,0
7293,Rose Quartz,356500,418500,ragnastats,7,3
460064,Rose Quartz Shield,0,0,,8,0
15115,Rose Robe,0,0,,8,0
311061,Rose Shooting Tuning Device,0,0,,6,0
1985,Rosebine,153000,180000,ragnastats,4,0
4192,Rotar Zairo Card,1367000,1605000,ragnastats,2,3
930,Rotten Bandage,1350,1600,kro,76,72
25894,Rotten Deep Sea Fish,7050,8300,estimate,36,18
624,Rotten Fish,17000,20000,ragnastats,36,3
28787,Rotten Garden Knife,0,0,,8,0
510031,Rotten Garden Knife,0,0,,8,0
7564,Rotten Meat,595,805,kro,36,36
300170,Rotten Tree Card,0,0,,6,3
739,Rouge,18500,21500,ragnastats,36,36
490159,Rough Core,460000,540000,kro,4,0
757,Rough Elunium,3450,4100,kro,76,36
6623,Rough Energy Crystal,1,2,npc,12,0
756,Rough Oridecon,1800,2150,kro,76,36
996,Rough Wind,11000,12500,kro,76,18
100215,Rough Zelunium Box,35500,42000,kro,12,3
2147,Round Buckleer,598000,702000,kro,7,0
5251,Round Ears,0,0,,8,0
6393,Round Feather,1250,1500,kro,12,6
1096,Round Shell,1800,2150,kro,36,36
4422,Roween Card,92000,108000,kro,32,3
9104,Roween Egg,920000,1080000,kro,4,0
480540,Royal Alberta Cape,0,0,,8,0
32403,Royal Alchemy Staff,0,0,,8,0
18117,Royal Bow,0,0,,8,0
18164,Royal Bow,0,0,,8,0
100376,Royal Bow Remodeling Cube,0,0,,12,0
700045,Royal Bow-LT,0,0,,8,0
6531,Royal Certificate,368000,432000,kro,7,3
7176,Royal Certificate,368000,432000,sibling,7,0
32111,Royal Chello,0,0,,8,0
26165,Royal Cleric Staff,0,0,,8,0
12128,Royal Cooking Kit,648000,760500,ragnastats,7,3
12078,Royal Family Tea,50000,58500,ragnastats,12,3
26172,Royal Foxtail,0,0,,8,0
480520,Royal Geffen Cape,0,0,,8,0
28775,Royal Gladius (L),0,0,,8,0
28774,Royal Gladius (R),0,0,,8,0
311365,Royal Glory,0,0,,6,0
1000616,Royal Guard (Upper),56350000,66150000,kro,4,0
15077,Royal Guard Battle Armor,0,0,,8,0
22022,Royal Guard Battle Boots,0,0,,8,0
19246,Royal Guard Necklace,0,0,,8,0
27064,Royal Guard Randel (MVP) Card,0,0,,6,0
4680,Royal Guard Randel Card,2719000,3192000,estimate,2,3
19318,Royal Guard Rosary,0,0,,8,0
490263,Royal Guard Seal Ring,0,0,,8,0
100372,Royal Guard Shadow Cube,0,0,,12,0
24302,Royal Guard Shadow Shield,9200000,10800000,kro,4,0
24289,Royal Guard Shadow Weapon,3588000,4212000,kro,4,0
25713,Royal Guard Stone (Garment),11900000,13969500,kro,4,0
29520,Royal Guard Stone (Garment),11900000,13969500,kro,2,0
310889,Royal Guard Stone (Lower),55200000,64800000,kro,2,0
1000618,Royal Guard Stone (Lower),55200000,64800000,kro,4,0
310888,Royal Guard Stone (Middle),55200000,64800000,kro,2,0
1000617,Royal Guard Stone (Middle),55200000,64800000,kro,4,0
310887,Royal Guard Stone (Upper),56350000,66150000,kro,2,0
310184,Royal Guard Stone II (Garment),6440000,7560000,kro,2,0
1000217,Royal Guard Stone II (Garment),6440000,7560000,kro,4,0
28483,Royal Guardian Ring,36800000,43200000,kro,2,0
470313,Royal Hunting Boots A-type,5520000,6480000,kro,2,0
470314,Royal Hunting Boots B-type,7958000,9342000,kro,2,0
450421,Royal Hunting Mail A-type,8280000,9720000,kro,2,0
450422,Royal Hunting Mail B-type,7360000,8640000,kro,2,0
480510,Royal Hunting Manteau A-type,6532000,7668000,kro,2,0
480511,Royal Hunting Manteau B-type,7820000,9180000,kro,2,0
13347,Royal Huuma Shuriken,0,0,,8,0
526,Royal Jelly,9200,10500,kro,76,36
28046,Royal Katar,0,0,,8,0
18198,Royal Knight Archer Bow,0,0,,8,0
18191,Royal Knight Bow,0,0,,8,0
21039,Royal Knight's Broadsword,276000,324000,kro,4,0
26016,Royal Knight's Lance,828000,972000,kro,4,0
1870,Royal Knuckle,0,0,,8,0
28776,Royal Magician Dagger,0,0,,8,0
2060,Royal Magician Staff,0,0,,8,0
26166,Royal Magician Wand,0,0,,8,0
19314,Royal Mantle,0,0,,8,0
480539,Royal Nightwatch Cape,0,0,,8,0
313520,Royal Palace of Sorrow,0,0,,6,0
480504,Royal Payon Cape,0,0,,8,0
32401,Royal Pillar,0,0,,8,0
480479,Royal Prontera Cape,0,0,,8,0
32304,Royal Revolver,0,0,,8,0
101128,Royal Reward Box,0,0,,12,0
28636,Royal Sage Book,0,0,,8,0
12747,Royal Scroll,0,0,,12,0
9932,Royal Secret Box,0,0,,12,3
32402,Royal Syringe,0,0,,8,0
26216,Royal Whip,0,0,,8,0
19410,Royale Grade Mini Melon,0,0,,8,0
4342,RSX-0806 Card,92000000,108000000,kro,2,0
18516,RTC 2nd Winner Hat,0,0,,8,0
18517,RTC 3rd Winner Hat,0,0,,8,0
18515,RTC Winner Hat,0,0,,8,0
1322,Ru Blue Axe,0,0,,8,0
1441,Ru Blue Spear,0,0,,8,0
13451,Ru Blue Sword,0,0,,8,0
1936,Ru Blue Violin,0,0,,8,0
1677,Ru Blue Wand,0,0,,8,0
1991,Ru Blue Whip,0,0,,8,0
28702,Ru Gold Ashura,0,0,,8,0
1323,Ru Gold Axe,0,0,,8,0
28104,Ru Gold Axe M,0,0,,8,0
28601,Ru Gold Book,0,0,,8,0
18127,Ru Gold Bow,0,0,,8,0
28700,Ru Gold Dagger,0,0,,8,0
28006,Ru Gold Katar,0,0,,8,0
28701,Ru Gold Knife,0,0,,8,0
16037,Ru Gold Mace,0,0,,8,0
1442,Ru Gold Spear,0,0,,8,0
13452,Ru Gold Sword,0,0,,8,0
1937,Ru Gold Violin,0,0,,8,0
1678,Ru Gold Wand,0,0,,8,0
1992,Ru Gold Whip,0,0,,8,0
16099,Rubber Hammer,211600000,248400000,kro,2,0
7669,Rubbing Alchohol,0,0,,12,0
13421,Ruber,115000,135000,kro,7,0
723,Ruby,4100,4850,ragnastats,51,18
310274,Ruby Emblem Lv1,0,0,,6,0
310275,Ruby Emblem Lv2,0,0,,6,0
310276,Ruby Emblem Lv3,0,0,,6,0
310277,Ruby Emblem Lv4,0,0,,6,0
310278,Ruby Emblem Lv5,0,0,,6,0
310279,Ruby Emblem Lv6,0,0,,6,0
9074,Rubylit Egg,0,0,,12,0
4581,Rudo Card,874000,1026000,kro,4,3
31000,Rudo Card,874000,1026000,sibling,4,0
20853,Rudo's Black Wing,0,0,,8,0
28912,Rudo's Rollpaper,0,0,,8,0
18671,Rudolf Hairband,0,0,,11,0
5742,Rudolph Santa Hat,5096500,5983000,ragnastats,3,0
5204,Rudolph's Nose,4600000,5400000,kro,2,0
1720,Rudra Bow,46000,54000,estimate,8,0
18101,Rudra Bow,0,0,,8,0
18102,Rudra Bow,0,0,,8,0
16430,Rudra Bow Box,0,0,,12,0
312421,Ruler of the End,0,0,,6,0
29727,Rumble Effect,0,0,,6,0
1001252,Rumble Effect Stone (Head),0,0,,12,0
400047,Runaway Accelerator,0,0,,8,0
18997,Runaway Chip,0,0,,8,0
4876,Runaway Magic,0,0,,6,0
470089,Runaway Thoughtform Shoes,0,0,,8,0
470090,Runaway Thoughtform Shoes,0,0,,8,0
450234,Rune Armor of Flame,0,0,,8,0
450244,Rune Armor of Ice,0,0,,8,0
450243,Rune Armor of Plain,0,0,,8,0
2481,Rune Boots,0,0,,8,0
2490,Rune Boots,0,0,,8,0
470176,Rune Boots of Death,0,0,,8,0
470173,Rune Boots of Flame,0,0,,8,0
470175,Rune Boots of Ice,0,0,,8,0
470174,Rune Boots of Plain,0,0,,8,0
11545,Rune Choco,0,0,,12,0
401060,Rune Crown of the Sky (Spiritualist),828000,972000,kro,4,0
1002014,Rune Fragment of Heterogeneous Magic Power,2600,3050,kro,12,3
470084,Rune Greaves,0,0,,8,0
470085,Rune Greaves,0,0,,8,0
5970,Rune Helm,0,0,,8,0
12401,Rune Kn Test Int,0,0,,12,0
15078,Rune Knight Battle Armor,0,0,,8,0
22023,Rune Knight Battle Boots,0,0,,8,0
27063,Rune Knight Seyren (MVP) Card,0,0,,6,0
4679,Rune Knight Seyren Card,2734000,3209500,estimate,2,3
100323,Rune Knight Shadow Cube,0,0,,12,0
24301,Rune Knight Shadow Shield,4600000,5400000,kro,4,0
24288,Rune Knight Shadow Weapon,6440000,7560000,kro,4,0
25448,Rune Knight Stone (Garment),12420000,14580000,kro,4,0
29463,Rune Knight Stone (Garment),12420000,14580000,kro,2,0
310883,Rune Knight Stone (Lower),64390500,75589000,kro,2,0
1000612,Rune Knight Stone (Lower),64390500,75589000,kro,4,0
310882,Rune Knight Stone (Mid),57960000,68040000,kro,2,0
1000611,Rune Knight Stone (Middle),57960000,68040000,kro,4,0
310881,Rune Knight Stone (Upper),64400000,75600000,kro,2,0
1000610,Rune Knight Stone (Upper),64400000,75600000,kro,4,0
310257,Rune Knight Stone II (Garment),4600000,5400000,kro,2,0
1000296,Rune Knight Stone II (Garment),4600000,5400000,kro,4,0
313728,Rune Knight Stone II (Lower),36800000,43200000,kro,2,0
1001941,Rune Knight Stone II (Lower),36800000,43200000,kro,4,0
313727,Rune Knight Stone II (Middle),57960000,68040000,kro,2,0
1001940,Rune Knight Stone II (Middle),57960000,68040000,kro,4,0
313726,Rune Knight Stone II (Upper),303600000,356400000,kro,2,0
1001939,Rune Knight Stone II (Upper),303600000,356400000,kro,4,0
480233,Rune Manteau of Death,0,0,,8,0
480230,Rune Manteau of Flame,0,0,,8,0
480232,Rune Manteau of Ice,0,0,,8,0
480231,Rune Manteau of Plain,0,0,,8,0
4997,Rune of Agility Lv 1,0,0,,6,0
4998,Rune of Agility Lv 2,0,0,,6,0
4999,Rune of Agility Lv 3,0,0,,6,0
1002012,Rune of Chaotic Magic Power,708000,831500,kro,7,3
7511,Rune of Darkness,4400,5150,kro,51,36
1001306,Rune of Deep Fire,321500,377000,kro,7,3
1001313,Rune of Deep Poison,127000,149500,kro,7,3
29003,Rune of Dexterity Lv 1,0,0,,6,0
29004,Rune of Dexterity Lv 2,0,0,,6,0
29005,Rune of Dexterity Lv 3,0,0,,6,0
1002015,Rune of Heterogeneous Magic Power,322000,378000,kro,7,3
29000,Rune of Intellect Lv 1,0,0,,6,0
29001,Rune of Intellect Lv 2,0,0,,6,0
29002,Rune of Intellect Lv 3,0,0,,6,0
29006,Rune of Luck Lv 1,0,0,,6,0
29007,Rune of Luck Lv 2,0,0,,6,0
29008,Rune of Luck Lv 3,0,0,,6,0
4994,Rune of Strength Lv 1,0,0,,6,0
4995,Rune of Strength Lv 2,0,0,,6,0
4996,Rune of Strength_Lv 3,0,0,,6,0
29009,Rune of Vitality Lv 1,0,0,,6,0
29010,Rune of Vitality Lv 2,0,0,,6,0
29011,Rune of Vitality Lv 3,0,0,,6,0
450245,Rune Robe of Death,0,0,,8,0
11005,Rune Royal Family Book,0,0,,12,3
1001594,Rune Seal,11500000,13500000,kro,4,3
102440,Rune Tablet Engraving,0,0,,12,0
1762,Rusty Arrow,4,6,ragnastats,12,0
12015,Rusty Arrow Quiver,15500,18500,ragnastats,12,3
6651,Rusty Bracalet,0,0,,12,0
625,Rusty Iron,82500,97000,kro,36,3
7208,Rusty Kitchen Knife,25000,29500,ragnastats,36,18
7317,Rusty Screw,1350,1600,kro,76,72
1002697,Rusty Trowel,0,0,,12,0
26151,Rutilus Stick-OS,0,0,,8,0
550075,Rutilus Stick-OSAD,0,0,,8,0
12696,RWC Celebration Firecracker,51000,60000,estimate,12,0
12697,RWC Celebration Firecracker,51000,60000,estimate,12,0
7273,RWC Necklace,0,0,,12,0
17134,RWC Scroll,0,0,,12,0
18650,RWC Shouting Mouth,0,0,,8,0
6551,RWC Spirit Auger,0,0,,12,0
17139,RWC Super Scroll,0,0,,12,0
7922,RWC Voucher Items,0,0,,12,0
18987,RWC13 Jormungandr Hat,1288000,1512000,ragnastats,2,0
18509,RWC2010 Indonesia,0,0,,8,0
16687,RWC2010 SuitcaseA,0,0,,12,0
16688,RWC2010 SuitcaseB,0,0,,12,0
4194,Rybio Card,92000,108000,kro,5,3
29719,S,0,0,,6,0
12616,S Grade Coin Bag,17,24,npc,12,0
29170,S-Atk,0,0,,6,0
29172,S-Avoid,0,0,,6,0
29175,S-Cri,0,0,,6,0
29171,S-Matk,0,0,,6,0
29173,S-MaxHP,0,0,,6,0
29174,S-Quick,0,0,,6,0
312655,S. Attack Power 1Lv,0,0,,6,0
312656,S. Attack Power 2Lv,0,0,,6,0
312657,S. Attack Power 3Lv,0,0,,6,0
312658,S. Attack Power 4Lv,0,0,,6,0
312659,S. Attack Power 5Lv,0,0,,6,0
312670,S. Casting 1Lv,0,0,,6,0
312671,S. Casting 2Lv,0,0,,6,0
312672,S. Casting 3Lv,0,0,,6,0
312673,S. Casting 4Lv,0,0,,6,0
312674,S. Casting 5Lv,0,0,,6,0
312665,S. Critical 1Lv,0,0,,6,0
312666,S. Critical 2Lv,0,0,,6,0
312667,S. Critical 3Lv,0,0,,6,0
312668,S. Critical 4Lv,0,0,,6,0
312669,S. Critical 5Lv,0,0,,6,0
312660,S. Magic Power 1Lv,0,0,,6,0
312661,S. Magic Power 2Lv,0,0,,6,0
312662,S. Magic Power 3Lv,0,0,,6,0
312663,S. Magic Power 4Lv,0,0,,6,0
312664,S. Magic Power 5Lv,0,0,,6,0
312680,S. Mentality 1Lv,0,0,,6,0
312681,S. Mentality 2Lv,0,0,,6,0
312682,S. Mentality 3Lv,0,0,,6,0
312683,S. Mentality 4Lv,0,0,,6,0
312684,S. Mentality 5Lv,0,0,,6,0
312675,S. Vitality 1Lv,0,0,,6,0
312676,S. Vitality 2Lv,0,0,,6,0
312677,S. Vitality 3Lv,0,0,,6,0
312678,S. Vitality 4Lv,0,0,,6,0
312679,S. Vitality 5Lv,0,0,,6,0
310984,S.MATK 1Lv,0,0,,6,0
310985,S.MATK 2Lv,0,0,,6,0
1365,Sabbath,46000,54000,ragnastats,8,0
1000503,Sabbatical Handkerchief,0,0,,12,3
1126,Saber,45000,52500,kro,8,0
1127,Saber,115000,135000,kro,7,0
13481,Saber,80000,93500,sibling,8,0
13468,Saber of Evil,0,0,,8,0
16239,Saci Hat Box,0,0,,12,0
314847,Sacred Blue Light Footprints,0,0,,6,0
1002624,Sacred Blue Light Footprints (Garment),276000000,324000000,kro,4,0
1001217,Sacred Cat Whiskers,8050,9500,kro,12,3
19469,Sacred Crown,0,0,,8,0
2638,Sacred Incense,16500,19000,npc,8,0
420187,Sacred Lapel,0,0,,8,0
2111,Sacred Mission,116500,137000,kro,7,0
2128,Sacred Mission,118500,139000,kro,4,0
1001013,Sacred Pepper Disease,0,0,,12,0
29222,Sacred Red,0,0,,6,0
2653,Sacrifice Ring,0,0,,8,0
24053,Safeguard Shield (Shadow),8878000,10422000,kro,4,0
2413,Safety Boots,0,0,,8,0
32251,Safety Epaulet B,0,0,,8,0
32250,Safety Epaulet R,0,0,,8,0
550006,Safety Foxtail,11500000,13500000,kro,2,0
5009,Safety Helmet,46000,54000,ragnastats,8,0
1867,Safety Knuckle,27599500,32399500,kro,2,0
32110,Safety Lute,27600000,32400000,kro,2,0
28635,Safety Manual,0,0,,8,0
32249,Safety Pendant B,0,0,,8,0
32248,Safety Pendant R,0,0,,8,0
2615,Safety Ring,460000,540000,kro,7,0
2837,Safety Ring,460000,540000,sibling,4,0
2849,Safety Ring,460000,540000,sibling,4,0
1672,Safety Rod,0,0,,8,0
32352,Safety Saber,4600000,5400000,kro,2,0
26215,Safety Whip,29899500,35099500,kro,2,0
7627,Sage Key,0,0,,12,0
24278,Sage Shadow Armor,2760000,3240000,kro,4,0
24265,Sage Shadow Shoes,2760000,3240000,kro,4,0
4219,Sage Worm Card,1404000,1648500,ragnastats,2,3
1560,Sage's Diary,1883000,2210500,ragnastats,2,0
22018,Sage's Shoes,0,0,,8,0
16991,Sagittar Di Scroll Box,0,0,,12,0
16990,Sagittar Diadem Scroll,0,0,,12,0
4959,Sagittarius,0,0,,6,0
400061,Sagittarius Celestial Coronet,13340000,15660000,kro,2,0
400261,Sagittarius Celestial Coronet-LT,0,0,,8,0
5739,Sagittarius Crown,0,0,,8,0
16548,Sagittarius Crown Box,0,0,,12,0
16550,Sagittarius Crown Box,0,0,,12,0
5740,Sagittarius Diadem,4560500,5353500,ragnastats,2,0
16549,Sagittarius Diadem Box,0,0,,12,0
16551,Sagittarius Diadem Box,0,0,,12,0
700010,Sagittarius Hunter Bow,0,0,,8,0
450140,Sagittarius Mail,0,0,,8,0
480050,Sagittarius Manteau,0,0,,8,0
490041,Sagittarius Ring,0,0,,8,0
16826,Sagittarius Scr Box,0,0,,12,0
16775,Sagittarius Scroll,0,0,,12,0
470045,Sagittarius Shoes,0,0,,8,0
313340,Sagittarius Stone,0,0,,6,0
7746,Sago,38500,45000,estimate,12,0
24200,Saharic Shadow Shield,460000,540000,kro,7,0
18645,Sailor Hat,0,0,,8,0
5691,Sailor's Bandana,0,0,,8,0
550088,Saint Bringer,0,0,,8,0
400118,Saint Crown,2668000,3132000,kro,2,0
590003,Saint Mace,2300000,2700000,kro,2,0
590030,Saint Mace-LT,0,0,,8,0
100398,Saint Scepter Remodeling Cube,0,0,,12,0
2325,Saint's Robe,49500,58000,kro,8,0
2326,Saint's Robe,55000,64500,kro,8,0
15264,Saint's Robe,52000,61500,sibling,8,0
2280,Sakkat,18000,21500,ragnastats,11,0
100485,Sakrai's Regret,460000,540000,kro,7,3
100479,Sakrai's Wraith,828000,972000,kro,7,3
300192,Sakray Card,0,0,,6,3
5768,Sakura Coronet,0,0,,8,0
11711,Sakura Milk Tea,0,0,,12,0
5524,Sakura Milk Tea Hat,0,0,,8,0
11710,Sakura Mist,0,0,,12,0
5523,Sakura Mist Hat,0,0,,8,0
400721,Sakura White Witch Hat,0,0,,8,0
17007,Salamander Box10,0,0,,12,0
17006,Salamander Box5,0,0,,12,0
4429,Salamander Card,257500,302000,kro,5,3
12629,Salamander Scroll,0,0,,12,0
5100,Sales Banner,0,0,,8,0
6775,Salmon,0,0,,12,3
22774,Salmon Skewer,0,0,,12,3
12197,Salty Rice Cake,1800,2150,kro,12,6
2582,Salvage Cape,46000,54000,npc,8,0
5511,Samambaia,0,0,,8,0
23852,Samambaia SynthesisBox,0,0,,12,3
4263,Samurai Spector Card,93991000,110337500,estimate,2,0
27308,Sanare Card,1380000,1620000,kro,2,3
300474,Sanctuary Cleaning Chief Card,0,0,,6,3
17607,Sanctuary Lucky Egg,0,0,,12,0
420198,Sanctus,0,0,,8,0
7124,Sand Clump,3550,4200,kro,36,36
2401,Sandals,340,460,kro,8,0
2402,Sandals,1610000,1890000,kro,2,0
470231,Sandals,805000,945000,sibling,4,0
4101,Sandman Card,524000,615500,kro,32,3
6922,Sandpaper,920,1050,kro,12,18
13035,Sandstorm,138000,162000,estimate,4,0
6454,Santa Bag,32500,38000,ragnastats,12,0
470330,Santa Claus Boots,0,0,,8,0
22532,Santa Gift,0,0,,12,0
2236,Santa Hat,48000,56500,ragnastats,34,0
19148,Santa Poring Balloon,27370000,32130000,kro,2,0
4005,Santa Poring Card,146000,171500,kro,5,3
450426,Santa Suit,0,0,,8,0
12132,Santa's Bag,919500,1079500,kro,11,9
5811,Santa's Beard,567500,666000,ragnastats,4,0
23187,Sap Liquid,368000,432000,kro,7,0
2577,Sapha Hood,0,0,,8,0
2886,Sapha Ring,92000,108000,kro,7,0
2477,Sapha Shoes,0,0,,11,0
15038,Sapha's Cloth,4600000,5400000,kro,3,0
2346,Saphien's Armor of Ocean,165500,194000,kro,4,0
2347,Saphien's Armor of Ocean,165500,194000,kro,4,0
590043,Saphir Mace-OSAD,0,0,,8,0
9075,Sapphilit Egg,0,0,,12,0
726,Sapphire,4100,4850,ragnastats,51,18
17255,Sapphire Egg,0,0,,12,0
310304,Sapphire Emblem Lv1,0,0,,6,0
310305,Sapphire Emblem Lv2,0,0,,6,0
310306,Sapphire Emblem Lv3,0,0,,6,0
310307,Sapphire Emblem Lv4,0,0,,6,0
310308,Sapphire Emblem Lv5,0,0,,6,0
310309,Sapphire Emblem Lv6,0,0,,6,0
16088,Sapphire Hall-OS,0,0,,8,0
28410,Sapphire Wrist,0,0,,8,0
4610,Sarah Card,2340500,2747500,estimate,2,3
27248,Sarah Card,0,0,,6,0
15121,Sarah's Battle Robe,109000,128000,estimate,4,0
725,Sardonyx,52000,61500,ragnastats,36,3
1144,Sashimi,1052000,1235000,ragnastats,2,0
4216,Sasquatch Card,775000,909500,ragnastats,4,3
312415,Satanic Badge,0,0,,6,0
400649,Satanic Crown,0,0,,8,0
5247,Satanic Helm,0,0,,8,0
24058,Satanic Shield (Shadow),230000,270000,kro,7,0
11533,Satay,5100,6000,ragnastats,27,3
5212,Satellite Hairband,0,0,,8,0
4017,Savage Babe Card,50500,59500,ragnastats,6,3
9009,Savage Babe Egg,276000,324000,kro,11,0
4078,Savage Card,46000,54000,kro,9,3
9070,Savage Egg,27600000,32400000,kro,4,0
12429,Savage Full Roast,138000,162000,kro,32,3
311036,Savage Impact Tuning Device,0,0,,6,0
6249,Savage Meat,85,115,npc,54,3
24637,Savage Rabbit Shadow Earring,4600000,5400000,kro,2,0
24638,Savage Rabbit Shadow Pendant,4140000,4860000,kro,2,0
24639,Savage Rabbit Shadow Shoes,4600000,5400000,kro,2,0
24908,Savage Shadow Armor,5980000,7020000,kro,2,0
24909,Savage Shadow Shoes,5980000,7020000,kro,2,0
13465,Save the King,0,0,,8,0
7454,Savory Sauce,445,600,npc,12,3
28140,Saw Axe,0,0,,8,0
1002017,Scabiosa,0,0,,12,3
300651,Scabiosa Card,18400000,21600000,kro,2,3
1001230,Scale Armor Fragment,0,0,,12,3
1001251,Scale of the Snake God,73500,86000,kro,12,3
936,Scale Shell,18000,21500,kro,51,36
300506,Scalleg Card,15410000,18090000,kro,2,3
1001640,Scalleg Flesh,8250,9700,kro,12,3
13027,Scalpel,24500,29000,ragnastats,11,0
2323,Scapulare,5350,6300,npc,8,0
2324,Scapulare,5350,6300,npc,8,0
15263,Scapulare,0,0,,8,0
4505,Scaraba Card,828000,972000,kro,32,3
22174,Scaraba High Heels,0,0,,8,0
6437,Scaraba Perfume,1,2,npc,12,0
12806,Scaraba Scroll,23000,27000,kro,12,0
28761,Scarlet Athame,0,0,,8,0
400528,Scarlet Beret,0,0,,8,0
700003,Scarlet Dragon Leather Bow,0,0,,8,0
100377,Scarlet Dragon Leather Bow Remodeling Cube,0,0,,12,0
975,Scarlet Dyestuffs,189000,222000,ragnastats,46,3
700046,Scarlet Leather Dragon Bow-LT,0,0,,8,0
6360,Scarlet Point,85,115,npc,12,3
26213,Scarlet Ribbon,920000,1080000,kro,2,0
26218,Scarlet Ribbon,920000,1080000,sibling,2,0
401056,Scarlet Stardust Crown,1840000,2160000,kro,2,0
490392,Scarlet Worm Charm,0,0,,8,0
13070,Scarlet-nail,46000,54000,npc,8,0
9101,Scatleton's Cage,5158000,6055000,ragnastats,5,0
911,Scell,100,135,ragnastats,36,72
590014,Sceptre of Exiled Kingdom,0,0,,8,0
25419,Scholar Stone (Lower),21160000,24840000,kro,4,0
25418,Scholar Stone (Middle),920000,1080000,kro,4,0
25417,Scholar Stone (Upper),13800000,16200000,kro,4,0
480673,Scholar's Muffler,2290500,2689000,kro,2,0
2888,School Bag,0,0,,8,0
15088,School Uniform,0,0,,8,0
300227,Schulang Card,823400000,966600000,kro,2,3
1167,Schweizersabel,139000,163000,ragnastats,7,0
1178,Schweizersabel,1889500,2218000,ragnastats,2,0
20986,Scientists Mantle,0,0,,8,0
1113,Scimitar,14000,16500,npc,8,0
1114,Scimitar,14000,16500,npc,8,0
1115,Scimitar,0,0,,8,0
13478,Scimitar,0,0,,8,0
27172,Scimitar Buffalo Bandit Card,3680000,4320000,kro,2,3
24378,Scissor Hunting Shadow Armor,920000,1080000,kro,4,0
18642,Scissorhand Model,0,0,,8,0
24436,Scissors Hunting Shadow Weapon,3220000,3780000,kro,4,0
5656,Scooter Helmet,0,0,,8,0
4966,Scorpio,0,0,,6,0
400059,Scorpio Celestial Coronet,9154000,10746000,kro,2,0
400262,Scorpio Celestial Coronet-LT,0,0,,8,0
5676,Scorpio Crown,2300000,2700000,ragnastats,2,0
19471,Scorpio Crown,2300000,2700000,sibling,2,0
5677,Scorpio Diadem,9154000,10746000,kro,2,0
28047,Scorpio Katar,0,0,,8,0
15424,Scorpio Mail,0,0,,8,0
20976,Scorpio Manteau,0,0,,8,0
32267,Scorpio Ring,0,0,,8,0
17019,Scorpio Scroll2,0,0,,12,0
17080,Scorpio Scroll3,0,0,,12,0
22233,Scorpio Shoes,0,0,,8,0
29152,Scorpio Stone,0,0,,6,0
313341,Scorpio Stone,0,0,,6,0
4068,Scorpion Card,150500,176500,ragnastats,5,3
7125,Scorpion Claw,1350,1600,kro,36,6
4130,Scorpion King Card,0,0,,6,3
1046,Scorpion Nipper,520,705,npc,12,3
904,Scorpion Tail,1800,2150,kro,51,36
32281,Scorpion's Chain (OSM),0,0,,8,0
16691,Scorpius Scroll,0,0,,12,0
4660,Scout Basilisk Card,151500,178000,kro,4,0
840005,Scrap Bomber,0,0,,8,0
700021,Scrap Bow,1742500,2046000,estimate,2,0
560011,Scrap Fist,0,0,,8,0
570012,Scrap Lute,0,0,,8,0
810006,Scrap Piercer,0,0,,8,0
800010,Scrap Pistol,0,0,,8,0
27017,Scrap Robots Card,731000,858500,kro,4,3
820005,Scrap Shatter,0,0,,8,0
650020,Scrap Slasher,0,0,,8,0
830009,Scrap Splatter,0,0,,8,0
580012,Scrap Whip,0,0,,8,0
4555,Scrat Card,0,0,,6,3
12351,Scream Megaphone,0,0,,12,3
14377,Scream Megaphone Box,0,0,,12,0
450338,Screaming Ghost Party,0,0,,8,0
810026,Screaming Rifle,0,0,,8,0
17237,Scroll Of Darkness,0,0,,12,0
17233,Scroll Of Death,0,0,,12,0
490640,Scroll of Essential Arts,0,0,,8,0
23229,Scroll of Fallen Angel Wings,50600000,59400000,kro,4,0
17238,Scroll Of Holiness,0,0,,12,0
17234,Scroll Of Life,0,0,,12,0
17235,Scroll Of Magic,0,0,,12,0
17236,Scroll Of Thews,0,0,,12,0
490561,Scroll of Time and Space,0,0,,8,0
12108,Scroll Package,18000,21000,ragnastats,12,3
5397,Scuba Gear,32000,37500,kro,8,0
19162,Scuba Mask,1840000,2160000,kro,2,0
1002698,Sculpture of the Wraith,0,0,,12,0
28903,Scutum,0,0,,8,0
520003,Scythe of Ice Flame,0,0,,8,0
6773,Sea Bream,0,0,,12,3
22772,Sea Bream Skewer,0,0,,12,3
5692,Sea Cat Hat,0,0,,8,0
15196,Sea Dragon Armor,0,0,,8,0
6423,Sea God's Wrath,4968000,5832000,kro,5,6
12647,Sea Ink,17,24,npc,18,0
28439,Sea Otter Mini Fan,80960000,95040000,kro,2,0
490374,Sea Otter Mini Fan-LT,213900000,251100000,kro,2,0
1973,Sea Witch's Foot,3950,4650,ragnastats,11,0
4326,Sea-Otter Card,82500,97000,kro,6,3
7065,Sea-Otter Fur,9100,10500,kro,51,36
5078,Sea-Otter Hat,2424500,2846500,ragnastats,2,0
6346,Seagate Mark,0,0,,12,0
18846,Seagod Protector,0,0,,8,0
4312,Seal Card,632500,742500,ragnastats,5,3
28440,Seal Mini Fan,119600000,140400000,kro,2,0
2865,Seal Of Cathedral,2760000,3240000,kro,3,0
1001017,Seal of Protection,0,0,,12,0
4495,Sealed Amon Ra Card,0,0,,6,3
300401,Sealed Amon Ra Card,0,0,,6,3
300349,Sealed Ancient Tao Gunka Card,0,0,,6,0
300351,Sealed Ancient Wootan Defender Card,0,0,,6,0
300196,Sealed Angry Moonlight Flower Card,0,0,,6,0
300345,Sealed Angry Moonlight Flower Card,0,0,,6,0
4536,Sealed Atroce Card,0,0,,6,3
300330,Sealed Atroce Card,0,0,,6,3
300200,Sealed Awaken Ktullanux Card,0,0,,6,0
300352,Sealed Awaken Ktullanux Card,0,0,,6,0
27211,Sealed Baphomet Card,18400000,21600000,kro,2,3
300325,Sealed Baphomet Card,18400000,21600000,sibling,2,0
4486,Sealed Berzebub Card,210680000,247320000,kro,2,3
311071,Sealed Berzebub Card,210680000,247320000,sibling,2,3
540053,Sealed Bible,0,0,,8,0
300195,Sealed Boitata Card,46000000,54000000,kro,2,0
300402,Sealed Boitata Card,46000000,54000000,sibling,2,0
300344,Sealed Bomi Card,0,0,,6,0
7756,Sealed Book,0,0,,12,0
102226,Sealed Boss Card Album,94760000,111240000,kro,4,3
101075,Sealed Boss Card Thump Box,82800000,97200000,kro,4,3
7944,Sealed Box,0,0,,12,0
102815,Sealed Card Converter,0,0,,12,0
410093,Sealed Chain,3864000,4536000,kro,2,0
410094,Sealed Chain,3864000,4536000,kro,2,0
27215,Sealed Champion Card,17480000,20520000,kro,2,3
300353,Sealed Chaotic Baphomet Card,0,0,,6,0
27213,Sealed Clown Card,165600000,194400000,kro,2,3
27216,Sealed Creator Card,18400000,21600000,kro,2,3
1000884,Sealed Dangerous Box,0,0,,12,0
4488,Sealed Dark Lord Card,32200000,37800000,kro,2,3
300354,Sealed Deep Sea Kraken Card,0,0,,6,0
4542,Sealed Detale Card,0,0,,6,3
300399,Sealed Detale Card,0,0,,6,3
490273,Sealed Dimensional Key,0,0,,8,0
490275,Sealed Dimensional Keyring,0,0,,8,0
490274,Sealed Dimensional Lock,0,0,,8,0
300323,Sealed Doppelganger Card,0,0,,6,0
4483,Sealed Dracula Card,49680000,58320000,kro,2,3
300394,Sealed Dracula Card,49680000,58320000,sibling,2,3
4496,Sealed Drake Card,0,0,,6,3
300324,Sealed Drake Card,0,0,,6,0
4504,Sealed Eddga Card,36799500,43199500,kro,2,3
300319,Sealed Eddga Card,36799500,43199500,sibling,2,0
22660,Sealed Envelope,1,2,npc,12,0
4544,Sealed Evil Snake Lord Card,0,0,,6,3
300405,Sealed Evil Snake Lord Card,0,0,,6,3
13461,Sealed Evil Sword,552500,648500,estimate,4,0
13471,Sealed Evil Sword,0,0,,8,0
4539,Sealed Fallen Bishop Hibram Card,27600000,32400000,kro,2,3
300334,Sealed Fallen Bishop Hibram Card,27600000,32400000,sibling,2,3
27222,Sealed Fallen Pyuriel Card,15548000,18252000,kro,2,3
300203,Sealed Firm Muspellskoll Card,18400000,21600000,kro,2,0
300341,Sealed Firm Muspellskoll Card,18400000,21600000,sibling,2,0
300197,Sealed Furious Dracula Card,0,0,,6,0
300346,Sealed Furious Dracula Card,0,0,,6,0
27220,Sealed General Daehyon Card,13800000,16200000,kro,2,3
4482,Sealed General Egnigem Cenia Card,18400000,21600000,kro,2,3
300318,Sealed General Egnigem Cenia Card,18400000,21600000,sibling,2,3
27221,Sealed Gioia Card,18400000,21600000,kro,2,3
4485,Sealed Gloom Under Night Card,18399500,21599500,kro,2,3
300332,Sealed Gloom Under Night Card,18399500,21599500,sibling,2,3
300337,Sealed Gold Queen Scaraba Card,0,0,,6,3
7777,Sealed Golden Box,0,0,,12,0
300406,Sealed Gopinch Card,0,0,,6,0
300198,Sealed Gopinich Card,0,0,,6,0
27224,Sealed Guardian Kades Card,23000000,27000000,kro,2,3
27219,Sealed Gypsy Card,18860000,22140000,kro,2,3
4543,Sealed Hatii Card,0,0,,6,3
300400,Sealed Hatii Card,0,0,,6,3
4501,Sealed High Priest Card,13800000,16200000,kro,2,3
4541,Sealed High Wizard Card,0,0,,6,3
4487,Sealed Ifrit Card,16560000,19440000,kro,11,3
300331,Sealed Ifrit Card,16560000,19440000,sibling,2,3
4480,Sealed Kiel Card,920000000,1080000000,kro,2,3
300396,Sealed Kiel Card,920000000,1080000000,sibling,2,3
4481,Sealed Ktullanux Card,18400000,21600000,kro,2,3
4498,Sealed Lady Tanee Card,13800000,16200000,kro,2,3
300409,Sealed Lady Tanee Card,13800000,16200000,sibling,2,3
300408,Sealed Leak Card,0,0,,6,3
1000881,Sealed Letter,0,0,,12,0
4540,Sealed Lord of The Dead Card,0,0,,6,3
311440,Sealed Lord of The Dead Card,0,0,,6,3
13460,Sealed Magic Sword,552500,648500,estimate,4,0
13470,Sealed Magic Sword,0,0,,8,0
4502,Sealed MasterSmith Card,18400000,21600000,kro,2,3
13462,Sealed Maximum Sword,552500,648500,estimate,4,0
13472,Sealed Maximum Sword,0,0,,8,0
27212,Sealed Maya Card,13800000,16200000,kro,2,3
300327,Sealed Maya Card,13800000,16200000,sibling,2,0
300199,Sealed Mechaspider Card,0,0,,6,0
27210,Sealed Memory of Thanatos Card,0,0,,6,0
300338,Sealed Memory of Thanatos Card,0,0,,6,0
4484,Sealed Mistress Card,96600000,113400000,kro,2,3
300328,Sealed Mistress Card,96600000,113400000,sibling,2,0
4490,Sealed Moonlight Flower Card,20240000,23760000,kro,2,3
300139,Sealed Moonlight Flower Card,20240000,23760000,sibling,2,0
300209,Sealed Nightmare Amon Ra Card,36800000,43200000,kro,2,0
300348,Sealed Nightmare Amon Ra Card,36800000,43200000,sibling,2,0
300355,Sealed Ominous Turtle General Card,0,0,,6,0
4492,Sealed Orc Hero Card,13708000,16092000,kro,2,3
300321,Sealed Orc Hero Card,13708000,16092000,sibling,2,0
300322,Sealed Orc Load Card,0,0,,6,0
4500,Sealed Orc Lord Card,16100000,18900000,kro,2,3
300320,Sealed Osiris Card,0,0,,6,0
27218,Sealed Paladin Card,18400000,21600000,kro,2,3
4489,Sealed Pharaoh Card,51520000,60480000,kro,2,3
300397,Sealed Pharaoh Card,51520000,60480000,sibling,2,3
4537,Sealed Phreeoni Card,0,0,,6,3
300326,Sealed Phreeoni Card,0,0,,6,0
300202,Sealed Polluted Dark Lord Card,0,0,,6,0
300339,Sealed Polluted Dark Lord Card,0,0,,6,0
300340,Sealed Polluted Queen Spider Card,0,0,,6,0
27214,Sealed Professor Card,13800000,16200000,kro,2,3
27209,Sealed Queen Scaraba Card,17480000,20520000,kro,2,3
300335,Sealed Queen Scaraba Card,17480000,20520000,sibling,2,3
4535,Sealed Randgris Card,0,0,,6,3
300398,Sealed RSX-0806 Card,0,0,,6,3
1001595,Sealed Rune Stone,0,0,,12,3
4499,Sealed Samurai Spector Card,18400000,21600000,kro,2,3
300403,Sealed Samurai Spector Card,18400000,21600000,sibling,2,3
300207,Sealed Shiny Teddy Bear Card,0,0,,6,0
300350,Sealed Shiny Teddy Bear Card,0,0,,6,0
7778,Sealed Silver Box,0,0,,12,0
4491,Sealed Sniper Card,57040000,66960000,kro,2,3
27217,Sealed Stalker Card,15180000,17820000,kro,2,3
4497,Sealed Stormy Knight Card,27600000,32400000,kro,2,3
300392,Sealed Stormy Knight Card,27600000,32400000,sibling,2,3
300201,Sealed Tainted Spider Queen Card,29440000,34560000,kro,2,0
4493,Sealed Tao Gunka Card,32200000,37800000,kro,2,3
300407,Sealed Tao Gunka Card,32200000,37800000,sibling,2,0
15215,Sealed Tatenasi Armor,0,0,,8,0
19298,Sealed Tatenasi Helm,0,0,,8,0
25864,Sealed Temporal Circlet,8150,9600,kro,12,3
27225,Sealed Time Holder Card,20700000,24300000,kro,2,3
300343,Sealed Time Holder Card,20700000,24300000,sibling,2,0
4494,Sealed Turtle General Card,18400000,21600000,kro,2,3
300393,Sealed Turtle General Card,18400000,21600000,sibling,2,3
300194,Sealed Venomous Chimera Card,0,0,,6,0
4503,Sealed Vesper Card,27600000,32400000,kro,2,3
300395,Sealed Vesper Card,27600000,32400000,sibling,2,3
4538,Sealed White Lady Card,20240000,23760000,kro,2,3
300404,Sealed White Lady Card,20240000,23760000,sibling,2,3
1000941,Sealing bandage,128500,151000,kro,22,3
1001228,Seashell hairpin,0,0,,12,3
12054,Seasoned Jellyfish,3650,4300,kro,12,6
12042,Seasoned Sticky Webfoot,12500,14500,ragnastats,12,3
1001229,Seaweed Belt,0,0,,12,3
300505,Seawind Card,1931500,2267500,kro,2,3
105688,Second Dimensional Tuning (Geigg),7820000,9180000,kro,4,0
105690,Second Dimensional Tuning (Jack O'Rush),2760000,3240000,kro,4,0
105687,Second Dimensional Tuning (Judgment Day),2760000,3240000,kro,4,0
105689,Second Dimensional Tuning (Needle Whip),7268000,8532000,kro,4,0
105685,Second Dimensional Tuning (Submarine Anchor),2530000,2970000,kro,4,0
105686,Second Dimensional Tuning (Vida Noctorno),0,0,,12,0
12138,Second Stage Prize,0,0,,12,0
311045,Second Tuning Device,0,0,,6,0
105421,Second-Dimensional Tuning (Agent Launcher),1324500,1555000,kro,4,0
105422,Second-Dimensional Tuning (Book of the Red Moon),1518000,1782000,kro,4,0
105420,Second-Dimensional Tuning (Elemental Spirits),0,0,,12,0
105418,Second-Dimensional Tuning (Falx),6440000,7560000,kro,4,0
105419,Second-Dimensional Tuning (Wepawet),9200000,10800000,kro,4,0
6602,Secret Of Rune,1,2,npc,12,3
490535,Secret Technique - Chained Ice Array,0,0,,8,0
490536,Secret Technique - Thousands of Birds,0,0,,8,0
300502,Secret Wing Leizi (Sign Stamp) Card,0,0,,6,0
300497,Secret Wing Leizi Card,7820000,9180000,kro,2,3
300495,Secret Wing Philopontes Card,5520000,6480000,kro,2,3
4521,Sedora Card,915000,1074500,kro,4,3
18727,Sedora Hat,0,0,,8,0
12823,Sedora Scroll,0,0,,12,0
6210,Seed Of Thorny Plant,108000,127000,ragnastats,11,3
4414,Seeker Card,1120500,1315500,ragnastats,3,3
311883,Seeker of Knowledge,0,0,,6,0
1821,Seismic Fist,557000,654000,ragnastats,4,0
7399,Selamat,0,0,,12,0
5355,Selendang,0,0,,8,0
100717,Semi-Long Costume Box,36800000,43200000,kro,4,0
300098,Senior Aries Card,552000,648000,kro,4,3
300082,Senior Assistant Bot Card,910500,1069000,kro,4,3
300088,Senior Broken Gardener Card,1840000,2160000,kro,2,3
300084,Senior Dry Rafflesia Card,115000,135000,kro,4,3
300096,Senior Papila Cae Card,1104000,1296000,kro,2,3
300092,Senior Papila Card,1748000,2052000,kro,11,3
300094,Senior Papila Ruba Card,915000,1074500,kro,4,3
300080,Senior Red Pepper Card,416024000,488376000,kro,2,0
300086,Senior Special Alnoldi Card,795500,934000,kro,4,3
22687,Sentimental Fragment,2000,2350,kro,18,72
24381,Sentimental Shadow Earring,0,0,,12,0
24382,Sentimental Shadow Pendant,2668000,3132000,kro,4,0
24380,Sentimental Shadow Weapon,0,0,,12,0
20796,Seohyun's Robe,0,0,,8,0
28519,Seohyun's Small Sword,0,0,,8,0
24746,Separate Reload Shadow Shield,26611000,31239000,kro,2,0
101809,Separate Reload Shield Shadow Box,0,0,,12,3
18901,Seppl Hat,0,0,,8,0
19138,Seraphim Coronet,0,0,,8,0
19327,Seraphim Feather,0,0,,8,0
20815,Seraphim Robe,0,0,,8,0
24068,Seraphim Shoes (Shadow),1,2,npc,12,0
2643,Serin's Gold Ring,37000,43500,npc,8,0
313342,Serpentarium Stone,0,0,,6,0
23361,Serum,0,0,,12,3
7867,Sesame Bag,0,0,,12,0
12122,Sesame Pastry,17500,20500,ragnastats,36,3
311062,Severe Rainstorm Tuning Device,0,0,,6,0
300109,Sewage Cramp Card,1380000,1620000,kro,2,3
300108,Sewage Venenum Card,6348000,7452000,kro,2,3
300110,Sewage Waterfall Card,828000,972000,kro,4,3
15826,Seyrandel's Hat,0,0,,8,0
4358,Seyren Windsor Card,920000,1080000,kro,2,3
29594,Seyren's Memory,0,0,,6,0
12548,Shabby Purchase Street Stall License,725,980,ragnastats,12,0
2408,Shackles,23500,27500,ragnastats,11,0
22105,Shackles,23500,27500,sibling,8,0
300662,Shadist Card,6992000,8208000,kro,11,3
23926,Shadow 9 Refine Hammer,0,0,,12,3
24013,Shadow Armor,0,0,,12,0
24000,Shadow Armor (Tier 1),0,0,,12,0
24006,Shadow Armor (Tier 2),0,0,,12,0
12013,Shadow Arrow Quiver,10000,12000,ragnastats,18,6
19126,Shadow Booster,39100000,45900000,kro,2,0
101243,Shadow Changer,0,0,,12,0
100890,Shadow Changer (Armor→Weapon),0,0,,12,3
100784,Shadow Changer (Weapon→Shield),0,0,,12,3
15080,Shadow Chaser Battle Armor,0,0,,8,0
22025,Shadow Chaser Battle Boots,0,0,,8,0
27066,Shadow Chaser Gertie (MVP) Card,0,0,,6,0
4682,Shadow Chaser Gertie Card,2719000,3192000,estimate,2,3
100373,Shadow Chaser Shadow Cube,0,0,,12,0
24308,Shadow Chaser Shadow Shield,5244000,6156000,kro,4,0
24295,Shadow Chaser Shadow Weapon,6440000,7560000,kro,4,0
311364,Shadow Chaser Stone (Bottom),63480000,74520000,kro,2,0
1000865,Shadow Chaser Stone (Bottom),63480000,74520000,kro,4,0
25493,Shadow Chaser Stone (Garment),49220000,57780000,kro,4,0
29480,Shadow Chaser Stone (Garment),49220000,57780000,kro,2,0
311363,Shadow Chaser Stone (Middle),63480000,74520000,kro,2,0
1000864,Shadow Chaser Stone (Middle),63480000,74520000,kro,4,0
311362,Shadow Chaser Stone (Top),61640000,72360000,kro,2,0
1000863,Shadow Chaser Stone (Top),61640000,72360000,kro,4,0
25806,Shadow Chaser Stone II (Bottom),4600000,5400000,kro,4,0
25805,Shadow Chaser Stone II (Garment),50600000,59400000,kro,4,0
29618,Shadow Chaser Stone II (Garment),50600000,59400000,kro,2,0
314187,Shadow Chaser Stone II (Lower),55200000,64800000,kro,2,0
1002279,Shadow Chaser Stone II (Lower),55200000,64800000,kro,4,0
25807,Shadow Chaser Stone II (Middle),3680000,4320000,kro,4,0
314186,Shadow Chaser Stone II (Middle),181700000,213300000,kro,2,0
1002278,Shadow Chaser Stone II (Middle),181700000,213300000,kro,4,0
25808,Shadow Chaser Stone II (Upper),3128000,3672000,kro,4,0
314185,Shadow Chaser Stone II (Upper),367540000,431460000,kro,2,0
1002277,Shadow Chaser Stone II (Upper),367540000,431460000,kro,4,0
313383,Shadow Cross Soul (Cross Slash),0,0,,6,0
312207,Shadow Cross Soul (Eternal Slash),0,0,,6,0
312209,Shadow Cross Soul (Impact Crater),0,0,,6,0
312208,Shadow Cross Soul (Savage Impact),0,0,,6,0
312210,Shadow Cross Soul (Shadow Stab),0,0,,6,0
312400,Shadow Cross Stone (Garment),41400000,48600000,kro,2,0
1001324,Shadow Cross Stone (Garment),41400000,48600000,kro,4,0
314024,Shadow Cross Stone II (Garment),0,0,,6,0
1002099,Shadow Cross Stone II (Garment),0,0,,12,0
22827,Shadow Cube,0,0,,12,0
22974,Shadow Cube (Armor),0,0,,12,3
22978,Shadow Cube (Earing),0,0,,12,3
22977,Shadow Cube (Pendant),0,0,,12,3
22975,Shadow Cube (Shield),0,0,,12,3
22976,Shadow Cube (Shoes),0,0,,12,3
22973,Shadow Cube (Weapon),0,0,,12,3
1270123,Shadow Dance Shadow Earring,2760000,3240000,kro,2,0
1270124,Shadow Dance Shadow Pendant,3588000,4212000,kro,2,0
24016,Shadow Earring,0,0,,12,0
29162,Shadow Effect,0,0,,6,0
25177,Shadow Effect (Middle),14720000,17280000,kro,4,0
29306,Shadow Element(Armor),0,0,,6,0
1001253,Shadow Essence,4232000,4968000,kro,4,3
22529,Shadow Exchange SynthesisBox,3220000,3780000,kro,4,0
24001,Shadow Gauntlets (Tier 1),0,0,,12,0
24007,Shadow Gauntlets (Tier 2),0,0,,12,0
2135,Shadow Guard,1380000,1620000,kro,2,0
300648,Shadow Jailer Card,32200000,37800000,kro,2,3
101114,Shadow Kunai Summon Scroll,0,0,,12,0
7524,Shadow Orb,170,230,ragnastats,12,3
100186,Shadow Orb Bundle,0,0,,12,0
24017,Shadow Pendant,0,0,,12,0
24005,Shadow Pendant (Tier 1),0,0,,12,0
24011,Shadow Pendant (Tier 2),0,0,,12,0
102123,Shadow Random Box Set,0,0,,12,3
23720,Shadow Random Mix,6440000,7560000,kro,4,3
1000854,Shadow Redemption Ticket,59790500,70189000,kro,4,3
23436,Shadow Refine Hammer,2668000,3132000,kro,4,3
28379,Shadow Ring,0,0,,8,0
490267,Shadow Ring,0,0,,8,0
24004,Shadow Ring (Tier 1),0,0,,12,0
24010,Shadow Ring (Tier 2),0,0,,12,0
24015,Shadow Shield,0,0,,12,0
24002,Shadow Shield (Tier 1),0,0,,12,0
24008,Shadow Shield (Tier 2),0,0,,12,0
24014,Shadow Shoes,0,0,,12,0
24003,Shadow Shoes (Tier 1),0,0,,12,0
24009,Shadow Shoes (Tier 2),0,0,,12,0
100708,Shadow Spellbook Box,187500,220000,kro,7,3
101565,Shadow Spellbook Selection Box,101000,118500,kro,7,3
1682,Shadow Staff,0,0,,8,0
26118,Shadow Staff,0,0,,8,0
100378,Shadow Staff Remodeling Cube,0,0,,12,0
550045,Shadow Staff-LT,0,0,,8,0
2426,Shadow Walk,92000,108000,kro,7,0
2486,Shadow Walk,92000,108000,kro,4,0
24012,Shadow Weapon,3679500,4319500,kro,4,0
25729,Shadowdecon,16000,19000,kro,12,18
100214,Shadowdecon Gemstone Box,115000,135000,kro,7,3
25728,Shadowdecon Ore,920,1050,kro,12,36
24529,Shadowspell Shadow Earring,1840000,2160000,kro,2,0
24528,Shadowspell Shadow Pendant,4600000,5400000,kro,2,0
24527,Shadowspell Shadow Weapon,5520000,6480000,kro,2,0
5243,Shafka,46000,54000,ragnastats,8,0
5841,Shaman Hat,0,0,,8,0
1000952,Shamrock Flower Ring,6400,7550,kro,12,3
15857,Shang Tsung's Rainbow (OSM),0,0,,8,0
15450,Shao Kahn Yoroi (OSM),0,0,,8,0
15845,Shao Kahn's Helmet (OSM),0,0,,8,0
1001834,Shape of Fallen Serpent,31000,36500,kro,12,3
2803,Shape Shifter,82500,97000,npc,8,0
27422,Shard of Agility Jewel,0,0,,6,3
27423,Shard of Dexterity Jewel,0,0,,6,3
27424,Shard of Fatality Jewel,0,0,,6,3
27426,Shard of Intelligence Jewel,0,0,,6,3
27421,Shard of Strength Jewel,0,0,,6,3
27425,Shard of Vitality Jewel,0,0,,6,3
2596,Sharel Manteau,0,0,,8,0
2159,Sharel Shield,8740000,10260000,kro,2,0
22055,Sharel Shoes,8740000,10260000,kro,2,0
1100036,Sharing Fish,0,0,,12,0
6770,Shark,0,0,,12,3
28779,Shark Knife,0,0,,8,0
22770,Shark Skewer,0,0,,12,3
29135,Sharp 1,0,0,,6,0
29136,Sharp 2,0,0,,6,0
29137,Sharp 3,0,0,,6,0
29138,Sharp 4,0,0,,6,0
29139,Sharp 5,0,0,,6,0
1764,Sharp Arrow,20,28,ragnastats,12,0
23061,Sharp Arrow Quiver,0,0,,12,0
1000834,Sharp Bone Fragment,0,0,,12,3
7100,Sharp Leaf,2150,2500,ragnastats,54,72
13253,Sharp Leaf Shuriken,10,14,ragnastats,12,0
7112,Sharp Paper,1550,1850,ragnastats,36,6
963,Sharp Scale,1050,1250,ragnastats,36,36
300117,Sharp Spell Card,736000,864000,kro,4,3
18194,Sharp Star,0,0,,8,0
18185,Sharp Star Bow,3220000,3780000,kro,2,0
1001142,Sharp Wolf's Claw,0,0,,12,0
4818,Sharp1,0,0,,6,0
4817,Sharp2,0,0,,6,0
4816,Sharp3,0,0,,6,0
4843,Sharp4,0,0,,6,0
4844,Sharp5,0,0,,6,0
1260,Sharpened Legbone of Ghoul,76500,90000,ragnastats,8,0
310909,Sharpness of Swordsman,0,0,,6,0
480670,Sharpshooter Muffler,6440000,7560000,kro,2,0
24610,Shatter Buster Shadow Earring,0,0,,8,0
24611,Shatter Buster Shadow Pendant,690000,810000,kro,4,0
24612,Shatter Buster Shadow Shoes,0,0,,8,0
18702,Shaving Cream,0,0,,8,0
18965,Shaving Foam,0,0,,8,0
2569,Shawl Of Affection,0,0,,11,0
2570,Shawl Of Judgement,1750000,2054500,ragnastats,3,0
5133,Sheep Hat,46000,54000,ragnastats,8,0
16717,Sheep Hat Box,17,24,npc,12,0
16718,Sheep Hat Box,0,0,,12,0
5213,Sheila Hairnet,0,0,,8,0
935,Shell,425,575,kro,76,72
4273,Shell Fish Card,31500,37000,ragnastats,6,3
1000506,Shell of Awareness,4750,5600,estimate,12,0
310227,Shelter Lv1,0,0,,6,0
310228,Shelter Lv2,0,0,,6,0
310229,Shelter Lv3,0,0,,6,0
310230,Shelter Lv4,0,0,,6,0
310231,Shelter Lv5,0,0,,6,0
15139,Shepherd Clothes,0,0,,8,0
450423,Sheratan,0,0,,8,0
2105,Shield,51500,60000,kro,8,0
2106,Shield,55000,64500,kro,8,0
12692,Shield Card Album,0,0,,12,3
311048,Shield Chain Tuning Device,0,0,,6,0
28982,Shield of Angel,0,0,,8,0
28918,Shield of Chaos,0,0,,8,0
2177,Shield Of Death,0,0,,8,0
28909,Shield Of Earth,0,0,,8,0
28906,Shield Of Flame,0,0,,8,0
2187,Shield of Gray,0,0,,8,0
28907,Shield Of Gust,0,0,,8,0
2134,Shield of Naga,184000,216000,kro,7,0
460023,Shield of Phoenix,0,0,,8,0
28908,Shield Of Water,0,0,,8,0
32263,Shield Ring,0,0,,8,0
1270041,Shield Shooter Shadow Armor,2760000,3240000,kro,2,0
1270042,Shield Shooter Shadow Shoes,3680000,4320000,kro,2,0
311047,Shield Shooting Tuning Device,0,0,,6,0
460088,Shingaimutou,0,0,,8,0
6222,Shining Beads,0,0,,12,0
28589,Shining Branch Amulet,0,0,,8,0
6406,Shining Cendrawasih Feather,8,12,npc,12,0
1001660,Shining Crimson Magic Stone,2300,2700,kro,12,3
5310,Shining Electric Bulb Hairband,0,0,,8,0
1001122,Shining Herosria Diamond,0,0,,12,3
1001121,Shining Herosria Emerald,0,0,,12,3
1001118,Shining Herosria Ruby,0,0,,12,3
1001120,Shining Herosria Sapphire,0,0,,12,3
1001119,Shining Herosria Topaz,0,0,,12,3
11600,Shining Holy Water,16500,19500,ragnastats,12,3
28355,Shining Holy Water,16500,19500,sibling,8,0
1001649,Shining Ice Coral,644000,756000,kro,7,3
610045,Shining Light Katar,0,0,,8,0
1001663,Shining Livid Magic Stone,4100,4850,kro,12,3
470171,Shining Priest's Boots,0,0,,8,0
480224,Shining Priest's Cloak,0,0,,8,0
490261,Shining Priest's Ring,0,0,,8,0
15471,Shining Priest's Robe,0,0,,8,0
954,Shining Scale,1700,2050,kro,51,36
300360,Shining Seaweed Card,1288000,1512000,kro,2,3
530028,Shining Silver Spear,0,0,,8,0
1001035,Shining Snow Flower Magic Stone Extract,26500,31000,kro,12,3
1000813,Shining Snowflower Gem,31500,37000,kro,12,3
7109,Shining Spear Blade,2208000,2592000,kro,4,0
25265,Shining Spore,290,390,npc,36,6
640,Shining Stone,161000,189000,kro,31,3
18513,Shining Sunflower,0,0,,8,0
1001657,Shining Sunset Magic Stone,3450,4050,kro,12,3
2998,Shining Trapezohedron,0,0,,8,0
1001654,Shining Turquoise Magic Stone,3650,4300,kro,12,3
312269,Shinkiro & Shiranui Soul (Cold Blooded Cannon),0,0,,6,0
312272,Shinkiro & Shiranui Soul (Darkening Cannon),0,0,,6,0
312271,Shinkiro & Shiranui Soul (Golden Dragon Cannon),0,0,,6,0
312267,Shinkiro & Shiranui Soul (Huuma Shuriken - Constr,0,0,,6,0
312266,Shinkiro & Shiranui Soul (Huuma Shuriken - Grasp),0,0,,6,0
312273,Shinkiro & Shiranui Soul (Kunai - Distortion),0,0,,6,0
312274,Shinkiro & Shiranui Soul (Kunai - Refraction),0,0,,6,0
312268,Shinkiro & Shiranui Soul (Red Flame Cannon),0,0,,6,0
312275,Shinkiro & Shiranui Soul (Shadow Dance),0,0,,6,0
312276,Shinkiro & Shiranui Soul (Shadow Flash),0,0,,6,0
312270,Shinkiro & Shiranui Soul (Thundering Cannon),0,0,,6,0
312398,Shinkiro Stone (Garment),174800000,205200000,kro,2,0
1001322,Shinkiro Stone (Garment),174800000,205200000,kro,4,0
4230,Shinobi Card,398500,468000,ragnastats,5,3
9044,Shinobi Egg,989500,1161500,ragnastats,4,0
2654,Shinobi Sash,13500,16000,ragnastats,11,0
28350,Shinobi Sash,13500,16000,sibling,8,0
28485,Shinobi Sash H,0,0,,8,0
28435,Shinobi Secret Scroll,0,0,,8,0
28300,Shinobi Short Sword,0,0,,8,0
9897,Shiny Doll Button,0,0,,12,0
400060,Shiny Kitty Crown,0,0,,8,0
12071,Shiny Marinade Beef,8350,9800,ragnastats,12,3
25509,Shiny Round Shell,2750,3200,kro,12,0
1000831,Shiny Seaweed Stem,13500,16000,kro,12,3
10041,Shiny Star Button,0,0,,12,0
27287,Shiny Teddy Bear Card,990000,1162000,estimate,2,3
27369,Shiny Teddy Bear Card,0,0,,6,0
5274,Shiny Wig,0,0,,8,0
12357,Shiny Wing Gown,17,24,npc,12,0
312399,Shiranui Stone (Garment),193200000,226800000,kro,2,0
1001323,Shiranui Stone (Garment),193200000,226800000,kro,4,0
1298,Shiver Katar,0,0,,8,0
100276,Shiver Katar Modification Cube,0,0,,12,0
610033,Shiver Katar-LT,0,0,,8,0
22067,Shoe of Witch,0,0,,8,0
2403,Shoes,3200,3750,kro,8,0
2404,Shoes,9200,10500,kro,8,0
470229,Shoes,6200,7250,sibling,8,0
470232,Shoes,6200,7250,sibling,8,0
12694,Shoes Card Album,0,0,,12,3
2471,Shoes Of Affection,0,0,,11,0
22142,Shoes Of Guardsman,0,0,,8,0
2472,Shoes Of Judgement,4162000,4886000,ragnastats,3,0
22120,Shoes of Punishment,0,0,,8,0
22182,Shoes of Punishment,0,0,,8,0
22225,Shoes of Punishment,0,0,,8,0
470106,Shoes of Purge,0,0,,8,0
2482,Shoes Of Valor,0,0,,8,0
711,Shoot,18000,21500,kro,51,18
311856,Shooter Orb 10Lv,0,0,,6,0
311857,Shooter Orb 11Lv,0,0,,6,0
311858,Shooter Orb 12Lv,0,0,,6,0
311859,Shooter Orb 13Lv,0,0,,6,0
311860,Shooter Orb 14Lv,0,0,,6,0
311861,Shooter Orb 15Lv,0,0,,6,0
311847,Shooter Orb 1Lv,0,0,,6,0
311848,Shooter Orb 2Lv,0,0,,6,0
311849,Shooter Orb 3Lv,0,0,,6,0
311850,Shooter Orb 4Lv,0,0,,6,0
311851,Shooter Orb 5Lv,0,0,,6,0
311852,Shooter Orb 6Lv,0,0,,6,0
311853,Shooter Orb 7Lv,0,0,,6,0
311854,Shooter Orb 8Lv,0,0,,6,0
311855,Shooter Orb 9Lv,0,0,,6,0
24463,Shooting Shadow Earring,2576000,3024000,kro,4,0
24462,Shooting Shadow Pendant,920000,1080000,kro,4,0
24461,Shooting Shadow Weapon,1380000,1620000,kro,4,0
25636,Shooting Stone,57500,67500,estimate,12,6
25263,Short Bat Hair,670,905,npc,36,6
25779,Short Binding Rope,14000,16500,estimate,36,6
1094,Short Daenggie,3500,4150,ragnastats,54,18
300305,Short Reflection 5%,0,0,,6,0
27170,Shotgun Buffalo Bandit Card,1932000,2268000,kro,2,3
7196,Shoulder Protector,575,780,ragnastats,51,36
18902,Shovel Hat,0,0,,8,0
5510,Shower Cap,0,0,,8,0
18684,Showy High Cap,0,0,,8,0
567,Shrimp,305,415,ragnastats,12,6
18791,Shrine Maiden Hat,0,0,,11,0
15977,Shrine Maiden Ribbon,0,0,,8,0
29144,Shrink Effect,0,0,,6,0
25205,Shrink Effect (Bottom),239200000,280800000,kro,4,0
25138,Shrink Effect (Middle),31004000,36396000,kro,4,0
13250,Shuriken,1,3,ragnastats,12,0
11540,Shyai Choco,0,0,,12,0
19462,Siam Cat in mouth,0,0,,8,0
4553,Sid Card,0,0,,6,3
4117,Sidewinder Card,3219500,3779500,kro,16,3
1776,Siege Arrow A,42,58,ragnastats,12,0
12678,Siege Arrow Quiver A,1,3,npc,12,3
12677,Siege Arrow Quiver S,1,3,npc,12,3
1775,Siege Arrow S,8,12,npc,12,0
11549,Siege Blue Potion,2300,2750,ragnastats,54,6
12680,Siege Blue Potion Box,25500,30000,ragnastats,54,36
2484,Siege Boots,437000,513000,estimate,7,0
2483,Siege Greaves,346500,406500,estimate,7,0
6615,Siege Guild Coin,9200,10500,kro,12,3
2586,Siege Manteau,160500,188500,estimate,4,0
2587,Siege Muffler,488500,573500,estimate,7,0
15046,Siege Plate,164000,192500,estimate,4,0
11547,Siege Purple Potion,4000,4700,ragnastats,36,18
15048,Siege Robe,161500,189500,estimate,4,0
2485,Siege Shoes,228500,268500,estimate,7,0
15047,Siege Suit,134500,157500,estimate,4,0
12676,Siege Violet Potion Box,17,24,npc,54,36
12683,Siege Violet Potion Box (200),0,0,,12,3
11548,Siege White Potion,2000,2350,ragnastats,54,6
12679,Siege White Potion Box,15500,18000,ragnastats,54,36
19285,Siegfried's Helmet,0,0,,8,0
300296,Sieglouse Card,644000,756000,kro,4,3
20808,Sight Amistr Bag,248000,291500,npc,4,0
310336,Sight Lv1,0,0,,6,0
313007,Signed of Wisdom 1Lv,0,0,,6,0
313008,Signed of Wisdom 2Lv,0,0,,6,0
313009,Signed of Wisdom 3Lv,0,0,,6,0
313010,Signed of Wisdom 4Lv,0,0,,6,0
313011,Signed of Wisdom 5Lv,0,0,,6,0
312987,Signet of Concentration 1Lv,0,0,,6,0
312988,Signet of Concentration 2Lv,0,0,,6,0
312989,Signet of Concentration 3Lv,0,0,,6,0
312990,Signet of Concentration 4Lv,0,0,,6,0
312991,Signet of Concentration 5Lv,0,0,,6,0
313002,Signet of Creative 1Lv,0,0,,6,0
313003,Signet of Creative 2Lv,0,0,,6,0
313004,Signet of Creative 3Lv,0,0,,6,0
313005,Signet of Creative 4Lv,0,0,,6,0
313006,Signet of Creative 5Lv,0,0,,6,0
312982,Signet of Power 1Lv,0,0,,6,0
312983,Signet of Power 2Lv,0,0,,6,0
312984,Signet of Power 3Lv,0,0,,6,0
312985,Signet of Power 4Lv,0,0,,6,0
312986,Signet of Power 5Lv,0,0,,6,0
312992,Signet of Spell 1Lv,0,0,,6,0
312993,Signet of Spell 2Lv,0,0,,6,0
312994,Signet of Spell 3Lv,0,0,,6,0
312995,Signet of Spell 4Lv,0,0,,6,0
312996,Signet of Spell 5Lv,0,0,,6,0
312997,Signet of Stamina 1Lv,0,0,,6,0
312998,Signet of Stamina 2Lv,0,0,,6,0
312999,Signet of Stamina 3Lv,0,0,,6,0
313000,Signet of Stamina 4Lv,0,0,,6,0
313001,Signet of Stamina 5Lv,0,0,,6,0
490131,Signet of Star,0,0,,8,0
312016,Sigrun Orb (Caster),0,0,,6,0
312017,Sigrun Orb (Critical),0,0,,6,0
312012,Sigrun Orb (Defense),0,0,,6,0
312020,Sigrun Orb (Heal),0,0,,6,0
312018,Sigrun Orb (Health),0,0,,6,0
312013,Sigrun Orb (Magic Defense),0,0,,6,0
312019,Sigrun Orb (Mental),0,0,,6,0
312015,Sigrun Orb (Quick),0,0,,6,0
23195,Sigrun Scroll,0,0,,12,0
24326,Sigrun Shadow Armor,2741500,3218000,kro,4,0
23924,Sigrun Shadow Box,0,0,,12,0
24327,Sigrun Shadow Shield,0,0,,12,0
19085,Sigrun's Wings,0,0,,8,0
23868,Sigrun's Wings SynthesisBox,0,0,,12,3
25127,Silent Energy Particle,4900,5750,estimate,36,18
300239,Silent Maya Card,2536000,2977500,estimate,2,3
6937,Silicone Shell,0,0,,12,3
23952,Silit Pong Box,237360000,278640000,kro,4,3
18943,Silk Hat of Earth,0,0,,8,0
7051,Silk Mat,0,0,,12,0
410207,Silk of Soul,0,0,,8,0
10007,Silk Ribbon,10000,12000,kro,27,0
2321,Silk Robe,6600,7750,npc,8,0
2322,Silk Robe,6600,7750,npc,11,0
15262,Silk Robe,0,0,,8,0
300099,Silva Papilia Card,2159500,2535000,estimate,2,3
29129,Silver,0,0,,6,0
300018,Silver Acidus Card,110000,129500,kro,4,3
1751,Silver Arrow,3,5,ragnastats,12,0
12009,Silver Arrow Quiver,4600,5400,ragnastats,18,3
6508,Silver Bracelet,255,345,npc,12,36
13221,Silver Bullet,4,6,npc,12,0
7229,Silver Bullion,539000,633000,ragnastats,7,3
18588,Silver Bunny Hairband,6900000,8100000,ragnastats,2,0
12151,Silver Cartridge,12500,14500,ragnastats,12,3
22738,Silver Cartridge,1250,1500,ragnastats,12,0
2637,Silver Christmas Ring,0,0,,8,0
7916,Silver Coin,24500,28500,ragnastats,12,0
25764,Silver Dragon Orb,50000,59000,estimate,36,36
15396,Silver Dragon Plate,0,0,,8,0
2146,Silver Guard,1288000,1512000,kro,3,0
638,Silver Knife of Chastity,151500,178000,kro,7,3
7232,Silver Ore,0,0,,12,0
7077,Silver Ornament,4471000,5248500,estimate,4,3
2611,Silver Ring,16500,19000,npc,8,0
7947,Silver Ring Of Valentine,0,0,,12,0
2332,Silver Robe,5750,6800,npc,8,0
2333,Silver Robe,5750,6800,npc,11,0
15267,Silver Robe,0,0,,8,0
401055,Silver Stardust Crown,2300000,2700000,kro,2,0
23545,Silver Statue,782000,918000,kro,7,0
5261,Silver Tiara,0,0,,8,0
12840,Silver Treasure Box,0,0,,12,0
2949,Silversmith Bracelet,736000,864000,kro,7,0
11617,Silvervine Chocoball,0,0,,12,0
24643,Silvervine Shadow Earring,598000,702000,kro,4,0
24644,Silvervine Shadow Pendant,6440000,7560000,kro,2,0
24645,Silvervine Shadow Shoes,2760000,3240000,kro,2,0
300378,Simulation Juncea Card,32200000,37800000,kro,2,3
6463,Sin Sun Jeonsul,0,0,,12,0
7085,Sinew of Bear,1,2,npc,12,3
490051,Sinful Amethyst Necklace,1288000,1512000,kro,2,0
490050,Sinful Amethyst Ring,920000,1080000,kro,2,0
490047,Sinful Emerald Necklace,4830000,5670000,kro,2,0
490046,Sinful Emerald Ring,4830000,5670000,kro,2,0
490055,Sinful Opal Necklace,1610000,1890000,kro,2,0
490054,Sinful Opal Ring,0,0,,8,0
490045,Sinful Ruby Necklace,8970000,10530000,kro,2,0
490044,Sinful Ruby Ring,18400000,21600000,kro,2,0
490053,Sinful Sapphire Necklace,4140000,4860000,kro,2,0
490052,Sinful Sapphire Ring,2300000,2700000,kro,2,0
490049,Sinful Topaz Necklace,1380000,1620000,kro,2,0
490048,Sinful Topaz Ring,1840000,2160000,kro,2,0
629,Singing Flower,43000,50500,kro,54,3
27108,Singing Pere Card,6900000,8100000,kro,2,3
707,Singing Plant,13500,16000,kro,76,6
1052,Single Cell,39,53,kro,36,36
22686,Single Cookie,18000,21500,kro,12,0
6324,Single Horned Helmet,595,805,npc,12,36
25130,Sinister Energy Particle,3050,3600,estimate,36,18
18558,Sinsuncho Hat,0,0,,8,0
4530,Siorava Card,552000,648000,kro,4,3
300609,Sirena Card,2760000,3240000,kro,2,3
4416,Siroma Card,920000,1080000,kro,3,3
12432,Siroma Iced Tea,138000,162000,kro,32,3
18690,Sirt Evil Eye,0,0,,8,0
13100,Six Shooter,54000,63500,estimate,8,0
13101,Six Shooter,3700,4350,npc,8,0
490038,Sixth Sense Ring,0,0,,8,0
23856,Size Shadow SynthesisBox,0,0,,12,3
15449,Skarlet's Robe (OSM),0,0,,8,0
4406,Skeggiold Card,460000,540000,kro,4,3
9187,Skeggiold Egg,920000,1080000,kro,4,0
932,Skel-Bone,510,690,kro,76,72
7450,Skeletal Armor Piece,92000,108000,kro,7,9
4025,Skeleton Card,92000,108000,kro,5,3
4221,Skeleton General Card,1085500,1274000,kro,2,3
2511,Skeleton Manteau,0,0,,8,0
4222,Skeleton Prisoner Card,137500,161000,kro,5,3
4092,Skeleton Worker Card,634500,745000,kro,5,3
11590,Skewer No.5,0,0,,12,3
27332,Skia Card,0,0,,6,3
300226,Skia Nerius (Sign Stamp) Card,0,0,,6,0
27333,Skia Nerius Card,1840000,2160000,kro,11,3
29373,Skill Delay - 15%,0,0,,6,0
100213,Skill Shadow Armor Recipe,0,0,,12,0
100198,Skill Shadow Cube,276000,324000,kro,7,3
100211,Skill Shadow Earring Recipe,0,0,,12,0
100210,Skill Shadow Pendant Recipe,0,0,,12,0
100209,Skill Shadow Shield Recipe,0,0,,12,0
100212,Skill Shadow Shoes Recipe,0,0,,12,0
100208,Skill Shadow Spellbook (Magic),138000,162000,kro,7,3
100207,Skill Shadow Spellbook (Melee),137500,161500,kro,7,3
100151,Skill Shadow Weapon Recipe,0,0,,12,3
313320,Skill Stone (Firewall Lv.10),0,0,,6,0
311882,Skill Stone (Increase AGI Lv10),0,0,,6,0
20837,Skin of Gwiber,0,0,,8,0
6603,Skin Of Hraesvelg,1,2,npc,12,3
20949,Skin of Ladon,0,0,,8,0
20836,Skin of Lindwyrm,765,1000,npc,8,0
20845,Skin of Malach,0,0,,8,0
20962,Skin of Typhon,0,0,,8,0
2536,Skin of Ventus,639500,751000,estimate,4,0
1968,Skipping Rope,43500,51000,ragnastats,11,0
300508,Skipskipper Card,2668000,3132000,kro,2,3
1001644,Skipskipper Fin,3650,4300,kro,12,3
1049,Skirt of Virgin,1550,1800,npc,51,3
4404,Skogul Card,199500,234000,ragnastats,4,3
7005,Skull,3650,4300,kro,36,72
18539,Skull Cap,920,1050,npc,11,0
10001,Skull Helm,20000,24000,kro,12,0
2609,Skull Ring,8250,9700,npc,11,0
2715,Skull Ring,379000,445000,estimate,4,0
490102,Skull Ring,0,0,,8,0
490130,Sky Blow Ring,0,0,,8,0
24480,Sky Blow Shadow Pendant,3220000,3780000,kro,2,0
24479,Sky Blow Shadow Weapon,3542000,4158000,kro,2,0
1001981,Sky Blue Hal,0,0,,12,3
15060,Sky Blue Smock,0,0,,8,0
4158,Sky Deleter Card,294000,345500,kro,32,3
312280,Sky Emperor Soul (Dawn Break),0,0,,6,0
312279,Sky Emperor Soul (Midnight Kick),0,0,,6,0
312277,Sky Emperor Soul (Noon Blast),0,0,,6,0
313569,Sky Emperor Soul (Sky Moon),0,0,,6,0
313568,Sky Emperor Soul (Sky Sun),0,0,,6,0
312282,Sky Emperor Soul (Star Cannon),0,0,,6,0
313570,Sky Emperor Soul (Star Light Kick),0,0,,6,0
312278,Sky Emperor Soul (Sunset Blast),0,0,,6,0
312281,Sky Emperor Soul (Twinkling Galaxy),0,0,,6,0
312476,Sky Emperor Stone (Garment),211600000,248400000,kro,2,0
1001419,Sky Emperor Stone (Garment),211600000,248400000,kro,4,0
18726,Sky Helm,0,0,,8,0
6537,Sky Medal,0,0,,12,0
24481,Sky Net Blow Shadow Earring,2760000,3240000,kro,2,0
4120,Sky Petite Card,211500,248000,kro,5,3
401118,Sky Rune Crown (Cardinal),828000,972000,kro,4,0
401117,Sky Rune Crown (Hyper Novice),920000,1080000,kro,2,0
401119,Sky Rune Crown (Inquisitor),552000,648000,kro,4,0
401115,Sky Rune Crown (Meister),828000,972000,kro,4,0
401120,Sky Rune Crown (Sky Emperor),3680000,4320000,kro,2,0
401116,Sky Rune Crown (Windhawk),432000,507500,kro,4,0
28145,Sky Rush Axe,1840000,2160000,kro,2,0
12814,Slapping Herb,1,2,npc,12,3
1526,Slash,1446500,1698000,ragnastats,2,0
24542,Slash Shadow Armor,2070000,2430000,kro,2,0
24543,Slash Shadow Shield,1840000,2160000,kro,2,0
24544,Slash Shadow Shoes,552000,648000,kro,4,0
500004,Slate Sword,0,0,,8,0
100328,Slate Sword Remodeling Cube,0,0,,12,0
500040,Slate Sword-LT,0,0,,8,0
1367,Slaughter,1453000,1706000,ragnastats,2,0
1151,Slayer,12000,14500,npc,8,0
1152,Slayer,12000,14500,npc,8,0
1153,Slayer,0,0,,8,0
1768,Sleep Arrow,25,35,ragnastats,12,0
300313,Sleep Resistance,0,0,,6,0
4228,Sleeper Card,91000,106500,kro,9,3
5659,Sleeper Hat,1228000,1441500,ragnastats,2,0
19400,Sleeper Hat,1228000,1441500,sibling,2,0
5867,Sleeping Cat,0,0,,8,0
18693,Sleeping Kitty Cat,0,0,,8,0
2410,Sleipnir,0,0,,8,0
2462,Sleipnir,0,0,,8,0
12556,Sleipnir Piece Box,0,0,,12,0
16364,Sleipnir R Box,0,0,,12,0
28944,Sleiporing Shield,0,0,,8,0
7111,Slick Paper,695,940,ragnastats,51,18
1001081,Slimy Fluid,16500,19500,estimate,12,0
7195,Slingshot,510,690,kro,36,18
540005,Sloth Bible,644000,756000,kro,4,0
5761,Sloth Hat,0,0,,8,0
16584,Sloth Hat Box,0,0,,12,0
540004,Sloth Text,92000,108000,kro,4,0
6188,Slotting Advertisement,17,24,npc,18,0
12017,Slow Potion,46000,54000,kro,12,3
13212,Slug Ammunition H,635,860,npc,12,0
13210,Slug Ammunition L,210,285,npc,12,0
13211,Slug Ammunition M,425,575,npc,12,0
13213,Slug Ammunition SH,920,1050,npc,12,0
13214,Slug Ammunition XH,1100,1250,npc,12,0
25187,Slug Bullet,920,1050,npc,12,0
12353,Small Bottle,10000,12000,ragnastats,12,6
6319,Small Bradium,52000,61000,ragnastats,12,0
18503,Small Devil Horns,85500,100500,estimate,8,0
18843,Small Deviling Hat,0,0,,8,0
25766,Small Dragon Bone,3650,4300,kro,36,18
2764,Small Fishing Rod,0,0,,8,0
25784,Small Flashlight,0,0,,12,3
12318,Small Hearts,0,0,,12,0
14373,Small Hearts Box,0,0,,12,0
1000950,Small Jellopy,154000,180500,kro,7,3
23189,Small Needle Kit,73500,86000,kro,12,0
1000933,Small notebook and fountain pen,115000,135000,kro,7,3
1001905,Small Part Piece,0,0,,12,3
18841,Small Poring Band,0,0,,8,0
5085,Small Ribbons,460000,540000,kro,4,0
18608,Small Ribbons,460000,540000,kro,4,0
7613,Small Rice Cake Dough,3200,3750,ragnastats,12,0
1001076,Small Sewing Kit,20500,24000,estimate,12,0
24074,Small Shadow Armor,2300000,2700000,kro,4,0
24077,Small Shadow Weapon,0,0,,12,0
1000515,Small Shovel,15000,17500,estimate,36,6
6098,Small Snow Flower,920,1050,ragnastats,12,3
6792,Small Stone (Upper),0,0,,6,0
6592,Small Wooden Chest,1,2,npc,12,36
313414,Smart of Yorscalp 1Lv,0,0,,6,0
313416,Smart of Yorscalp 2Lv,0,0,,6,0
313415,Smart of Yorscalp 3Lv,0,0,,6,0
313417,Smart of Yorscalp 4Lv,0,0,,6,0
1507,Smasher,7450,8700,npc,8,0
1508,Smasher,3850,4550,ragnastats,8,0
1509,Smasher,3850,4550,sibling,8,0
102125,Smelting Hammer Random Set,0,0,,12,3
102017,Smelting Mocadas Equipment 9~10,0,0,,12,0
300273,Smile Giver Card,920000,1080000,kro,2,3
5203,Smiling Mask,0,0,,8,0
6214,Smoke Powder,1600,1850,ragnastats,36,18
400152,Smokey's Transformation Leaf-LT,104880000,123120000,kro,2,0
4044,Smokie Card,460000,540000,kro,5,3
9015,Smokie Egg,184000,216000,kro,7,0
5064,Smokie Leaf,690000,810000,ragnastats,4,0
19265,Smokie Transformation Leaf,110400000,129600000,kro,2,0
23865,Smokie's Transformation Leaf SynthesisBox,27600000,32400000,kro,4,3
12057,Smooth Noodle,2050,2400,ragnastats,12,3
11052,SN Book Basic,0,0,,12,0
11054,SN Book Misc,0,0,,12,0
11053,SN Book Practice,0,0,,12,0
946,Snail's Shell,920,1050,kro,36,36
7648,Snake Bookmark,0,0,,12,0
4037,Snake Card,82500,97000,kro,9,3
18872,Snake Hat,0,0,,8,0
5388,Snake Head Hat,0,0,,11,0
2987,Snake Pendant,0,0,,8,0
400710,Snake Queen Crown,0,0,,8,0
2986,Snake Ring,0,0,,8,0
926,Snake Scale,595,805,kro,36,72
1001637,Snake Shape Dagger Piece,2350,2750,kro,12,3
1001636,Snake Shape Ornament,1550,1800,kro,12,3
1001628,Snake Shape Rosary,1700,2050,kro,12,3
1001635,Snake Shape Stick,1350,1600,kro,12,3
25773,Snake's Venom,14000,16000,estimate,36,6
4367,Sniper Card,129636500,152182000,estimate,2,0
29430,Sniper Stone (Bottom),1840000,2160000,kro,2,0
25415,Sniper Stone (Lower),1840000,2160000,kro,4,0
25414,Sniper Stone (Middle),5520000,6480000,kro,4,0
29429,Sniper Stone (Middle),5520000,6480000,kro,2,0
25413,Sniper Stone (Upper),1380000,1620000,kro,4,0
29428,Sniper Stone (Upper),1380000,1620000,kro,2,0
310002,Sniper Stone II (Bottom),2760000,3240000,kro,2,0
1000010,Sniper Stone II (Bottom),2760000,3240000,kro,4,0
310001,Sniper Stone II (Middle),2300000,2700000,kro,2,0
1000009,Sniper Stone II (Middle),2300000,2700000,kro,4,0
310000,Sniper Stone II (Top),1840000,2160000,kro,2,0
1000008,Sniper Stone II (Top),1840000,2160000,kro,4,0
470006,Sniping Shoes,0,0,,8,0
470007,Sniping Shoes,0,0,,8,0
2367,Sniping Suit,92000,108000,ragnastats,7,0
20857,Sniping Veil,0,0,,8,0
23548,Snow Candy,2550,3000,ragnastats,12,0
23549,Snow Cookie,1,2,npc,12,0
7088,Snow Crystal,1,2,npc,12,3
23554,Snow Festa Card Pack,2300,2700,ragnastats,12,0
12812,Snow Flip,1,2,npc,12,3
1000608,Snow Flower,22500,26000,kro,12,3
23553,Snow Flower Festival Giftbox,1,2,npc,12,0
1001034,Snow Flower Magic Stone Extract,11500,14000,kro,12,3
480159,Snow Flower Manteau,1564000,1836000,kro,2,0
314891,Snow Flower of Magic,0,0,,6,0
314889,Snow Flower of Melee,0,0,,6,0
314890,Snow Flower of Range,0,0,,6,0
1000811,Snow Flower Ore,2300,2700,kro,12,3
12739,Snow Flowers,1,2,npc,12,18
12317,Snow Powder,5500,6450,ragnastats,12,0
300468,Snow Rabbit Slug Card,9200000,10800000,kro,2,3
25299,Snowball,1,2,npc,36,6
490179,Snowflake Earring,13800000,16200000,kro,2,0
102548,Snowflake Manastone Box,27500,32000,kro,12,3
490178,Snowflake Necklace,13800000,16200000,kro,2,0
490176,Snowflake Pendant,17480000,20520000,kro,2,0
101161,Snowflake Reward Box,0,0,,12,0
490177,Snowflake Ring,18400000,21600000,kro,2,0
450206,Snowflower Armor,1426000,1674000,kro,2,0
470115,Snowflower Boots,1840000,2160000,kro,2,0
1000812,Snowflower Gem,11000,12500,kro,12,3
480160,Snowflower Muffler,0,0,,8,0
450207,Snowflower Robe,0,0,,8,0
470116,Snowflower Shoes,0,0,,8,0
4415,Snowier Card,460000,540000,kro,5,3
300473,Snowstorm Angel Card,0,0,,6,3
1000563,Soa Charm,1,2,npc,12,0
1000878,Soap Base,0,0,,12,0
15278,Soaring Physical Armor,5796000,6804000,kro,2,0
19277,Soda in Mouth,0,0,,8,0
661,Soft Apron,138000,162000,kro,7,3
7194,Soft Blade of Grass,8450,9950,ragnastats,51,36
7063,Soft Feather,1250,1500,kro,76,72
1001232,Soft Fluorescent Cell (salty),0,0,,12,3
1001231,Soft Fluorescent Cell (Sour),8250,9700,kro,12,3
1002048,Soft Lava Jelly,0,0,,12,3
7166,Soft Silk,9200,10500,kro,51,18
450373,Softy Fawn Robe,0,0,,8,0
17598,Sograt Lucky Scroll,0,0,,12,0
4100,Sohee Card,1012000,1188000,kro,16,3
9020,Sohee Egg,8141000,9557000,ragnastats,4,0
31004,Soheon Card,0,0,,6,0
20701,Sol Manteau,460000,540000,kro,4,0
2165,Sol Shield,9199500,10799500,kro,2,0
22049,Sol Shoes,3680000,4320000,kro,2,0
310232,Solace Lv1,0,0,,6,0
310233,Solace Lv2,0,0,,6,0
310234,Solace Lv3,0,0,,6,0
310235,Solace Lv4,0,0,,6,0
310236,Solace Lv5,0,0,,6,0
29716,Solar,0,0,,6,0
490372,Solar Blessing,0,0,,8,0
1136,Solar Sword,88500,104000,kro,8,0
13427,Solar Sword,88500,104000,sibling,8,0
13430,Solar Sword,88500,104000,sibling,8,0
16428,Solar Sword Box,0,0,,12,0
17482,Solaris Festival Scroll,0,0,,12,0
4059,Soldier Andre Card,0,0,,6,3
4086,Soldier Skeleton Card,1380000,1620000,kro,3,3
21063,Solid Claymore,161000,189000,kro,4,0
510050,Solid Dagger,0,0,,8,0
500044,Solid Edge,0,0,,8,0
7190,Solid Husk,645,875,ragnastats,36,36
1001135,Solid Ice,0,0,,12,0
7507,Solid Iron Piece,8900,10000,ragnastats,36,36
540041,Solid Manual,0,0,,8,0
7164,Solid Peach,2150,2550,ragnastats,36,36
550055,Solid Rod,184000,216000,kro,4,0
24154,Solid Shadow Armor,897000,1053000,kro,7,0
24153,Solid Shadow Earring,0,0,,12,0
24155,Solid Shadow Pendant,690000,810000,kro,7,0
24152,Solid Shadow Weapon,483000,567000,kro,7,0
943,Solid Shell,765,1000,kro,76,72
530023,Solid Spear,460000,540000,kro,4,0
640031,Solid Staff,920000,1080000,kro,2,0
1067,Solid Trunk,195,270,ragnastats,36,36
550054,Solid Wand,644000,756000,kro,4,0
4220,Solider Card,576500,677000,ragnastats,4,3
2191,Solomon's Key,0,0,,8,0
490035,Solomon's Pendant,0,0,,8,0
490036,Solomon's Pendant,0,0,,8,0
25787,Somatology Experimental Fragment,3450,4100,kro,12,3
25786,Somatology Research Document,10000,11500,kro,12,3
2595,Sombre Manteau,2990000,3510000,kro,2,0
2164,Sombre Shield,8279500,9719500,kro,2,0
22048,Sombre Shoes,4278000,5022000,kro,2,0
5067,Sombrero,644000,756000,ragnastats,4,0
22838,Something Candy Holders,8,12,npc,12,0
311074,Song of Hero,0,0,,6,0
12822,Songpyun Box50,0,0,,12,0
7594,Sonia's Letter,0,0,,12,0
310398,Sonic Blow Lv.1,0,0,,6,0
310399,Sonic Blow Lv.2,0,0,,6,0
310400,Sonic Blow Lv.3,0,0,,6,0
310401,Sonic Blow Lv.4,0,0,,6,0
310402,Sonic Blow Lv.5,0,0,,6,0
24440,Sonic Shadow Armor,460000,540000,kro,7,0
24441,Sonic Shadow Shield,2576000,3024000,kro,4,0
24442,Sonic Shadow Shoes,276000,324000,kro,7,0
27055,Sorcerer Celia (MVP) Card,0,0,,6,0
4671,Sorcerer Celia Card,2719000,3192000,estimate,2,3
100358,Sorcerer Shadow Cube,0,0,,12,0
24310,Sorcerer Shadow Shield,3864000,4536000,kro,4,0
24297,Sorcerer Shadow Weapon,3680000,4320000,kro,4,0
25420,Sorcerer Stone (Garment),46000000,54000000,kro,4,0
311013,Sorcerer Stone (Lower),41400000,48600000,kro,2,0
1000674,Sorcerer Stone (Lower),41400000,48600000,kro,4,0
311012,Sorcerer Stone (Middle),69000000,81000000,kro,2,0
1000673,Sorcerer Stone (Middle),69000000,81000000,kro,4,0
311011,Sorcerer Stone (Upper),55200000,64800000,kro,2,0
1000672,Sorcerer Stone (Upper),55200000,64800000,kro,4,0
25802,Sorcerer Stone II (Bottom),777000,912500,kro,7,0
29615,Sorcerer Stone II (Bottom),777000,912500,kro,4,0
25801,Sorcerer Stone II (Garment),5520000,6480000,kro,4,0
29614,Sorcerer Stone II (Garment),5520000,6480000,kro,2,0
25803,Sorcerer Stone II (Middle),920000,1080000,kro,4,0
29616,Sorcerer Stone II (Middle),920000,1080000,kro,2,0
25804,Sorcerer Stone II (Upper),1380000,1620000,kro,4,0
29617,Sorcerer Stone II (Upper),1380000,1620000,kro,2,0
18793,Sorcerer's Night Cap,0,0,,11,0
29435,SorcererStone (Garment),46000000,54000000,kro,2,0
1270001,Sorcery Master Shadow Armor,1564000,1836000,kro,2,0
1270003,Sorcery Master Shadow Earring,1840000,2160000,kro,2,0
1270004,Sorcery Master Shadow Pendant,1840000,2160000,kro,2,0
1270002,Sorcery Master Shadow Shoes,2024000,2376000,kro,2,0
29721,Soul,0,0,,6,0
312287,Soul Ascetic Soul (Exorcism of Malicious Soul),0,0,,6,0
312286,Soul Ascetic Soul (Talisman of Black Tortoise),0,0,,6,0
312283,Soul Ascetic Soul (Talisman of Blue Dragon),0,0,,6,0
312289,Soul Ascetic Soul (Talisman of Four Bearing God),0,0,,6,0
312285,Soul Ascetic Soul (Talisman of Red Phoenix),0,0,,6,0
312288,Soul Ascetic Soul (Talisman of Soul Stealing),0,0,,6,0
312284,Soul Ascetic Soul (Talisman of White Tiger),0,0,,6,0
313361,Soul Ascetic Stone (Garment),828000000,972000000,kro,2,0
1001789,Soul Ascetic Stone (Garment),828000000,972000000,kro,4,0
314032,Soul Ascetic Stone II (Garment),147200000,172800000,kro,2,0
1002107,Soul Ascetic Stone II (Garment),147200000,172800000,kro,4,0
18003,Soul Cannon Ball,42,58,ragnastats,12,0
100173,Soul Cannon Ball Box,0,0,,12,0
7849,Soul Crystal,0,0,,12,0
1001185,Soul Essence,21500,25000,kro,12,3
490079,Soul Expansion Ring,0,0,,8,0
27289,Soul Fragment Card,363000,426500,kro,4,3
27371,Soul Fragment Card,363000,426500,sibling,4,0
550093,Soul Harvest,0,0,,8,0
23805,Soul Hat Box,0,0,,12,0
12092,Soul Haunted Bread,18000,21500,kro,12,18
550094,Soul Liberator,874000,1026000,kro,4,0
25845,Soul Linker Stone (Bottom),11868000,13932000,kro,4,0
29653,Soul Linker Stone (Bottom),11868000,13932000,kro,2,0
25844,Soul Linker Stone (Middle),1840000,2160000,kro,4,0
29652,Soul Linker Stone (Middle),1840000,2160000,kro,2,0
25843,Soul Linker Stone (Upper),2208000,2592000,kro,4,0
29651,Soul Linker Stone (Upper),2208000,2592000,kro,2,0
490305,Soul Magic Ring,138000000,162000000,kro,2,0
1001186,Soul Magical Water,0,0,,12,3
400644,Soul Mastery Crown,0,0,,8,0
25041,Soul Plunger,13800000,16200000,kro,4,3
312374,Soul Purifying Rune 10Lv,0,0,,6,0
312365,Soul Purifying Rune 1Lv,0,0,,6,0
312366,Soul Purifying Rune 2Lv,0,0,,6,0
312367,Soul Purifying Rune 3Lv,0,0,,6,0
312368,Soul Purifying Rune 4Lv,0,0,,6,0
312369,Soul Purifying Rune 5Lv,0,0,,6,0
312370,Soul Purifying Rune 6Lv,0,0,,6,0
312371,Soul Purifying Rune 7Lv,0,0,,6,0
312372,Soul Purifying Rune 8Lv,0,0,,6,0
312373,Soul Purifying Rune 9Lv,0,0,,6,0
24414,Soul Reaper Shadow Armor,6440000,7560000,kro,4,0
24415,Soul Reaper Shadow Shoes,4600000,5400000,kro,4,0
25842,Soul Reaper Stone (Garment),16560000,19440000,kro,4,0
29654,Soul Reaper Stone (Garment),16560000,19440000,kro,2,0
311468,Soul Reaper Stone (Lower),5060000,5940000,kro,2,0
1001052,Soul Reaper Stone (Lower),5060000,5940000,kro,4,0
311467,Soul Reaper Stone (Middle),40480000,47520000,kro,2,0
1001051,Soul Reaper Stone (Middle),40480000,47520000,kro,4,0
311466,Soul Reaper Stone (Upper),38640000,45360000,kro,2,0
1001050,Soul Reaper Stone (Upper),38640000,45360000,kro,4,0
314031,Soul Reaper Stone II (Lower),82800000,97200000,kro,2,0
1002106,Soul Reaper Stone II (Lower),82800000,97200000,kro,4,0
314030,Soul Reaper Stone II (Middle),13340000,15660000,kro,2,0
1002105,Soul Reaper Stone II (Middle),13340000,15660000,kro,4,0
314029,Soul Reaper Stone II (Upper),17480000,20520000,kro,2,0
1002104,Soul Reaper Stone II (Upper),17480000,20520000,kro,4,0
5257,Soul Ring,0,0,,8,0
1001182,Soul Rune,32000,37500,kro,12,3
312355,Soul Rune 1Lv,0,0,,6,0
312356,Soul Rune 2Lv,0,0,,6,0
312357,Soul Rune 3Lv,0,0,,6,0
312358,Soul Rune 4Lv,0,0,,6,0
312359,Soul Rune 5Lv,0,0,,6,0
101930,Soul Rune Enchantment,0,0,,12,0
1001181,Soul Rune Fragment,2750,3200,kro,12,3
490302,Soul Rune Ring,113620000,133380000,kro,2,0
12753,Soul Scroll,0,0,,12,0
24229,Soul Shadow Earring,0,0,,12,0
24230,Soul Shadow Pendant,0,0,,12,0
24228,Soul Shadow Weapon,690000,810000,kro,7,0
1472,Soul Staff,100500,118000,kro,4,0
101117,Soul Talisman Bundle,13500,16000,kro,12,0
5297,Soul Wing,0,0,,8,0
2899,Sound Amplification Device,46000000,54000000,kro,2,0
1001988,Sound Bean,0,0,,12,3
7670,Sour Grass,0,0,,12,0
594,Sour-Cream Pancake,9500,11000,ragnastats,12,6
1001198,Source of contamination,0,0,,12,3
5672,Southern Cross,0,0,,8,0
28201,Southern Cross,2318000,2721500,npc,2,0
28202,Southern Cross,0,0,,8,0
400470,Southern Tiara,0,0,,8,0
4993,SP Absorb 1,0,0,,6,0
310663,SP Absorbtion(Dual),23184000,27216000,kro,2,0
29032,SP Absorption 1,0,0,,6,0
1000525,SP Absorption Stone (Dual),23184000,27216000,kro,4,0
6964,SP Absorption Stone (Garment),25300000,29700000,kro,4,0
25000,SP Absorption Stone(Upper),18400000,21600000,kro,4,0
29374,SP Consumption - 15%,0,0,,6,0
312882,SP I,0,0,,6,0
312883,SP II,0,0,,6,0
312884,SP III,0,0,,6,0
12427,SP Increase Potion (Large),17500,21000,kro,18,3
12426,SP Increase Potion (Medium),17500,20500,ragnastats,12,3
12425,SP Increase Potion (Small),85,115,npc,12,3
312885,SP IV,0,0,,6,0
6984,SP Reactor Blueprint,0,0,,12,0
4932,SP recovery1,0,0,,6,0
6744,SP Stone (Middle),0,0,,6,0
4989,SP Supplement Reactor,0,0,,6,0
312886,SP V,0,0,,6,0
4801,SP+100,0,0,,6,0
310792,SP+100,0,0,,6,0
4802,SP+150,0,0,,6,0
310793,SP+200,0,0,,6,0
4870,SP+25,0,0,,6,0
4800,SP+50,0,0,,6,0
29050,SP+50,0,0,,6,0
4871,SP+75,0,0,,6,0
25208,SPAbsorb Stone (Garment),230000000,270000000,kro,4,0
25207,SPAbsorb Stone (Upper),276000000,324000000,kro,4,0
29208,SPabsorp2,0,0,,6,0
29209,SPabsorp2,0,0,,6,0
588,Spaghetti,0,0,,12,0
23367,Spaghetti and Sauce,0,0,,12,0
16008,Spanner,0,0,,8,0
16009,Spanner,0,0,,8,0
1270037,Spark Cannonade Shadow Armor,828000,972000,kro,4,0
1270038,Spark Cannonade Shadow Shoes,1288000,1512000,kro,2,0
300213,Spark Card,1518000,1782000,kro,2,3
19373,Sparkler Stick,0,0,,8,0
420312,Sparkling Stick,0,0,,8,0
1835,Spartacus,0,0,,8,0
908,Spawn,920,1050,kro,51,36
1404,Spear,1550,1800,kro,8,0
1405,Spear,18000,21500,kro,11,0
1406,Spear,1932000,2268000,kro,2,0
32003,Spear of Evil,0,0,,8,0
1494,Spear Of Odin,0,0,,8,0
4854,Special Agi,0,0,,6,0
7940,Special Alloy Trap,85,115,ragnastats,36,6
12341,Special Alloy Trap Box,8750,10000,ragnastats,12,3
300085,Special Alnoldi Card,1564000,1836000,kro,2,3
12602,Special Box I,0,0,,12,0
12603,Special Box II,0,0,,12,0
12604,Special Box III,0,0,,12,0
12605,Special Box IV,0,0,,12,0
12606,Special Box V,0,0,,12,0
22531,Special Christmas Box,0,0,,12,0
7702,Special Cogwheel,0,0,,12,0
6735,Special Condiment,0,0,,12,0
2810,Special Cooler,2300000,2700000,kro,2,0
4857,Special Dex,0,0,,6,0
20917,Special Doram Cape,0,0,,8,0
22187,Special Doram Shoes,0,0,,8,0
15277,Special Doram Suit,0,0,,8,0
105059,Special Enchant Stone Box,29440000,34560000,kro,4,0
22203,Special Environment Boots,0,0,,8,0
100416,Special Frozen Refine Box,0,0,,12,0
28582,Special Horse Mackerel Amulet,0,0,,8,0
4856,Special Int,0,0,,6,0
19096,Special Kafra Hat,276000000,324000000,kro,2,0
100424,Special Labyrinth Refine Box,0,0,,12,0
28585,Special Leaf Amulet,0,0,,8,0
100422,Special Luanda Refine Box,0,0,,12,0
4858,Special Luk,0,0,,6,0
12089,Special Meat Stew,68000,80000,ragnastats,12,3
102419,Special Melody Card,9150,10500,kro,12,0
12191,Special Moon Cake,0,0,,12,0
100392,Special Moonlight Refine Box,0,0,,12,0
15053,Special Ninja Suit,8250,9700,npc,8,0
15056,Special Ninja Suit,8250,9700,npc,8,0
12152,Special Present,0,0,,12,0
28588,Special Rabbit Amulet,0,0,,8,0
100752,Special Refinement Cube Box,0,0,,12,3
12077,Special Royal Jelly Herbal Tea,18000,21500,kro,12,18
101666,Special Shadow Spellbook Box,1775500,2084000,kro,4,3
23859,Special Shadow SynthesisBox,0,0,,12,3
7596,Special Shield,0,0,,12,0
23368,Special Shopper Catalog,11500,14000,kro,12,0
4853,Special Str,0,0,,6,0
7595,Special Sword,0,0,,12,0
100420,Special Teddy Bear Refine Box,0,0,,12,0
12093,Special Toast,63000,74000,ragnastats,12,3
100418,Special Turtle Island Refine Box,0,0,,12,0
100700,Special Twins Refinement Box,0,0,,12,0
100426,Special Underwater Refine Box,18400000,21600000,kro,4,0
100415,Special Vampire Refine Box,0,0,,12,0
4855,Special Vit,0,0,,6,0
1264,Specialty Jur,460000,540000,kro,4,0
1477,Spectral Spear,818500,961000,kro,7,0
1479,Spectral Spear,818500,961000,kro,4,0
300009,Spectrum Plasma Card,404500,475000,kro,4,3
450401,Speculation,0,0,,8,0
4877,Speed of Light,0,0,,6,0
313418,Speed of Yorscalp 1Lv,0,0,,6,0
313419,Speed of Yorscalp 2Lv,0,0,,6,0
313420,Speed of Yorscalp 3Lv,0,0,,6,0
313421,Speed of Yorscalp 4Lv,0,0,,6,0
12016,Speed Potion,635,860,kro,54,3
4885,Spell 1,0,0,,6,0
4886,Spell 2,0,0,,6,0
4887,Spell 3,0,0,,6,0
4888,Spell 4,0,0,,6,0
4889,Spell 5,0,0,,6,0
300112,Spell Addicted Dolor Card,920000,1080000,kro,2,3
300114,Spell Addicted Plaga Card,1288000,1512000,kro,2,3
300115,Spell Addicted Sanare Card,2944000,3456000,kro,2,3
100072,Spell Book(Chain Lightning),0,0,,12,0
100073,Spell Book(Comet),1380000,1620000,kro,4,0
100071,Spell Book(Crimson Rock),2760000,3240000,kro,4,0
100068,Spell Book(Drain Life),0,0,,12,0
100070,Spell Book(Earth Strain),0,0,,12,0
100069,Spell Book(Jack Frost),0,0,,12,0
100066,Spell Book(Lord of Vermilion),0,0,,12,0
100067,Spell Book(Meteor Storm),0,0,,12,0
100065,Spell Book(Storm Gust),0,0,,12,0
100074,Spell Book(Tetra Vortex),2760000,3240000,kro,4,0
24747,Spell Caster Shadow Armor,0,0,,8,0
101723,Spell Caster Shadow Armor Box,0,0,,12,0
24749,Spell Caster Shadow Earring,345000000,405000000,kro,2,0
101721,Spell Caster Shadow Earring Box,0,0,,12,0
24750,Spell Caster Shadow Pendant,0,0,,8,0
101722,Spell Caster Shadow Pendant Box,0,0,,12,0
101728,Spell Caster Shadow Selection Box,0,0,,12,3
24748,Spell Caster Shadow Shoes,0,0,,8,0
101724,Spell Caster Shadow Shoes Box,0,0,,12,0
101179,Spell Caster Shadow Spellbook,2116000,2484000,kro,4,3
101182,Spell Caster Shadow Thump Box,46000000,54000000,kro,4,3
19249,Spell Circuit,35880000,42120000,kro,2,0
23879,Spell Circuit SynthesisBox,2300000,2700000,kro,4,3
312778,Spell Jewel 10Lv,0,0,,6,0
312769,Spell Jewel 1Lv,0,0,,6,0
312770,Spell Jewel 2Lv,0,0,,6,0
312771,Spell Jewel 3Lv,0,0,,6,0
312772,Spell Jewel 4Lv,0,0,,6,0
312773,Spell Jewel 5Lv,0,0,,6,0
312774,Spell Jewel 6Lv,0,0,,6,0
312775,Spell Jewel 7Lv,0,0,,6,0
312776,Spell Jewel 8Lv,0,0,,6,0
312777,Spell Jewel 9Lv,0,0,,6,0
311426,Spell Magic Attack Stone (Garment),16123000,18927000,kro,2,0
1000922,Spell Magic Attack Stone (Garment),16123000,18927000,kro,4,0
24997,Spell Master Shadow Armor,5244000,6156000,kro,2,0
24999,Spell Master Shadow Earring,3496000,4104000,kro,2,0
1270000,Spell Master Shadow Pendant,3680000,4320000,kro,2,0
24998,Spell Master Shadow Shoes,5336000,6264000,kro,2,0
310923,Spell of Varmundt Lv1,0,0,,6,0
310924,Spell of Varmundt Lv2,0,0,,6,0
310925,Spell of Varmundt Lv3,0,0,,6,0
311806,Spell Orb 10Lv,0,0,,6,0
311807,Spell Orb 11Lv,0,0,,6,0
311808,Spell Orb 12Lv,0,0,,6,0
311809,Spell Orb 13Lv,0,0,,6,0
311810,Spell Orb 14Lv,0,0,,6,0
311811,Spell Orb 15Lv,0,0,,6,0
311812,Spell Orb 16Lv,0,0,,6,0
311813,Spell Orb 17Lv,0,0,,6,0
311814,Spell Orb 18Lv,0,0,,6,0
311815,Spell Orb 19Lv,0,0,,6,0
311797,Spell Orb 1Lv,0,0,,6,0
311816,Spell Orb 20Lv,0,0,,6,0
311798,Spell Orb 2Lv,0,0,,6,0
311799,Spell Orb 3Lv,0,0,,6,0
311800,Spell Orb 4Lv,0,0,,6,0
311801,Spell Orb 5Lv,0,0,,6,0
311802,Spell Orb 6Lv,0,0,,6,0
311803,Spell Orb 7Lv,0,0,,6,0
311804,Spell Orb 8Lv,0,0,,6,0
311805,Spell Orb 9Lv,0,0,,6,0
23855,Spell Shadow SynthesisBox,552000,648000,kro,7,3
311425,Spell Stone (Dual),69000000,81000000,kro,2,0
1000921,Spell Stone (Dual),69000000,81000000,kro,4,0
4815,Spell1,0,0,,6,0
4831,Spell10,0,0,,6,0
4814,Spell2,0,0,,6,0
4813,Spell3,0,0,,6,0
4812,Spell4,0,0,,6,0
4826,Spell5,0,0,,6,0
4827,Spell6,0,0,,6,0
4828,Spell7,0,0,,6,0
4829,Spell8,0,0,,6,0
4830,Spell9,0,0,,6,0
4847,Spelled Stone,0,0,,6,0
24112,Spellflow Shadow Armor,19780000,23220000,kro,4,0
24113,Spellflow Shadow Shield,18400000,21600000,kro,4,0
24323,Spellflow Shadow Shield II,14260000,16740000,kro,4,0
24111,Spellflow Shadow Shoes,18400000,21600000,kro,4,0
460057,Spenta Armaiti,0,0,,8,0
460025,Spenta Mainyu,0,0,,8,0
5053,Sphinx Hat,276000,324000,kro,7,0
5166,Sphinx Hat,276000,324000,kro,4,0
27203,Spica Card,0,0,,6,3
300225,Spica Nerius (Sign Stamp) Card,0,0,,6,0
27199,Spica Nerius Card,598000,702000,kro,4,3
12055,Spicy Fried Bao,13000,15500,ragnastats,12,3
6763,Spicy Rice Cake,0,0,,12,0
7455,Spicy Sauce,445,600,ragnastats,12,3
19328,Spider's Winks,0,0,,8,0
300556,Spiding Card,915000,1074500,kro,4,3
1523,Spike,23000,27000,ragnastats,8,0
1538,Spike,23000,27000,sibling,8,0
22149,Spiked Boots,0,0,,8,0
2258,Spiky Band,41000,48500,kro,11,0
5161,Spiky Band,184000,216000,kro,4,0
400095,Spinel Diadem,1840000,2160000,kro,2,0
24926,Spiral One Shadow Earring,1564000,1836000,kro,2,0
24927,Spiral One Shadow Pendant,920000,1080000,kro,2,0
311056,Spiral Shooting Tuning Device,0,0,,6,0
29696,Spirit Attribute (Weapon),0,0,,6,0
23842,Spirit Crown SynthesisBox,0,0,,12,3
410215,Spirit Ears,0,0,,8,0
313571,Spirit Handler Soul (Chulho Battering),0,0,,6,0
312264,Spirit Handler Soul (Chulho Sonic Claw),0,0,,6,0
312265,Spirit Handler Soul (Hogogong Strike),0,0,,6,0
312262,Spirit Handler Soul (Hyunrok Breeze),0,0,,6,0
312263,Spirit Handler Soul (Hyunrok Cannon),0,0,,6,0
313572,Spirit Handler Soul (Hyunrok Spirit Power),0,0,,6,0
313326,Spirit Handler Stone (Garment),92000000,108000000,kro,2,0
1001739,Spirit Handler Stone (Garment),92000000,108000000,kro,4,0
313737,Spirit Handler Stone II (Garment),345000000,405000000,kro,2,0
1001950,Spirit Handler Stone II (Garment),345000000,405000000,kro,4,0
25298,Spirit Jewel,1,2,npc,36,6
28394,Spirit King's Ring,0,0,,8,0
7824,Spirit Liquor,920,1050,ragnastats,12,3
24329,Spirit Magic Executioner Shadow Weapon,2070000,2430000,kro,4,0
1002138,Spirit Meteorite Extract,0,0,,12,3
7239,Spirit of Advance,0,0,,12,0
7237,Spirit of Association,0,0,,12,0
7235,Spirit of Charge,0,0,,12,0
420013,Spirit of Chun Yi,0,0,,8,0
7242,Spirit of Combination,0,0,,12,0
7243,Spirit of Cooperation,0,0,,12,0
7238,Spirit of Coordination,0,0,,12,0
7247,Spirit of Determination,0,0,,12,0
7083,Spirit of Fish,1,2,npc,12,3
7245,Spirit of Friendship,0,0,,12,0
7250,Spirit of Glory,0,0,,12,0
19135,Spirit of Green Maiden,229080000,268920000,kro,2,0
19136,Spirit of Green Maiden,229080000,268920000,kro,2,0
7234,Spirit of Guild,1,2,npc,12,0
7248,Spirit of Honor,0,0,,12,0
6599,Spirit Of Hugin,1,2,npc,12,3
6600,Spirit Of Munin,1,2,npc,12,3
7246,Spirit of Peace,0,0,,12,0
7236,Spirit of Protection,0,0,,12,0
7249,Spirit of Service,0,0,,12,0
7244,Spirit of Solidarity,0,0,,12,0
7240,Spirit of Trust,0,0,,12,0
7241,Spirit of Union,0,0,,12,0
7251,Spirit of Victory,0,0,,12,0
1001836,Spirit of Yorscalp,36500,43000,kro,12,3
26154,Spirit Pendulum,3450000,4050000,kro,2,0
100403,Spirit Pendulum Modification Cube,0,0,,12,0
550068,Spirit Pendulum-LT,0,0,,8,0
2962,Spirit Ring,0,0,,8,0
15242,Spirit Robe,0,0,,8,0
18538,Spirit Whispers,0,0,,8,0
20973,Spiritual Cloth,0,0,,8,0
6087,Spiritual Crystal,242000,284500,ragnastats,7,3
6088,Spiritual Crystal,303500,356000,ragnastats,7,3
2677,Spiritual Ring,253000,297000,kro,7,0
28432,Spiritual Ring,253000,297000,sibling,4,0
24079,Spiritual Shadow Earring,8279500,9719500,kro,4,0
24080,Spiritual Shadow Pendant,7360000,8640000,kro,4,0
24078,Spiritual Shadow Weapon,4830000,5670000,kro,4,0
24324,Spiritual Shadow Weapon II,7590000,8910000,kro,4,0
313133,SPL Assistance,0,0,,6,0
313134,SPL Enforcement,0,0,,6,0
311080,SPL Lv1,0,0,,6,0
311081,SPL Lv2,0,0,,6,0
100453,SPL Reduction Potion,0,0,,12,0
312192,SPL+3,0,0,,6,0
400077,Splash Cat Hat,0,0,,8,0
5770,Splash Hat,0,0,,8,0
16675,Splash Scroll,0,0,,12,0
12539,Splendid Box,17,24,npc,12,3
12608,Splendid Box2,17,24,npc,12,0
12368,Splendid Mirror,17,24,npc,12,3
15353,Splendid Swift Armor,25760000,30240000,kro,2,0
11018,Splendide Selling Item,0,0,,12,0
14609,Spoiled Cuisine,0,0,,12,0
7217,Spool,64000,75500,kro,51,18
16039,Spoon,12420000,14580000,kro,2,0
7016,Spoon Stub,1300,1550,ragnastats,12,6
24566,Spore Bomb Shadow Armor,0,0,,8,0
24567,Spore Bomb Shadow Shield,2622000,3078000,kro,2,0
24568,Spore Bomb Shadow Shoes,230000,270000,kro,4,0
4022,Spore Card,82500,97000,kro,9,3
743,Spore Doll,27500,32000,kro,51,3
9012,Spore Egg,92000,108000,kro,7,0
5029,Spore Hat,0,0,,8,0
1001684,Spray,0,0,,12,3
10035,Spring,0,0,,12,0
2947,Spring Afternoon Memory,644000000,756000000,kro,2,0
100724,Spring Energy,34000,39500,kro,12,0
310668,Spring Energy(1Lv),0,0,,6,0
310669,Spring Energy(2Lv),0,0,,6,0
310670,Spring Energy(3Lv),0,0,,6,0
17471,Spring Festival Lucky Egg,0,0,,12,0
16600,Spring Flower Scr Tw,0,0,,12,0
4227,Spring Rabbit Card,432000,507000,ragnastats,4,3
9031,Spring Rabbit Egg,0,0,,18,0
101099,Spring Regulator,0,0,,12,0
7978,Spring Stanza1,0,0,,12,0
7987,Spring Stanza10,0,0,,12,0
7988,Spring Stanza11,0,0,,12,0
7989,Spring Stanza12,0,0,,12,0
7990,Spring Stanza13,0,0,,12,0
7991,Spring Stanza14,0,0,,12,0
7992,Spring Stanza15,0,0,,12,0
7993,Spring Stanza16,0,0,,12,0
7994,Spring Stanza17,0,0,,12,0
7995,Spring Stanza18,0,0,,12,0
7996,Spring Stanza19,0,0,,12,0
7979,Spring Stanza2,0,0,,12,0
7997,Spring Stanza20,0,0,,12,0
7998,Spring Stanza21,0,0,,12,0
7999,Spring Stanza22,0,0,,12,0
7624,Spring Stanza23,0,0,,12,0
7980,Spring Stanza3,0,0,,12,0
7981,Spring Stanza4,0,0,,12,0
7982,Spring Stanza5,0,0,,12,0
7983,Spring Stanza6,0,0,,12,0
7984,Spring Stanza7,0,0,,12,0
7985,Spring Stanza8,0,0,,12,0
7986,Spring Stanza9,0,0,,12,0
2935,Sprint Gloves,184000,216000,kro,4,0
2387,Sprint Mail,92000,108000,kro,7,0
2744,Sprint Ring,1380000,1620000,kro,3,0
28431,Sprint Ring,1380000,1620000,sibling,2,0
2440,Sprint Shoes,276000,324000,kro,7,0
7193,Sprout,8700,10000,ragnastats,27,36
17115,Sprout Hat Box,0,0,,12,0
22131,Spurred Boots,0,0,,8,0
7084,Sputum of Bird,1,2,npc,12,3
6778,Squid,0,0,,12,3
7768,Squid,1,2,npc,12,0
1024,Squid Ink,4600,5400,kro,76,36
400416,Squirrel Ear Hood (Albino),0,0,,8,0
19140,Squirrel Ears Hood Hat,0,0,,8,0
400593,Squishy Tootsy Stomphoot,0,0,,8,0
4522,Sropho Card,769500,903500,estimate,4,3
1000565,SS Charm,25,35,npc,12,0
1000566,SS Charm F,25,35,npc,12,0
1000568,SS Charm G,25,35,npc,12,0
1000569,SS Charm L,25,35,npc,12,0
1000567,SS Charm W,25,35,npc,12,0
490578,SSD Card,0,0,,8,0
17030,St Pat Hat box,0,0,,12,0
18565,St Patrick's Hat,0,0,,11,0
313135,STA Assistance,0,0,,6,0
313136,STA Enforcement,0,0,,6,0
311082,STA Lv1,0,0,,6,0
311083,STA Lv2,0,0,,6,0
100454,STA Reduction Potion,0,0,,12,0
312190,STA+3,0,0,,6,0
1270081,Stab Shadow Armor,276000,324000,kro,4,0
1270082,Stab Shadow Shoes,690000,810000,kro,4,0
24090,Stability Shadow Shield,2760000,3240000,kro,4,0
23858,Stability Shadow SynthesisBox,0,0,,12,3
23324,StabilityShadow Mix,0,0,,12,0
1001985,Stacho,0,0,,12,3
1607,Staff,7850,9200,npc,8,0
1608,Staff,7850,9200,npc,8,0
1609,Staff,0,0,,8,0
1648,Staff Of Bordeaux,92000,108000,kro,4,0
1663,Staff Of Bordeaux,92000,108000,sibling,4,0
2000,Staff of Destruction,460000,540000,kro,7,0
2037,Staff of Evil,0,0,,8,0
2022,Staff of Geffen,0,0,,11,0
12364,Staff Of Leader,17,24,npc,12,3
2006,Staff Of Light,0,0,,8,0
2055,Staff of Miracle,225000,264500,kro,4,0
2061,Staff of Miracle,225000,264500,sibling,4,0
26152,Staff of Puffy,0,0,,8,0
550149,Staff of the Sands,0,0,,8,0
4039,Stainer Card,300000,352000,ragnastats,5,3
4223,Stalactic Golem Card,38500,45000,ragnastats,9,3
4564,Stalker Gertie Card,129636500,152182000,estimate,2,0
29479,Stalker Stone (Bottom),1288000,1512000,kro,2,0
25492,Stalker Stone (Lower),1288000,1512000,kro,4,0
25491,Stalker Stone (Middle),13800000,16200000,kro,4,0
29478,Stalker Stone (Middle),13800000,16200000,kro,2,0
25490,Stalker Stone (Upper),920000,1080000,kro,4,0
29477,Stalker Stone (Upper),920000,1080000,kro,2,0
29619,Stalker Stone II (Lower),4600000,5400000,kro,2,0
29620,Stalker Stone II (Middle),3680000,4320000,kro,2,0
29621,Stalker Stone II (Upper),3128000,3672000,kro,2,0
1002140,Stamina Meteorite Extract,0,0,,12,3
1000443,Stamina Meteorite Fragment,1177500,1382000,kro,4,3
1000399,Stamina Meteorite Powder,23000,27000,kro,12,3
310936,Stamina of Varmundt Lv1,0,0,,6,0
310937,Stamina of Varmundt Lv2,0,0,,6,0
310938,Stamina of Varmundt Lv3,0,0,,6,0
24760,Stamina Shadow Shield,4922000,5778000,kro,2,0
24759,Stamina Shadow Weapon,18400000,21600000,kro,2,0
6717,Stamina Stone (Middle),9539000,11198000,ragnastats,2,0
12420,Stamina Up M,0,0,,12,0
311925,Stamina Wisdom Stone (Dual),9200000,10800000,kro,2,0
1001172,Stamina Wisdom Stone (Dual),9200000,10800000,kro,4,0
4424,Stapo Card,55000,64500,kro,6,3
29718,Star,0,0,,6,0
29723,Star,0,0,,6,0
310680,Star Cluster of Concentration Lv1,0,0,,6,0
310681,Star Cluster of Concentration Lv2,0,0,,6,0
310682,Star Cluster of Concentration Lv3,0,0,,6,0
310683,Star Cluster of Creative Lv1,0,0,,6,0
310684,Star Cluster of Creative Lv2,0,0,,6,0
310685,Star Cluster of Creative Lv3,0,0,,6,0
313034,Star Cluster of Intelligence 1Lv,0,0,,6,0
313035,Star Cluster of Intelligence 2Lv,0,0,,6,0
313036,Star Cluster of Intelligence 3Lv,0,0,,6,0
313037,Star Cluster of Intelligence 4Lv,0,0,,6,0
313038,Star Cluster of Intelligence 5Lv,0,0,,6,0
313029,Star Cluster of Luck 1Lv,0,0,,6,0
313030,Star Cluster of Luck 2Lv,0,0,,6,0
313031,Star Cluster of Luck 3Lv,0,0,,6,0
313032,Star Cluster of Luck 4Lv,0,0,,6,0
313033,Star Cluster of Luck 5Lv,0,0,,6,0
310674,Star Cluster of Power Lv1,0,0,,6,0
310675,Star Cluster of Power Lv2,0,0,,6,0
310676,Star Cluster of Power Lv3,0,0,,6,0
313039,Star Cluster of Resistance 1Lv,0,0,,6,0
313040,Star Cluster of Resistance 2Lv,0,0,,6,0
313041,Star Cluster of Resistance 3Lv,0,0,,6,0
313042,Star Cluster of Resistance 4Lv,0,0,,6,0
313043,Star Cluster of Resistance 5Lv,0,0,,6,0
310686,Star Cluster of Spell Lv1,0,0,,6,0
310687,Star Cluster of Spell Lv2,0,0,,6,0
310688,Star Cluster of Spell Lv3,0,0,,6,0
310677,Star Cluster of Stamina Lv1,0,0,,6,0
310678,Star Cluster of Stamina Lv2,0,0,,6,0
310679,Star Cluster of Stamina Lv3,0,0,,6,0
313024,Star Cluster of Strength 1Lv,0,0,,6,0
313025,Star Cluster of Strength 2Lv,0,0,,6,0
313026,Star Cluster of Strength 3Lv,0,0,,6,0
313027,Star Cluster of Strength 4Lv,0,0,,6,0
313028,Star Cluster of Strength 5Lv,0,0,,6,0
310689,Star Cluster of Wisdom Lv1,0,0,,6,0
310690,Star Cluster of Wisdom Lv2,0,0,,6,0
310691,Star Cluster of Wisdom Lv3,0,0,,6,0
1000,Star Crumb,6900,8100,kro,76,18
7758,Star Crystal,0,0,,12,0
1001,Star Dust,1150,1350,ragnastats,51,18
1148,Star Dust Blade,3050,3600,ragnastats,8,0
13446,Star Dust Blade,3050,3600,sibling,8,0
28346,Star Egg Badge,0,0,,8,0
24412,Star Emperor Shadow Armor,3680000,4320000,kro,4,0
24413,Star Emperor Shadow Shoes,2530000,2970000,kro,4,0
25849,Star Emperor Stone (Garment),6900000,8100000,kro,4,0
29658,Star Emperor Stone (Garment),6900000,8100000,kro,2,0
311462,Star Emperor Stone (Lower),24840000,29160000,kro,2,0
1001046,Star Emperor Stone (Lower),24840000,29160000,kro,4,0
311461,Star Emperor Stone (Middle),45931000,53919000,kro,2,0
1001045,Star Emperor Stone (Middle),45931000,53919000,kro,4,0
311460,Star Emperor Stone (Upper),23000000,27000000,kro,2,0
1001044,Star Emperor Stone (Upper),23000000,27000000,kro,4,0
18647,Star Eyepatch,0,0,,8,0
19443,Star Eyepatch,0,0,,8,0
19444,Star Eyepatch,0,0,,8,0
103263,Star Footprint Selection Box (Summer Beach),437511000,513600000,kro,4,0
25848,Star Gladiator Stone (Bottom),2576000,3024000,kro,4,0
29657,Star Gladiator Stone (Bottom),2576000,3024000,kro,2,0
25847,Star Gladiator Stone (Middle),910500,1069000,kro,7,0
29656,Star Gladiator Stone (Middle),910500,1069000,kro,4,0
25846,Star Gladiator Stone (Upper),1472000,1728000,kro,4,0
29655,Star Gladiator Stone (Upper),1472000,1728000,kro,2,0
310697,Star of Master Archer Lv1,0,0,,6,0
310698,Star of Master Archer Lv2,0,0,,6,0
310699,Star of Master Archer Lv3,0,0,,6,0
310700,Star of Master Archer Lv4,0,0,,6,0
310701,Star of Master Archer Lv5,0,0,,6,0
310692,Star of Mettle Lv1,0,0,,6,0
310693,Star of Mettle Lv2,0,0,,6,0
310694,Star of Mettle Lv3,0,0,,6,0
310695,Star of Mettle Lv4,0,0,,6,0
310696,Star of Mettle Lv5,0,0,,6,0
310702,Star of Sharp Lv1,0,0,,6,0
310703,Star of Sharp Lv2,0,0,,6,0
310704,Star of Sharp Lv3,0,0,,6,0
310705,Star of Sharp Lv4,0,0,,6,0
310706,Star of Sharp Lv5,0,0,,6,0
310712,Star of Speed Lv1,0,0,,6,0
310713,Star of Speed Lv2,0,0,,6,0
310714,Star of Speed Lv3,0,0,,6,0
310715,Star of Speed Lv4,0,0,,6,0
310716,Star of Speed Lv5,0,0,,6,0
310707,Star of Spell Lv1,0,0,,6,0
310708,Star of Spell Lv2,0,0,,6,0
310709,Star of Spell Lv3,0,0,,6,0
310710,Star of Spell Lv4,0,0,,6,0
310711,Star of Spell Lv5,0,0,,6,0
310722,Star of Spirit Lv1,0,0,,6,0
310723,Star of Spirit Lv2,0,0,,6,0
310724,Star of Spirit Lv3,0,0,,6,0
310725,Star of Spirit Lv4,0,0,,6,0
310726,Star of Spirit Lv5,0,0,,6,0
310717,Star of Vital Lv1,0,0,,6,0
310718,Star of Vital Lv2,0,0,,6,0
310719,Star of Vital Lv3,0,0,,6,0
310720,Star of Vital Lv4,0,0,,6,0
310721,Star of Vital Lv5,0,0,,6,0
18685,Stardust Hairband,0,0,,8,0
24654,Stardust Shadow Armor,1840000,2160000,kro,2,0
24653,Stardust Shadow Shield,4600000,5400000,kro,2,0
24652,Stardust Shadow Weapon,0,0,,8,0
18640,Starfish Headband,0,0,,8,0
18788,Starlight Scope,0,0,,8,0
17121,Starry Scroll,0,0,,12,0
470180,Starry Sky Twin Prime,0,0,,8,0
470287,Starry Sky Twin Prime,0,0,,8,0
18699,Starving Fish Hat,0,0,,8,0
23032,Stats Soul Potion Box,188500,221000,kro,7,0
101470,Stats Soul Potion Selection Box,78500,92000,kro,12,3
5443,Statue Of Baby Angel,2135500,2507000,ragnastats,2,0
23827,Status Shadow SynthesisBox,0,0,,12,3
23247,StatusShadow Mix,0,0,,12,3
311944,Stead of Varmundt Lv1,0,0,,6,0
311945,Stead of Varmundt Lv2,0,0,,6,0
311946,Stead of Varmundt Lv3,0,0,,6,0
311947,Stead of Varmundt Lv4,0,0,,6,0
311948,Stead of Varmundt Lv5,0,0,,6,0
11706,Steak,2800,3300,estimate,12,0
29228,Steal,0,0,,6,0
24144,Steal Shadow Armor,9199500,10799500,kro,4,0
24148,Steal Shadow Earring,0,0,,12,0
24149,Steal Shadow Pendant,2760000,3240000,kro,4,0
24146,Steal Shadow Shield,5152000,6048000,kro,4,0
24145,Steal Shadow Shoes,5980000,7020000,kro,4,0
24147,Steal Shadow Weapon,5520000,6480000,kro,4,0
25229,Steal Stone (Bottom),0,0,,12,0
28324,Steam Starter Ring,0,0,,8,0
12087,Steamed Alligator with Vegetable,6650,7850,ragnastats,12,18
12069,Steamed Ancient Lips,3650,4300,kro,12,6
12060,Steamed Bat Wing in Pumpkin,15000,17500,ragnastats,12,3
12051,Steamed Crab Nippers,6200,7300,ragnastats,27,3
12090,Steamed Desert Scorpions,33000,39000,ragnastats,12,0
12251,Steamed Desert Scorpions,33000,39000,sibling,12,0
12075,Steamed Tongue,301000,353500,ragnastats,7,3
12250,Steamed Tongue,301000,353500,sibling,7,0
400601,Steamroller,0,0,,8,0
999,Steel,5200,6150,kro,76,36
1753,Steel Arrow,14,20,ragnastats,12,0
12006,Steel Arrow Quiver,1,3,npc,54,3
4042,Steel Chonchon Card,96500,113000,kro,5,3
9007,Steel Chonchon Egg,82500,97000,kro,12,0
2294,Stellar,27500,32000,ragnastats,34,0
490385,Stellar Blessing,0,0,,8,0
480502,Stellar Gratia,0,0,,8,0
10011,Stellar Hairpin,551000,647000,ragnastats,7,0
905,Stem,380,515,kro,76,72
18703,Stem In Mouth,0,0,,8,0
1979,Stem of Nepenthes,48500,57000,ragnastats,8,0
1984,Stem Whip,92000,108000,kro,4,0
4224,Stem Worm Card,690000,810000,kro,4,3
4698,Step Card,644000,756000,kro,4,3
27035,Stephane Jack Earnest Wolf Card,0,0,,6,0
31026,Stephane Jack Earnest Wolf Card,129636500,152182000,estimate,2,0
938,Sticky Mucus,340,460,kro,76,72
7565,Sticky Poison,1250,1500,kro,54,36
918,Sticky Webfoot,920,1050,kro,54,36
7008,Stiff Horn,80000,94000,ragnastats,12,18
1001645,Stiff Limb,23500,27500,kro,12,3
1216,Stiletto,16000,18500,npc,8,0
1217,Stiletto,16000,18500,npc,11,0
1218,Stiletto,0,0,,8,0
4226,Sting Card,62000,73000,ragnastats,6,3
19114,Sting Silk Ribbon,0,0,,8,0
23258,Stinky Rotten Meat,92000,108000,kro,7,0
959,Stinky Scale,495,670,ragnastats,51,18
25292,Stolen Cocoa Beans,6450,7550,ragnastats,12,0
7529,Stolen Sandal,0,0,,12,0
7049,Stone,5400,6300,ragnastats,51,36
1756,Stone Arrow,4,6,ragnastats,12,0
12011,Stone Arrow Quiver,4600,5400,ragnastats,54,3
6908,Stone ASPD (Garment),18400000,21600000,kro,2,0
2114,Stone Buckler,27500,32000,kro,11,0
18007,Stone Cannon Ball,42,58,npc,12,0
101109,Stone Cannon Ball Box,0,0,,12,0
7067,Stone Fragment,5300,6200,ragnastats,36,36
953,Stone Heart,120,165,ragnastats,51,72
6693,Stone Of Blessing,41000,48000,estimate,12,18
7224,Stone of Sage,119500,140000,kro,7,0
12040,Stone of Sage,119500,140000,kro,32,3
4225,Stone Shooter Card,828000,972000,kro,4,3
9051,Stone Shooter Egg,4140000,4860000,kro,4,0
2272,Stop Post,206000,241500,ragnastats,4,0
22519,Stops Buff,0,0,,12,0
22520,Stops Buff Reset,0,0,,12,0
24973,Storm Hurricane Shadow Armor,266500,313000,kro,4,0
24974,Storm Hurricane Shadow Shoes,818500,961000,kro,4,0
20720,Storm Manteau,0,0,,8,0
480064,Storm Muffler,0,0,,8,0
312340,Storm Rune 1Lv,0,0,,6,0
312341,Storm Rune 2Lv,0,0,,6,0
312342,Storm Rune 3Lv,0,0,,6,0
312343,Storm Rune 4Lv,0,0,,6,0
312344,Storm Rune 5Lv,0,0,,6,0
24918,Storm Servant Shadow Earring,1277500,1500000,kro,2,0
24919,Storm Servant Shadow Pendant,1380000,1620000,kro,2,0
311029,Storm Slash Tuning Device,0,0,,6,0
28506,Storm Stone,0,0,,8,0
4318,Stormy Knight Card,75900000,89100000,kro,2,3
24879,Stout Shadow Earring,4554000,5346000,kro,2,0
24878,Stout Shadow Pendant,4600000,5400000,kro,2,0
4768,Str + 1,0,0,,6,0
4769,Str + 2,0,0,,6,0
4770,Str + 3,0,0,,6,0
310076,STR Blessing,0,0,,6,0
12686,Str Dish20,0,0,,12,0
25012,STR Exchange Stone(Lower),0,0,,12,0
25003,STR Exchange Stone(Middle),0,0,,12,0
2917,Str Glove,62000,72500,npc,8,0
2923,Str Glove,62000,72500,npc,8,0
312848,STR I,0,0,,6,0
312849,STR II,0,0,,6,0
312850,STR III,0,0,,6,0
312851,STR IV,0,0,,6,0
6977,STR Reactor Blueprint,0,0,,12,0
22702,STR Reduction Potion,43500,51000,kro,12,0
15397,STR Soutane,276000,324000,kro,4,0
6945,STR Stone (Middle),0,0,,6,0
6636,STR Stone (Upper),8,12,npc,12,0
4982,STR Supplement Reactor,0,0,,6,0
4700,STR+1,0,0,,6,0
310768,STR+1,0,0,,6,0
4709,STR+10,0,0,,6,0
4701,STR+2,0,0,,6,0
310769,STR+2,0,0,,6,0
4702,STR+3,0,0,,6,0
29015,STR+3 DEX-3,0,0,,6,0
29014,STR+3 INT-3,0,0,,6,0
4703,STR+4,0,0,,6,0
4704,STR+5,0,0,,6,0
4705,STR+6,0,0,,6,0
4706,STR+7,0,0,,6,0
4707,STR+8,0,0,,6,0
4708,STR+9,0,0,,6,0
23030,Straight Pony Gift Box,0,0,,12,0
24517,Strain Shadow Earring,1380000,1620000,kro,2,0
24516,Strain Shadow Pendant,0,0,,8,0
24515,Strain Shadow Weapon,184000,216000,kro,4,0
1691,Strange God Foxtail Staff,92000,108000,kro,4,0
7167,Strange Steel Piece,8900,10000,ragnastats,36,6
7299,Straw Basket,26000,31000,ragnastats,36,18
5062,Straw Hat,1770000,2078000,ragnastats,2,0
7303,Straw Rice Bag,1,2,npc,12,18
578,Strawberry,2750,3200,kro,54,36
23079,Strawberry Cream Cake,0,0,,12,0
23259,Strawberry Cream Cupcake,0,0,,12,0
2979,Strawberry Decoration,0,0,,8,0
12098,Strawberry Flavored Rice Ball,82000,96000,ragnastats,12,6
18589,Strawberry Hat,0,0,,8,0
18716,Strawberry In Mouth,0,0,,11,0
19137,Strawberry Mouth Guard,0,0,,8,0
310914,Strength,0,0,,6,0
4845,Strength Of Ocean,0,0,,6,0
313406,Strength of Yorscalp 1Lv,0,0,,6,0
313407,Strength of Yorscalp 2Lv,0,0,,6,0
313408,Strength of Yorscalp 3Lv,0,0,,6,0
313409,Strength of Yorscalp 4Lv,0,0,,6,0
1001016,Stress Relief Jelly,71500,83500,kro,12,3
18567,Stretched Nose,0,0,,8,0
460052,Striking Gauntlet,0,0,,8,0
19379,Striking Hat,0,0,,8,0
450165,Striking Mail,0,0,,8,0
480114,Striking Mikoshi,0,0,,8,0
470048,Striking Shoes,0,0,,8,0
7772,String,1,2,npc,12,0
400049,Stripe Hat,0,0,,8,0
400264,Stripe Hat-LT,0,0,,8,0
5049,Striped Hairband,1052500,1235500,ragnastats,2,0
5395,Striped Hat,0,0,,8,0
450425,Striped Holy Robe,0,0,,8,0
400505,Striped Ribbon Hat,0,0,,8,0
7219,Striped Sock,1050,1250,ragnastats,36,36
100521,Strong Antidote,0,0,,12,0
29366,Strong Blow 1,0,0,,6,0
29367,Strong Blow 2,0,0,,6,0
29368,Strong Blow 3,0,0,,6,0
29369,Strong Blow 4,0,0,,6,0
29370,Strong Blow 5,0,0,,6,0
7203,Strong Branch,35000,41500,ragnastats,36,36
23767,Strong Helmet Box,0,0,,12,0
2125,Strong Shield,8740000,10260000,kro,2,0
6041,Strong Vine,7850,9200,ragnastats,12,0
1001427,Strong Wind Leaf Gem,82500,97000,estimate,12,36
4111,Strouf Card,5980000,7020000,kro,2,3
1805,Studded Knuckles,26000,31000,npc,8,0
1806,Studded Knuckles,26000,31000,npc,8,0
1758,Stun Arrow,8,12,ragnastats,12,0
1522,Stunner,49500,58000,npc,8,0
1532,Stunner,49500,58000,npc,8,0
18664,Stunner Shades,0,0,,11,0
1002690,Sturdy Crowbar,0,0,,12,0
6901,Sturgeon,0,0,,12,3
22244,Stylish Silent Shoes,0,0,,8,0
18923,Stylist Black Cat Ear,0,0,,8,0
480166,Subject Cape (Magic),0,0,,8,0
480172,Subject Cape (Melee),0,0,,8,0
480161,Subject Cape (Range),0,0,,8,0
101792,Subject Manteau 12 Refine Cube,0,0,,12,3
15220,Subjugation Team's Armor,0,0,,8,0
22150,Subjugation Team's Boots,0,0,,8,0
28539,Subjugation Team's Ring,0,0,,8,0
20867,Subjugation Team's Shoulder Belt,0,0,,8,0
4218,Succubus Card,552000,648000,kro,5,3
9055,Succubus Egg,6900000,8100000,kro,5,0
5066,Succubus Horn,414000,486000,kro,7,0
1236,Sucsamad,69000,81000,ragnastats,8,0
13018,Sucsamad,69000,81000,sibling,8,0
18869,Sugar Donut,0,0,,8,0
18710,Sugared Fruit Stick,0,0,,8,0
2802,Suicidal Device,414000,486000,npc,4,0
15069,Suit Of Sid,0,0,,8,0
7893,Sulphur,0,0,,12,0
310847,Summer Coolness (Lv1),0,0,,6,0
310848,Summer Coolness (Lv2),0,0,,6,0
310849,Summer Coolness (Lv3),0,0,,6,0
103260,Summer Costume Selection Box (Paeonia),0,0,,12,0
103261,Summer Costume Selection Box (Parasol),23000000,27000000,kro,4,0
103262,Summer Costume Selection Box (Sunbed),27600000,32400000,kro,4,0
10030,Summer Fan,0,0,,12,0
7525,Summer Festival Ticket,0,0,,12,0
5456,Summer Hat,0,0,,8,0
310844,Summer Heat (Lv1),0,0,,6,0
310845,Summer Heat (Lv2),0,0,,6,0
310846,Summer Heat (Lv3),0,0,,6,0
5851,Summer Knight,0,0,,8,0
12765,Summer Knight Box,0,0,,12,0
22045,Summer Sandals,0,0,,8,0
16569,Summer Scroll,0,0,,12,0
17021,Summer Scroll3,0,0,,12,0
22822,Summer Vacation Costumes,0,0,,12,0
300549,Summer Vacation Pope Card,3496000,4104000,kro,2,3
300580,Summer Vacation Pope Card,3496000,4104000,sibling,2,0
12330,Summon Female GameMaster Scroll,1,2,npc,12,3
12329,Summon Male GameMaster Scroll,1,2,npc,12,3
311383,Summon Spirit Sphere Lv2,0,0,,6,0
311920,Summoner Stone (Lower),27600000,32400000,kro,2,0
1001167,Summoner Stone (Lower),27600000,32400000,kro,4,0
311919,Summoner Stone (Middle),39974000,46926000,kro,2,0
1001166,Summoner Stone (Middle),39974000,46926000,kro,4,0
311918,Summoner Stone (Upper),39100000,45900000,kro,2,0
1001165,Summoner Stone (Upper),39100000,45900000,kro,4,0
313734,Summoner Stone II (Lower),20240000,23760000,kro,2,0
1001947,Summoner Stone II (Lower),20240000,23760000,kro,4,0
313733,Summoner Stone II (Middle),20240000,23760000,kro,2,0
1001946,Summoner Stone II (Middle),20240000,23760000,kro,4,0
313732,Summoner Stone II (Upper),22080000,25920000,kro,2,0
1001945,Summoner Stone II (Upper),22080000,25920000,kro,4,0
7415,Summoning Stone,0,0,,12,0
12082,Sumptuous Feast,35500,41500,ragnastats,12,18
5032,Sunday Hat,0,0,,8,0
2253,Sunflower,50500,59000,kro,11,0
5351,Sunflower,50500,59000,kro,8,0
5103,Sunflower Hairpin,0,0,,8,0
2027,Sunflower Kid,768500,902500,estimate,4,0
2038,Sunflower Kid,0,0,,8,0
2201,Sunglasses,4600,5400,kro,11,0
2202,Sunglasses,41000,48500,kro,11,0
18663,Sunglasses Baseball Hat,6900000,8100000,ragnastats,2,0
24977,Sunset Blast Shadow Armor,322000,378000,kro,4,0
24978,Sunset Blast Shadow Shoes,552000,648000,kro,4,0
1330,Sunset Buster,0,0,,8,0
1002035,Sunset Dimensional Energy,119500,140000,kro,7,3
1002004,Sunset Illusion Stone,92000,108000,kro,7,3
1002008,Sunset Illusion Stone,15180000,17820000,kro,4,3
1002144,Sunset Light Boundary Magic Extract,0,0,,12,3
1001656,Sunset Magic Stone,17000,20000,kro,12,3
6107,Sunset On The Rock,920,1050,npc,12,3
480153,Sunshine Gravel Cloak,0,0,,8,0
24648,Sunshine Shadow Armor,0,0,,8,0
24647,Sunshine Shadow Shield,0,0,,8,0
24646,Sunshine Shadow Weapon,9200000,10800000,kro,2,0
18751,Super Lucky Clover,0,0,,8,0
24617,Super Magic Shadow Armor,3220000,3780000,kro,2,0
24616,Super Magic Shadow Shield,6440000,7560000,kro,2,0
24618,Super Magic Shadow Shoes,3680000,4320000,kro,2,0
490408,Super Novice Figure,0,0,,8,0
5112,Super Novice Hat,7800,9150,kro,8,0
5119,Super Novice Hat,736000,864000,kro,7,0
24318,Super Novice Shadow Shield,9200000,10800000,kro,4,0
24282,Super Novice Shadow Weapon,9108000,10692000,kro,4,0
312402,Super Novice Stone (Garment),13800000,16200000,kro,2,0
1001326,Super Novice Stone (Garment),13800000,16200000,kro,4,0
312405,Super Novice Stone (Lower),23000000,27000000,kro,2,0
1001329,Super Novice Stone (Lower),23000000,27000000,kro,4,0
312404,Super Novice Stone (Middle),11500000,13500000,kro,2,0
1001328,Super Novice Stone (Middle),11500000,13500000,kro,4,0
312403,Super Novice Stone (Upper),22080000,25920000,kro,2,0
1001327,Super Novice Stone (Upper),22080000,25920000,kro,4,0
314191,Super Novice Stone II (Lower),38640000,45360000,kro,2,0
1002283,Super Novice Stone II (Lower),38640000,45360000,kro,4,0
314190,Super Novice Stone II (Middle),88320000,103680000,kro,2,0
1002282,Super Novice Stone II (Middle),88320000,103680000,kro,4,0
314189,Super Novice Stone II (Upper),121900000,143100000,kro,2,0
1002281,Super Novice Stone II (Upper),121900000,143100000,kro,4,0
2905,Super Ora Ora,0,0,,8,0
17022,Super Pet Egg1 2,0,0,,12,0
17023,Super Pet Egg4 2,0,0,,12,0
24621,Super Power Shadow Earring,4554000,5346000,kro,2,0
24620,Super Power Shadow Pendant,4830000,5670000,kro,2,0
24619,Super Power Shadow Weapon,2990000,3510000,kro,2,0
18523,Super Scell,0,0,,8,0
23781,Super Weapon Modifier (Magic),0,0,,12,0
23778,Super Weapon Modifier (Physical),13800000,16200000,kro,4,0
29646,Super-Dreadnought,0,0,,6,0
17072,Superb Fish Box100,0,0,,12,0
17071,Superb Fish Box50,0,0,,12,0
17073,Superb Fish Box500,0,0,,12,0
700007,Superbia String,345000,405000,kro,4,0
300463,Superior Rgan Healer Card,2760000,3240000,kro,2,3
300462,Superior Rgan Shaman Card,1104000,1296000,kro,2,3
11599,Superstar Potion,0,0,,12,0
22843,Superstar Snack,0,0,,12,0
22043,Supplement Part Agi,460000,540000,kro,4,0
20732,Supplement Part Con,20500,24000,npc,8,0
2995,Supplement Part Dex,7360000,8640000,kro,2,0
15110,Supplement Part Str,20500,24000,npc,8,0
15343,Supplement Part STR,0,0,,8,0
28598,Supplemental Chip,620,840,ragnastats,8,0
29436,Supreme King,0,0,,6,0
15081,Sura Battle Armor,0,0,,8,0
22026,Sura Battle Boots,0,0,,8,0
27056,Sura Chen (MVP) Card,0,0,,6,0
4672,Sura Chen Card,2719000,3192000,estimate,2,3
2894,Sura Gauntlet,261500,307000,estimate,7,0
1830,Sura Rampage,85500,100000,estimate,11,0
100326,Sura Shadow Cube,0,0,,12,0
24306,Sura Shadow Shield,7360000,8640000,kro,4,0
24293,Sura Shadow Weapon,6808000,7992000,kro,4,0
25412,Sura Stone (Garment),4600000,5400000,kro,4,0
311429,Sura Stone (Lower),53433500,62726000,kro,2,0
1000970,Sura Stone (Lower),53433500,62726000,kro,4,0
311428,Sura Stone (Middle),63480000,74520000,kro,2,0
1000969,Sura Stone (Middle),63480000,74520000,kro,4,0
311427,Sura Stone (Upper),64400000,75600000,kro,2,0
1000968,Sura Stone (Upper),64400000,75600000,kro,4,0
25798,Sura Stone II (Bottom),3450000,4050000,kro,4,0
29611,Sura Stone II (Bottom),3450000,4050000,kro,2,0
25797,Sura Stone II (Garment),8959500,10518000,kro,4,0
29427,Sura Stone II (Garment),8959500,10518000,kro,2,0
314027,Sura Stone II (Lower),36018000,42282000,kro,2,0
1002102,Sura Stone II (Lower),36018000,42282000,kro,4,0
25799,Sura Stone II (Middle),4600000,5400000,kro,4,0
29612,Sura Stone II (Middle),4600000,5400000,kro,2,0
314026,Sura Stone II (Middle),80960000,95040000,kro,2,0
1002101,Sura Stone II (Middle),80960000,95040000,kro,4,0
25800,Sura Stone II (Upper),3864000,4536000,kro,4,0
29613,Sura Stone II (Upper),3864000,4536000,kro,2,0
314025,Sura Stone II (Upper),114770000,134730000,kro,2,0
1002100,Sura Stone II (Upper),114770000,134730000,kro,4,0
29426,SuraStone (Garment),4600000,5400000,kro,2,0
6123,Surface Paint,210,285,ragnastats,12,3
23060,Surface Paint Box,0,0,,12,0
15174,Surfer Swimsuit,1196000,1404000,kro,2,0
13206,Surplus Blind Sphere,42,58,ragnastats,12,0
13202,Surplus Bloody Shell,7,11,ragnastats,12,0
13203,Surplus Flare Sphere,425,575,ragnastats,12,0
13207,Surplus Freezing Sphere,425,575,ragnastats,12,0
13204,Surplus Lightning Sphere,45,61,ragnastats,12,0
13205,Surplus Poison Sphere,59,81,ragnastats,12,0
13201,Surplus Silver Bullet,5,7,ragnastats,12,0
5088,Surprised Mask,30500,36000,ragnastats,11,0
28763,Surudoi Kaze,0,0,,8,0
400154,Survival Circlet-LT,0,0,,8,0
23837,Survival SynthesisBox,1840000,2160000,kro,4,3
420194,Survival Whistle,0,0,,8,0
420343,Survival Whistle-LT,0,0,,8,0
420066,Survive Orb-LT,69920000,82080000,kro,2,0
19020,Survivor's Circlet,11040000,12960000,sibling,2,0
19266,Survivor's Circlet,11040000,12960000,kro,2,0
2509,Survivor's Manteau,92000,108000,kro,7,0
20813,Survivor's Manteau,92000,108000,sibling,4,0
19139,Survivor's Orb,0,0,,11,0
1617,Survivor's Rod (Dex),78000,91500,kro,8,0
1618,Survivor's Rod (Dex),78000,91500,kro,11,0
1619,Survivor's Rod (Int),78000,91500,kro,8,0
1620,Survivor's Rod (Int),78000,91500,kro,8,0
22170,Survivor's Shoes,0,0,,8,0
551,Sushi,190,260,ragnastats,27,3
25231,Suspicious Bottle,920,1050,npc,12,0
12546,Suspicious Dish,0,0,,12,0
7567,Suspicious Hat,69000,81500,ragnastats,36,36
300461,Suspicious Iwin Soldier Card,2461000,2889000,kro,2,3
25320,Suspicious Melon,0,0,,12,0
25267,Suspicious Pentacle,2750,3200,kro,36,18
400476,Sustained Beret,0,0,,8,0
2188,Svalinn,0,0,,8,0
25284,Swamp Bug Shell,6300,7400,estimate,12,18
7685,Sweet and Sour Melon,0,0,,12,0
7749,Sweet Bananas,32000,38000,estimate,12,0
7748,Sweet Beans,32000,37500,estimate,12,0
11564,Sweet Canape,2,4,ragnastats,12,3
12225,Sweet Candy Cane,25000,29500,ragnastats,12,0
25655,Sweet Coin,0,0,,12,0
1001668,Sweet Coin,0,0,,12,3
11607,Sweet Crepe,0,0,,12,0
9109,Sweet Drops Egg,23000000,27000000,kro,4,0
2245,Sweet Gent,27500,32000,kro,8,0
11610,Sweet Melon,0,0,,12,0
23321,Sweet Melon Juice,0,0,,12,0
681,Sweet Memory of Marriage,102500,120500,ragnastats,7,3
17317,Sweet Midgard Egg,0,0,,12,0
627,Sweet Milk,690000,810000,kro,22,3
27101,Sweet Nightmare Card,1196000,1404000,kro,2,3
633,Sweet Potato,92000,108000,kro,7,3
7770,Sweet Rice,1,2,npc,12,0
4666,Sweet Roda Frog Card,3179500,3732500,ragnastats,2,0
7453,Sweet Sauce,445,600,ragnastats,12,3
18873,Sweet Valentine Out,0,0,,11,0
25318,Sweetie Skin,0,0,,12,0
23674,Sweets Festival Box,0,0,,12,0
25290,Sweets Festival Coin,1,2,npc,12,3
12223,Sweets Macaron Cake,0,0,,12,0
12224,Sweets Strawberry Parfait,0,0,,12,0
300078,Sweety Card,13800000,16200000,kro,2,0
490588,Swift Ring,0,0,,8,0
1101,Sword,76,100,npc,8,0
1102,Sword,76,100,npc,8,0
1103,Sword,0,0,,8,0
13474,Sword,0,0,,8,0
4427,Sword Guardian Card,253000,297000,kro,5,3
13311,Sword Huuma Shuriken,4100,4850,npc,8,0
1516,Sword Mace,41000,48500,npc,8,0
1517,Sword Mace,41000,48500,npc,8,0
1518,Sword Mace,0,0,,8,0
18865,Sword Master Crown,0,0,,8,0
1270005,Sword Master Shadow Armor,25760000,30240000,kro,2,0
1270007,Sword Master Shadow Earring,12880000,15120000,kro,2,0
1270008,Sword Master Shadow Pendant,13593000,15957000,kro,2,0
1270006,Sword Master Shadow Shoes,21574000,25326000,kro,2,0
500053,Sword of Honor,0,0,,8,0
28712,Sword of Ruin,0,0,,8,0
1668,Sword Stick,265000,311000,estimate,4,0
20861,Sword Wing,0,0,,8,0
1224,Swordbreaker,337000,396000,ragnastats,4,0
13031,Swordbreaker,337000,396000,sibling,4,0
4089,Swordfish Card,776000,911500,kro,5,3
11025,Swordman Book Basic,0,0,,12,0
11026,Swordman Book Practice,0,0,,12,0
17057,Swordman Card Album,0,0,,12,0
24246,Swordman Shadow Earring,2300000,2700000,kro,4,0
24250,Swordman Shadow Pendant,13340000,15660000,kro,4,0
11027,Swrodman Book Misc,0,0,,12,0
7812,Symbol of Bravery,0,0,,12,0
1001835,Symbol of Curse,285000,334500,kro,7,3
460050,Symbol of Eden,0,0,,8,0
7816,Symbol of Faith,0,0,,12,0
7611,Symbol of Fox,0,0,,12,0
7817,Symbol of Peace,0,0,,12,0
7810,Symbol of Richness,0,0,,12,0
1001822,Symposium Certification Card (Black),18000,21500,kro,12,3
1001820,Symposium Certification Card (Blue),314500,369000,kro,7,3
1001818,Symposium Certification Card (Green),23000,27000,kro,12,3
1001816,Symposium Certification Card (Orange),172500,203000,kro,7,3
1001821,Symposium Certification Card (Purple),25500,30000,kro,12,3
1001815,Symposium Certification Card (Red),45500,53000,kro,12,3
1001819,Symposium Certification Card (Sky Blue),110000,129500,kro,7,3
1001817,Symposium Certification Card (Yellow),16500,19000,kro,12,3
1001823,Symposium Coin,625500,734000,kro,7,3
18697,Syringe In Mouth,0,0,,8,0
19505,T Cigarette,0,0,,8,0
19508,T Gemmed Sallet,0,0,,8,0
19502,T Goggle,0,0,,11,0
19500,T Mr Smile,0,0,,8,0
19503,T Munak Hat,0,0,,8,0
19501,T Spinx Helm,0,0,,8,0
19504,T Sunglasses,0,0,,8,0
19506,T Valkyrie Feather Band,0,0,,8,0
27020,T W O Card,2404000,2822000,estimate,2,3
27089,T W O Card,0,0,,6,0
310272,T-Assault,0,0,,6,0
310273,T-Electricity,0,0,,6,0
310271,T-MagicBoost,0,0,,6,0
310270,T-PowerBoost,0,0,,6,0
1552,Tablet,42000,49500,npc,8,0
1181,Tae Goo Lyeon,514500,604000,ragnastats,7,0
24315,Taekwon Shadow Shield,4347000,5103000,kro,4,0
24284,Taekwondo Shadow Weapon,8280000,9720000,kro,4,0
4639,Taffy Card,913500,1072500,estimate,4,3
300552,Tai-Zi and Niflheim Card,8177500,9600000,kro,2,3
9184,Tai-Zi Egg,0,0,,12,0
24603,Tail Dragon Shadow Armor,0,0,,8,0
24602,Tail Dragon Shadow Shield,2438000,2862000,kro,2,0
24601,Tail Dragon Shadow Weapon,184000,216000,kro,4,0
1001447,Tail of Coral Marine,1104000,1296000,kro,4,3
7010,Tail of Steel Scorpion,1250,1450,ragnastats,12,18
1958,Tail Whip,33500,39500,npc,8,0
1959,Tail Whip,15000,18000,ragnastats,8,0
7647,Taiwan Luk Coin,0,0,,12,0
5101,Takius's Blindfold,0,0,,8,0
22042,Talaria Shoes,0,0,,8,0
311053,Talisman of Four Bearing God Tuning Device,0,0,,6,0
1270043,Talisman of Red Blue Shadow Earring,799500,939000,kro,4,0
1270044,Talisman of Red Blue Shadow Pendant,920000,1080000,kro,2,0
311054,Talisman of Soul Stealing Tuning Device,0,0,,6,0
24987,Talisman of White Black Shadow Earring,3680000,4320000,kro,2,0
24988,Talisman of White Black Shadow Pendant,3680000,4320000,kro,2,0
917,Talon,17,24,npc,36,36
7048,Talon of Griffon,270500,317500,ragnastats,7,3
5379,Tam,0,0,,8,0
9080,Tamadora Egg,0,0,,12,0
12105,Taming Gift Set,646500,759000,ragnastats,7,3
100153,Taming Gift Set II,1656000,1944000,kro,4,0
4304,Tamruan Card,92000,108000,kro,4,3
300586,Tan Card,0,0,,6,3
1001838,Tan Card Fragment,9200000,10800000,kro,4,3
7221,Tangled Chains,4200,4950,ragnastats,36,36
105161,Tangled Singularity,426000,500500,kro,7,3
23262,Tango Hair Gift Box,0,0,,12,0
5526,Tanigumi Girl Doll,6269000,7359000,ragnastats,2,0
12395,Tantan Noodle,437000,513000,kro,7,3
4302,Tao Gunka Card,99165500,116411500,estimate,2,0
18628,Tare Brownie,0,0,,8,0
23823,Tare Neko Cru SynthesisBox,0,0,,12,3
4028,Tarou Card,46000,54000,kro,6,3
7301,Tassel,1350,1600,kro,51,36
10026,Tassel for Durumagi,0,0,,12,0
11609,Tasty Cookie Egg,1,2,npc,12,0
18852,Tasty Strawberry Hat,0,0,,8,0
18853,Tasty Strawberry Hat,0,0,,8,0
4442,Tatacho Card,920000,1080000,kro,3,3
15137,Tatenasi Armor,0,0,,8,0
18884,Tatenasi Helm,0,0,,8,0
300717,Tatio Card,0,0,,6,3
300611,Tatsi Card,2113500,2481000,kro,2,3
7071,Tattered Clothes,11500,14000,kro,36,36
15924,Tattoo Brush,0,0,,8,0
4963,Taurus,0,0,,6,0
17077,Taurus Crown Scroll,0,0,,12,0
17078,Taurus Crown Scroll Box,0,0,,12,0
17063,Taurus Di Scroll Box,0,0,,12,0
19473,Taurus Diadem,8740000,10260000,sibling,2,0
400099,Taurus Diadem,8740000,10260000,kro,2,0
17062,Taurus Diadem Scroll,0,0,,12,0
15425,Taurus Mail,0,0,,8,0
20971,Taurus Manteau,0,0,,8,0
32264,Taurus Ring,0,0,,8,0
17120,Taurus Scroll,0,0,,12,0
22230,Taurus Shoes,0,0,,8,0
29153,Taurus Stone,3220000,3780000,kro,2,0
313343,Taurus Stone,3220000,3780000,sibling,2,0
1100,Taurus Sword,0,0,,8,0
7227,TCG Card,1,2,npc,12,0
11557,TE White Potion,170,230,npc,12,3
11558,TE White Slim Potion,230,315,npc,12,3
1002005,Teal Illusion Stone,15500,18000,kro,12,3
1002009,Teal Illusion Stone,5520000,6480000,kro,4,3
1000936,Teapot and Teacup Set,138000,162000,kro,7,3
18606,Tear Drop,0,0,,8,0
6215,Tear Gas,3200,3750,ragnastats,36,18
18682,Teardrop,0,0,,8,0
1002020,Tears of the King's Eye,0,0,,12,3
17009,Teddy Bear Box10,0,0,,12,0
17008,Teddy Bear Box5,0,0,,12,0
4340,Teddy Bear Card,1656000,1944000,kro,3,3
9099,Teddy Bear Egg,1380000,1620000,kro,4,0
100419,Teddy Bear Refine Box,1748000,2052000,kro,4,0
12630,Teddy Bear Scroll,0,0,,12,0
5059,Teddybear Hat,92000,108000,ragnastats,4,0
310320,Telekinesis (Armor),0,0,,6,0
2853,Telekinetic Orb,261000,306500,estimate,7,0
29229,Teleport,0,0,,6,0
20802,Teleport Amistr Bag,0,0,,8,0
24138,Teleport Shadow Armor,6440000,7560000,kro,4,0
24142,Teleport Shadow Earring,4600000,5400000,kro,4,0
24143,Teleport Shadow Pendant,5980000,7020000,kro,4,0
24140,Teleport Shadow Shield,5520000,6480000,kro,4,0
24139,Teleport Shadow Shoes,5428000,6372000,kro,4,0
24141,Teleport Shadow Weapon,4600000,5400000,kro,4,0
25228,Teleport Stone (Bottom),0,0,,12,0
13198,Tempest,1821500,2138000,npc,2,0
13199,Tempest,0,0,,8,0
24169,Tempest Pendant Shadow,3680000,4320000,kro,4,0
24424,Tempest Shadow Armor,5428000,6372000,kro,4,0
24168,Tempest Shadow Earring,2300000,2700000,kro,4,0
24345,Tempest Shadow Shield,2760000,3240000,kro,4,0
24346,Tempest Shadow Shoes,4600000,5400000,kro,4,0
23889,Tempest Shadow SynthesisBox,0,0,,12,3
24423,Tempest Shadow Weapon,2300000,2700000,kro,4,0
1001183,Temple Essence,44500,52000,kro,12,0
7570,Temple Lottery Ticket,0,0,,12,0
490307,Temple Magic Ring,119600000,140400000,kro,2,0
1001188,Temple Magical Water,0,0,,12,3
1001178,Temple Rune,34000,39500,kro,12,3
1001177,Temple Rune Fragment,3400,3950,kro,12,3
490304,Temple Rune Ring,118680000,139320000,kro,2,0
22002,Temporal Agi Boots,920000,1080000,kro,3,0
22010,Temporal Agi Boots,920000,1080000,kro,2,0
20964,Temporal Agi Manteau,13800000,16200000,kro,2,0
2499,Temporal Boots,230000,270000,kro,4,0
470170,Temporal Boots,230000,270000,sibling,4,0
470161,Temporal Boots Agi,0,0,,8,0
470164,Temporal Boots Agi,0,0,,8,0
470158,Temporal Boots Dex,0,0,,8,0
470166,Temporal Boots Dex,0,0,,8,0
470160,Temporal Boots Int,0,0,,8,0
470168,Temporal Boots Int,0,0,,8,0
470163,Temporal Boots Luk,0,0,,8,0
470169,Temporal Boots Luk,0,0,,8,0
470159,Temporal Boots Str,0,0,,8,0
470167,Temporal Boots Str,0,0,,8,0
470162,Temporal Boots Vit,0,0,,8,0
470165,Temporal Boots Vit,0,0,,8,0
100436,Temporal Circlet +11 Refine Cube,0,0,,12,3
6607,Temporal Crystal,3750,4400,kro,18,36
22004,Temporal Dex Boots,920000,1080000,kro,3,0
22008,Temporal Dex Boots,920000,1080000,kro,3,0
20967,Temporal Dex Manteau,920000,1080000,kro,2,0
100268,Temporal Equipment 11 Refine Cube,0,0,,12,3
25867,Temporal Fragment,255,345,kro,12,3
25865,Temporal Gemstone,12000,14500,kro,36,3
22001,Temporal Int Boots,4600000,5400000,kro,3,0
22009,Temporal Int Boots,4600000,5400000,kro,2,0
20966,Temporal Int Manteau,20240000,23760000,kro,2,0
29675,Temporal Jewel (AGI) Lv 1,0,0,,6,0
29676,Temporal Jewel (AGI) Lv 2,0,0,,6,0
29677,Temporal Jewel (AGI) Lv 3,0,0,,6,0
29684,Temporal Jewel (DEX) Lv 1,0,0,,6,0
29685,Temporal Jewel (DEX) Lv 2,0,0,,6,0
29686,Temporal Jewel (DEX) Lv 3,0,0,,6,0
29681,Temporal Jewel (INT) Lv 1,0,0,,6,0
29682,Temporal Jewel (INT) Lv 2,0,0,,6,0
29683,Temporal Jewel (INT) Lv 3,0,0,,6,0
29687,Temporal Jewel (LUK) Lv 1,0,0,,6,0
29688,Temporal Jewel (LUK) Lv 2,0,0,,6,0
29689,Temporal Jewel (LUK) Lv 3,0,0,,6,0
29672,Temporal Jewel (STR) Lv 1,0,0,,6,0
29673,Temporal Jewel (STR) Lv 2,0,0,,6,0
29674,Temporal Jewel (STR) Lv 3,0,0,,6,0
29678,Temporal Jewel (VIT) Lv 1,0,0,,6,0
29679,Temporal Jewel (VIT) Lv 2,0,0,,6,0
29680,Temporal Jewel (VIT) Lv 3,0,0,,6,0
22005,Temporal Luk Boots,9200000,10800000,kro,3,0
22011,Temporal Luk Boots,9200000,10800000,kro,2,0
20968,Temporal Luk Manteau,1380000,1620000,kro,2,0
20846,Temporal Manteau,0,0,,8,0
100100,Temporal Manteau Box,0,0,,12,3
28594,Temporal Ring,0,0,,8,0
490030,Temporal Ring,0,0,,8,0
490404,Temporal Ring-LT,0,0,,8,0
25866,Temporal Spell,22500,26000,kro,12,3
22000,Temporal Str Boots,3680000,4320000,kro,3,0
22006,Temporal Str Boots,3680000,4320000,kro,2,0
20963,Temporal Str Manteau,3680000,4320000,kro,2,0
22003,Temporal Vit Boots,460000,540000,kro,4,0
22007,Temporal Vit Boots,460000,540000,kro,4,0
20965,Temporal Vit Manteau,736000,864000,kro,4,0
669,Tempting Rice-Cake Soup,425,575,npc,12,3
310833,Tenacity Infinite Lv1,0,0,,6,0
310834,Tenacity Infinite Lv2,0,0,,6,0
310835,Tenacity Infinite Lv3,0,0,,6,0
310836,Tenacity Infinite Lv4,0,0,,6,0
310837,Tenacity Infinite Lv5,0,0,,6,0
312738,Tenacity Jewel 10Lv,0,0,,6,0
312729,Tenacity Jewel 1Lv,0,0,,6,0
312730,Tenacity Jewel 2Lv,0,0,,6,0
312731,Tenacity Jewel 3Lv,0,0,,6,0
312732,Tenacity Jewel 4Lv,0,0,,6,0
312733,Tenacity Jewel 5Lv,0,0,,6,0
312734,Tenacity Jewel 6Lv,0,0,,6,0
312735,Tenacity Jewel 7Lv,0,0,,6,0
312736,Tenacity Jewel 8Lv,0,0,,6,0
312737,Tenacity Jewel 9Lv,0,0,,6,0
29706,Tenacity Lv1,0,0,,6,0
29715,Tenacity Lv10,0,0,,6,0
29707,Tenacity Lv2,0,0,,6,0
29708,Tenacity Lv3,0,0,,6,0
29709,Tenacity Lv4,0,0,,6,0
29710,Tenacity Lv5,0,0,,6,0
29711,Tenacity Lv6,0,0,,6,0
29712,Tenacity Lv7,0,0,,6,0
29713,Tenacity Lv8,0,0,,6,0
29714,Tenacity Lv9,0,0,,6,0
311949,Tenacity of Varmundt Lv1,0,0,,6,0
311950,Tenacity of Varmundt Lv2,0,0,,6,0
311951,Tenacity of Varmundt Lv3,0,0,,6,0
311952,Tenacity of Varmundt Lv4,0,0,,6,0
311953,Tenacity of Varmundt Lv5,0,0,,6,0
1050,Tendon,3600,4200,ragnastats,36,36
12074,Tendon Satay,56500,66500,ragnastats,12,3
5780,Tendrilion Hat,0,0,,8,0
16605,Tendrilion Hat Box,0,0,,12,0
4463,Tendrilrion Card,163000,191500,kro,4,3
16606,Tendrilrion Hat Box,0,0,,12,0
15055,Tenebris Latitantes,8250,9700,npc,8,0
4282,Tengu Card,404500,474500,ragnastats,4,3
7159,Tengu Nose,7350,8600,ragnastats,36,6
19112,Tengu Scroll,0,0,,8,0
22145,Tengu's Shoes,0,0,,8,0
12560,Tenkaippin Clean,0,0,,12,0
5791,Tenkaippin Ramen,0,0,,8,0
12559,Tenkaippin Strong,0,0,,12,0
24361,Tension Shadow Earring,0,0,,12,0
24362,Tension Shadow Pendant,16100000,18900000,kro,4,0
23829,Tension Shadow SynthesisBox,0,0,,12,3
24360,Tension Shadow Weapon,0,0,,12,0
962,Tentacle,195,265,kro,76,72
12058,Tentacle Cheese Gratin,3800,4450,kro,12,6
1270121,Terra Stream Shadow Armor,920000,1080000,kro,2,0
1270122,Terra Stream Shadow Shoes,644000,756000,kro,4,0
7632,Terrible Report Card,0,0,,12,0
300311,Terror Resistance,0,0,,6,0
300494,Tes Card,0,0,,6,3
100582,Test 1,0,0,,12,0
100584,Test 2,0,0,,12,0
22699,Test Reagent,1,2,npc,12,18
101060,TestA,0,0,,12,3
101062,TestB,0,0,,12,3
6468,Thai Perfume,0,0,,12,0
12668,Thai Perfume ASPD,0,0,,12,0
12667,Thai Perfume ATK,0,0,,12,0
12669,Thai Perfume CAST,0,0,,12,0
12666,Thai Perfume MATK,0,0,,12,0
620009,Thanatos Axe-AD,0,0,,8,0
700029,Thanatos Bow-AD,0,0,,8,0
18530,Thanatos Despero Mask,0,0,,8,0
600016,Thanatos Great Sword-AD,0,0,,8,0
610019,Thanatos Katar-AD,0,0,,8,0
5789,Thanatos Mal Mask,0,0,,8,0
100585,Thanatos Necklace Box,0,0,,12,3
640017,Thanatos Two-handed Staff-AD,0,0,,8,0
580016,Thanatos Whip-AD,0,0,,8,0
436001,Thanatos's Despero Mask,0,0,,8,0
436004,Thanatos's Despero Mask,0,0,,8,0
5787,Thanatos's Maero Mask,0,0,,8,0
436000,Thanatos's Maero Mask,0,0,,8,0
436005,Thanatos's Maero Mask,0,0,,8,0
490099,Thanatos's Necklace,32200000,37800000,kro,2,0
436002,Thanatos's Odium Mask,14720000,17280000,kro,2,0
436003,Thanatos's Odium Mask,14720000,17280000,kro,2,0
100943,Thanksgiving Package,0,0,,12,0
28100,Thanos Axe,0,0,,8,0
18119,Thanos Bow,0,0,,8,0
13093,Thanos Dagger,0,0,,8,0
510030,Thanos Dagger-AD,3679500,4319500,kro,2,0
400150,Thanos Fighter Helmet,13800000,16200000,kro,2,0
400151,Thanos Fighter Helmet-LT,0,0,,8,0
21009,Thanos Great Sword,0,0,,8,0
16028,Thanos Hammer,0,0,,8,0
590020,Thanos Hammer-AD,0,0,,8,0
28000,Thanos Katar,1104000,1296000,kro,3,0
1836,Thanos Knuckle,0,0,,8,0
560017,Thanos Knuckle-AD,0,0,,8,0
1496,Thanos Long Spear,0,0,,8,0
400146,Thanos Magic Helmet,7360000,8640000,kro,2,0
400145,Thanos Magic Helmet-LT,0,0,,8,0
400141,Thanos Shooter Helmet,18400000,21600000,kro,2,0
400142,Thanos Shooter Helmet-LT,0,0,,8,0
1438,Thanos Spear,0,0,,8,0
530012,Thanos Spear-AD,0,0,,8,0
1669,Thanos Staff,0,0,,8,0
550023,Thanos Staff-AD,0,0,,8,0
13441,Thanos Sword,0,0,,8,0
500024,Thanos Sword-AD,0,0,,8,0
2023,Thanos Two-Handed Staff,0,0,,8,0
100817,Thanos Upgrade Box,9200000,10800000,kro,4,0
1933,Thanos Violin,0,0,,8,0
570016,Thanos Violin-AD,0,0,,8,0
400134,Thanos Warrior Helmet,10120000,11880000,kro,2,0
400135,Thanos Warrior Helmet-LT,24840000,29160000,kro,2,0
100591,Thanos Weapon Reform Cube (Lower),0,0,,12,0
100592,Thanos Weapon Reform Cube (Middle),0,0,,12,0
1988,Thanos Whip,0,0,,8,0
4058,Thara Frog Card,368000,432000,kro,5,3
28258,The Black,0,0,,8,0
100407,The Black Modification Cube,0,0,,12,0
830012,The Black-LT,0,0,,8,0
400481,The Brandishing,0,0,,8,0
27132,The Chariot,0,0,,6,0
300134,The Chariot Reversed,0,0,,6,0
310655,The Creation,0,0,,6,0
27133,The Death,0,0,,6,0
300135,The Death Reversed,0,0,,6,0
27139,The Devil,0,0,,6,0
300165,The Devil Reversed,0,0,,6,0
27135,The Emperor,0,0,,6,0
300163,The Emperor Reversed,0,0,,6,0
27364,The Fool,0,0,,6,0
300283,The Fool Reversed,0,0,,6,0
27366,The Hanged Man,0,0,,6,0
300285,The Hanged Man Reversed,0,0,,6,0
27134,The Hermit,0,0,,6,0
300282,The Hermit Reversed,0,0,,6,0
29509,The Hero,0,0,,6,0
27138,The Hierophant,0,0,,6,0
300284,The Hierophant Reversed,0,0,,6,0
300286,The High Priestess,0,0,,6,0
300287,The High Priestess Reversed,0,0,,6,0
27129,The Justice,0,0,,6,0
300131,The Justice Reversed,0,0,,6,0
27137,The Lovers,0,0,,6,0
300136,The Lovers Reversed,0,0,,6,0
6757,The Memory Recorder,0,0,,27,0
400086,The Meow Family's Paycheck,0,0,,8,0
400550,The Meow Family's Paycheck-LT,0,0,,8,0
27136,The Moon,0,0,,6,0
300166,The Moon Reversed,0,0,,6,0
300262,The One Card,3690500,4332500,estimate,2,3
4172,The Paper Card,736000,864000,kro,32,3
450424,The Ragnarok T-Shirts,0,0,,8,0
610044,The Ripper,0,0,,8,0
420134,The Spirit Of World,0,0,,8,0
27130,The Star,0,0,,6,0
300132,The Star Reversed,0,0,,6,0
27140,The Strength,0,0,,6,0
300164,The Strength Reversed,0,0,,6,0
27131,The Temperance,0,0,,6,0
300133,The Temperance Reversed,0,0,,6,0
300288,The Tower,0,0,,6,0
300289,The Tower Reversed,0,0,,6,0
400083,The Truth of Creation and Soul,0,0,,8,0
400547,The Truth of Creation and Soul-LT,0,0,,8,0
311379,The Vigilant at Night Tuning Device,0,0,,6,0
27367,The World,0,0,,6,0
300168,The World Reversed,0,0,,6,0
28973,Themis Balance,0,0,,8,0
490083,Themis Balance,0,0,,8,0
15892,Themis Helm,0,0,,8,0
400631,Themis Helm,0,0,,8,0
18935,There is Something,0,0,,8,0
12312,Thick Battle Manual,1,2,npc,12,0
1001647,Thick Flesh,3650,4300,kro,12,3
12410,Thick Pork Belly,0,0,,12,0
1001991,Thick Tooth Piece,0,0,,12,3
18619,Thief Bandana,0,0,,8,0
11028,Thief Book Basic,0,0,,12,0
11030,Thief Book Misc,0,0,,12,0
11029,Thief Book Practice,0,0,,12,0
4016,Thief Bug Card,82500,97000,kro,9,3
4012,Thief Bug Egg Card,644000,756000,kro,4,3
17058,Thief Card Album,0,0,,12,0
2335,Thief Clothes,61000,71500,npc,8,0
2336,Thief Clothes,61000,71500,npc,11,0
15268,Thief Clothes,0,0,,8,0
18109,Thief Crossbow,46000,54000,npc,11,0
2913,Thief Handcuff,0,0,,8,0
28391,Thief Shadow Earring,2760000,3240000,kro,4,0
24253,Thief Shadow Pendant,2760000,3240000,kro,4,0
32265,Thief's Guide Vol.2,0,0,,8,0
28492,Thieve's Guide Vol.1,0,0,,8,0
1000827,Thin Nipper,0,0,,12,3
1000830,Thin Tough Shell,0,0,,12,3
7186,Thin Trunk,185,255,ragnastats,12,36
420248,Third Eye God,0,0,,8,0
12139,Third Stage Prize,0,0,,12,0
311046,Third Tuning Device,0,0,,6,0
7074,Thor's Gauntlets,1,2,npc,12,3
13254,Thorn Needle Shuriken,17,24,npc,12,0
1636,Thorn Staff of Darkness,460000,540000,kro,7,0
1664,Thorn Staff of Darkness,460000,540000,kro,4,0
18804,Thornbush Hairband,0,0,,8,0
1270029,Thorns Shadow Armor,5934000,6966000,kro,2,0
1270030,Thorns Shadow Shoes,4600000,5400000,kro,2,0
2124,Thorny Buckler,46000,54000,estimate,11,0
22064,Thorny Shoes,0,0,,8,0
32245,Thought Ring,0,0,,8,0
490596,Thought Ring-LT,0,0,,8,0
16588,Thoughtful Hat Box,0,0,,12,0
16589,Thoughtful Hat Box,0,0,,12,0
16590,Thoughtful Hat Box,0,0,,12,0
29134,Thoughts of a Champion,0,0,,6,0
100402,Thousand Sun Modification Cube,0,0,,12,0
7443,Three-Headed Dragon's Head,10500,12500,ragnastats,36,6
310463,Throw Huuma Shuriken Lv.1,0,0,,6,0
310464,Throw Huuma Shuriken Lv.2,0,0,,6,0
310465,Throw Huuma Shuriken Lv.3,0,0,,6,0
310466,Throw Huuma Shuriken Lv.4,0,0,,6,0
310467,Throw Huuma Shuriken Lv.5,0,0,,6,0
13290,Throwing Black Mass,0,0,,12,0
13269,Throwing Boost 500,0,0,,12,0
6297,Throwing Bottle,255,345,npc,12,3
13283,Throwing Ceromain Soup,0,0,,12,0
13285,Throwing Cocktail Warg Blood,0,0,,12,0
13281,Throwing Concentrated White Potion Z,0,0,,12,0
13272,Throwing Cure Free,0,0,,12,0
13288,Throwing Drosera Herb Salad,0,0,,12,0
13274,Throwing Falmons F,0,0,,12,0
13270,Throwing Full Swing K,0,0,,12,0
101116,Throwing Grenade Box,0,0,,12,0
13277,Throwing Increase HP Potion (Large),7000,8200,ragnastats,12,0
13276,Throwing Increase HP Potion (Medium),0,0,,12,0
13275,Throwing Increase HP Potion (Small),0,0,,12,0
13280,Throwing Increase SP Potion (Large),85,115,npc,12,0
13279,Throwing Increase SP Potion (Medium),0,0,,12,0
13278,Throwing Increase SP Potion (Small),0,0,,12,0
13271,Throwing Mana Plus,0,0,,12,0
13286,Throwing Minor Stew,0,0,,12,0
13273,Throwing Muramura M,0,0,,12,0
13289,Throwing Petite Tail Soup,0,0,,12,0
13284,Throwing Savage Full Roast,0,0,,12,0
13287,Throwing Siroma Iced Tea,0,0,,12,0
13282,Throwing Vitata 500,0,0,,12,0
18176,Thunder Bow,0,0,,8,0
24947,Thunder Buster Cannon Shadow Shoes,1380000,1620000,kro,2,0
24946,Thunder Buster Shadow Armor,2300000,2700000,kro,2,0
13130,Thunder Gun,0,0,,8,0
16049,Thunder Hammer,0,0,,8,0
13168,Thunder P,62500,73500,npc,8,0
13169,Thunder P,4900,5750,ragnastats,8,0
1592,Thunder Pedigree Book,0,0,,8,0
490022,Thunder Ring,0,0,,8,0
1444,Thunder Spear,0,0,,8,0
28708,Thunder Sword,0,0,,8,0
1688,Thunder Wand,0,0,,8,0
12121,Thunderproof Potion,2750,3200,kro,54,3
13315,Thunderstorm Huuma Shuriken,82500,97000,npc,11,0
2234,Tiara,46000,54000,kro,11,0
5164,Tiara,276000,324000,kro,4,0
300193,Tiara Card,0,0,,6,3
100487,Tiara's Loss,874000,1026000,kro,7,3
6795,Ticket Special RO2,0,0,,12,0
2424,Tidal Shoes,46000,54000,kro,11,0
15032,Tidung,690000,810000,kro,4,0
5485,Tiger Face,0,0,,8,0
400622,Tiger Glasses,0,0,,8,0
400245,Tiger King Doll Hat-LT,0,0,,8,0
5098,Tiger Mask,6504000,7635500,ragnastats,2,0
16719,Tiger Mask Box,0,0,,12,0
16720,Tiger Mask Box,0,0,,12,0
7267,Tiger Panty,1050,1250,ragnastats,36,36
24487,Tiger Shadow Earring,920000,1080000,kro,2,0
24486,Tiger Shadow Pendant,2438000,2862000,kro,2,0
24485,Tiger Shadow Weapon,2760000,3240000,kro,2,0
1029,Tiger Skin,82500,97000,kro,12,18
1030,Tiger's Footskin,193000,226500,kro,11,0
2330,Tights,65000,76500,kro,8,0
2331,Tights,69000,81000,kro,11,0
15266,Tights,67000,78500,sibling,8,0
4586,Tikbalang Card,2024000,2376000,kro,2,3
9059,Tikbalang Egg,0,0,,18,0
12699,Tikbalang Harness,17,24,npc,12,3
6496,Tikbalang's Thick Spine,10500,12500,ragnastats,12,6
300449,Timbers Card,5980000,7020000,kro,2,3
300157,Time Accessory Effect,0,0,,6,0
1000345,Time Accessory Effect (Middle),0,0,,12,0
490575,Time Break Necklace,0,0,,8,0
312698,Time Dimension Jewel (Agility) 1Lv,0,0,,6,0
312699,Time Dimension Jewel (Agility) 2Lv,0,0,,6,0
312700,Time Dimension Jewel (Agility) 3Lv,0,0,,6,0
312701,Time Dimension Jewel (Dexterity) 1Lv,0,0,,6,0
312702,Time Dimension Jewel (Dexterity) 2Lv,0,0,,6,0
312703,Time Dimension Jewel (Dexterity) 3Lv,0,0,,6,0
312707,Time Dimension Jewel (Intelligence) 1Lv,0,0,,6,0
312708,Time Dimension Jewel (Intelligence) 2Lv,0,0,,6,0
312709,Time Dimension Jewel (Intelligence) 3Lv,0,0,,6,0
312710,Time Dimension Jewel (Luck) 1Lv,0,0,,6,0
312711,Time Dimension Jewel (Luck) 2Lv,0,0,,6,0
312712,Time Dimension Jewel (Luck) 3Lv,0,0,,6,0
312713,Time Dimension Jewel (Spirit) 1Lv,0,0,,6,0
312714,Time Dimension Jewel (Spirit) 2Lv,0,0,,6,0
312715,Time Dimension Jewel (Spirit) 3Lv,0,0,,6,0
312695,Time Dimension Jewel (Strength) 1Lv,0,0,,6,0
314243,Time Dimension Jewel (Strength) 1Lv,0,0,,6,0
312696,Time Dimension Jewel (Strength) 2Lv,0,0,,6,0
314244,Time Dimension Jewel (Strength) 2Lv,0,0,,6,0
312697,Time Dimension Jewel (Strength) 3Lv,0,0,,6,0
314245,Time Dimension Jewel (Strength) 3Lv,0,0,,6,0
312704,Time Dimension Jewel (Vitality) 1Lv,0,0,,6,0
312705,Time Dimension Jewel (Vitality) 2Lv,0,0,,6,0
312706,Time Dimension Jewel (Vitality) 3Lv,0,0,,6,0
312716,Time Dimension Jewel (Wisdom) 1Lv,0,0,,6,0
312717,Time Dimension Jewel (Wisdom) 2Lv,0,0,,6,0
312718,Time Dimension Jewel (Wisdom) 3Lv,0,0,,6,0
1001551,Time Dimension Jewel Fragment,3450,4100,kro,12,3
1001553,Time Dimension Magic Jewel,3951000,4638500,kro,11,3
1001556,Time Dimension Magic Rune,3864000,4536000,kro,4,3
100024,Time Extension (Account),0,0,,12,0
400003,Time Extension (Rented),0,0,,8,0
100026,Time Extension(Character),0,0,,12,0
28785,Time Gap Abyss Dagger,2668000,3132000,kro,2,0
640054,Time Gap Arch Staff,6440000,7560000,kro,2,0
500107,Time Gap Biologic Blade,4600000,5400000,kro,2,0
103582,Time Gap Dagger Box,0,0,,12,0
630049,Time Gap Dragon Spear,1840000,2160000,kro,2,0
540096,Time Gap Elemental Spell Book,2530000,2970000,kro,2,0
540094,Time Gap Emperor Revolution Book,1748000,2052000,kro,2,0
530060,Time Gap Guardian Spear,6440000,7560000,kro,2,0
550152,Time Gap Hyper Staff,9149000,10740500,kro,2,0
560072,Time Gap Judgment Knuckle,2760000,3240000,kro,2,0
28789,Time Gap Kurojin (A),2760000,3240000,kro,2,0
510172,Time Gap Kurojin (B),12190000,14310000,kro,2,0
103891,Time Gap Kurojin Box,1840000,2160000,kro,4,0
620043,Time Gap Machanical Axe,1840000,2160000,kro,2,0
580075,Time Gap Musical Ribbon,13800000,16200000,kro,2,0
570075,Time Gap Musical Violin,10120000,11880000,kro,2,0
800042,Time Gap Night Revolver,460000,540000,kro,4,0
103308,Time Gap Refine Hammer,2300000,2700000,kro,4,3
550156,Time Gap Saint Staff,9200000,10800000,kro,2,0
510165,Time Gap Shadow Dagger (A),7360000,8640000,kro,2,0
510166,Time Gap Shadow Dagger (B),7360000,8640000,kro,2,0
550155,Time Gap Soul Rod,5290000,6210000,kro,2,0
550159,Time Gap Spirit Foxtail,3450000,4050000,kro,2,0
103991,Time Gap Weapon Box,3680000,4320000,kro,4,3
700108,Time Gap Wind Bow,4600000,5400000,kro,2,0
4625,Time Holder Card,136773500,160560000,estimate,2,0
313349,Time Jewel (Agi) Lv.2,0,0,,6,0
313350,Time Jewel (Agi) Lv.3,0,0,,6,0
313355,Time Jewel (Dex) Lv.2,0,0,,6,0
313356,Time Jewel (Dex) Lv.3,0,0,,6,0
313353,Time Jewel (Int) Lv.2,0,0,,6,0
313354,Time Jewel (Int) Lv.3,0,0,,6,0
313357,Time Jewel (Luk) Lv.2,0,0,,6,0
313358,Time Jewel (Luk) Lv.3,0,0,,6,0
313347,Time Jewel (Str) Lv.2,0,0,,6,0
313348,Time Jewel (Str) Lv.3,0,0,,6,0
313351,Time Jewel (Vit) Lv.2,0,0,,6,0
313352,Time Jewel (Vit) Lv.3,0,0,,6,0
490592,Time Jewel Earring,0,0,,8,0
490583,Time Jewelry Amulet (Lv.2),0,0,,8,0
490584,Time Jewelry Amulet (Lv.3),0,0,,8,0
1002333,Time Magic Scroll,8250,9700,kro,12,3
490258,Time Thief Crystal Earrings,0,0,,8,0
17490,Time Travel Lucky Egg,0,0,,12,0
7666,Time Travel Scroll,0,0,,12,0
9551,Time Unseal Key,855500,1004000,kro,7,0
313327,Time Watchers,0,0,,6,0
9171,Timeholder Egg,920000000,1080000000,kro,4,0
10012,Tiny Egg Shell,24500,29000,ragnastats,12,0
18548,Tiny Hat,0,0,,8,0
6455,Tiny Ticket,0,0,,12,0
1139,Tirfing,184000,216000,ragnastats,4,0
450411,Tirnanog,0,0,,8,0
24234,Titan Shadow Earring,0,0,,12,0
24235,Titan Shadow Pendant,1380000,1620000,kro,4,0
460027,Titan Shield,0,0,,8,0
32305,Titanium Gun,0,0,,8,0
4587,Tiyanak Card,0,0,,6,3
1416,Tjungkuletti,0,0,,8,0
11043,TK Book Basic,0,0,,12,0
11045,TK Book Misc,0,0,,12,0
11044,TK Book Practice,0,0,,12,0
5790,TM,0,0,,8,0
4306,Toad Card,59500,70000,kro,6,3
22259,Tohil's Shoes,0,0,,8,0
6002,Token of Apostle,0,0,,12,3
1001007,Token of Invasion Defense,0,0,,12,0
312981,Token of Life,0,0,,6,0
1001011,Token of Quest,0,0,,12,0
7606,Token of the Ox,1,2,npc,12,0
566,Tom Yum Goong,3000,3500,ragnastats,12,3
1368,Tomahawk,644000,756000,ragnastats,4,0
1389,Tomahawk,644000,756000,sibling,4,0
16429,Tomahawk Box,0,0,,12,0
1015,Tongue,955,1100,ragnastats,51,18
18648,Tongue Charm,4140000,4860000,ragnastats,2,0
5272,Tongue Mask,0,0,,8,0
100518,Tonics,0,0,,12,0
13028,Tooth Blade,26000,31000,ragnastats,11,0
28716,Tooth Blade,26000,31000,sibling,8,0
913,Tooth of Bat,1250,1500,kro,51,72
9077,Topalit Egg,0,0,,12,0
728,Topaz,4100,4850,kro,36,18
310280,Topaz Emblem Lv1,0,0,,6,0
310281,Topaz Emblem Lv2,0,0,,6,0
310282,Topaz Emblem Lv3,0,0,,6,0
310283,Topaz Emblem Lv4,0,0,,6,0
310284,Topaz Emblem Lv5,0,0,,6,0
310285,Topaz Emblem Lv6,0,0,,6,0
6533,Torn Document,0,0,,12,0
7117,Torn Magic Book,4600,5400,kro,36,18
25261,Torn Paper,765,1000,npc,12,18
7118,Torn Scroll,34500,40500,ragnastats,12,3
28101,Tornado Axe,24500,29000,npc,8,0
24464,Tornado Shadow Armor,3680000,4320000,sibling,4,0
24560,Tornado Shadow Armor,3680000,4320000,kro,2,0
24465,Tornado Shadow Shield,3680000,4320000,kro,4,0
24561,Tornado Shadow Shield,1840000,2160000,kro,2,0
24466,Tornado Shadow Shoes,1380000,1620000,kro,4,0
24562,Tornado Shadow Shoes,316000,371500,kro,4,0
20713,Torrent Manteau,0,0,,8,0
27123,Toucan Card,1196000,1404000,kro,2,3
29512,Tough,0,0,,6,0
7012,Tough Scalelike Stem,920,1050,kro,54,36
7197,Tough Vines,19000,22500,kro,51,36
2133,Tournament Shield,136500,160500,estimate,4,0
4229,Tower Keeper Card,1196000,1404000,kro,2,3
1146,Town Sword,34500,40500,npc,8,0
1147,Town Sword,18000,21000,ragnastats,11,0
27150,Toxic Enchanted Chimera Card,99165500,116411500,estimate,2,0
7322,Toxic Gas,565,765,npc,36,36
12721,Toxin,5450,6400,kro,12,3
300002,Toxious Card,920000,1080000,kro,2,3
300659,Toxit Card,2253500,2645500,kro,2,3
28596,Toy Ring,0,0,,8,0
490390,Toy Ring,0,0,,8,0
490432,Toy Screw,0,0,,8,0
2154,Toy Shield,0,0,,8,0
5978,Toy Syringe,644000,756000,sibling,7,0
19240,Toy Syringe,644000,756000,kro,4,0
23838,Toy Syringe Combination,0,0,,12,3
555,Traditional Rice Cake,265,360,ragnastats,12,0
6094,Traditional Sweets,0,0,,12,0
2466,Training Shoes,0,0,,8,0
103316,Trait Status Shadow Cube,1380000,1620000,kro,4,3
101180,Trait Status Shadow Spellbook,1006500,1182000,kro,4,3
4668,Trance Spore Card,361000,424000,estimate,4,0
11593,Trans Candy Blue,17,24,npc,18,0
11595,Trans Candy Green,17,24,npc,12,0
11592,Trans Candy Red,17,24,npc,12,0
11594,Trans Candy Yellow,17,24,npc,12,0
310323,Transcendence,0,0,,6,0
22752,Transformation Scroll(Gazeti),512000,601500,kro,7,0
22750,Transformation Scroll(Horn Scaraba),414000,486000,kro,7,0
22753,Transformation Scroll(Kobold Archer),202000,237500,kro,7,0
22754,Transformation Scroll(Necromancer),8250,9700,kro,12,0
22751,Transformation Scroll(Wanderer),8900,10000,kro,12,0
22755,Transformation Scroll(Wind Ghost),80500,95000,kro,12,0
7274,Translated Ancient Language,1,2,npc,12,0
7676,Transmission Coupon,0,0,,12,0
7165,Transparent Celestial Robe,1250,1500,ragnastats,51,36
10003,Transparent Head Protector,220500,258500,ragnastats,7,0
7352,Transparent Plate,26500,31500,ragnastats,36,3
7353,Transparent Plate,26500,31500,ragnastats,36,3
7354,Transparent Plate,26500,31500,ragnastats,36,3
7355,Transparent Plate,26500,31500,ragnastats,36,3
1000828,Transparent Shell,0,0,,12,3
1065,Trap,42,58,ragnastats,36,18
23711,Trap Box,0,0,,12,0
490193,Traveler Ring,0,0,,8,0
22198,Traveler Shoes,0,0,,8,0
7444,Treasure Box,699000,820500,ragnastats,32,18
7721,Treasure Box,699000,820500,sibling,7,0
12339,Treasure Edition Box,0,0,,12,0
12334,Treasure Edition Helm Box,0,0,,12,0
300016,Treasure Mimic Card,920000,1080000,kro,11,3
902,Tree Root,10,14,kro,36,36
20722,Tree Spirit Shawl,0,0,,8,0
19299,Tree Sprout,0,0,,8,0
4573,Trentini Card,899000,1055500,estimate,4,3
310268,Trentini Gypsy Stone II (Bottom),2208000,2592000,kro,2,0
310267,Trentini Gypsy Stone II (Middle),3036000,3564000,kro,2,0
310266,Trentini Gypsy Stone II (Top),3312000,3888000,kro,2,0
29606,Trentini's Memory,0,0,,6,0
4308,Tri Joint Card,286000,335500,ragnastats,4,3
400079,Trial Diadem,5520000,6480000,kro,2,0
700069,Triangle Disaster,0,0,,8,0
24524,Triangle Shadow Armor,1840000,2160000,kro,2,0
24525,Triangle Shadow Shield,2760000,3240000,kro,2,0
24526,Triangle Shadow Shoes,414000,486000,kro,4,0
1460,Trident,42000,49500,npc,8,0
1461,Trident,50000,59000,estimate,8,0
1462,Trident,0,0,,8,0
630042,Trident,0,0,,8,0
18661,Trident Helm,0,0,,8,0
24615,Trip Shadow Armor,0,0,,8,0
24614,Trip Shadow Shield,0,0,,8,0
24613,Trip Shadow Weapon,0,0,,8,0
5255,Triple Poring Hat,59500,70000,ragnastats,8,0
1270035,Triple Shadow Earring,276000,324000,kro,4,0
1270036,Triple Shadow Pendant,276000,324000,kro,4,0
300585,Tris Card,0,0,,6,3
1001837,Tris Card Fragment,0,0,,12,3
480453,Tristan Imperial Cape-LT,0,0,,8,0
12079,Tristan XII,234000,275000,ragnastats,7,3
9933,Troi Hunting 9 Refinement Package,92000,108000,kro,7,0
9935,Trois Hunting Magical Craft Kit,165500,194000,kro,7,0
9934,Trois Hunting Physical Craft Kit,165500,194000,kro,7,0
634,Tropical Banana,184000,216000,kro,7,3
12112,Tropical Sograt,8700,10000,ragnastats,27,3
312240,Troubadour & Trouvere Soul (Metallic Fury),0,0,,6,0
312239,Troubadour & Trouvere Soul (Rhythm Shooting),0,0,,6,0
313387,Troubadour & Trouvere Soul (Rhythmical Wave),0,0,,6,0
312238,Troubadour & Trouvere Soul (Rose Blossom),0,0,,6,0
312693,Troubadour & Trouvere Stone (Garment),92000000,108000000,kro,2,0
1001488,Troubadour & Trouvere Stone (Garment),92000000,108000000,kro,4,0
313736,Troubadour & Trouvere Stone II (Garment),0,0,,6,0
1001949,Troubadour & Trouvere Stone II (Garment),0,0,,12,0
22819,True Almighty,294000,345500,kro,11,3
4696,True Alphoccio Basil Card,50600000,59400000,kro,2,3
27080,True Alphoccio Card,0,0,,6,0
4687,True Cecil Damon Card,1840000,2160000,kro,2,3
27071,True Cecil Damon Card,1840000,2160000,sibling,2,0
4692,True Celia Alde Card,1380000,1620000,kro,2,3
27076,True Celia Alde Card,1380000,1620000,sibling,2,0
4693,True Chen Liu Card,2668000,3132000,kro,2,3
27077,True Chen Liu Card,2668000,3132000,sibling,2,0
22820,True Enhanced ASPD Potion,644000,756000,kro,7,3
4684,True Eremes Guile Card,26680000,31320000,kro,11,3
27068,True Eremes Guile Card,26680000,31320000,sibling,2,0
4691,True Flamel Emure Card,2760000,3240000,kro,2,3
27075,True Flamel Emure Card,2760000,3240000,sibling,2,0
24675,True Gemstone Shadow Armor,161000000,189000000,kro,2,0
101661,True Gemstone Shadow Armor Box,0,0,,12,0
24677,True Gemstone Shadow Earring,141220000,165780000,kro,2,0
101658,True Gemstone Shadow Earring Box,0,0,,12,0
24678,True Gemstone Shadow Pendant,165600000,194400000,kro,2,0
101659,True Gemstone Shadow Pendant Box,0,0,,12,0
101657,True Gemstone Shadow Selection Box,0,0,,12,3
24676,True Gemstone Shadow Shoes,0,0,,8,0
101660,True Gemstone Shadow Shoes Box,0,0,,12,0
101308,True Gemstone Shadow Spellbook,1006000,1180500,kro,4,3
100620,True Gemstone Shadow Thump Box,0,0,,12,3
4694,True Gertie Card,3220000,3780000,kro,2,3
27078,True Gertie Card,3220000,3780000,sibling,2,0
4688,True Howard Alt-Eisen Card,10120000,11880000,kro,2,3
27072,True Howard Alt-Eisen Card,10120000,11880000,sibling,2,0
22168,True Hunting Boots,0,0,,8,0
28563,True Hunting Magical Ring,9200000,10800000,kro,2,0
15246,True Hunting Mail,0,0,,8,0
20902,True Hunting Manteau,690000,810000,kro,4,0
28562,True Hunting Physical Ring,5520000,6480000,kro,2,0
100008,True Infinity Drink,322000,378000,kro,7,3
4686,True Kathryne Keyron Card,1840000,2160000,kro,2,3
27070,True Kathryne Keyron Card,1840000,2160000,sibling,2,0
100007,True Limited Power Booster,286000,336000,kro,7,3
4685,True Margaretha Sorin Card,95680000,112320000,kro,2,3
27069,True Margaretha Sorin Card,95680000,112320000,sibling,2,0
22818,True Medium Life Potion,303500,356000,kro,7,3
100317,True Mental Potion,54000,63500,kro,12,3
22816,True Mysterious Life Potion,236000,277500,kro,7,3
4690,True Randel Lawrence Card,11270000,13230000,kro,2,3
27074,True Randel Lawrence Card,11270000,13230000,sibling,2,0
22821,True Red Booster,1384500,1625500,kro,4,3
4689,True Seyren Windsor Card,5520000,6480000,kro,2,3
27073,True Seyren Windsor Card,5520000,6480000,sibling,2,0
100006,True Shining Defense Scroll,467000,548500,kro,7,3
22817,True Small Life Potion,248000,291000,kro,22,3
100005,True Small Mana Potion,691500,812000,kro,7,3
4695,True Trentini Card,8648000,10152000,kro,2,3
27079,True Trentini Card,8648000,10152000,sibling,2,0
100316,True Tyr's Blessing,828000,972000,kro,7,3
1940,Trumpet Shell,1380000,1620000,sibling,2,0
570002,Trumpet Shell,1380000,1620000,kro,2,0
100330,Trumpet Shell Remodeling Cube,0,0,,12,0
570027,Trumpet Shell-LT,0,0,,8,0
1019,Trunk,1550,1800,kro,76,36
1001459,Truth of Life,1350,1600,kro,12,3
27087,Truthful Wizard Card,920000,1080000,kro,2,3
18949,Tsunade's Scroll,0,0,,8,0
1119,Tsurugi,42000,49500,npc,8,0
1120,Tsurugi,42000,49500,npc,8,0
1121,Tsurugi,0,0,,8,0
13479,Tsurugi,0,0,,8,0
300649,Tulip Card,2576000,3024000,kro,2,3
5077,Tulip Hairpin,383000,449500,ragnastats,4,0
300221,Tumblering Card,1104000,1296000,kro,2,3
1000682,Tuner,0,0,,12,0
105178,Tuning of the Boundary (Frontier Emperor Battle B,1794000,2106000,kro,4,0
105180,Tuning of the Boundary (Frontier Hyper Rod),1173000,1377000,kro,4,0
105177,Tuning of the Boundary (Frontier Knight Rifle),1748000,2052000,kro,4,0
105176,Tuning of the Boundary (Frontier Moonlight Fuma S,2576000,3024000,kro,4,0
105175,Tuning of the Boundary (Frontier Musical Rope),4139500,4859500,kro,4,0
105179,Tuning of the Boundary (Frontier Soul Staff),2760000,3240000,kro,4,0
105181,Tuning of the Boundary (Frontier Spirit Foxtail),2760000,3240000,kro,4,0
105415,Tuning of the Dimension (Faceworm Queen's Horn),2760000,3240000,kro,4,0
2222,Turban,3700,4350,npc,8,0
2223,Turban,3700,4350,npc,8,0
6366,Turbo Track Coin,0,0,,12,0
23981,Turbulence Dragon's Power,4370000,5130000,kro,4,0
400016,Turkey Hat,0,0,,8,0
7294,Turquoise,324500,381000,ragnastats,7,9
1002036,Turquoise Dimensional Energy,3220000,3780000,kro,4,3
1002145,Turquoise Light Boundary Magic Extract,0,0,,12,3
1001653,Turquoise Magic Stone,18000,21500,kro,12,3
4305,Turtle General Card,276000000,324000000,kro,2,0
5611,Turtle Hat,3910000,4590000,ragnastats,2,0
16414,Turtle Hat Box,17,24,npc,12,0
100417,Turtle Island Refine Box,506000,594000,kro,7,0
967,Turtle Shell,8250,9700,kro,36,72
2870,Tw 8th Anni Ring,0,0,,8,0
16245,Tw April Scroll,0,0,,12,0
16371,Tw Aug Scroll,0,0,,12,0
10039,Tw Backpack,0,0,,12,0
18680,Tw Frog Hat,0,0,,8,0
7638,TW Green Box,0,0,,12,0
16195,Tw March Scroll,0,0,,12,0
16457,Tw Nov Scroll,0,0,,12,0
17020,Tw Nov Scroll2,0,0,,12,0
16446,Tw October Scroll,0,0,,12,0
17211,Tw Orange Scroll,0,0,,12,0
17209,Tw Rainbow Scroll,0,0,,12,0
7639,TW Red Box,0,0,,12,0
17210,Tw Red Scroll,0,0,,12,0
18753,Tw Rice Ball,0,0,,8,0
17064,Tw Sagitt Scroll,0,0,,12,0
16409,Tw Sep Scroll,0,0,,12,0
17212,Tw Yellow Scroll,0,0,,12,0
20769,Twilight Manteau,0,0,,8,0
420316,Twin Cannon-LT,0,0,,8,0
27316,Twin Caput Card,1242000,1458000,kro,11,3
400121,Twin Crown,1518000,1782000,kro,2,0
13412,Twin Edge of Naght Sieger,323000,379500,estimate,7,0
13413,Twin Edge of Naght Sieger,314500,369000,estimate,7,0
490413,Twin Head Dragon Ring,0,0,,8,0
410024,Twin Ribbon of Gemini,0,0,,8,0
5488,Twin Santa Hat,0,0,,8,0
480522,Twin Shadow Mirror Cloak-LT,0,0,,8,0
470274,Twinhead Dragon Boots,0,0,,8,0
450216,Twinhead Dragon Mail,0,0,,8,0
420329,Twinhead Dragon Scale,0,0,,8,0
29041,Twinkle Effect,0,0,,6,0
25058,Twinkle Effect (Upper),29440000,34560000,kro,4,0
100699,Twins Refinement Box,3588000,4212000,kro,4,0
300228,Twisted God Card,1415500,1662000,estimate,2,3
22515,Twisted Key of Time,8,12,npc,12,0
470243,Two Side Diamond Boots,0,0,,8,0
400421,Two Tone Cap,0,0,,8,0
300376,Two-Eye Dollocaris Card,1380000,1620000,kro,2,3
1360,Two-Handed Axe,45500,53000,npc,8,0
1361,Two-Handed Axe,108500,127000,ragnastats,4,0
1362,Two-Handed Axe,108500,127000,sibling,4,0
28119,Two-Handed Axe of Evil,0,0,,8,0
1157,Two-Handed Sword,49500,58000,npc,8,0
1158,Two-Handed Sword,49500,58000,npc,8,0
1159,Two-Handed Sword,0,0,,8,0
21028,Two-Handed Sword of Evil,0,0,,8,0
6323,Two-Horned Helmet,53500,63000,ragnastats,12,18
420160,Tyrant of Earth,0,0,,8,0
313328,Tyrant of the Stars,0,0,,6,0
7745,Ube Jam,62500,73500,estimate,12,0
18892,Ufo Poring Hat,0,0,,8,0
2531,Ulfhedinn,9200,10500,ragnastats,8,0
490367,Ulle's Bracelet,0,0,,8,0
5123,Ulle's Cap,391000,459000,kro,7,0
312395,Ullr Blessing,0,0,,6,0
300472,Ultimate Rasgandr Card,736000000,864000000,kro,2,3
480088,Ultio Holy Magic Cloak,0,0,,8,0
16089,Ultio-OS,0,0,,8,0
590044,Ultio-OSAD,0,0,,8,0
450371,Ultra Armor,0,0,,8,0
480441,Ultra Cloak,0,0,,8,0
400660,Ultra Helm,0,0,,8,0
300377,Ultra Limacina Card,0,0,,6,3
460073,Ultra Shield,0,0,,8,0
470277,Ultra Shoes,0,0,,8,0
1000374,Ultra-Low Carbonated Soda,39000,45500,kro,12,0
28913,Ultralight Magic Shield,1134500,1332000,estimate,2,0
5316,Umbrella Hat,0,0,,8,0
6439,Unbreakable Armor,0,0,,12,0
16755,Unbreakable Armor Box,0,0,,12,0
16756,Unbreakable Armor Box,0,0,,12,0
6438,Unbreakable Weapon,0,0,,12,0
16753,Unbreakable Weapon Box,0,0,,12,0
16754,Unbreakable Weapon Box,0,0,,12,0
300656,Uncanny Frus Card,7360000,8640000,kro,2,3
300655,Uncanny Skogul Card,2760000,3240000,kro,2,3
24359,Uncursed Shadow Pendant II,0,0,,12,0
29308,Undead Element(Armor),0,0,,6,0
12279,Undead Elemental Scroll,0,0,,12,0
6453,Undelivered Gift,1,3,npc,12,0
20115,Under Rim Glasses,117300000,137700000,kro,2,0
24189,Underneath Shadow Armor,1,2,npc,12,0
24201,Underneath Shadow Shield,414000,486000,kro,7,0
24188,Underneith Shadow Armor,92000,108000,kro,7,0
490105,Undersea Temple Treasure,0,0,,8,0
2522,Undershirt,276000,324000,kro,7,0
2523,Undershirt,276000,324000,kro,7,0
100425,Underwater Refine Box,552000,648000,kro,7,0
510091,Underworld Knife,0,0,,8,0
17633,Undine Lucky Egg,0,0,,12,0
24100,Unfreezing Shadow Earring,161000,189000,kro,7,0
24101,Unfreezing Shadow Pendant,0,0,,12,0
24099,Unfreezing Shadow Weapon,0,0,,12,0
24356,Unfreezing Shadow Weapon II,0,0,,12,0
300362,Unfrost Flower Card,1656000,1944000,kro,2,3
4336,Ungoliant Card,1288000,1512000,kro,3,3
1263,Unholy Touch,18000,21500,ragnastats,11,0
2257,Unicorn Horn,46000,54000,kro,11,0
300176,Unidentified Creature card,0,0,,6,3
23175,Uniform Repair Kit,0,0,,12,0
658,Union of Tribe,1,3,npc,12,36
12580,Universal Catalog Silver,5150,6050,ragnastats,12,0
470076,Unknown Agility Boots,0,0,,8,0
300175,Unknown Creature Card,0,0,,6,3
470072,Unknown Dexterity Boots,0,0,,8,0
490190,Unknown Hero Potential Ring,0,0,,8,0
470074,Unknown Intelligence Boots,0,0,,8,0
1000877,Unknown Invention,0,0,,12,0
7103,Unknown Liquid Bottle,0,0,,12,3
470077,Unknown Luck Boots,0,0,,8,0
6734,Unknown Meal,0,0,,12,0
1001599,Unknown Meteorite Fragment,45500,53500,kro,12,3
470071,Unknown Strength Boots,0,0,,8,0
300266,Unknown Swordsman Card,23000000,27000000,kro,2,3
1071,Unknown Test Tube,0,0,,12,0
1085,Unknown Test Tube,0,0,,12,0
1086,Unknown Test Tube,0,0,,12,0
1087,Unknown Test Tube,0,0,,12,0
1090,Unknown Test Tube,0,0,,12,0
470073,Unknown Vitality Boots,0,0,,8,0
23607,Unlimited Drink,0,0,,12,3
23323,Unlimited Wing Of Fly 3D Box,138000,162000,kro,7,0
480175,Unpredictable Magic Cloak,0,0,,8,0
23188,Unprocessed Parts,414000,486000,kro,7,0
12346,Unripe Acorn,44500,52500,estimate,12,18
619,Unripe Apple,85500,100000,kro,76,6
12292,Unripe Yggdrasilberry,425,575,npc,36,3
18142,Unrivaled Bow,0,0,,8,0
28715,Unrivaled Dagger,0,0,,8,0
13133,Unrivaled Gun,0,0,,8,0
16055,Unrivaled Mace,0,0,,8,0
32234,Unrivaled Ring,0,0,,8,0
1448,Unrivaled Spear,0,0,,8,0
26102,Unrivaled Staff,0,0,,8,0
102433,Unsealing Scroll,0,0,,12,3
101745,Unsealing the dimension,0,0,,12,0
7644,Unsent Letter,16000,19000,estimate,12,3
25129,Unstable Energy Particle,3450,4100,estimate,36,18
9517,Untouched Gemstone,16500,19000,estimate,12,0
7970,Unwritten Letter1,0,0,,12,0
7971,Unwritten Letter2,0,0,,12,0
4549,Upd Maya Puple Card,0,0,,6,3
300569,Upgrade Arch Bishop Margaretha Card,0,0,,6,0
4550,Upgrade Bow Guardian Card,0,0,,6,3
300620,Upgrade Doppelganger Card,0,0,,6,3
300574,Upgrade Genetic Flamel Card,0,0,,6,0
300575,Upgrade Guillotine Cross Eremes Card,0,0,,6,0
300573,Upgrade Mechanic Howard Card,0,0,,6,0
101649,Upgrade Mining Equipment Enchantments,0,0,,12,0
300578,Upgrade Minstrel Alphoccio Card,0,0,,6,0
300619,Upgrade Osiris Card,0,0,,6,3
22044,Upgrade Part - Booster,140000,164500,estimate,4,0
20733,Upgrade Part - Engine,0,0,,8,0
2996,Upgrade Part - Gun Barrel,0,0,,8,0
15111,Upgrade Part - Plate,1387000,1628500,ragnastats,2,0
15344,Upgrade Part - Plate,1387000,1628500,sibling,2,0
300577,Upgrade Ranger Cecil Card,0,0,,6,0
300568,Upgrade Royal Guard Randel Card,0,0,,6,0
300567,Upgrade Rune Knight Seyren Card,0,0,,6,0
300576,Upgrade Shadow Chaser Gertie Card,0,0,,6,0
300572,Upgrade Sorcerer Celia Card,0,0,,6,0
300570,Upgrade Sura Chen Card,0,0,,6,0
300621,Upgrade Time Holder Card,0,0,,6,3
300579,Upgrade Wanderer Trentini Card,0,0,,6,0
300571,Upgrade Warlock Kathryne Card,0,0,,6,0
5802,Upgraded Elephant Hat,0,0,,8,0
101363,Upgraded OS Helmet Refine Hammer,23000000,27000000,kro,4,3
101364,Upgraded OS Weapon Refine Hammer,27140000,31860000,kro,4,3
15236,Upper Kingdom Suits,0,0,,8,0
2475,Ur's Greaves,0,0,,11,0
2574,Ur's Manteau,0,0,,11,0
15036,Ur's Plate,805000,945000,kro,7,0
2883,Ur's Seal,450500,529000,kro,7,0
6382,Urn,0,0,,12,3
7319,Used Iron Plate,2750,3200,kro,76,36
27159,Uzhas Card,920000,1080000,kro,2,3
5287,Vacation Hat,1840000,2160000,ragnastats,2,0
16721,Vacation Hat Box,0,0,,12,0
7146,Vacation Ticket,0,0,,12,0
4049,Vadon Card,644000,756000,kro,5,3
4183,Vagabond Wolf Card,533500,626000,kro,4,3
18867,Vajra,0,0,,8,0
4546,Val'khiri Card,0,0,,6,3
12742,Valentine Gift Box,0,0,,12,0
12743,Valentine Gift Box,0,0,,12,0
18851,Valentine Heart,0,0,,8,0
14466,Valentine's Emblem Box,0,0,,12,0
17230,Valerian Egg,0,0,,12,0
1000875,Valhalla Effect (Middle),0,0,,12,0
300385,Valhalla Effect Effect,0,0,,6,0
19109,Valhalla Idol,0,0,,8,0
19110,Valhalla Idol,0,0,,8,0
7510,Valhalla's Flower,275500,323000,kro,32,3
2517,Vali's Manteau,24500,29000,npc,11,0
16654,Valiant Will,0,0,,12,0
2357,Valkyrian Armor,460000,540000,kro,4,0
2524,Valkyrian Manteau,920000,1080000,kro,3,0
15071,Valkyrian Robe,0,0,,8,0
2421,Valkyrian Shoes,460000,540000,kro,7,0
20712,Valkyrie Cape,0,0,,8,0
18827,Valkyrie Circlet,0,0,,8,0
480188,Valkyrie Curse Bright,0,0,,8,0
28564,Valkyrie Drop,0,0,,8,0
313247,Valkyrie Essence (Accuracy) I,0,0,,6,0
313248,Valkyrie Essence (Accuracy) II,0,0,,6,0
313249,Valkyrie Essence (Accuracy) III,0,0,,6,0
313250,Valkyrie Essence (Accuracy) IV,0,0,,6,0
313251,Valkyrie Essence (Accuracy) V,0,0,,6,0
313242,Valkyrie Essence (Defense) I,0,0,,6,0
313243,Valkyrie Essence (Defense) II,0,0,,6,0
313244,Valkyrie Essence (Defense) III,0,0,,6,0
313245,Valkyrie Essence (Defense) IV,0,0,,6,0
313246,Valkyrie Essence (Defense) V,0,0,,6,0
313252,Valkyrie Essence (Evasion) I,0,0,,6,0
313253,Valkyrie Essence (Evasion) II,0,0,,6,0
313254,Valkyrie Essence (Evasion) III,0,0,,6,0
313255,Valkyrie Essence (Evasion) IV,0,0,,6,0
313256,Valkyrie Essence (Evasion) V,0,0,,6,0
313237,Valkyrie Essence (Faith) I,0,0,,6,0
313238,Valkyrie Essence (Faith) II,0,0,,6,0
313239,Valkyrie Essence (Faith) III,0,0,,6,0
313240,Valkyrie Essence (Faith) IV,0,0,,6,0
313241,Valkyrie Essence (Faith) V,0,0,,6,0
313262,Valkyrie Essence (Intelligence) I,0,0,,6,0
313263,Valkyrie Essence (Intelligence) II,0,0,,6,0
313264,Valkyrie Essence (Intelligence) III,0,0,,6,0
313265,Valkyrie Essence (Intelligence) IV,0,0,,6,0
313266,Valkyrie Essence (Intelligence) V,0,0,,6,0
313257,Valkyrie Essence (Magic Power) I,0,0,,6,0
313258,Valkyrie Essence (Magic Power) II,0,0,,6,0
313259,Valkyrie Essence (Magic Power) III,0,0,,6,0
313260,Valkyrie Essence (Magic Power) IV,0,0,,6,0
313261,Valkyrie Essence (Magic Power) V,0,0,,6,0
313222,Valkyrie Essence (MHP) I,0,0,,6,0
313223,Valkyrie Essence (MHP) II,0,0,,6,0
313224,Valkyrie Essence (MHP) III,0,0,,6,0
313225,Valkyrie Essence (MHP) IV,0,0,,6,0
313226,Valkyrie Essence (MHP) V,0,0,,6,0
313227,Valkyrie Essence (MSP) I,0,0,,6,0
313228,Valkyrie Essence (MSP) II,0,0,,6,0
313229,Valkyrie Essence (MSP) III,0,0,,6,0
313230,Valkyrie Essence (MSP) IV,0,0,,6,0
313231,Valkyrie Essence (MSP) V,0,0,,6,0
313232,Valkyrie Essence (Rapid) I,0,0,,6,0
313233,Valkyrie Essence (Rapid) II,0,0,,6,0
313234,Valkyrie Essence (Rapid) III,0,0,,6,0
313235,Valkyrie Essence (Rapid) IV,0,0,,6,0
313236,Valkyrie Essence (Rapid) V,0,0,,6,0
5256,Valkyrie Feather Band,2377500,2791000,ragnastats,2,0
16051,Valkyrie Hammer,0,0,,8,0
5171,Valkyrie Helm,1150000,1350000,kro,2,0
5826,Valkyrie Helmet,0,0,,8,0
25771,Valkyrie Ingrid's Armor,0,0,,12,0
25768,Valkyrie Ingrid's Armor Fragment,0,0,,12,0
28717,Valkyrie Knife,0,0,,8,0
25770,Valkyrie Reginleif's Armor,0,0,,12,0
25769,Valkyrie Reginleif's Armor Fragment,0,0,,12,0
16250,Valkyrie's Gift Box,0,0,,12,0
1002699,Valkyrie's Regret,0,0,,12,0
7831,Valkyrie's Token,1,2,npc,12,3
2115,Valkyrja's Shield,5085500,5970000,kro,2,0
310908,Valor of Fighter,0,0,,6,0
100414,Vampire Refine Box,1840000,2160000,kro,4,0
18652,Vanargandr Helm,0,0,,8,0
4411,Vanberk Card,874000,1026000,kro,32,3
7192,Vane,2150,2500,ragnastats,12,36
5285,Vane Hairpin,0,0,,8,0
16722,Vane Hairpin Box,0,0,,12,0
16723,Vane Hairpin Box,0,0,,12,0
300257,Vanilaqus Card,690000,810000,kro,4,3
5289,Vanilmirth Hat,46000,54000,ragnastats,8,0
16724,Vanilmirth Hat Box,17,24,npc,12,0
16725,Vanilmirth Hat Box,17,24,npc,12,0
24559,Varetyr Shadow Earring,6440000,7560000,kro,2,0
24558,Varetyr Shadow Pendant,598000,702000,kro,4,0
24557,Varetyr Shadow Weapon,8648000,10152000,kro,2,0
29158,Variable Cast Reduction Lower,1380000,1620000,kro,2,0
29157,Variable Cast Reduction Middle,1840000,2160000,kro,2,0
29156,Variable Cast Reduction Upper,1840000,2160000,kro,2,0
311421,Variable Cast Time - 15%,0,0,,6,0
310880,Variable Casting (Magical) 1Lv,0,0,,6,0
310879,Variable Casting (Magical) 2Lv,0,0,,6,0
310860,Variable Casting (Magical) 3Lv,0,0,,6,0
310857,Variable Casting (Physical) 1Lv,0,0,,6,0
310858,Variable Casting (Physical) 2Lv,0,0,,6,0
310859,Variable Casting (Physical) 3Lv,0,0,,6,0
29358,Variable Casting Garment,12788000,15012000,kro,2,0
25174,Variable Casting Stone (Bottom),1380000,1620000,kro,4,0
25306,Variable Casting Stone (Garment),12788000,15012000,kro,4,0
25173,Variable Casting Stone (Middle),1840000,2160000,kro,4,0
25172,Variable Casting Stone (Upper),1840000,2160000,kro,4,0
1000522,Variable Casting Stone(Dual),58880000,69120000,kro,4,0
310659,Variable Casting Time Reduction(Dual),58880000,69120000,kro,2,0
2423,Variant Shoes,184000,216000,kro,7,0
100470,Variety Hat Box,0,0,,12,3
450199,Varmundt Rune Armor,920000,1080000,kro,2,0
470107,Varmundt Rune Greaves,920000,1080000,kro,2,0
480144,Varmundt Rune Pauldron,460000,540000,kro,4,0
490297,Varmundt Rune Ring,0,0,,8,0
311877,Varmundt's Crystal (Death) Lv1,0,0,,6,0
311878,Varmundt's Crystal (Death) Lv2,0,0,,6,0
311879,Varmundt's Crystal (Death) Lv3,0,0,,6,0
311880,Varmundt's Crystal (Death) Lv4,0,0,,6,0
311881,Varmundt's Crystal (Death) Lv5,0,0,,6,0
311862,Varmundt's Crystal (Flame) Lv1,0,0,,6,0
311863,Varmundt's Crystal (Flame) Lv2,0,0,,6,0
311864,Varmundt's Crystal (Flame) Lv3,0,0,,6,0
311865,Varmundt's Crystal (Flame) Lv4,0,0,,6,0
311866,Varmundt's Crystal (Flame) Lv5,0,0,,6,0
311867,Varmundt's Crystal (Ice) Lv1,0,0,,6,0
311868,Varmundt's Crystal (Ice) Lv2,0,0,,6,0
311869,Varmundt's Crystal (Ice) Lv3,0,0,,6,0
311870,Varmundt's Crystal (Ice) Lv4,0,0,,6,0
311871,Varmundt's Crystal (Ice) Lv5,0,0,,6,0
311872,Varmundt's Crystal (Plain) Lv1,0,0,,6,0
311873,Varmundt's Crystal (Plain) Lv2,0,0,,6,0
311874,Varmundt's Crystal (Plain) Lv3,0,0,,6,0
311875,Varmundt's Crystal (Plain) Lv4,0,0,,6,0
311876,Varmundt's Crystal (Plain) Lv5,0,0,,6,0
312800,Varmundt's Crystal (Poison) Lv3,0,0,,6,0
15932,Vassalage Necklace,0,0,,8,0
420006,Vassalage Necklace,0,0,,8,0
490246,Vassalage Ring,0,0,,8,0
27160,Vavayaga Card,460000,540000,kro,4,3
1311,Vecer Axe,115000,135000,kro,7,0
1000888,Veins Coin,0,0,,12,0
300384,Veins Exorcist,0,0,,6,0
300383,Veins Fighting Spirit,0,0,,6,0
1000876,Veins Soup,0,0,,12,0
300507,Velelling Card,4508000,5292000,kro,11,3
1001643,Vellelopy,4550,5350,kro,12,3
18113,Vellum Arbalest,0,0,,8,0
2016,Vellum Arc Wand,0,0,,8,0
1586,Vellum Bible,180500,211500,estimate,4,0
1395,Vellum Buster,0,0,,8,0
1832,Vellum Claw,76500,90000,ragnastats,8,0
21001,Vellum Claymore,194000,228000,estimate,4,0
18114,Vellum CrossBow,291000,341500,estimate,4,0
13072,Vellum Damascus,0,0,,8,0
16021,Vellum Flail,0,0,,8,0
1492,Vellum Glaive,381000,447500,estimate,4,0
1587,Vellum Great Encyclopedia,256500,301000,estimate,4,0
1396,Vellum Guillotine,234500,275500,estimate,4,0
1293,Vellum Jamadhar,0,0,,8,0
21002,Vellum Katzbalger,0,0,,8,0
1294,Vellum Scale,0,0,,8,0
1436,Vellum Spear,214500,251500,estimate,4,0
16020,Vellum Stunner,0,0,,8,0
4369,Venatu Card,404500,475000,kro,5,3
300253,Venedi Card,1196000,1404000,kro,2,3
27314,Venenum Card,92000,108000,kro,4,3
29220,Venom,0,0,,6,0
12724,Venom Bleed,24500,29000,ragnastats,12,3
937,Venom Canine,1050,1200,kro,76,36
1001184,Venom Essence,18000,21500,kro,12,3
1771,Venom Knife,22,30,kro,12,0
490306,Venom Magic Ring,161000000,189000000,kro,2,0
1001189,Venom Magical Water,0,0,,12,3
1001180,Venom Rune,36500,43000,kro,12,3
1001179,Venom Rune Fragment,2600,3050,kro,12,3
490303,Venom Rune Ring,92000000,108000000,kro,2,0
4333,Venomous Card,55000,64500,kro,6,3
27143,Venomous Chimera Card,0,0,,6,0
15108,Venomous Insect Armor,0,0,,8,0
15365,Venus Armor,0,0,,8,0
450297,Venus Feather Armor-LT,0,0,,8,0
17584,Venus Lucky Egg,0,0,,12,0
4107,Verit Card,1840000,2160000,kro,3,3
15086,Vermilion Bird Armor,0,0,,8,0
12113,Vermilion on the Beach,10500,12500,ragnastats,12,3
15143,Vermin Cloth,0,0,,8,0
21052,Vernan,2300000,2700000,kro,2,0
21057,Vernan,2300000,2700000,sibling,2,0
300089,Verporta Card,1564000,1836000,kro,2,3
300090,Verporte Card,1127000,1323000,kro,2,3
28575,Verus Core,0,0,,8,0
1001146,Very hard piece of iron,0,0,,12,0
300484,Very Miss Rabbit Card,0,0,,6,0
12360,Very Red Juice,248000,291500,kro,22,3
12359,Very Soft Plant,17,24,npc,12,3
25776,Very Solid Purple Shell,14000,16500,estimate,36,6
18871,Very Sweet Candy,0,0,,8,0
18870,Very Sweet Candy Bar,0,0,,8,0
4374,Vesper Card,86136500,101117000,estimate,2,0
2659,Vesper Core 01,1938000,2275000,ragnastats,2,0
28302,Vesper Core 01,1938000,2275000,sibling,2,0
2660,Vesper Core 02,521000,612000,estimate,4,0
28303,Vesper Core 02,0,0,,8,0
2661,Vesper Core 03,521000,612000,estimate,4,0
28304,Vesper Core 03,0,0,,8,0
2662,Vesper Core 04,521000,612000,estimate,4,0
28305,Vesper Core 04,0,0,,8,0
28352,Vesper Gear 01,0,0,,8,0
28353,Vesper Gear 02,0,0,,8,0
28357,Vesper Gear 03,0,0,,8,0
28359,Vesper Gear 04,0,0,,8,0
19436,Vesper Headgear,20240000,23760000,sibling,2,0
400111,Vesper Headgear,20240000,23760000,kro,2,0
102310,Vesper Headgear Recipe,2668000,3132000,kro,4,3
1384,Veteran Axe,8250,9700,npc,8,0
28114,Veteran Axe,0,0,,8,0
1548,Veteran Hammer,8250,9700,npc,8,0
16056,Veteran Hammer,0,0,,8,0
1188,Veteran Sword,1840000,2160000,kro,2,0
21024,Veteran Sword,1840000,2160000,sibling,2,0
31191,Vibrant Cat Ears,110400000,129600000,kro,2,0
24509,Vibrating Shadow Weapon,2760000,3240000,kro,2,0
24377,Vibration Dragon Killer Shadow Armor,828000,972000,kro,7,0
24437,Vibration Dragon Killer Shadow Weapon,1380000,1620000,kro,4,0
24511,Vibration Shadow Earring,611500,718000,kro,4,0
24510,Vibration Shadow Pendant,2070000,2430000,kro,2,0
15134,Vicious Cloth,0,0,,8,0
31017,Vicious Cookie Card,3611000,4239000,kro,2,3
19439,Vicious Mind Aura,1189000,1395500,kro,2,0
28605,Vicious Mind Book,514500,604000,estimate,4,0
18121,Vicious Mind Bow,530000,622000,estimate,4,0
28706,Vicious Mind Dagger,462000,542000,estimate,4,0
13328,Vicious Mind Huuma Shuriken,2300000,2700000,ragnastats,2,0
28008,Vicious Mind Katar,531500,624000,estimate,4,0
1800,Vicious Mind Knuckle,526500,618000,estimate,4,0
1450,Vicious Mind Lance,537500,631000,estimate,4,0
16041,Vicious Mind Mace,523000,614000,estimate,4,0
13128,Vicious Mind Revolver,526500,618000,estimate,4,0
1600,Vicious Mind Rod,437500,513500,estimate,4,0
13455,Vicious Mind Saber,524000,615000,estimate,4,0
1400,Vicious Mind Spear,1533000,1800000,ragnastats,2,0
2026,Vicious Mind Staff,443000,520000,estimate,4,0
28107,Vicious Mind Two-Handed Axe,540000,634000,estimate,4,0
21016,Vicious Mind Two-Handed Sword,536500,630000,estimate,4,0
1900,Vicious Mind Violin,467000,548000,estimate,4,0
1996,Vicious Mind Wire,467000,548000,estimate,4,0
100009,Victorious Happiness,828000,972000,kro,7,0
12769,Victory FB Hat Box,0,0,,12,0
5301,Victory Hairband,0,0,,8,0
12773,Victory Hat Box2,0,0,,12,0
500066,Victory Sword,0,0,,8,0
400113,Victory Wing Ear,0,0,,8,0
400114,Victory Wing Ear,0,0,,8,0
400001,Victory Wing Ears,3680000,4320000,kro,2,0
400002,Victory Wing Ears,3680000,4320000,kro,2,0
2418,Vidar's Boots,24500,29000,npc,11,0
2489,Vidar's Boots,0,0,,8,0
28441,Vigilante Badge,0,0,,8,0
18145,Vigilante Bow,138000,162000,kro,4,0
18163,Vigilante Bow,138000,162000,sibling,4,0
15176,Vigilante Suit,4023500,4723000,ragnastats,2,0
15241,Vigilante Suit,4023500,4723000,sibling,2,0
310912,Vigor of Warlord,0,0,,6,0
7044,Vigorgra,0,0,,12,0
1000471,Villa Basement Key,271000,318500,kro,7,3
300555,Violen Card,6440000,7560000,kro,2,3
4529,Violent Coelacanth Card,2278500,2674500,estimate,2,3
1270093,Violent Soul Tremor Shadow Armor,1702000,1998000,kro,2,0
1270094,Violent Soul Tremor Shadow Shoes,3220000,3780000,kro,2,0
1001993,Violet Anemone,0,0,,12,3
18586,Violet Bunny Hairband,4600000,5400000,ragnastats,2,0
981,Violet Dyestuffs,204000,239500,ragnastats,46,3
1185,Violet Fear,5980000,7020000,kro,2,0
20940,Violet Halo,1334000,1566000,kro,2,0
14643,Violet Scroll,0,0,,12,0
401057,Violet Stardust Crown,1840000,2160000,kro,2,0
1901,Violin,3300,3850,npc,22,0
1902,Violin,3300,3850,npc,8,0
1000885,Violin,0,0,,12,0
1947,Violin of Evil,0,0,,8,0
4209,Violy Card,28000,33000,ragnastats,6,3
4968,Virgo,0,0,,6,0
5598,Virgo Crown,1840000,2160000,ragnastats,2,0
5599,Virgo Diadem,5100500,5987500,ragnastats,2,0
640002,Virgo Divine Cross,0,0,,8,0
450015,Virgo Mail,0,0,,8,0
480009,Virgo Manteau,0,0,,8,0
490010,Virgo Ring,0,0,,8,0
16665,Virgo Scroll,0,0,,12,0
470014,Virgo Shoes,0,0,,8,0
313344,Virgo Stone,0,0,,6,0
18178,Virtual Bow-OS,0,0,,8,0
700054,Virtual Bow-OSAD,0,0,,8,0
450403,Virtuous Lightbringer,0,0,,8,0
4774,Vit + 1,0,0,,6,0
4775,Vit + 2,0,0,,6,0
4776,Vit + 3,0,0,,6,0
310078,VIT Blessing,0,0,,6,0
12688,Vit Dish20,0,0,,12,0
25008,VIT Exchange Stone(Lower),4140000,4860000,kro,4,0
25006,VIT Exchange Stone(Middle),4370000,5130000,kro,4,0
2920,Vit Glove,62000,72500,npc,8,0
2926,Vit Glove,0,0,,8,0
312856,VIT I,0,0,,6,0
312857,VIT II,0,0,,6,0
312858,VIT III,0,0,,6,0
312859,VIT IV,0,0,,6,0
22704,VIT Reduction Potion,41000,48500,kro,12,0
15399,VIT Soutane,2346000,2754000,kro,2,0
6949,VIT Stone (Middle),0,0,,6,0
6640,VIT Stone (Upper),8,12,npc,12,0
4740,VIT+1,0,0,,6,0
310765,VIT+1,0,0,,6,0
4749,VIT+10,0,0,,6,0
4741,VIT+2,0,0,,6,0
310766,VIT+2,0,0,,6,0
4742,VIT+3,0,0,,6,0
310767,VIT+3,0,0,,6,0
29020,VIT+3 AGI-3,0,0,,6,0
29021,VIT+3 LUK-3,0,0,,6,0
4743,VIT+4,0,0,,6,0
4744,VIT+5,0,0,,6,0
4745,VIT+6,0,0,,6,0
4746,VIT+7,0,0,,6,0
4747,VIT+8,0,0,,6,0
4748,VIT+9,0,0,,6,0
565,Vita500,0,0,,12,0
7279,Vita500 Lid,8,12,npc,12,0
310873,Vital 1Lv,0,0,,6,0
310874,Vital 2Lv,0,0,,6,0
310875,Vital 3Lv,0,0,,6,0
11024,Vital Drink CB,0,0,,12,3
6110,Vital Flower,920,1050,ragnastats,12,3
6113,Vital Flower,920,1050,npc,12,3
17157,Vital Flower Box,0,0,,12,0
24044,Vital Shadow Shield,1,2,npc,12,0
24038,Vital Shadow Shoes,1,2,npc,12,0
2450,Vital Tree Shoes,700500,822000,ragnastats,7,0
2487,Vital Tree Shoes,700500,822000,sibling,4,0
310918,Vitality,0,0,,6,0
24102,Vitality Shadow Earring,345000,405000,kro,7,0
24357,Vitality Shadow Earring II,0,0,,12,0
24103,Vitality Shadow Pendant,0,0,,12,0
100098,Vitality Stimulant,0,0,,12,0
12436,Vitata 500,27500,32000,kro,54,3
4053,Vitata Card,460000,540000,kro,5,3
700035,Vivatus Fides Aiming Bow,0,0,,8,0
520009,Vivatus Fides Axe,0,0,,8,0
700034,Vivatus Fides Ballista,0,0,,8,0
540026,Vivatus Fides Bible,0,0,,8,0
580019,Vivatus Fides Chain Rope,0,0,,8,0
610022,Vivatus Fides Chakram,0,0,,8,0
560021,Vivatus Fides Claw,0,0,,8,0
700033,Vivatus Fides Cross Bow,0,0,,8,0
650021,Vivatus Fides Cross Huuma Shuriken,0,0,,8,0
510033,Vivatus Fides Dagger,0,0,,8,0
550063,Vivatus Fides Dark Wand,0,0,,8,0
550066,Vivatus Fides Foxtail Model,0,0,,8,0
550065,Vivatus Fides Foxtail Wand,0,0,,8,0
830011,Vivatus Fides Gatling Gun,0,0,,8,0
530014,Vivatus Fides Guardian Spear,0,0,,8,0
500027,Vivatus Fides Guardian Sword,0,0,,8,0
570020,Vivatus Fides Harp,0,0,,8,0
650022,Vivatus Fides Huuma Shuriken,0,0,,8,0
610023,Vivatus Fides Katar,0,0,,8,0
560020,Vivatus Fides Knuckle,0,0,,8,0
630013,Vivatus Fides Lance,0,0,,8,0
840007,Vivatus Fides Launcher,0,0,,8,0
590023,Vivatus Fides Mace,0,0,,8,0
540024,Vivatus Fides Magic Book,0,0,,8,0
540046,Vivatus Fides Moon Book,0,0,,8,0
540025,Vivatus Fides Poison Book,0,0,,8,0
500028,Vivatus Fides Rapier,0,0,,8,0
800012,Vivatus Fides Revolver,0,0,,8,0
580020,Vivatus Fides Ribbon,0,0,,8,0
810008,Vivatus Fides Rifle,0,0,,8,0
640022,Vivatus Fides Rod,0,0,,8,0
590024,Vivatus Fides Scepter,0,0,,8,0
820006,Vivatus Fides Shotgun,0,0,,8,0
550064,Vivatus Fides Soul Stick,0,0,,8,0
540045,Vivatus Fides Stardust Book,0,0,,8,0
640021,Vivatus Fides Two-handed Staff,0,0,,8,0
600018,Vivatus Fides Two-handed Sword,0,0,,8,0
570019,Vivatus Fides Violin,0,0,,8,0
550029,Vivatus Fides Wand,0,0,,8,0
101077,Vivatus Weapon Refinement Hammer,9200000,10800000,kro,4,3
4211,Vocal Card,920000,1080000,kro,2,3
12851,Vocation Scroll,0,0,,12,0
450372,Vohu Manah,0,0,,8,0
470177,Void Darkness Boots,0,0,,8,0
300278,Void Mimic Card,1955000,2295000,kro,2,3
102295,Voitata Hat Recipe,2760000,3240000,kro,4,3
21051,Volar,2760000,3240000,kro,2,0
21056,Volare,0,0,,8,0
13085,Volcano Knife,0,0,,8,0
300215,Volcaring Card,1104000,1296000,kro,2,3
300639,Volimpet Card,1794000,2106000,kro,2,3
1073,Voucher,0,0,,12,0
1074,Voucher,0,0,,12,0
1075,Voucher,0,0,,12,0
1076,Voucher,0,0,,12,0
1077,Voucher,0,0,,12,0
1078,Voucher,0,0,,12,0
1079,Voucher,0,0,,12,0
1080,Voucher,0,0,,12,0
5578,Voyage Hat,0,0,,8,0
6145,Vulcan Bullet,10,14,npc,12,3
12383,Vulcan Bullet Magazine,0,0,,12,3
24944,Vulcan Jack Shadow Earring,368000,432000,kro,4,0
24945,Vulcan Jack Shadow Pendant,460000,540000,kro,4,0
24470,Vulcan Shadow Armor,0,0,,12,0
24471,Vulcan Shadow Shield,414000,486000,kro,7,0
24472,Vulcan Shadow Shoes,690000,810000,kro,7,0
450298,Vulcanus Armor-LT,0,0,,8,0
25642,Vulnerable Worm,57500,67500,estimate,12,6
300636,Vulring Card,27508000,32292000,kro,2,3
18856,W King Tiger Doll Hat,0,0,,11,0
1801,Waghnak,6600,7750,npc,8,0
1802,Waghnak,6600,7750,npc,8,0
4588,Wakwak Card,920000,1080000,kro,3,3
20814,Wakwak Manteau,0,0,,8,0
1604,Wand,2050,2400,npc,8,0
1605,Wand,2050,2400,npc,8,0
1606,Wand,0,0,,8,0
1657,Wand Of Affection,0,0,,11,0
1614,Wand of Occult,10000,12000,ragnastats,11,0
2063,Wand of Worship,0,0,,8,0
17001,Wander Man Box10,0,0,,12,0
17000,Wander Man Box5,0,0,,12,0
12626,Wander Man Scroll,0,0,,12,0
313731,Wander Mins Stone II (Lower),46000000,54000000,kro,2,0
1001944,Wander Mins Stone II (Lower),46000000,54000000,kro,4,0
313730,Wander Mins Stone II (Middle),123648000,145152000,kro,2,0
1001943,Wander Mins Stone II (Middle),123648000,145152000,kro,4,0
313729,Wander Mins Stone II (Upper),45080000,52920000,kro,2,0
1001942,Wander Mins Stone II (Upper),45080000,52920000,kro,4,0
4210,Wanderer Card,634500,745000,kro,5,3
9037,Wanderer Egg,3174000,3726000,kro,4,0
410243,Wanderer Grim Reaper,0,0,,8,0
410244,Wanderer Grim Reaper,0,0,,8,0
311007,Wanderer Maestro Stone (Lower),40480000,47520000,kro,2,0
1000668,Wanderer Maestro Stone (Lower),40480000,47520000,kro,4,0
311006,Wanderer Maestro Stone (Middle),55200000,64800000,kro,2,0
1000667,Wanderer Maestro Stone (Middle),55200000,64800000,kro,4,0
311005,Wanderer Maestro Stone (Upper),63112000,74088000,kro,2,0
1000666,Wanderer Maestro Stone (Upper),63112000,74088000,kro,4,0
25501,Wanderer Minstrel Stone (Garment),20240000,23760000,kro,4,0
29488,Wanderer Minstrel Stone (Garment),20240000,23760000,kro,2,0
1000304,Wanderer Minstrel Stone II (Garment),8878000,10422000,kro,4,0
2584,Wanderer Outer,0,0,,8,0
24313,Wanderer Shadow Shield,920000,1080000,kro,4,0
24300,Wanderer Shadow Weapon,2760000,3240000,kro,4,0
27067,Wanderer Trentini (MVP) Card,0,0,,6,0
4683,Wanderer Trentini Card,2690000,3158000,estimate,2,3
5579,Wanderer's Sakkat,5992500,7035000,ragnastats,2,0
430006,Wanderer's Sakkat,5992500,7035000,sibling,2,0
310265,Wanderer's Stone II (Garment),8878000,10422000,kro,2,0
9125,Wandering Duck Doll Egg,1978000,2322000,kro,4,0
5188,Wandering Minstrel Hat,0,0,,8,0
19656,Wandering Minstrel Hat,0,0,,8,0
23826,Wandering Wolf Hat SynthesisBox,920000,1080000,kro,4,3
1306,War Axe,18000,21500,estimate,8,0
1324,War Axe,0,0,,8,0
15083,Warlock Battle Armor,0,0,,8,0
22028,Warlock Battle Boots,0,0,,8,0
27062,Warlock Kathryne (MVP) Card,0,0,,6,0
4678,Warlock Kathryne Card,2704500,3175000,estimate,2,3
100357,Warlock Shadow Cube,0,0,,12,0
24309,Warlock Shadow Shield,2760000,3240000,kro,4,0
24296,Warlock Shadow Weapon,4600000,5400000,kro,4,0
25456,Warlock Stone (Garment),4600000,5400000,kro,4,0
29471,Warlock Stone (Garment),4600000,5400000,kro,2,0
310886,Warlock Stone (Lower),55200000,64800000,kro,2,0
1000615,Warlock Stone (Lower),55200000,64800000,kro,4,0
310885,Warlock Stone (Middle),57960000,68040000,kro,2,0
1000614,Warlock Stone (Middle),57960000,68040000,kro,4,0
310884,Warlock Stone (Upper),55200000,64800000,kro,2,0
1000613,Warlock Stone (Upper),55200000,64800000,kro,4,0
310180,Warlock Stone II (Garment),16560000,19440000,kro,2,0
1000213,Warlock Stone II (Garment),16560000,19440000,kro,4,0
314672,Warlock Stone II (Lower),13800000,16200000,kro,2,0
1002410,Warlock Stone II (Lower),13800000,16200000,kro,4,0
314671,Warlock Stone II (Middle),55200000,64800000,kro,2,0
1002409,Warlock Stone II (Middle),55200000,64800000,kro,4,0
314670,Warlock Stone II (Upper),27600000,32400000,kro,2,0
1002408,Warlock Stone II (Upper),27600000,32400000,kro,4,0
480184,Warm Dandelion Cape,0,0,,8,0
102434,Warm Shield Scroll,0,0,,12,3
310671,Warmth of Spring(1Lv),0,0,,6,0
310672,Warmth of Spring(2Lv),0,0,,6,0
310673,Warmth of Spring(3Lv),0,0,,6,0
312115,Warmth of the Snake God (Atk) 10Lv,0,0,,6,0
312106,Warmth of the Snake God (Atk) 1Lv,0,0,,6,0
312107,Warmth of the Snake God (Atk) 2Lv,0,0,,6,0
312108,Warmth of the Snake God (Atk) 3Lv,0,0,,6,0
312109,Warmth of the Snake God (Atk) 4Lv,0,0,,6,0
312110,Warmth of the Snake God (Atk) 5Lv,0,0,,6,0
312111,Warmth of the Snake God (Atk) 6Lv,0,0,,6,0
312112,Warmth of the Snake God (Atk) 7Lv,0,0,,6,0
312113,Warmth of the Snake God (Atk) 8Lv,0,0,,6,0
312114,Warmth of the Snake God (Atk) 9Lv,0,0,,6,0
312105,Warmth of the Snake God (Def) 10Lv,0,0,,6,0
312096,Warmth of the Snake God (Def) 1Lv,0,0,,6,0
312097,Warmth of the Snake God (Def) 2Lv,0,0,,6,0
312098,Warmth of the Snake God (Def) 3Lv,0,0,,6,0
312099,Warmth of the Snake God (Def) 4Lv,0,0,,6,0
312100,Warmth of the Snake God (Def) 5Lv,0,0,,6,0
312101,Warmth of the Snake God (Def) 6Lv,0,0,,6,0
312102,Warmth of the Snake God (Def) 7Lv,0,0,,6,0
312103,Warmth of the Snake God (Def) 8Lv,0,0,,6,0
312104,Warmth of the Snake God (Def) 9Lv,0,0,,6,0
312125,Warmth of the Snake God (Matk) 10Lv,0,0,,6,0
312116,Warmth of the Snake God (Matk) 1Lv,0,0,,6,0
312117,Warmth of the Snake God (Matk) 2Lv,0,0,,6,0
312118,Warmth of the Snake God (Matk) 3Lv,0,0,,6,0
312119,Warmth of the Snake God (Matk) 4Lv,0,0,,6,0
312120,Warmth of the Snake God (Matk) 5Lv,0,0,,6,0
312121,Warmth of the Snake God (Matk) 6Lv,0,0,,6,0
312122,Warmth of the Snake God (Matk) 7Lv,0,0,,6,0
312123,Warmth of the Snake God (Matk) 8Lv,0,0,,6,0
312124,Warmth of the Snake God (Matk) 9Lv,0,0,,6,0
312011,Warped Spell (Long Ranged),0,0,,6,0
312010,Warped Spell (Magic),0,0,,6,0
312009,Warped Spell (Melee),0,0,,6,0
313426,Warrant of Arbiter,0,0,,6,0
313427,Warrant of Bailiff,0,0,,6,0
4579,Warrior Lola Card,1150000,1350000,kro,2,3
311826,Warrior Orb 10Lv,0,0,,6,0
311827,Warrior Orb 11Lv,0,0,,6,0
311828,Warrior Orb 12Lv,0,0,,6,0
311829,Warrior Orb 13Lv,0,0,,6,0
311830,Warrior Orb 14Lv,0,0,,6,0
311831,Warrior Orb 15Lv,0,0,,6,0
311817,Warrior Orb 1Lv,0,0,,6,0
311818,Warrior Orb 2Lv,0,0,,6,0
311819,Warrior Orb 3Lv,0,0,,6,0
311820,Warrior Orb 4Lv,0,0,,6,0
311821,Warrior Orb 5Lv,0,0,,6,0
311822,Warrior Orb 6Lv,0,0,,6,0
311823,Warrior Orb 7Lv,0,0,,6,0
311824,Warrior Orb 8Lv,0,0,,6,0
311825,Warrior Orb 9Lv,0,0,,6,0
6469,Warrior's Will,92000,108000,kro,32,9
4332,Waste Stove Card,2024000,2376000,kro,2,3
300370,Wasted Intermediate Rgan Card,1840000,2160000,kro,2,3
300369,Wasted Primitive Rgan Card,506000,594000,kro,4,3
13107,Wasteland's Outlaw,91500,107500,kro,11,0
4638,Watcher Card,460000,540000,kro,22,3
23375,Water Armor Scroll,901500,1058000,kro,7,0
29691,Water Attribute (Weapon),0,0,,6,0
2994,Water Crystal Stone,0,0,,8,0
20728,Water Dragon Coat,0,0,,8,0
4953,Water Drop,0,0,,6,0
29302,Water Element(Armor),0,0,,6,0
29225,Water Field Effect,0,0,,6,0
25226,Water Field Effect (Lower),34500000,40500000,kro,4,0
5284,Water Lily Crown,46000,54000,ragnastats,8,0
16726,Water Lily Crown Box,17,24,npc,12,0
16727,Water Lily Crown Box,0,0,,12,0
12400,Water Of Blessing,0,0,,12,0
100520,Water Of Lucky,0,0,,12,0
4971,Water Property Reactor,0,0,,6,0
6966,Water Property Reactor Blueprint,0,0,,12,0
4975,Water Resistance Reactor,0,0,,6,0
6970,Water Resistance Reactor Blueprint,0,0,,12,0
29223,Water Sky,0,0,,6,0
12827,Water Type Scroll,0,0,,12,0
310473,Water/Wind/Earth/Fire Magic Lv.1,0,0,,6,0
310474,Water/Wind/Earth/Fire Magic Lv.2,0,0,,6,0
310475,Water/Wind/Earth/Fire Magic Lv.3,0,0,,6,0
310476,Water/Wind/Earth/Fire Magic Lv.4,0,0,,6,0
310477,Water/Wind/Earth/Fire Magic Lv.5,0,0,,6,0
2787,Waterdrop Brooch,580500,681500,estimate,7,0
18602,Watermelon Bite,0,0,,8,0
18525,Watermelon Cap,0,0,,8,0
13314,Wave Huuma Shuriken,82500,97000,kro,8,0
25128,Weak Energy Particle,7700,9050,estimate,36,6
4557,Weakened Fenrir Card,276000,324000,kro,4,3
22944,Weapon +10 Refine Ticket,40480000,47520000,kro,4,0
22915,Weapon +11 Refine Ticket,75235500,88320000,kro,4,0
22916,Weapon +12 Refine Ticket,115000000,135000000,kro,4,0
22911,Weapon +7 Refine Ticket,4600000,5400000,kro,4,0
22912,Weapon +8 Refine Ticket,9200000,10800000,kro,4,0
22913,Weapon +9 Refine Ticket,22080000,25920000,kro,4,0
12892,Weapon Box(Axe),0,0,,12,0
12896,Weapon Box(Book),0,0,,12,0
12893,Weapon Box(Bow),0,0,,12,0
12891,Weapon Box(Dagger),0,0,,12,0
12897,Weapon Box(Guitar),0,0,,12,0
12895,Weapon Box(Knuckle),0,0,,12,0
12890,Weapon Box(Mace),0,0,,12,0
12889,Weapon Box(Spear),0,0,,12,0
12899,Weapon Box(Staff),0,0,,12,0
12894,Weapon Box(Sword),0,0,,12,0
12898,Weapon Box(Whip),0,0,,12,0
12698,Weapon Card Album,0,0,,12,3
1000421,Weapon Enhancement Ore(High),0,0,,12,3
1000420,Weapon Enhancement Ore(Intermediate),0,0,,12,3
1000419,Weapon Enhancement Ore(Lower),0,0,,12,3
1000422,Weapon Enhancement Ore(Superior),0,0,,12,3
100746,Weapon Modification Box (Lower),0,0,,12,0
100747,Weapon Modification Box (Middle),0,0,,12,0
100748,Weapon Modification Box (Upper),0,0,,12,0
23779,Weapon Modifier (Magic),0,0,,12,0
23776,Weapon Modifier (Physical),0,0,,12,0
1000432,Weapon Upgrade Stone(High),0,0,,12,3
1000431,Weapon Upgrade Stone(Intermediate),0,0,,12,3
1000430,Weapon Upgrade Stone(Lower),45500,53500,kro,12,3
1000433,Weapon Upgrade Stone(Superior),0,0,,12,3
2338,Wedding Dress,39500,46000,kro,8,0
15114,Wedding Dress,39500,46000,sibling,8,0
2206,Wedding Veil,21000,24500,kro,11,0
5888,Wedding Veil,21000,24500,sibling,8,0
5504,Wedding Weil,0,0,,8,0
1227,Weeder Knife,0,0,,8,0
420129,Wei Brush Tattoo,0,0,,8,0
13047,Weihna,279500,328000,ragnastats,4,0
4526,Weird Coelacanth Card,1696500,1992000,estimate,2,3
5881,Weissbier Hat,0,0,,8,0
18900,Weisswurst,0,0,,8,0
2292,Welding Mask,46000,54000,ragnastats,8,0
26162,Welding Wand,0,0,,8,0
6106,Well Ripened Berry,17,24,ragnastats,12,3
538,Well-baked Cookie,3150,3700,ragnastats,51,36
5574,Well-Chewed Pencil,0,0,,11,0
5945,Well-Chewed Pencil (Red),0,0,,8,0
628,Well-Dried Bone,184000,216000,kro,7,3
25262,Well-dried Clover,1100,1250,npc,12,0
2248,Western Grace,460000,540000,kro,4,0
22653,Wet Card Album,0,0,,12,0
6898,Whale,0,0,,12,3
480220,Whale Shark Float,0,0,,8,0
27365,Wheel Of Fortune,0,0,,6,0
300167,Wheel Of Fortune Reversed,0,0,,6,0
7076,Wheel of the Unknown,1,2,npc,12,3
25813,Whidium,68500,80500,kro,36,3
2855,Whike Black Tail,0,0,,8,0
28351,Whike Black Tail,0,0,,8,0
15123,Whikebain Suit,0,0,,8,0
15248,Whikebain Suit,0,0,,8,0
1952,Whip,9900,11500,npc,8,0
1953,Whip,9900,11500,npc,8,0
1960,Whip,31000,36500,npc,22,0
1961,Whip,28000,32500,ragnastats,8,0
1980,Whip of Balance,21500,25000,ragnastats,11,0
313066,Whirlwind Footprint,0,0,,6,0
1001616,Whirlwind Footprint (Garment),0,0,,12,0
4102,Whisper Card,418500,491000,kro,5,3
9045,Whisper Egg,9200000,10800000,kro,4,0
5736,Whisper Mask,0,0,,8,0
19145,Whistle,0,0,,8,0
400000,Whistle,0,0,,8,0
19415,White Bird Rose Decoration,0,0,,8,0
29224,White Body Effect,0,0,,6,0
25224,White Body Effect (Middle),31004000,36396000,kro,4,0
561,White Chocolate,1450,1700,ragnastats,12,0
19018,White Chocolate Bear Hat,0,0,,8,0
982,White Dyestuffs,538500,632500,ragnastats,46,3
15151,White Eco-Shirt,797000,936000,estimate,4,0
18573,White Feather,0,0,,8,0
400602,White Fox Bamboo Hat,0,0,,8,0
490691,White Fox Charm,0,0,,8,0
2196,White Gold Shield,0,0,,8,0
1000998,White Handkerchief,0,0,,12,3
509,White Herb,425,575,kro,76,72
480518,White Knight Armor,0,0,,8,0
4608,White Knight Card,9079500,10659000,kro,2,3
9134,White Knight Egg,529000000,621000000,kro,4,0
480500,White Knight Mantle (Magic),0,0,,8,0
480498,White Knight Mantle (Melee),0,0,,8,0
480499,White Knight Mantle (Range),0,0,,8,0
480109,White Knight's Cloak,0,0,,8,0
550017,White Knight's Foxtail,0,0,,8,0
4372,White Lady Card,257140000,301860000,kro,2,0
15274,White Leaf T-Shirt,0,0,,8,0
450163,White Lily Robe,0,0,,8,0
5882,White Mage Hat C,0,0,,8,0
7568,White Mask,3400,4000,ragnastats,36,36
400722,White Mechanical Plant Hat,0,0,,8,0
400624,White Neko Witch Hat,0,0,,8,0
300003,White Porcellio Card,1380000,1620000,kro,2,3
504,White Potion,305,415,ragnastats,40,0
6247,White Powder,595,805,ragnastats,36,6
18954,White Rabbit Bonnet,0,0,,8,0
11524,White Raffle Sap,2000,2350,ragnastats,12,3
5197,White Ribbon,610,825,npc,8,0
2363,White Robe,0,0,,8,0
15150,White Shirt,1204500,1414000,estimate,2,0
18811,White Snake,0,0,,8,0
5411,White Snake Hat,0,0,,8,0
25622,White Snake's Tear,82500,97000,kro,12,0
6325,White Spider Limb,116500,136500,ragnastats,7,18
11623,White Syrup,1350,1600,npc,12,0
15273,White T-Shirt,0,0,,8,0
15099,White Tiger Armor,0,0,,8,0
2479,White Wing Boots,0,0,,11,0
2890,White Wing Brooch,731000,858500,kro,7,0
2580,White Wing Manteau,0,0,,11,0
15042,White Wing Suits,138000,162000,kro,7,0
15407,Whiteknight Armor,0,0,,8,0
29483,Whitesmith Stone (Bottom),2760000,3240000,kro,2,0
29482,Whitesmith Stone (Middle),3220000,3780000,kro,2,0
29481,Whitesmith Stone (Upper),3680000,4320000,kro,2,0
310006,Whitesmith Stone II (Bottom),1472000,1728000,kro,2,0
1000014,Whitesmith Stone II (Bottom),1472000,1728000,kro,4,0
310005,Whitesmith Stone II (Middle),920000,1080000,kro,2,0
1000013,Whitesmith Stone II (Middle),920000,1080000,kro,4,0
310004,Whitesmith Stone II (Top),1840000,2160000,kro,2,0
1000012,Whitesmith Stone II (Top),1840000,2160000,kro,4,0
12072,Whole Roast,40000,47000,ragnastats,12,18
18545,Whrabbit Hband,0,0,,8,0
4348,Wickebine Tres Card,1288000,1512000,kro,2,3
5986,Wickebine's Black Cat Ears,0,0,,8,0
19134,Wickebine's Black Cat Ears,0,0,,8,0
400153,Wickebine's Black Cat Ears-LT,0,0,,8,0
23894,Wickebine's Black Cat's Ear SynthesisBox,2760000,3240000,kro,4,3
620016,Wicked Axe,0,0,,8,0
500045,Wicked Blade,0,0,,8,0
540042,Wicked Book,184000,216000,kro,4,0
590036,Wicked Cross,138000,162000,kro,4,0
510051,Wicked Dagger,0,0,,8,0
510052,Wicked Edge,0,0,,8,0
610035,Wicked Katar,147000,172500,kro,4,0
17003,Wicked Nymph Box10,0,0,,12,0
17002,Wicked Nymph Box5,0,0,,12,0
9047,Wicked Nymph Egg,1840000,2160000,kro,4,0
12627,Wicked Nymph Scroll,0,0,,12,0
550056,Wicked Plant,184000,216000,kro,4,0
19341,Wicket Egg Shell,0,0,,8,0
23825,Wicket marching Hat SynthesisBox,460000,540000,kro,7,3
10005,Wig,64000,75500,kro,12,0
1001618,Wigner Premium Exchange Ticket,3650,4300,kro,12,3
7851,Wii Raffle Ticket,0,0,,12,0
400409,Wild Beast,0,0,,8,0
1268,Wild Beast Claw,73000,85500,ragnastats,11,0
24928,Wild Bullet Shadow Armor,644000,756000,kro,4,0
24929,Wild Bullet Shadow Shoes,851000,999000,kro,4,0
311381,Wild Fire Tuning Device,0,0,,6,0
10009,Wild Flower,35500,41500,ragnastats,12,0
1270130,Wild Hawk Shadow Earring,276000,324000,kro,4,0
1270131,Wild Hawk Shadow Pendant,368000,432000,kro,4,0
4665,Wild Hornet Card,1380000,1620000,kro,2,0
19108,Wild Poring Rider,0,0,,8,0
4532,Wild Rider Card,919500,1079500,kro,4,3
4257,Wild Rose Card,1748000,2052000,kro,3,3
9141,Wild Rose Egg,4600000,5400000,kro,4,0
1001839,Wilheim Lugenburg Card Fragment,9200000,10800000,kro,4,3
300587,Wilhelm Lugenburg Card,276000000,324000000,kro,2,3
6942,Will Master,8,12,npc,12,36
100706,Will of Ancient Hero,1140500,1339000,kro,4,3
7566,Will of Red Darkness,3500,4150,kro,12,36
310910,Will of Sharpshooter,0,0,,6,0
470254,Will of Sword and Zen,0,0,,8,0
7340,Will of the Darkness,3550,4200,kro,36,18
19307,Will-O-Wisp,0,0,,8,0
4010,Willow Card,92000,108000,kro,5,3
9103,Willow Egg,184000,216000,kro,7,0
6514,Wind Amulet,42,58,ragnastats,12,3
23376,Wind Armor Scroll,0,0,,12,0
12010,Wind Arrow Quiver,4600,5400,ragnastats,54,3
29692,Wind Attribute (Weapon),0,0,,6,0
100189,Wind Charm Bundle,0,0,,12,0
20729,Wind Dragon Coat,0,0,,8,0
490284,Wind Eagle Sniper Ring,0,0,,8,0
29303,Wind Element(Armor),0,0,,6,0
18188,Wind Gale,460000,540000,kro,4,0
18197,Wind Gale,460000,540000,sibling,4,0
4264,Wind Ghost Card,1104000,1296000,kro,2,3
480242,Wind God Cloak,0,0,,8,0
5466,Wind Milestone,0,0,,8,0
992,Wind of Verdure,4500,5250,kro,76,18
4973,Wind Property Reactor,0,0,,6,0
6968,Wind Property Reactor Blueprint,0,0,,12,0
4977,Wind Resistance Reactor,0,0,,6,0
6972,Wind Resistance Reactor Blueprint,0,0,,12,0
24631,Wind Spear Petal Shadow Earring,0,0,,8,0
24632,Wind Spear Petal Shadow Pendant,0,0,,8,0
24633,Wind Spear Petal Shadow Shoes,0,0,,8,0
7523,Wind Stone,42,58,ragnastats,12,3
1000291,Wind Stone 4th,920,1050,npc,12,0
100185,Wind Stone Bundle,0,0,,12,0
12826,Wind Type Scroll,0,0,,12,0
12526,Wind Walk Scroll Lv 10,0,0,,12,0
1307,Windhawk,41000,48500,kro,8,0
312232,Windhawk Soul (Crescive Bolt),0,0,,6,0
312235,Windhawk Soul (Deep Blind Trap),0,0,,6,0
312236,Windhawk Soul (Flame Trap),0,0,,6,0
312231,Windhawk Soul (Gale Storm),0,0,,6,0
312233,Windhawk Soul (Hawk Rush),0,0,,6,0
312234,Windhawk Soul (Solid Trap),0,0,,6,0
312237,Windhawk Soul (Swift Trap),0,0,,6,0
313360,Windhawk Stone (Garment),552000000,648000000,kro,2,0
1001788,Windhawk Stone (Garment),552000000,648000000,kro,4,0
24191,Windy Shadow Armor,11040000,12960000,kro,4,0
24203,Windy Shadow Shield,1,2,npc,12,0
5576,Wine Cup,0,0,,8,0
1001446,Wing Feather of Floral Pegasus,1282000,1505500,kro,4,3
5963,Wing Headphone,0,0,,8,0
400291,Wing of Bless,0,0,,8,0
7064,Wing of Dragonfly,1050,1250,ragnastats,51,36
16684,Wing Of Fly Box10,0,0,,12,0
16686,Wing Of Fly Box100,0,0,,12,0
16685,Wing Of Fly Box50,0,0,,12,0
480226,Wing Of Happiness,0,0,,8,0
7006,Wing of Red Bat,765,1000,kro,36,36
1616,Wing Staff,440500,517500,ragnastats,4,0
23822,Wings of 8 Purgatories SynthesisBox,0,0,,12,3
410139,Wings of Asmodeus,0,0,,8,0
410140,Wings of Asmodeus,0,0,,8,0
20587,Wings of Light and Darkness,0,0,,8,0
480471,Wings of Olympus-LT,0,0,,8,0
20830,Wings of Seraph,0,0,,8,0
2930,Winning First Move Amulet,0,0,,8,0
23550,Winter Cookie,1,2,npc,12,0
103748,Winter Cookie,0,0,,12,3
5115,Winter Hat,6374000,7482500,ragnastats,2,0
17464,Winter Midgard Egg,0,0,,12,0
26203,Wire of Evil,0,0,,8,0
1954,Wire Whip,14000,17000,npc,8,0
1955,Wire Whip,14000,17000,npc,8,0
420342,Wireless Security Drone,0,0,,8,0
313137,WIS Assistance,0,0,,6,0
313138,WIS Enforcement,0,0,,6,0
311078,WIS Lv1,0,0,,6,0
311079,WIS Lv2,0,0,,6,0
100455,WIS Reduction Potion,0,0,,12,0
312191,WIS+3,0,0,,6,0
410302,Wisdom Core Headphones,0,0,,8,0
1002139,Wisdom Meteorite Extract,0,0,,12,3
310933,Wisdom of Varmundt Lv1,0,0,,6,0
310934,Wisdom of Varmundt Lv2,0,0,,6,0
310935,Wisdom of Varmundt Lv3,0,0,,6,0
12852,Wisdom Scroll,0,0,,12,0
24758,Wisdom Shadow Shield,4600000,5400000,kro,2,0
24757,Wisdom Shadow Weapon,9200000,10800000,kro,2,0
24050,Wise Earring (Shadow),1,2,npc,12,0
12797,Wish Maiden Scroll,0,0,,12,0
410334,Wishing Tree,0,0,,8,0
410335,Wishing Tree,0,0,,8,0
460010,Witch Hunt Shield,0,0,,8,0
27344,Witch Zilant Card,0,0,,6,0
28956,Witch Zilant's Mirror,0,0,,8,0
26140,Witch's Broom,59500,70000,kro,8,0
20852,Witch's Cloak,0,0,,8,0
20908,Witch's Cloak,0,0,,8,0
15387,Witch's Dress,0,0,,8,0
7313,Witch's Medal,0,0,,12,0
18656,Witch's Pumpkin Hat,0,0,,11,0
2047,Witch's Staff,0,0,,8,0
1061,Witched Starsand,605,820,kro,54,36
18543,Witchs Hat,0,0,,8,0
6086,Withered Flower,11500,14000,ragnastats,36,36
748,Witherless Rose,37500,44500,kro,76,6
24888,Witty Shadow Earring,1380000,1620000,kro,2,0
24887,Witty Shadow Pendant,920000,1080000,kro,2,0
17056,Wiz Card Album,0,0,,12,0
2050,Wizard Guild Staff,0,0,,8,0
2252,Wizard Hat,46000,54000,kro,11,0
2914,Wizard Left Eye,0,0,,8,0
24277,Wizard Shadow Armor,4600000,5400000,kro,4,0
24264,Wizard Shadow Shoes,9200000,10800000,kro,4,0
480674,Wizard's Cloak,3818000,4482000,kro,2,0
26177,Wizard's Memory,0,0,,8,0
1473,Wizardry Staff,69000,81000,kro,22,0
5831,Woe Big Sis Ribbon,0,0,,8,0
5839,Woe Blush,0,0,,8,0
5836,Woe Boys Cap,0,0,,8,0
5834,Woe Crown,0,0,,8,0
5840,Woe Elven Ears,0,0,,8,0
5838,Woe Fin Helm,0,0,,8,0
5833,Woe Picnic Hat,0,0,,8,0
5830,Woe Sahkkat,0,0,,8,0
5837,Woe Sunglass,0,0,,8,0
12582,WoE Supply Box,27500,32000,kro,12,18
11059,WoE TE Rental List,0,0,,12,0
12444,WoE Telport Scroll,0,0,,12,0
5835,Woe Tiara,0,0,,8,0
5832,Woe Vane Hairpin,0,0,,8,0
12675,WoE Weapon Supply Box,17,24,npc,18,3
4029,Wolf Card,147000,172500,kro,4,3
300127,Wolf Card,147000,172500,sibling,4,3
920,Wolf Claw,18000,21500,kro,51,36
300128,Wolf Lugenburg Card,598000,702000,kro,4,3
400203,Wolf Officer Hat,0,0,,8,0
310579,Wolf Orb (Above All) Level 1,0,0,,6,0
310580,Wolf Orb (Above All) Level 2,0,0,,6,0
310581,Wolf Orb (Above All) Level 3,0,0,,6,0
310527,Wolf Orb (Acid Explosion),0,0,,6,0
310480,Wolf Orb (Agi) Level 1,0,0,,6,0
310486,Wolf Orb (Agi) Level 2,0,0,,6,0
310492,Wolf Orb (Agi) Level 3,0,0,,6,0
310548,Wolf Orb (Aimed Storm),0,0,,6,0
310647,Wolf Orb (All Force),0,0,,6,0
310533,Wolf Orb (Angle Shot),0,0,,6,0
310530,Wolf Orb (Berserk Slash),0,0,,6,0
310522,Wolf Orb (Boost Cannon),0,0,,6,0
310519,Wolf Orb (Brand Drive),0,0,,6,0
310547,Wolf Orb (Breeze Shooting),0,0,,6,0
310568,Wolf Orb (Caster) Level 1,0,0,,6,0
310572,Wolf Orb (Caster) Level 2,0,0,,6,0
310576,Wolf Orb (Caster) Level 3,0,0,,6,0
310537,Wolf Orb (Cloud Buster),0,0,,6,0
310546,Wolf Orb (Cluster),0,0,,6,0
310536,Wolf Orb (Comet Vortex),0,0,,6,0
310526,Wolf Orb (Crazy Cannon),0,0,,6,0
310534,Wolf Orb (Crimson Strain),0,0,,6,0
310569,Wolf Orb (Critical) Level 1,0,0,,6,0
310573,Wolf Orb (Critical) Level 2,0,0,,6,0
310577,Wolf Orb (Critical) Level 3,0,0,,6,0
310562,Wolf Orb (Cross Petal),0,0,,6,0
310557,Wolf Orb (Curse Explosion),0,0,,6,0
310517,Wolf Orb (Cutter Break),0,0,,6,0
310529,Wolf Orb (Cutter Slasher),0,0,,6,0
310615,Wolf Orb (Delay After Attack) Level 1,0,0,,6,0
310620,Wolf Orb (Delay After Attack) Level 2,0,0,,6,0
310625,Wolf Orb (Delay After Attack) Level 3,0,0,,6,0
310630,Wolf Orb (Delay After Attack) Level 4,0,0,,6,0
310515,Wolf Orb (Delay After Skill),0,0,,6,0
310558,Wolf Orb (Des Hammer Dance),0,0,,6,0
310479,Wolf Orb (Dex) Level 1,0,0,,6,0
310485,Wolf Orb (Dex) Level 2,0,0,,6,0
310491,Wolf Orb (Dex) Level 3,0,0,,6,0
310539,Wolf Orb (Diamond Grave),0,0,,6,0
310516,Wolf Orb (Dragonic Breath),0,0,,6,0
310643,Wolf Orb (Drain Life),0,0,,6,0
310644,Wolf Orb (Drain Soul),0,0,,6,0
310556,Wolf Orb (Espa),0,0,,6,0
310555,Wolf Orb (Eswhoo),0,0,,6,0
310616,Wolf Orb (Expert Archer) Level 1,0,0,,6,0
310621,Wolf Orb (Expert Archer) Level 2,0,0,,6,0
310626,Wolf Orb (Expert Archer) Level 3,0,0,,6,0
310631,Wolf Orb (Expert Archer) Level 4,0,0,,6,0
310563,Wolf Orb (Exploding Flake Wind),0,0,,6,0
310531,Wolf Orb (Fatal Attack),0,0,,6,0
310613,Wolf Orb (Fatal Flash),0,0,,6,0
310617,Wolf Orb (Fatal) Level 1,0,0,,6,0
310622,Wolf Orb (Fatal) Level 2,0,0,,6,0
310627,Wolf Orb (Fatal) Level 3,0,0,,6,0
310632,Wolf Orb (Fatal) Level 4,0,0,,6,0
310618,Wolf Orb (Fighting Spirit) Level 1,0,0,,6,0
310623,Wolf Orb (Fighting Spirit) Level 2,0,0,,6,0
310628,Wolf Orb (Fighting Spirit) Level 3,0,0,,6,0
310633,Wolf Orb (Fighting Spirit) Level 4,0,0,,6,0
310559,Wolf Orb (Fire Howling Tail),0,0,,6,0
310611,Wolf Orb (Firing Shot),0,0,,6,0
310600,Wolf Orb (Fixed Casting) Level 1,0,0,,6,0
310601,Wolf Orb (Fixed Casting) Level 2,0,0,,6,0
310602,Wolf Orb (Fixed Casting) Level 3,0,0,,6,0
310561,Wolf Orb (Flame Ice Wind),0,0,,6,0
310554,Wolf Orb (Flash Falling),0,0,,6,0
310521,Wolf Orb (Genesis Pressure),0,0,,6,0
310570,Wolf Orb (Guide Attack) Level 1,0,0,,6,0
310574,Wolf Orb (Guide Attack) Level 2,0,0,,6,0
310578,Wolf Orb (Guide Attack) Level 3,0,0,,6,0
310590,Wolf Orb (Heal) Level 1,0,0,,6,0
310593,Wolf Orb (Heal) Level 2,0,0,,6,0
310596,Wolf Orb (Heal) Level 3,0,0,,6,0
310545,Wolf Orb (Hell Arrow),0,0,,6,0
310525,Wolf Orb (Hell Tornado),0,0,,6,0
310541,Wolf Orb (Holy Judex),0,0,,6,0
310635,Wolf Orb (HP Recovery) Level 1,0,0,,6,0
310637,Wolf Orb (HP Recovery) Level 2,0,0,,6,0
310639,Wolf Orb (HP Recovery) Level 3,0,0,,6,0
310641,Wolf Orb (HP Recovery) Level 4,0,0,,6,0
310518,Wolf Orb (Hundred Wave),0,0,,6,0
310481,Wolf Orb (Int) Level 1,0,0,,6,0
310487,Wolf Orb (Int) Level 2,0,0,,6,0
310493,Wolf Orb (Int) Level 3,0,0,,6,0
310535,Wolf Orb (Jack Lightning),0,0,,6,0
310614,Wolf Orb (Lucky Strike),0,0,,6,0
310483,Wolf Orb (Luk) Level 1,0,0,,6,0
310489,Wolf Orb (Luk) Level 2,0,0,,6,0
310495,Wolf Orb (Luk) Level 3,0,0,,6,0
310504,Wolf Orb (Mage) Level 1,0,0,,6,0
310507,Wolf Orb (Mage) Level 2,0,0,,6,0
310510,Wolf Orb (Mage) Level 3,0,0,,6,0
310645,Wolf Orb (Magic Healing),0,0,,6,0
310646,Wolf Orb (Magic Soul),0,0,,6,0
310497,Wolf Orb (Magical Defense) Level 1,0,0,,6,0
310499,Wolf Orb (Magical Defense) Level 2,0,0,,6,0
310501,Wolf Orb (Magical Defense) Level 3,0,0,,6,0
310603,Wolf Orb (Magical Force) Level 1,0,0,,6,0
310605,Wolf Orb (Magical Force) Level 2,0,0,,6,0
310607,Wolf Orb (Magical Force) Level 3,0,0,,6,0
310540,Wolf Orb (Magnusmus),0,0,,6,0
310542,Wolf Orb (Melee Duple),0,0,,6,0
310589,Wolf Orb (Mental) Level 1,0,0,,6,0
310592,Wolf Orb (Mental) Level 2,0,0,,6,0
310595,Wolf Orb (Mental) Level 3,0,0,,6,0
310585,Wolf Orb (Mirror Counter) Level 1,0,0,,6,0
310586,Wolf Orb (Mirror Counter) Level 2,0,0,,6,0
310587,Wolf Orb (Mirror Counter) Level 3,0,0,,6,0
310553,Wolf Orb (Moon Kick),0,0,,6,0
310612,Wolf Orb (Overpower),0,0,,6,0
310496,Wolf Orb (Physical Defense) Level 1,0,0,,6,0
310498,Wolf Orb (Physical Defense) Level 2,0,0,,6,0
310500,Wolf Orb (Physical Defense) Level 3,0,0,,6,0
310604,Wolf Orb (Physical Force) Level 1,0,0,,6,0
310606,Wolf Orb (Physical Force) Level 2,0,0,,6,0
310608,Wolf Orb (Physical Force) Level 3,0,0,,6,0
310514,Wolf Orb (Power Force),0,0,,6,0
310565,Wolf Orb (Power of Land),0,0,,6,0
310566,Wolf Orb (Power of Life),0,0,,6,0
310564,Wolf Orb (Power of Sea),0,0,,6,0
310582,Wolf Orb (Powerful) Level 1,0,0,,6,0
310583,Wolf Orb (Powerful) Level 2,0,0,,6,0
310584,Wolf Orb (Powerful) Level 3,0,0,,6,0
310552,Wolf Orb (Prominence Burst),0,0,,6,0
310544,Wolf Orb (Rampage Lightning),0,0,,6,0
310511,Wolf Orb (Reflection Reject) Level 1,0,0,,6,0
310512,Wolf Orb (Reflection Reject) Level 2,0,0,,6,0
310513,Wolf Orb (Reflection Reject) Level 3,0,0,,6,0
310550,Wolf Orb (Reverb),0,0,,6,0
310597,Wolf Orb (Robust) Level 1,0,0,,6,0
310598,Wolf Orb (Robust) Level 2,0,0,,6,0
310599,Wolf Orb (Robust) Level 3,0,0,,6,0
310532,Wolf Orb (Shadow Spell),0,0,,6,0
310502,Wolf Orb (Shooter) Level 1,0,0,,6,0
310505,Wolf Orb (Shooter) Level 2,0,0,,6,0
310508,Wolf Orb (Shooter) Level 3,0,0,,6,0
310528,Wolf Orb (Sonic Impact),0,0,,6,0
310549,Wolf Orb (Sound Metal),0,0,,6,0
310636,Wolf Orb (SP Recovery) Level 1,0,0,,6,0
310638,Wolf Orb (SP Recovery) Level 2,0,0,,6,0
310640,Wolf Orb (SP Recovery) Level 3,0,0,,6,0
310642,Wolf Orb (SP Recovery) Level 4,0,0,,6,0
310567,Wolf Orb (Speed) Level 1,0,0,,6,0
310571,Wolf Orb (Speed) Level 2,0,0,,6,0
310575,Wolf Orb (Speed) Level 3,0,0,,6,0
310610,Wolf Orb (Spell Buster),0,0,,6,0
310619,Wolf Orb (Spell) Level 1,0,0,,6,0
310624,Wolf Orb (Spell) Level 2,0,0,,6,0
310629,Wolf Orb (Spell) Level 3,0,0,,6,0
310634,Wolf Orb (Spell) Level 4,0,0,,6,0
310560,Wolf Orb (Storm Buster Trip),0,0,,6,0
310478,Wolf Orb (Str) Level 1,0,0,,6,0
310484,Wolf Orb (Str) Level 2,0,0,,6,0
310490,Wolf Orb (Str) Level 3,0,0,,6,0
310543,Wolf Orb (Tiger Empire),0,0,,6,0
310524,Wolf Orb (Tornado Swing),0,0,,6,0
310609,Wolf Orb (Unlimited Vital),0,0,,6,0
310520,Wolf Orb (Vanishing Cannon),0,0,,6,0
310538,Wolf Orb (Varetyr Wave),0,0,,6,0
310482,Wolf Orb (Vit) Level 1,0,0,,6,0
310488,Wolf Orb (Vit) Level 2,0,0,,6,0
310494,Wolf Orb (Vit) Level 3,0,0,,6,0
310588,Wolf Orb (Vital) Level 1,0,0,,6,0
310591,Wolf Orb (Vital) Level 2,0,0,,6,0
310594,Wolf Orb (Vital) Level 3,0,0,,6,0
310523,Wolf Orb (Vulcan Boomerang),0,0,,6,0
310551,Wolf Orb (Vulcan Severe),0,0,,6,0
310503,Wolf Orb (Warrior) Level 1,0,0,,6,0
310506,Wolf Orb (Warrior) Level 2,0,0,,6,0
310509,Wolf Orb (Warrior) Level 3,0,0,,6,0
400582,Wolf Rayet,0,0,,8,0
2172,Wolf Wrist Guard,37000,43500,npc,8,0
27389,Wolfe Card,0,0,,6,0
27390,Wolfe Lugenburg Card,0,0,,6,0
7081,Woman's Moustache,5107500,5996000,estimate,4,3
12136,Women's Bundle,0,0,,12,0
15980,Wonder Egg Basket,0,0,,8,0
410027,Wonder Egg Basket,0,0,,8,0
410028,Wonder Egg Basket,0,0,,8,0
5050,Wonder Nutshell,161000,189000,ragnastats,4,0
6008,Wood,0,0,,12,3
1001077,Wood Block,4050,4800,kro,12,0
27157,Wood Goblin Card,430000,505000,estimate,4,3
18759,Wood Goblin's Nose,0,0,,8,0
7850,Wooden Block,51500,60500,estimate,12,0
7222,Wooden Gnarl,4600,5400,ragnastats,36,18
4259,Wooden Golem Card,9073500,10652000,ragnastats,3,3
7189,Wooden Heart,1200,1400,ragnastats,36,18
2328,Wooden Mail,5050,5900,kro,8,0
2329,Wooden Mail,138000,162000,kro,7,0
15265,Wooden Mail,71500,83500,sibling,8,0
22076,Wooden Slipper,1416500,1663000,estimate,2,0
12837,Wooden Treasure Box,0,0,,12,0
4558,Woodie Card,0,0,,6,3
9063,Woodie Egg,0,0,,12,0
2528,Wool Scarf,78000,91500,ragnastats,11,0
29219,Woor,0,0,,6,0
25634,Wootan Defender's Shield Piece,89500,105000,estimate,12,18
4261,Wootan Fighter Card,575000,675000,kro,4,3
4260,Wootan Shooter Card,82500,97000,kro,9,3
25635,Wootan Warrior's Fur,58500,69000,estimate,12,6
25633,Wootan's Token,9200,10500,kro,12,18
19407,Work Cap,0,0,,8,0
15482,Worker Shirt,0,0,,8,0
450419,World All,0,0,,8,0
25464,World Moving Ticket,15000,18000,kro,12,3
18881,World Tree Hats,0,0,,8,0
420105,World-erosive Curse,0,0,,8,0
955,Worm Peeling,765,1000,kro,51,72
4034,Wormtail Card,685000,804500,kro,5,3
1097,Worn Out Page,1150,1400,kro,51,72
618,Worn Out Scroll,7000,8200,ragnastats,12,3
25282,Worn Revolver,9350,10500,estimate,12,18
6939,Worn-Out Belt,32000,37500,estimate,12,18
7153,Worn-out Kimono,6450,7550,ragnastats,36,18
7099,Worn-out Magic Scroll,13500,16000,kro,76,18
1099,Worn-out Prison Uniform,845,1100,kro,36,36
4190,Wraith Card,82500,97000,kro,9,3
4189,Wraith Dead Card,774000,908500,ragnastats,4,3
12023,Wrapped Box,0,0,,12,0
12107,Wrapped Mask,460000,540000,ragnastats,7,3
7174,Wrapping Lace,1,2,npc,27,3
2594,Wrapping Manteau,0,0,,8,0
7175,Wrapping Paper,1,2,npc,51,3
1001433,Wrath of Polluted Agni,31000,36500,kro,12,18
1001434,Wrath of Polluted Aqua,7800,9150,kro,12,18
1001432,Wrath of Polluted Spirit,3400,3950,kro,12,36
1001436,Wrath of Polluted Tera,27000,32000,kro,12,18
1001435,Wrath of Polluted Ventus,7600,8950,kro,12,18
7078,Wrath of Valkyrie,5107500,5996000,estimate,4,3
510008,Wrath Rack,460000,540000,kro,4,0
650003,Wrath Wheel,2760000,3240000,kro,2,0
1531,Wrench,46000,54000,ragnastats,8,0
16427,Wrench Box,0,0,,12,0
1000928,Wrist Strap,108500,127000,kro,7,3
16421,Written Oath Of Marriage Box,0,0,,12,0
18575,Wunderkammer,0,0,,8,0
5079,X Hairpin,1120000,1315000,ragnastats,2,0
12200,X-mas Cake,17,24,npc,12,0
16542,Xmas Bless,0,0,,12,0
12355,Xmas Gift,1,3,npc,12,3
9108,Xmas Teddy Bear Egg,36800000,43200000,kro,4,0
2912,Xylitol 2011,0,0,,8,0
490319,Y.S.F. Ring,0,0,,8,0
22143,Y.S.F.0.1 Greaves,0,0,,8,0
20858,Y.S.F.0.1 Manteau,0,0,,8,0
15213,Y.S.F.0.1 Plate,0,0,,8,0
7760,Yaga's Magic Book,0,0,,12,3
7762,Yaga's Pestle,3650,4300,kro,36,36
549,Yam,2850,3350,ragnastats,12,18
4328,Yao Jun Card,736000,864000,kro,4,3
7038,Yarn,6650,7800,ragnastats,51,18
5277,Yellow Bandana,5520000,6480000,ragnastats,2,0
7448,Yellow Bijou,56500,66000,kro,36,6
16620,Yellow Bunny Headband Box,0,0,,12,0
16619,Yellow Bunnyband Box,0,0,,12,0
313957,Yellow Butterfly Footprints,0,0,,6,0
1002394,Yellow Butterfly Footprints (Garment),115000000,135000000,kro,4,0
19465,Yellow Cherry Blossom Hat,0,0,,8,0
5234,Yellow Drooping Cat,207000,243000,npc,4,0
715,Yellow Gemstone,380,515,kro,76,36
100193,Yellow Gemstone Pouch,0,0,,12,0
508,Yellow Herb,920,1050,kro,76,72
400592,Yellow Kitty Headphone,0,0,,8,0
5242,Yellow Mage Hat,69000,81000,ragnastats,8,0
16738,Yellow Mage Hat Box,0,0,,12,0
16739,Yellow Mage Hat Box,0,0,,12,0
5886,Yellow Mage Hat C,0,0,,8,0
4382,Yellow Novus Card,276000,324000,kro,4,3
300122,Yellow Pitaya Card,2300000,2700000,kro,2,3
7149,Yellow Plate,960,1100,ragnastats,12,18
18632,Yellow Poring Hairpin,2070000,2430000,ragnastats,2,0
503,Yellow Potion,130,180,ragnastats,27,0
6246,Yellow Powder,1700,2000,ragnastats,36,6
11523,Yellow Raffle Sap,970,1100,ragnastats,12,6
5192,Yellow Ribbon,610,825,npc,8,0
5278,Yellow Ribbon,0,0,,8,0
5917,Yellow Scarf,0,0,,8,0
7452,Yellow Spice,635,860,kro,12,3
313068,Yellow Star Footprint,0,0,,6,0
1001650,Yellow Star Footprint (Garment),0,0,,12,0
11622,Yellow Syrup,1100,1250,npc,12,0
18854,Yellow Valentine Heart,0,0,,8,0
6362,Yellow Wish Point,170,230,ragnastats,12,3
18807,Yellow Yuzu Hat,0,0,,8,0
5783,YellowBunny Hairband,0,0,,8,0
420158,Yesterday Once More,0,0,,8,0
607,Yggdrasil Berry,16000,19000,kro,76,72
12815,Yggdrasil Dust,1,2,npc,12,18
18898,Yggdrasil Herald Crown,0,0,,8,0
610,Yggdrasil Leaf,11000,12500,kro,76,6
608,Yggdrasil Seed,46000,54000,kro,76,36
300633,Yggring Card,0,0,,6,3
28560,Yin Yang Talisman,0,0,,8,0
28132,Yinyang Axe,0,0,,8,0
28625,Yinyang Book,0,0,,8,0
18173,Yinyang Bow,0,0,,8,0
1858,Yinyang Claw,0,0,,8,0
28749,Yinyang Dagger,0,0,,8,0
18576,YinYang Earring,0,0,,8,0
410057,Yinyang Earring (Yellow),0,0,,8,0
410058,Yinyang Earring (Yellow),0,0,,8,0
21043,Yinyang Great Sword,0,0,,8,0
28035,Yinyang Katar,0,0,,8,0
16084,Yinyang Mace,0,0,,8,0
28750,Yinyang Nindo,0,0,,8,0
26018,Yinyang Spear,0,0,,8,0
13489,Yinyang Sword,0,0,,8,0
32102,Yinyang Violin,0,0,,8,0
26145,Yinyang Wand,0,0,,8,0
26209,Yinyang Whip,0,0,,8,0
1000363,Ymir Fragment,542500,637000,kro,7,3
1001256,Ymir's Heart Energy Fragment,0,0,,12,0
28754,Yodo Koikiri,0,0,,8,0
300597,Yohan Card,0,0,,6,3
1001849,Yohan Card Fragment,0,0,,12,3
20816,Yoichi's Shawl,0,0,,8,0
14667,Yong Kwang Scroll,0,0,,12,0
300523,Yordos Executor Card,874000,1026000,kro,4,3
300521,Yordos Investigator Card,5244000,6156000,kro,2,3
300522,Yordos Judge Card,726000,852500,kro,4,3
300527,Yorker Trader Card,10120000,11880000,kro,2,3
300526,Yorker Worker Card,12880000,15120000,kro,2,3
300519,Yormi Card,6440000,7560000,kro,2,3
300520,Yormi Missionary Card,4600000,5400000,kro,2,3
103501,Yorscalp 1st Floor Travel Scale,1150,1400,kro,12,3
103502,Yorscalp 2nd Floor Travel Scale,0,0,,12,3
450412,Yorscalp Armor,0,0,,8,0
470303,Yorscalp Boots,0,0,,8,0
490622,Yorscalp Earring,53360000,62640000,kro,2,0
490621,Yorscalp Glove,52670000,61830000,kro,2,0
480495,Yorscalp Manteau,0,0,,8,0
480496,Yorscalp Muffler,0,0,,8,0
490623,Yorscalp Necklace,55200000,64800000,kro,2,0
490620,Yorscalp Ring,52440000,61560000,kro,2,0
450413,Yorscalp Robe,0,0,,8,0
470304,Yorscalp Shoes,0,0,,8,0
300530,Yortus Arbiter Card,0,0,,6,3
300531,Yortus Bailiff Card,243800000,286200000,kro,2,3
300528,Yortus Bishop Card,2760000,3240000,kro,2,3
300529,Yortus Warlock Card,32200000,37800000,kro,2,3
300524,Yoscopus Guardian Card,8280000,9720000,kro,2,3
300525,Yoscopus Warlock Card,2300000,2700000,kro,2,3
300514,Yoster Cleaner Card,920000,1080000,kro,2,3
300516,Yoster Collector Card,1840000,2160000,kro,2,3
300518,Yoster Cooker Card,828000,972000,kro,4,3
300515,Yoster Fixer Card,26588000,31212000,kro,2,3
300517,Yoster Negotiator Card,9200000,10800000,kro,2,3
20468,You in ONE,18400000,21600000,kro,2,0
420019,Young Leaf of World Tree (Agi),18400000,21600000,kro,2,0
420018,Young Leaf of World Tree (Dex),1380000,1620000,kro,2,0
420022,Young Leaf of World Tree (Int),35880000,42120000,kro,2,0
420020,Young Leaf of World Tree (Luk),3588000,4212000,kro,2,0
420017,Young Leaf of World Tree (Str),7360000,8640000,kro,2,0
420021,Young Leaf of World Tree (Vit),1380000,1620000,kro,2,0
1000698,Young Leaf of World Tree Enchantment Ticket,0,0,,12,3
100553,Young Leaf Scroll,0,0,,12,3
7018,Young Twig,42,58,npc,12,0
4051,Yoyo Card,460000,540000,kro,5,3
753,Yoyo Doll,46000,54000,kro,51,3
9016,Yoyo Egg,874000,1026000,kro,11,0
5385,Yoyo Hat,0,0,,8,0
942,Yoyo Tail,1550,1800,kro,51,36
22141,YSF01 Greave,82800000,97200000,kro,2,0
20856,YSF01 Manteau,44390000,52110000,kro,2,0
15212,YSF01 Plate,44390000,52110000,kro,2,0
7406,Yuebing,13500,16000,estimate,12,0
7407,Yuebing,13500,16000,estimate,12,0
7408,Yuebing,0,0,,12,0
7409,Yuebing,0,0,,12,0
7410,Yuebing,59500,70000,estimate,12,0
7411,Yuebing,59500,70000,estimate,12,0
7412,Yuebing,0,0,,12,0
7413,Yuebing,0,0,,12,0
7414,Yuebing,0,0,,12,0
7911,Yulia's Hat,0,0,,12,0
29444,Z-Cast Fixed,0,0,,6,0
29443,Z-Clairvoyance,0,0,,6,0
29439,Z-Immortal,0,0,,6,0
29440,Z-Killgain,0,0,,6,0
29438,Z-Knockback,0,0,,6,0
29442,Z-NoDispell,0,0,,6,0
29441,Z-Reincarnation,0,0,,6,0
18861,Zaha Doll Hat,0,0,,8,0
4474,Zakudam Card,516000,606000,estimate,4,3
19429,Zarathustra,0,0,,8,0
912,Zargon,305,410,kro,51,72
4277,Zealotus Card,1932000,2268000,kro,2,3
5975,Zealotus Doll,0,0,,8,0
9026,Zealotus Egg,25300000,29700000,kro,4,0
5121,Zealotus Mask,92000,108000,ragnastats,4,0
19127,Zealotus Mask,92000,108000,sibling,4,0
12798,Zealotus Scroll,0,0,,12,0
28500,Zealous Necklace,0,0,,8,0
25731,Zelunium,33000,38500,kro,12,18
25730,Zelunium Ore,1900,2250,kro,12,36
4096,Zenorc Card,78000,91500,kro,9,3
1044,Zenorc's Fang,255,345,kro,54,18
1238,Zeny Knife,782000,918000,kro,4,0
1468,Zephyrus,161000,189000,kro,4,0
1481,Zephyrus,161000,189000,kro,4,0
4064,Zerom Card,910500,1069000,kro,32,3
4272,Zhu Po Long Card,794500,933000,ragnastats,4,3
4281,Zipper Bear Card,138000,162000,kro,5,3
729,Zircon,4100,4850,ragnastats,36,6
29725,Zodiac,0,0,,6,0
470270,Zodiac Boots (Acolyte),0,0,,8,0
470263,Zodiac Boots (Archer),0,0,,8,0
470258,Zodiac Boots (Mage),0,0,,8,0
470267,Zodiac Boots (Merchant),0,0,,8,0
470255,Zodiac Boots (Swordsman),0,0,,8,0
470272,Zodiac Boots (Thief),0,0,,8,0
16676,Zodiac Crown Box,0,0,,12,0
16659,Zodiac Diadem Box,17,24,npc,12,0
4038,Zombie Card,73500,86000,kro,9,3
4641,Zombie Guard Card,913500,1072500,estimate,4,3
4274,Zombie Master Card,664500,780000,ragnastats,4,3
4275,Zombie Prisoner Card,828000,972000,kro,5,3
4435,Zombie Slaughter Card,82500,97000,kro,36,3
11542,Zonda Choco,0,0,,12,0
2263,Zorro Masque,92000,108000,kro,4,0
1168,Zweihander,46000,54000,kro,8,0
1171,Zweihander,920000,1080000,kro,2,0
