# prontera-vendors price table: what each item sells for, as a range each
# stall rolls inside. Edit freely; the server reads it at startup, and
# registry/tools/prontera-vendors/build_vendors.py keeps existing rows; Id decides.
# 0,0 = no price yet: fill one in and re-run the generator, and the item
# can then show up in the themes it fits.
# Source: kro (RagMAYA, kRO vending), ragnastats (iRO, converted),
# npc (from the NPC price), sibling (a same-named item's price),
# estimate (a model's guess from drops, levels and stats: a ballpark,
# worth checking), manual (changed by hand; kept on re-runs),
# set (fixed in build_vendors.py's PRICE_SET; wins over this file).
# Refined, forged and carded lines are priced in population_vendors.yml.
# BuyersPerDay / SellersPerDay: how many customers a day, at a fair
# price, buy the item from a player's stall / sell it into a player's
# buying store (the mod's customer settings). Whole numbers; the generator
# rewrites them from its rules on every run, so tune those, or the pace
# settings, rather than these columns.
Id,Name,Min,Max,Source,BuyersPerDay,SellersPerDay
13634,1 Hour Package Vol. 1,0,0,,12,0
13635,1 Hour Package Vol. 2,0,0,,12,0
13636,1 Hour Package Vol. 3,0,0,,12,0
13637,1 Hour Package Vol. 4,0,0,,12,0
13638,1 Hour Package Vol. 5,0,0,,12,0
13639,1 Hour Package Vol. 6,0,0,,12,0
6024,17Carat Diamond,0,0,,12,0
730,1carat Diamond,9200,10500,ragnastats,51,6
12409,1st Class Pork Belly,0,0,,12,0
7280,1st Quiz Entry,0,0,,12,0
13640,2 Hour Package Vol. 1,0,0,,12,0
13641,2 Hour Package Vol. 2,0,0,,12,0
13642,2 Hour Package Vol. 3,0,0,,12,0
13643,2 Hour Package Vol. 4,0,0,,12,0
13644,2 Hour Package Vol. 5,0,0,,12,0
13645,2 Hour Package Vol. 6,0,0,,12,0
731,2carat Diamond,16000,18500,kro,51,18
575,2nd Anniversary Cake,0,0,,12,0
5105,2nd Anniversary Hat,0,0,,8,0
5106,2nd Anniversary Hat,0,0,,8,0
7281,2nd Quiz Entry,0,0,,12,0
732,3carat Diamond,49500,58000,kro,51,72
5788,3D Glasses,0,0,,8,0
5794,3D Glasses,0,0,,8,0
12564,3D Glasses Box,0,0,,12,0
2672,3rd Anniversary Celebration Ring,0,0,,8,0
7282,3rd Quiz Entry,0,0,,12,0
7283,4th Quiz Entry,0,0,,12,0
2709,5th Anniversary Coin,0,0,,8,0
7284,5th Quiz Entry,0,0,,12,0
6379,7Star Board,0,0,,12,0
6069,Abundance,0,0,,12,0
4140,Abysmal Knight Card,20424000,23976000,kro,16,3
2800,Accelerator,257500,302000,ragnastats,4,0
13564,Accessory Card Pet Egg Scroll,0,0,,12,0
13568,Accessory Card Pet Egg Scroll,0,0,,12,0
13524,Accessory Card Pet Egg Scroll Box,0,0,,12,0
13557,Accessory Card Pet Egg Scroll Box,0,0,,12,0
7136,Acid Bottle,425,575,ragnastats,18,0
7129,Acid Bottle Creation Guide,58500,68500,ragnastats,12,3
11034,Acol Book Basic,0,0,,12,0
11036,Acol Book Misc,0,0,,12,0
11035,Acol Book Practice,0,0,,12,0
2767,Acolyte Figure,0,0,,8,0
1026,Acorn,1050,1250,ragnastats,51,36
12347,Acorn Jelly,0,0,,12,3
7029,Admission for Duel,0,0,,12,0
13700,Adrenaline Rush Scroll 10 Box,0,0,,12,0
13586,Adrenaline Rush Scroll 30 Box,0,0,,12,0
13587,Adrenaline Rush Scroll 50 Box,0,0,,12,0
2119,Advanced Arm Guard,50500,59000,ragnastats,8,0
2120,Advanced Arm Guard,33000,38500,npc,8,0
11001,Adventure Story Vol.1,0,0,,12,3
11009,Adventure Story Vol.2,0,0,,12,3
2305,Adventurer's Suit,920,1050,kro,8,0
2306,Adventurer's Suit,18000,21500,kro,8,0
2776,Adventurer's Trusty Towel,0,0,,8,0
2348,Aebecee's Raging Typhoon Armor,112500,132000,npc,4,0
2349,Aebecee's Raging Typhoon Armor,112500,132000,npc,4,0
5011,Aerial,1913000,2246000,ragnastats,2,0
10033,Afro,0,0,,12,0
5258,Afro Wig,0,0,,8,0
7291,Agate,737500,866000,ragnastats,7,18
4409,Agav Card,2300000,2700000,kro,2,3
4730,AGI+1,0,0,,6,0
4777,AGI+1,0,0,,6,0
4739,AGI+10,0,0,,6,0
4731,AGI+2,0,0,,6,0
4778,AGI+2,0,0,,6,0
4732,AGI+3,0,0,,6,0
4779,AGI+3,0,0,,6,0
4733,AGI+4,0,0,,6,0
4734,AGI+5,0,0,,6,0
4735,AGI+6,0,0,,6,0
4736,AGI+7,0,0,,6,0
4737,AGI+8,0,0,,6,0
4738,AGI+9,0,0,,6,0
1478,Ahlspiess,4599500,5399500,kro,2,0
1488,Ahlspiess,4599500,5399500,kro,2,0
2199,Ahura Mazdah,0,0,,8,0
2448,Air Boss,0,0,,8,0
4244,Alarm Card,151500,178000,kro,4,3
5086,Alarm Mask,138000,162000,ragnastats,7,0
970,Alcohol,3650,4300,kro,76,3
7127,Alcohol Creation Guide,169500,198500,ragnastats,7,3
4253,Alice Card,6440000,7560000,kro,16,3
5137,Alice Doll,0,0,,8,0
9027,Alice Egg,4600000,5400000,kro,4,0
6185,Alice Exchange Ticket,0,0,,12,0
7047,Alice's Apron,8550,10000,kro,36,18
4401,Alicel Card,1012000,1188000,kro,11,3
4402,Aliot Card,920000,1080000,kro,11,3
4400,Aliza Card,2208000,2592000,kro,2,3
4252,Alligator Card,207000,243000,kro,5,3
704,Aloe,2700,3200,ragnastats,51,3
521,Aloe Leaflet,295,400,ragnastats,54,18
606,Aloevera,19500,23000,kro,36,6
4245,Am Mut Card,828000,972000,kro,4,3
6375,Amatsu Bead !,0,0,,12,0
6369,Amatsu Bead A,0,0,,12,0
6373,Amatsu Bead Bo,0,0,,12,0
6372,Amatsu Bead Jam,0,0,,12,0
6370,Amatsu Bead Ma,0,0,,12,0
6374,Amatsu Bead Ree,0,0,,12,0
6371,Amatsu Bead Tsu,0,0,,12,0
4032,Ambernite Card,68500,80000,kro,6,3
719,Amethyst,7800,9150,kro,36,6
4236,Amon Ra Card,173809000,204036500,estimate,2,0
609,Amulet,9650,11000,ragnastats,76,3
4062,Anacondaq Card,174500,205000,kro,4,3
2507,Ancient Cape,67500,79500,npc,8,0
2525,Ancient Cape,67500,79500,npc,8,0
6499,Ancient Grudge,425,575,npc,12,3
12381,Ancient Languages Scroll,8,12,npc,12,0
12382,Ancient Languages Scroll,8,12,npc,12,0
1054,Ancient Lips,1900,2250,ragnastats,51,18
1573,Ancient Magic,23000,27000,ragnastats,8,0
4387,Ancient Mimic Card,920000,1080000,kro,2,3
4248,Ancient Mummy Card,102500,120000,ragnastats,4,3
12735,Ancient Rune,3650,4300,kro,36,3
1053,Ancient Tooth,9200,10500,ragnastats,51,18
4249,Ancient Worm Card,1104000,1296000,kro,2,3
4043,Andre Card,271000,318500,kro,5,3
4013,Andre Egg Card,368000,432000,kro,5,3
4018,Andre Larva Card,0,0,,6,3
7834,Andvari's Ring,1,2,npc,12,3
5207,Angel Blessing,0,0,,8,0
6395,Angel Magic Power,10500,12500,ragnastats,12,3
12316,Angel Of Blessing,0,0,,12,0
2254,Angel Wing,414000,486000,kro,14,0
5074,Angel Wing Ears,0,0,,8,0
5125,Angel's Kiss,92000,108000,kro,4,0
2420,Angel's Reincarnation,184000,216000,kro,4,0
2521,Angelic Cardigan,61000,71500,ragnastats,8,0
2116,Angelic Guard,27500,32000,kro,11,0
5246,Angelic Helm,0,0,,8,0
2355,Angelic Protection,874000,1026000,kro,4,0
2743,Angelic Ring,151000,177000,ragnastats,4,0
13005,Angelic Wing Dagger,0,0,,8,0
4054,Angeling Card,1380000,1620000,kro,2,3
5153,Angeling Hairpin,0,0,,8,0
2276,Angled Glasses,115000,135000,kro,4,0
1599,Angra Manyu,0,0,,8,0
5113,Angry Snarl,644000,756000,kro,7,0
702,Animal Gore,38500,45000,ragnastats,36,3
7055,Animal Poop,0,0,,12,3
919,Animal Skin,30,42,kro,51,72
5486,Anniversary Hat,0,0,,8,0
5089,Annoyed Mask,1123500,1319000,ragnastats,2,0
605,Anodyne,4900,5750,ragnastats,36,6
4234,Anolian Card,391000,459000,kro,4,3
7003,Anolian Skin,3400,3950,kro,51,18
4344,Anopheles Card,55000,64500,kro,6,3
1014,Ant Jaw,14500,17000,ragnastats,36,18
7106,Antelope Horn,570,770,ragnastats,51,18
7107,Antelope Skin,9200,10500,kro,36,18
6128,Antidote,32000,37500,ragnastats,12,3
6322,Antler Helmet,680,920,npc,36,3
2284,Antlers,184000,216000,kro,4,0
4243,Antonio Card,1150000,1350000,kro,2,3
5136,Antonio's Santa Hat,118500,139500,ragnastats,4,0
4138,Anubis Card,561000,658500,ragnastats,4,3
986,Anvil,44500,52000,ragnastats,27,3
7811,Anvil,44500,52000,sibling,12,0
4242,Apocalipse Card,578500,679000,ragnastats,4,3
512,Apple,12,18,ragnastats,51,36
13260,Apple Bomb,8850,10000,ragnastats,12,0
6279,Apple Bomb Guidebook,0,0,,12,3
531,Apple Juice,1350,1600,kro,36,36
2285,Apple of Archer,184000,216000,kro,4,0
6108,Apple Pudding,805,1050,ragnastats,12,3
4443,Aqua Elemental Card,1311000,1539000,kro,2,3
720,Aquamarine,4600,5400,kro,51,3
5513,Aquarius Crown,1797500,2110000,ragnastats,2,0
5512,Aquarius Diadem,2439500,2863500,ragnastats,2,0
1713,Arbalest,44000,51500,kro,8,0
1715,Arbalest,46000,54000,kro,8,0
4241,Arc Angeling Card,1840000,2160000,kro,11,3
1610,Arc Wand,37000,43500,npc,8,0
1611,Arc Wand,37000,43500,npc,8,0
1612,Arc Wand,0,0,,8,0
4371,Archdam Card,690000,810000,kro,4,3
11031,Archer Book Basic,0,0,,12,0
11033,Archer Book Misc,0,0,,12,0
11032,Archer Book Practice,0,0,,12,0
2769,Archer Figure,0,0,,8,0
4094,Archer Skeleton Card,460000,540000,kro,5,3
4240,Arclouze Card,38500,45500,ragnastats,6,3
4114,Argiope Card,552000,648000,kro,4,3
4075,Argos Card,169500,199000,ragnastats,4,3
2117,Arm Guard,8250,9700,npc,8,0
2118,Arm Guard,0,0,,8,0
4347,Armeyer Dinze Card,483000,567000,kro,4,3
639,Armlet of Obedience,1012000,1188000,kro,11,3
13559,Armor Card Pet Egg Scroll,0,0,,12,0
13567,Armor Card Pet Egg Scroll,0,0,,12,0
13519,Armor Card Pet Egg Scroll Box,0,0,,12,0
13556,Armor Card Pet Egg Scroll Box,0,0,,12,0
2656,Armor Charm,92000,108000,kro,4,0
2389,Armor of Naga,230000,270000,kro,7,0
7210,Armor Piece of Dullahan,9200,10500,kro,36,18
12751,Armor Scroll,0,0,,12,0
2447,Army Boots,0,0,,8,0
2261,Army Cap,184000,216000,kro,4,0
5685,Army Cap,184000,216000,sibling,4,0
2706,Arrest Handcuffs,0,0,,8,0
13612,Arrest Handcuffs Box,0,0,,12,0
1750,Arrow,1,2,ragnastats,12,0
1766,Arrow of Counter Evil,34,47,npc,12,0
12575,Arrow Of Elf Cntr,50500,59000,ragnastats,54,3
1767,Arrow of Shadow,25,35,ragnastats,12,0
1755,Arrow of Wind,13,19,ragnastats,12,0
12321,Arunafeltz Desert Sandwich,0,0,,12,0
11516,Asai Fruit,12,18,ragnastats,12,3
12084,Ascending Dragon Soup,0,0,,12,3
13590,Aspersio Scroll 30 Box,0,0,,12,0
13591,Aspersio Scroll 50 Box,0,0,,12,0
12927,Aspersio Scroll Box,0,0,,12,0
2541,Asprika,450,615,ragnastats,8,0
12554,Asprika Piece Box,0,0,,12,0
4359,Assassin Cross Card,215960000,253518000,estimate,2,0
1232,Assassin Dagger,402500,472500,ragnastats,4,0
13033,Assassin Dagger,402500,472500,sibling,4,0
5054,Assassin Mask,27500,32000,sibling,8,0
5096,Assassin Mask,358000,420000,ragnastats,4,0
4246,Assaulter Card,920000,1080000,kro,2,3
12052,Assorted Seafood,660,895,ragnastats,12,3
14558,Assorted Seafood,660,895,sibling,12,0
12097,Assorted Shish Kebob,16000,18500,ragnastats,12,3
13588,Assumptio Scroll 30 Box,0,0,,12,0
13589,Assumptio Scroll 50 Box,0,0,,12,0
4247,Aster Card,158500,186000,ragnastats,4,3
13010,Asura,10000,11500,ragnastats,8,0
13011,Asura,2450,2900,npc,8,0
4766,ATK+2%,0,0,,6,0
4767,ATK+3%,0,0,,6,0
1175,Atlas Weapon,69000,81000,ragnastats,8,0
4425,Atroce Card,82800000,97200000,kro,2,0
6396,Auger Of Spirit,0,0,,12,0
5264,Australian Flag Hat,0,0,,8,0
7796,Author's Autograph,0,0,,12,0
7797,Author's Memo,0,0,,12,0
662,Authoritative Badge,17500,21000,kro,36,6
5189,Autumn Leaves,0,0,,8,0
5270,Autumn Leaves,0,0,,8,0
12047,Autumn Red Tea,8950,10500,ragnastats,12,3
14555,Autumn Red Tea,8950,10500,sibling,12,0
656,Awakening Potion,1350,1600,kro,54,3
12081,Awfully Bitter Bracer,19000,22500,ragnastats,12,3
1301,Axe,380,515,npc,8,0
1302,Axe,380,515,npc,8,0
1303,Axe,0,0,,8,0
5174,Ayam,24500,29000,npc,8,0
5386,Ayam,2284000,2681500,ragnastats,2,0
1235,Azoth,69000,81000,ragnastats,8,0
7169,Ba Gua,92000,108000,kro,7,0
7765,Baba Yaga's Secret Medicine,0,0,,12,0
4023,Baby Desert Wolf Card,78000,91500,kro,6,3
9010,Baby Desert Wolf Egg,276000,324000,kro,7,0
6173,Baby Desert Wolf Exchange Ticket,0,0,,12,0
5531,Baby Dragon Hat,0,0,,8,0
4233,Baby Leopard Card,115000,135000,kro,4,3
5110,Baby Pacifier,13500,16000,ragnastats,8,0
7119,Bacillus,3250,3800,ragnastats,36,18
10013,Backpack,1618000,1899500,ragnastats,4,0
9039,Bacsojin Egg,0,0,,12,0
672,Bag of Bronze Coins,0,0,,12,0
670,Bag of Gold Coins,0,0,,12,0
577,Bag of Grain,170,230,kro,12,3
7888,Bag of Nuts,1700,2000,estimate,12,0
676,Bag of Silver Coins,0,0,,12,0
11527,Baklava,8050,9450,ragnastats,12,0
1722,Ballista,102500,120500,npc,4,0
1727,Ballista,0,0,,8,0
1161,Balmung,0,0,,8,0
513,Banana,12,18,ragnastats,51,36
13264,Banana Bomb,85,115,npc,12,0
6283,Banana Bomb Guidebook,0,0,,12,3
5116,Banana Hat,184000,216000,kro,4,0
532,Banana Juice,18000,21500,kro,51,36
2211,Bandana,305,410,npc,22,0
5321,Bandana Merah Putih,0,0,,8,0
2237,Bandit Beard,0,0,,8,0
4438,Banshee Card,644000,756000,kro,4,3
4450,Banshee Master Card,843500,990000,estimate,4,3
553,Bao,85,115,ragnastats,12,18
5042,Bao Bao,179000,210000,ragnastats,4,0
4129,Bapho Jr. Card,2300000,2700000,kro,2,3
9024,Bapho Jr. Egg,368000,432000,kro,7,0
6179,Bapho Jr. Exchange Ticket,0,0,,12,0
4147,Baphomet Card,174800000,205200000,kro,2,3
750,Baphomet Doll,64000,75500,kro,51,3
5280,Baphomet Horns,828000,972000,kro,4,0
5683,Baphomet Horns,828000,972000,sibling,4,0
13503,Baphomet Horns Box,0,0,,12,0
10017,Bark Shorts,33500,39000,ragnastats,12,0
4391,Baroness of Retribution Card,92000,108000,kro,4,3
1068,Barren Trunk,10500,12500,ragnastats,51,18
14287,Barricade Repair Kit,0,0,,12,0
2806,Barrier Builder,377500,443500,ragnastats,4,0
5147,Baseball Cap,0,0,,8,0
5199,Baseball Cap,0,0,,8,0
11055,Basic Adventure,0,0,,12,0
1919,Bass Guitar,450,610,ragnastats,8,0
1154,Bastard Sword,18500,21500,npc,8,0
1155,Bastard Sword,18500,21500,npc,8,0
1156,Bastard Sword,0,0,,8,0
7214,Bat Cage,7350,8600,kro,36,18
6386,Bath Water Sample,0,0,,12,0
4119,Bathory Card,1288000,1512000,kro,3,3
7323,Battered Kettle,5150,6050,ragnastats,36,6
10010,Battered Pot,21000,24500,ragnastats,12,0
1351,Battle Axe,4950,5800,kro,8,0
1352,Battle Axe,18000,21500,kro,8,0
1353,Battle Axe,27500,32000,kro,8,0
1485,Battle Fork,49000,57500,ragnastats,8,0
1421,Battle Hook,28000,33000,ragnastats,11,0
12750,Battle Scroll,0,0,,12,0
1562,Battlefield Textbook,0,0,,8,0
11010,Battlegrounds Catalog,0,0,,12,0
1231,Bazerald,69000,81000,kro,8,0
2546,Beach Manteau,0,0,,8,0
2441,Beach Sandals,0,0,,8,0
7871,Bean Bag,0,0,,12,0
7886,Bean Paste,0,0,,12,0
5076,Beanie,46000,54000,ragnastats,8,0
948,Bear's Footskin,1350,1600,kro,51,36
2240,Beard,0,0,,8,0
12073,Bearfoot Special,75000,88500,ragnastats,12,3
10028,Beautiful Badges,0,0,,12,0
939,Bee Sting,595,805,kro,36,36
6254,Beef Head,24500,29000,kro,18,3
11519,Beef Toast,595,805,ragnastats,12,3
5416,Beer Hat,4146500,4868000,ragnastats,2,0
4307,Beetle King Card,82000,96500,kro,6,3
7803,Beginner's Field Manual,0,0,,12,0
13764,Beginner's Field Manual 5 Box,0,0,,12,0
4356,Beholder Card,480500,564500,ragnastats,4,3
2664,Belcarf,0,0,,8,0
2627,Belt,16500,19000,npc,8,0
5344,Bennit Doll Hat,0,0,,8,0
1375,Berdysz,168500,198000,ragnastats,4,0
5172,Beret,138000,162000,kro,7,0
1814,Berserk,92000,108000,estimate,4,0
1816,Berserk,0,0,,8,0
1920,Berserk Guitar,10500,12500,ragnastats,8,0
657,Berserk Potion,2750,3200,ragnastats,54,3
4145,Berzebub Card,211738500,248563000,estimate,2,0
1551,Bible,49500,58000,npc,11,0
14522,Big Bun,0,0,,12,0
13548,Big Bun Box,0,0,,12,0
6104,Big Cell,920,1050,ragnastats,12,3
2244,Big Ribbon,598000,702000,kro,4,0
5348,Big Ribbon,598000,702000,kro,4,0
4074,Bigfoot Card,82500,97000,kro,6,3
1467,Bill Guisarme,0,0,,8,0
925,Bill of Birds,54,74,kro,27,18
7091,Billow,161500,190000,estimate,7,3
2296,Binoculars,13500,16000,ragnastats,11,0
11008,Biographical Dictionary Copy Edition,0,0,,12,3
7297,Biotite,54000,63500,ragnastats,36,6
5129,Bird Nest,0,0,,8,0
5183,Bird Nest Hat,0,0,,8,0
2216,Biretta,7450,8700,npc,8,0
2217,Biretta,7450,8700,npc,11,0
14549,Birthday Firecracker,0,0,,12,0
13807,Birthday Firecracker Box,0,0,,12,0
2702,Bison Horn,904000,1061500,ragnastats,7,0
621,Bitter Herb,73500,86000,kro,36,3
7161,Black Bear Skin,7800,9150,kro,36,18
10037,Black Butterfly Mask,0,0,,12,0
2747,Black Cat,113500,133000,ragnastats,4,0
7206,Black Cat Doll,20000,23500,kro,51,6
5057,Black Cat Ears,13000,15500,npc,8,0
6251,Black Charcoal,0,0,,12,3
983,Black Dyestuffs,757000,888500,ragnastats,31,3
13256,Black Earth Kunai,42,58,ragnastats,12,0
7710,Black Gemstone,0,0,,12,0
1020,Black Hair,2750,3200,kro,54,36
737,Black Ladle,340,460,ragnastats,36,3
2425,Black Leather Boots,18000,21500,kro,11,0
2434,Black Leather Boots,46000,54000,kro,8,0
13265,Black Lump,4900,5800,ragnastats,12,0
12435,Black Mass,1,2,npc,12,0
18613,Black Musang Hat,0,0,,8,0
6245,Black Powder,1650,1950,ragnastats,12,3
5191,Black Ribbon,610,825,npc,8,0
13155,Black Rose,26000,31000,npc,8,0
11509,Black Tea Kochakaden,0,0,,12,0
5427,Black Tea Kochakaden Hat,0,0,,8,0
1107,Blade,2400,2800,npc,8,0
1108,Blade,2400,2800,npc,8,0
1109,Blade,0,0,,8,0
7023,Blade Lost in Darkness,135000,158500,kro,31,3
1969,Blade Whip,37500,44000,ragnastats,8,0
6187,Blank Card,50500,59000,ragnastats,18,0
5102,Blank Eyes,460000,540000,ragnastats,4,0
7433,Blank Scroll,3200,3750,ragnastats,27,3
4215,Blazer Card,266500,313000,kro,4,3
2356,Blessed Holy Robe,0,0,,8,0
13697,Blessing Scroll 10 Box,0,0,,12,0
13584,Blessing Scroll 30 Box,0,0,,12,0
13585,Blessing Scroll 50 Box,0,0,,12,0
13206,Blind Sphere,45,61,ragnastats,12,0
12145,Blind Sphere Pack,1,3,npc,12,3
2295,Blinker,18000,21500,kro,8,0
6061,Blood Beginner,0,0,,12,0
12150,Blood Cartridge,20500,24000,ragnastats,12,3
12099,Blood Flavored Soda,71000,83000,ragnastats,12,3
11006,Blood Flower Vol.1,0,0,,12,3
11007,Blood Flower Vol.2,0,0,,12,3
6252,Blood Of Wolf,40000,47500,kro,18,3
1271,Blood Tears,92000,108500,ragnastats,4,0
2655,Bloodied Shackle Ball,41000,48500,npc,11,0
6211,Bloodsuck Plant Seed,3200,3750,kro,12,3
1363,Bloody Axe,46000,54000,kro,11,0
12103,Bloody Branch,920000,1080000,kro,16,3
4327,Bloody Butterfly Card,1242000,1458000,kro,2,3
1182,Bloody Eater,368000,432000,kro,4,0
7024,Bloody Edge,691500,811500,ragnastats,31,3
2710,Bloody Iron Ball,0,0,,8,0
4320,Bloody Knight Card,828000,972000,kro,4,3
4214,Bloody Murderer Card,1186500,1393000,kro,2,3
7449,Bloody Page,13500,16000,kro,36,6
1265,Bloody Roar,92000,108000,ragnastats,4,0
7563,Bloody Rune,2050,2400,kro,51,36
13202,Bloody Shell,8,12,ragnastats,12,0
7461,Blue A Card,0,0,,12,0
7713,Blue A(2) Card,0,0,,12,0
4379,Blue Acidus Card,920000,1080000,kro,2,3
6011,Blue B Card,1,2,npc,12,0
7446,Blue Bijou,13500,16000,kro,36,6
12510,Blue Butterfly Wing,0,0,,12,0
14585,Blue Butterfly Wing,0,0,,12,0
13855,Blue Butterfly Wing 5 Box,0,0,,12,0
13856,Blue Butterfly Wing Box,0,0,,12,0
6012,Blue C Card,7200,8450,ragnastats,12,0
7462,Blue E Card,0,0,,12,0
7463,Blue F Card,0,0,,12,0
7441,Blue Feather,106000,124500,ragnastats,22,3
5065,Blue Fish,59500,70000,ragnastats,8,0
7719,Blue G Card,0,0,,12,0
717,Blue Gemstone,305,410,kro,76,18
13809,Blue Gemstone Box,0,0,,12,0
7464,Blue H Card,0,0,,12,0
1034,Blue Hair,2200,2550,kro,36,36
5052,Blue Hairband,228000,268000,ragnastats,4,0
510,Blue Herb,4050,4750,kro,76,36
12996,Blue Herb Box,0,0,,12,0
13759,Blue Herb Box,0,0,,12,0
6013,Blue J Card,0,0,,12,0
7815,Blue Jenoss's Family Ring,0,0,,12,0
7465,Blue L Card,0,0,,12,0
6015,Blue M Card,0,0,,12,0
7466,Blue N Card,0,0,,12,0
5506,Blue Night Cap,0,0,,8,0
7467,Blue O Card,1,2,npc,12,0
7468,Blue P Card,0,0,,12,0
505,Blue Potion,1600,1900,ragnastats,18,0
11518,Blue Potion,1600,1900,sibling,12,0
13810,Blue Potion Box,0,0,,12,0
6016,Blue Q Card,0,0,,12,0
7714,Blue R(2) Card,0,0,,12,0
6017,Blue T Card,0,0,,12,0
7469,Blue U Card,0,0,,12,0
6018,Blue V Card,0,0,,12,0
7470,Blue W Card,5400,6300,ragnastats,12,0
7471,Blue Y Card,0,0,,12,0
6019,Blue Z Card,0,0,,12,0
5040,Blush,92000,108000,kro,7,0
5800,Blush of Groom,0,0,,8,0
12563,BM75,0,0,,12,0
6212,Bomb Mushroom Spore,5050,5900,kro,36,3
2279,Bomb Wick,4550,5350,ragnastats,8,0
12043,Bomber Steak,2750,3200,kro,12,3
14553,Bomber Steak,1800,2150,kro,12,0
5398,Bone Head,469500,551000,estimate,4,0
5017,Bone Helm,276000,324000,kro,7,0
5162,Bone Helm,276000,324000,kro,4,0
15000,Bone Plate,391000,459000,kro,7,0
4212,Bongun Card,82500,97000,kro,6,3
9025,Bongun Egg,828000,972000,kro,7,0
6181,Bongun Exchange Ticket,0,0,,12,0
5046,Bongun Hat,92000,108000,kro,4,0
5168,Bongun Hat,92000,108000,kro,4,0
1550,Book,24500,29000,npc,22,0
5827,Book File Hat,4568500,5363000,ragnastats,2,0
1553,Book of Billows,28500,34000,npc,8,0
1568,Book of Billows,28500,34000,npc,8,0
1570,Book of Blazing Sun,28500,34000,npc,8,0
1556,Book of Gust of Wind,28500,33500,ragnastats,8,0
1571,Book of Gust of Wind,28500,34000,npc,8,0
1554,Book of Mother Earth,25000,29500,ragnastats,8,0
1569,Book of Mother Earth,28500,34000,npc,8,0
1557,Book of the Apocalypse,12500,15000,ragnastats,11,0
1555,Book of the Blazing Sun,80000,94000,ragnastats,8,0
642,Book of the Devil,92000,108000,kro,22,3
7015,Bookclip in Memory,7600,8950,ragnastats,51,6
5809,Boom Boom Hat,0,0,,8,0
12417,Boost500,0,0,,12,0
2405,Boots,16500,19000,kro,8,0
2406,Boots,18000,21500,kro,11,0
7135,Bottle Grenade,425,575,ragnastats,18,0
7128,Bottle Grenade Creation Guide,72500,85000,ragnastats,12,3
744,Bouquet,1800,2150,npc,27,3
1701,Bow,765,1000,npc,8,0
1702,Bow,765,1000,npc,8,0
4428,Bow Guardian Card,460000,540000,kro,4,3
2619,Bow Thimble,8250,9700,npc,8,0
2671,Bow Thimble,8250,9700,npc,8,0
2727,Bowman Scarf,285500,335500,estimate,4,0
7948,Box,0,0,,12,0
12031,Box of Drowsiness,37500,44000,ragnastats,36,3
12029,Box of Gloom,36000,42500,ragnastats,12,3
12034,Box of Panting,7650,8950,ragnastats,12,3
12030,Box of Resentment,42000,49500,ragnastats,12,3
12032,Box of Storms,4800,5650,ragnastats,12,3
12033,Box of Sunlight,920,1050,npc,12,3
12028,Box of Thunder,920,1050,ragnastats,12,3
5016,Boy's Cap,69000,81000,sibling,8,0
5349,Boy's Cap,138000,162000,ragnastats,4,0
12373,Boy's Pure Heart,1334000,1566000,kro,11,3
6224,Bradium,21000,24500,kro,12,3
6392,Bradium Box,0,0,,12,0
2790,Bradium Brooch,0,0,,8,0
2788,Bradium Earring,0,0,,8,0
2789,Bradium Ring,2668000,3132000,kro,2,0
2138,Bradium Shield,460000,540000,kro,7,0
1385,Bradium Stone Hammer,618000,725500,ragnastats,4,0
13150,Branch,2450,2900,npc,8,0
5600,Brazil Twin Ribbon,0,0,,8,0
5477,Brazilian Flag Hat,0,0,,8,0
580,Bread,87,115,ragnastats,12,6
7087,Breath of Spirit,1,2,npc,36,3
4390,Breeze Card,1242000,1458000,kro,2,3
5169,Bride Mask,24500,29000,npc,8,0
5436,Bride's Corolla,685000,804000,ragnastats,4,0
7054,Brigan,595,805,kro,51,72
4213,Brilight Card,14000,16500,ragnastats,6,3
1470,Brionac,78000,91500,kro,8,0
2630,Brisingamen,0,0,,8,0
5432,bRO 4th Anniversary Hat,0,0,,8,0
13709,BRO Package Box,0,0,,12,0
1160,Broad Sword,53500,63000,npc,8,0
1162,Broad Sword,19000,22000,ragnastats,8,0
1415,Brocca,92000,108000,estimate,4,0
7708,Broken Apple Juice,0,0,,12,0
7707,Broken Banana Juice,0,0,,12,0
7706,Broken Carrot Juice,0,0,,12,0
7754,Broken Crown,257000,301500,kro,7,9
7753,Broken Farming Utensil,280,380,npc,36,18
7709,Broken Grape Juice,0,0,,12,0
7158,Broken Liquor Jar,4700,5550,ragnastats,36,18
7215,Broken Needle,6100,7150,kro,36,18
7113,Broken Pharaoh Emblem,82500,97000,kro,12,0
7070,Broken Shell,4250,5000,ragnastats,36,6
7156,Broken Shuriken,8550,10000,ragnastats,36,18
7110,Broken Sword,11500,13500,kro,36,18
7704,Broken Thermometer,0,0,,12,0
7062,Broken Turtle Shell,8250,9700,kro,12,0
673,Bronze Coin,19500,22500,sibling,12,0
7915,Bronze Coin,19500,22500,ragnastats,12,0
2605,Brooch,92000,108000,kro,4,0
2625,Brooch,27500,32000,kro,8,0
7805,Brown Jenoss's Family Ring,0,0,,12,0
5410,Brown Paperbag Hat,0,0,,8,0
7188,Brown Root,500,680,ragnastats,51,36
7571,Bruspetti's Diary,0,0,,12,0
585,Brusti,0,0,,12,0
2383,Brynhild,0,0,,8,0
7832,Brynhild Armor Piece,1,2,npc,12,3
12555,Brynhild Piece Box,0,0,,12,0
12553,Brysinggamen Piece Box,0,0,,12,0
13607,Bubble Gum 5 Box,0,0,,12,0
13606,Bubble Gum Box,0,0,,12,0
12760,Bubble Gum Green,0,0,,12,0
12762,Bubble Gum Orange,0,0,,12,0
12562,Bubble Gum Plus,0,0,,12,0
12763,Bubble Gum Red,0,0,,12,0
7626,Bubble Gum Token,0,0,,12,0
12761,Bubble Gum Yellow,0,0,,12,0
12354,Buche De Noel,340000,399500,kro,7,3
5114,Bucket Hat,4950,5800,npc,8,0
5120,Bucket Hat,4950,5800,npc,8,0
2103,Buckler,12500,15000,kro,8,0
2104,Buckler,322000,378000,kro,7,0
1042,Bug Leg,3400,3950,kro,36,36
5034,Bulb Band,801000,940500,ragnastats,4,0
13200,Bullet,1,2,ragnastats,12,0
5560,Bullock Helm,0,0,,8,0
6115,Bun,920,1050,ragnastats,12,3
2646,Bunch of Carnations,0,0,,8,0
12111,Bundle of Food,2465000,2893500,ragnastats,4,3
2214,Bunny Band,18000,21500,kro,8,0
2415,Bunny Slipper,0,0,,8,0
1730,Burning Bow,174500,205000,ragnastats,4,0
7122,Burning Hair,800,1050,ragnastats,36,18
7097,Burning Heart,595,805,kro,76,36
7120,Burning Horseshoe,2050,2400,kro,36,18
1914,Burning Passion Guitar,6750,7950,ragnastats,8,0
7512,Burnt Part,44500,52000,ragnastats,36,18
7068,Burnt Tree,7300,8600,ragnastats,51,18
1357,Buster,28000,33000,npc,8,0
1358,Buster,28000,33000,npc,8,0
1359,Buster,0,0,,8,0
13158,Butcher,240500,282500,ragnastats,4,0
13159,Butcher,107500,126000,npc,4,0
602,Butterfly Wing,120,165,ragnastats,54,18
5846,Buzzy Ball Gum,0,0,,8,0
1140,Byeollungum,1133000,1330000,ragnastats,2,0
4426,Byorgue Card,809500,950000,kro,22,3
7182,Cacao,8150,9600,kro,36,6
7718,Cacao Bean,0,0,,12,0
952,Cactus Needle,840,1100,kro,51,36
1134,Caesar's Sword,0,0,,8,0
5024,Cake Hat,606500,712500,ragnastats,4,0
6331,Calender April,0,0,,12,0
6335,Calender August,0,0,,12,0
6339,Calender December,0,0,,12,0
6329,Calender February,0,0,,12,0
6328,Calender January,0,0,,12,0
6334,Calender July,0,0,,12,0
6333,Calender June,0,0,,12,0
6330,Calender March,0,0,,12,0
6332,Calender May,0,0,,12,0
6338,Calender November,0,0,,12,0
6337,Calender October,0,0,,12,0
6336,Calender September,0,0,,12,0
2808,Camouflague Generator,777000,912500,ragnastats,4,0
5414,Camp Fire Hat,0,0,,8,0
5028,Candle,6260500,7349500,ragnastats,2,0
5178,Candle,6260500,7349500,sibling,2,0
529,Candy,10500,12500,kro,51,18
13858,Candy 10 Box,0,0,,12,0
13857,Candy 5 Box,0,0,,12,0
530,Candy Cane,13500,16000,kro,51,36
5445,Candy Cane In Mouth,0,0,,8,0
18000,Cannon Ball,31,43,ragnastats,12,0
2226,Cap,11000,12500,kro,22,0
2227,Cap,460000,540000,kro,4,0
6083,Capsule Dolls,0,0,,12,0
5184,Captain's Hat,0,0,,8,0
4063,Caramel Card,753500,884500,ragnastats,4,3
4288,Carat Card,439500,516000,estimate,4,3
1484,Cardo,527000,618500,ragnastats,4,0
6223,Carnium,2750,3200,kro,36,3
5145,Carnival Joker Jester,0,0,,8,0
515,Carrot,12,18,kro,51,36
534,Carrot Juice,4600,5400,kro,36,36
1974,Carrot Whip,9200,10500,ragnastats,8,0
7046,Cart Parts,0,0,,12,0
12149,Cartridge,14500,17000,ragnastats,12,3
7943,Caskinya,0,0,,12,0
12399,Castle Treasure Box,17,24,npc,12,0
18600,Cat Ear Beret,0,0,,8,0
4290,Cat O' Nine Tails Card,869000,1020500,kro,4,3
7080,Cat Tread,161500,190000,estimate,7,3
7263,Cat's Eye,13000,15500,ragnastats,36,18
4289,Caterpillar Card,650000,763500,ragnastats,4,3
5446,Catfoot Hairpin,2103000,2468500,ragnastats,2,0
591,Caviar Pancake,9650,11000,ragnastats,12,3
4368,Cecil Damon Card,1012000,1188000,kro,2,3
2617,Celebrant's Mitten,70000,82500,ragnastats,8,0
7581,Celebration Document,0,0,,12,0
2631,Celebration Ring,0,0,,8,0
1925,Cello,47000,55500,ragnastats,8,0
5175,Censor Bar,24500,29000,npc,8,0
4447,Centipede Card,1794000,2106000,kro,11,3
4452,Centipede Larva Card,4679500,5493500,ragnastats,2,3
1519,Chain,19000,22000,npc,8,0
1520,Chain,19000,22000,npc,8,0
1521,Chain,0,0,,8,0
2314,Chain Mail,53500,63000,npc,8,0
2315,Chain Mail,53500,63000,npc,11,0
1285,Chakram,184000,216000,kro,7,0
12547,Chalcenodny Box,0,0,,12,0
2386,Chameleon Armor,733000,860500,ragnastats,4,0
6303,Changed Hydra Ball,0,0,,12,0
6058,Character Ben Card,0,0,,12,0
6057,Character Lee Card,0,0,,12,0
6059,Character Project Card,0,0,,12,0
6055,Character Week Card,0,0,,12,0
6056,Character Year Card,0,0,,12,0
7892,Charcoal,0,0,,12,0
12328,Charm Of Happiness,0,0,,12,0
12327,Charm Of Luck,0,0,,12,0
12365,Charming Lotus,17,24,npc,12,3
5140,Charming Ribbon,50500,59000,ragnastats,8,0
2547,Cheap Undershirt,0,0,,8,0
12565,Cheer Scarf Box,0,0,,12,0
12571,Cheer Scarf10 Box,0,0,,12,0
12572,Cheer Scarf10 Box2,0,0,,12,0
12566,Cheer Scarf2 Box,0,0,,12,0
12567,Cheer Scarf3 Box,0,0,,12,0
12568,Cheer Scarf4 Box,0,0,,12,0
12569,Cheer Scarf6 Box,0,0,,12,0
12570,Cheer Scarf8 Box,0,0,,12,0
548,Cheese,1700,2000,ragnastats,51,18
5026,Chef Hat,27500,32000,ragnastats,8,0
11002,Chef King Orleans Vol.1,12000,14000,ragnastats,36,3
1964,Chemeti Whip,125500,147500,ragnastats,14,0
14519,Chemical Protection Armor Scroll,0,0,,12,0
13545,Chemical Protection Armor Scroll Box,0,0,,12,0
14517,Chemical Protection Helm Scroll,0,0,,12,0
13543,Chemical Protection Helm Scroll Box,0,0,,12,0
14518,Chemical Protection Shield Scrol,0,0,,12,0
13544,Chemical Protection Shield Scroll Box,0,0,,12,0
14520,Chemical Protection Weapon Scroll,0,0,,12,0
13546,Chemical Protection Weapon Scroll Box,0,0,,12,0
4284,Chepet Card,555000,651500,ragnastats,4,3
14525,Chewy Ricecake,0,0,,12,0
13551,Chewy Ricecake Box,0,0,,12,0
7605,Chicken Egg,0,0,,12,0
7889,Chicken Feed,0,0,,12,0
5431,Chicken Hat,0,0,,8,0
7942,Chico Cesar Letter,0,0,,12,0
11705,Children's Potion,0,0,,12,0
12086,Chile Shrimp Gratin,9200,10500,kro,12,3
4300,Chimera Card,92000,108000,kro,4,3
736,China,920,1050,ragnastats,51,3
5152,Chinese Crown,0,0,,8,0
1004,Chivalry Emblem,7350,8600,kro,51,3
4285,Choco Card,2300000,2700000,kro,2,3
5775,Choco Donut In Mouth,0,0,,8,0
558,Chocolate,485,660,ragnastats,27,0
12744,Chocolate Box,0,0,,12,0
573,Chocolate Drink,1100,1300,ragnastats,12,0
12062,Chocolate Mousse Cake,12000,14000,ragnastats,12,3
14564,Chocolate Mousse Cake,12000,14000,sibling,12,0
12322,Chocolate Pie,0,0,,12,0
12235,Chocolate Strawberry,27500,32500,ragnastats,12,0
7716,Chocolate Strawberry Recipe,0,0,,12,0
12236,Chocolate Tart,7650,8950,ragnastats,12,0
7717,Chocolate Tart Recipe,0,0,,12,0
4009,Chonchon Card,64000,75500,kro,6,3
742,Chonchon Doll,2750,3200,kro,51,18
9006,Chonchon Egg,274500,322500,ragnastats,7,0
6166,Chonchon Exchange Ticket,0,0,,12,0
4235,Christmas Cookie Card,1840000,2160000,kro,2,3
6182,Christmas Goblin Exchange Ticket,0,0,,12,0
9029,Christmas Goblin's Egg,614000,721000,ragnastats,7,0
2784,Christmas Musicbox,644000000,756000000,kro,2,0
915,Chrysalis,1050,1250,kro,51,36
735,Chung Jah,4600,5400,ragnastats,12,3
2267,Cigarette,4600,5400,kro,8,0
1245,Cinquedea,33000,38500,npc,8,0
1246,Cinquedea,11000,13000,ragnastats,8,0
6053,Circle Step,0,0,,12,0
2232,Circlet,6200,7250,npc,8,0
2233,Circlet,6200,7250,npc,22,0
10021,Circular Headgear,0,0,,12,0
7295,Citrin,16000,19000,ragnastats,12,6
12101,Citron,0,0,,12,3
9040,Civil Servant Egg,0,0,,12,0
966,Clam Flesh,4600,5400,kro,36,6
965,Clam Shell,47,65,ragnastats,51,36
12053,Clam Soup,27500,32000,kro,12,3
14559,Clam Soup,27500,32000,kro,12,0
5815,Classic Hat,0,0,,8,0
7752,Clattering Skull,55000,64500,ragnastats,36,18
1809,Claw,55000,65000,npc,8,0
1810,Claw,55000,65000,npc,8,0
7030,Claw of Desert Wolf,595,805,kro,51,36
7011,Claw of Monkey,9650,11000,ragnastats,36,36
7007,Claw of Rat,1050,1250,ragnastats,36,18
1163,Claymore,61000,71500,npc,8,0
1172,Claymore,61000,71500,npc,8,0
2350,Claytos Cracking Earth Armor,112500,132000,npc,4,0
2351,Claytos Cracking Earth Armor,112500,132000,npc,4,0
7630,Clean Beach Brush,0,0,,12,0
19507,Clear Sun,106720000,125280000,kro,2,0
1305,Cleaver,0,0,,8,0
2607,Clip,1564000,1836000,kro,3,0
2535,Cloak Of Survival,92000,108000,kro,4,0
4299,Clock Card,2162000,2538000,kro,2,3
5131,Close Helmet,0,0,,8,0
14291,Clothing Dye Coupon Box,0,0,,12,0
14292,Clothing Dye Coupon Box II,0,0,,12,0
7162,Cloud Crumb,1550,1800,ragnastats,36,18
4262,Cloud Hermit Card,3200,3750,ragnastats,6,3
705,Clover,595,805,kro,51,18
2262,Clown Nose,92000,108000,kro,4,0
1501,Club,100,135,kro,8,0
1502,Club,9200,10500,kro,8,0
1503,Club,9200,10500,kro,8,0
1003,Coal,2750,3200,kro,76,18
2309,Coat,18000,21000,npc,8,0
2310,Coat,18000,21000,npc,8,0
2526,Coat of Dragon Scale,0,0,,8,0
978,Cobaltblue Dyestuffs,196500,230500,ragnastats,46,3
1025,Cobweb,170,230,ragnastats,51,36
11512,Coca Cola,0,0,,12,0
11510,Coca Cola Zero,0,0,,12,0
12430,Cocktail Warg Blood,174000,204500,kro,32,3
4041,Coco Card,92000,108000,kro,4,3
11515,Coconut,1350,1600,ragnastats,12,3
13261,Coconut Bomb,24500,29000,ragnastats,12,0
6263,Coconut Fruit,2550,3000,ragnastats,12,3
6281,Coconut Fruit Bomb Guidebook,0,0,,12,3
11531,Coffee,0,0,,12,0
7093,Cogwheel,1800,2100,ragnastats,36,18
5092,Coif,124000,145500,npc,4,0
5093,Coif,91000,107000,ragnastats,8,0
13763,Coin Box,0,0,,12,0
2746,Cold Heart,543500,638000,ragnastats,4,0
6253,Cold Ice,9100,10500,kro,18,3
12257,Cold Medicine,1050,1250,estimate,12,0
7837,Cold Moonlight,1,2,npc,12,3
12119,Coldproof Potion,6300,7450,kro,54,3
1228,Combat Knife,3679500,4319500,kro,3,0
1822,Combo Battle Glove,46000,54000,kro,8,0
12201,Commonplace Red Box,0,0,,12,0
7854,Comodo Festival Ticket,0,0,,12,0
6258,Comodo Tropical Fruit,0,0,,12,3
1704,Composite Bow,2300,2700,kro,8,0
1705,Composite Bow,46000,54000,kro,8,0
1706,Composite Bow,920000,1080000,kro,2,0
12437,Concentrated Ceromain Soup,2750,3200,kro,54,3
12428,Concentrated White Potion Z,8,12,npc,12,3
645,Concentration Potion,660,895,ragnastats,36,6
14531,Concentration Scroll,0,0,,12,0
13625,Concentration Scroll Box,0,0,,12,0
961,Conch,820,1100,ragnastats,51,18
7133,Condensed Potion Creation Guide,131000,153500,ragnastats,7,3
545,Condensed Red Potion,125,170,ragnastats,12,0
547,Condensed White Potion,1500,1750,kro,18,0
546,Condensed Yellow Potion,510,690,ragnastats,12,0
4015,Condor Card,92000,108000,kro,4,3
7223,Contorted Self-Portrait,6500,7650,ragnastats,36,6
641,Contract in Shadow,460000,540000,kro,7,3
13583,Convex Mirror 30 Box,0,0,,12,0
13582,Convex Mirror 5 Box,0,0,,12,0
12254,Cooked Nine Tail,0,0,,12,0
13840,Cooked Nine Tail Box,0,0,,12,0
12100,Cooked Nine Tail's Tails,32000,37500,ragnastats,12,6
12130,Cookie Bag,35000,41500,ragnastats,12,3
4293,Cookie Card,920000,1080000,kro,2,3
5260,Cookie Hat,0,0,,8,0
7457,Cooking Oil,320,435,kro,12,3
6250,Cooking Skewer,0,0,,12,3
6262,Cool Gravy,0,0,,12,3
12260,Cool Summer Outfit,1,2,npc,12,3
2804,Cooling Device,256500,301500,ragnastats,4,0
5200,Coppola,0,0,,8,0
7848,Copy Of Burnt Paper,0,0,,12,0
7847,Copy Of Old Paper,0,0,,12,0
7845,Copy Of Spotted Paper,0,0,,12,0
7846,Copy Of Torn Paper,0,0,,12,0
7013,Coral Reef,705,955,kro,51,18
7870,Corn,0,0,,12,0
4448,Cornus Card,2760000,3240000,kro,2,3
4061,Cornutus Card,2254000,2646000,kro,2,3
2249,Coronet,209500,246000,ragnastats,4,0
5019,Corsair,828000,972000,kro,4,0
5163,Corsair,828000,972000,kro,4,0
5331,Corsair C,828000,972000,kro,4,0
7050,Cotton Mat,0,0,,12,0
2301,Cotton Shirt,8,12,kro,8,0
2302,Cotton Shirt,184000,216000,kro,4,0
973,Counteragent,214500,252000,ragnastats,7,3
7578,Countermagic Crystal,4850,5700,estimate,12,0
12538,Couple Event Basket,1800,2150,npc,12,0
7037,Coupon,0,0,,12,0
7199,Coupon,0,0,,12,0
6119,Cow Leather,0,0,,12,0
13003,Cowardice Blade,43000,50500,npc,8,0
13004,Cowardice Blade,6850,8050,ragnastats,8,0
5075,Cowboy Hat,2741000,3217500,ragnastats,2,0
4153,Crab Card,60000,70000,ragnastats,6,3
964,Crab Shell,76,100,ragnastats,51,18
2136,Cracked Buckler,0,0,,8,0
733,Cracked Diamond,5450,6450,ragnastats,51,3
4296,Cramp Card,1380000,1620000,kro,2,3
12064,Cream Sandwich,3650,4300,kro,12,3
4040,Creamy Card,547000,642500,kro,5,3
4298,Creamy Fear Card,278000,326500,ragnastats,4,3
7874,Create Monster Scroll,0,0,,12,0
5142,Crescent Helm,0,0,,8,0
1466,Crescent Scythe,1380000,1620000,kro,3,0
1476,Crescent Scythe,1380000,1620000,kro,2,0
5048,Cresent Hairpin,3900000,4578500,ragnastats,2,0
7356,Crest Piece,23000,27000,ragnastats,36,3
7357,Crest Piece,8550,10000,ragnastats,36,6
7358,Crest Piece,6300,7400,ragnastats,36,3
7359,Crest Piece,7800,9200,ragnastats,36,3
4764,CRI+5,0,0,,6,0
4765,CRI+7,0,0,,6,0
13102,Crimson Bolt,16500,19000,npc,8,0
13103,Crimson Bolt,16500,19000,npc,8,0
2616,Critical Ring,460000,540000,kro,4,0
1647,Croce Staff,92000,108000,kro,7,0
5036,Cross Hat,4211000,4943500,ragnastats,2,0
2130,Cross Shield,460000,540000,kro,4,0
1710,Crossbow,14000,16500,npc,8,0
1711,Crossbow,14000,16500,npc,8,0
1712,Crossbow,0,0,,8,0
2235,Crown,46000,54000,kro,8,0
5165,Crown,455000,534500,kro,4,0
5080,Crown of Ancient Queen,4054500,4759500,ragnastats,2,0
5081,Crown of Mistress,4140000,4860000,kro,2,0
5417,Crown Parrots,0,0,,8,0
4297,Cruiser Card,961500,1129000,ragnastats,2,3
5107,Crunch Toast,13500,16000,ragnastats,8,0
7405,Crushed Can,0,0,,12,0
1754,Crystal Arrow,17,24,ragnastats,12,0
12012,Crystal Arrow Quiver,20000,23500,ragnastats,36,3
991,Crystal Blue,2300,2700,kro,51,6
7321,Crystal Fragment,2300,2700,kro,36,18
747,Crystal Mirror,10500,12500,ragnastats,51,18
7799,Crystal of Darkness,46000,54000,kro,12,0
6027,Crystal Of Feardom,0,0,,12,0
2407,Crystal Pumps,251000,295000,ragnastats,4,0
1045,Cultish Masque,975,1100,ragnastats,36,18
7975,Cupid Choco,0,0,,12,0
12475,Cure Free,17,24,npc,12,3
12491,Curious Snowball,0,0,,12,0
1761,Cursed Arrow,17,24,ragnastats,12,0
6004,Cursed Baphomet Doll,920000,1080000,kro,4,3
1241,Cursed Dagger,66000,77500,npc,8,0
2728,Cursed Hand,2990500,3511000,ragnastats,2,0
1741,Cursed Lyre,37000,43500,ragnastats,11,0
6307,Cursed Magical Stone,0,0,,12,0
724,Cursed Ruby,11500,13500,kro,51,3
7442,Cursed Seal,8600,10000,kro,36,3
2748,Cursed Star,4958500,5820500,ragnastats,2,0
12020,Cursed Water,6400,7550,kro,36,18
13405,Curved Sword,116500,136500,ragnastats,7,0
5440,Cute Blue Ribbon,380,515,npc,8,0
5438,Cute Green Ribbon,380,515,npc,8,0
5439,Cute Red Ribbon,380,515,npc,8,0
2250,Cute Ribbon,3680000,4320000,kro,2,0
596,Cute Strawberry-Choco,2550,3000,ragnastats,12,0
5441,Cute White Ribbon,380,515,npc,8,0
1135,Cutlus,222500,261500,estimate,4,0
13400,Cutlus,0,0,,8,0
13402,Cutlus,0,0,,8,0
13509,Cutlus Box,0,0,,12,0
1204,Cutter,1000,1200,npc,8,0
1205,Cutter,1000,1200,npc,8,0
1206,Cutter,1000,1150,ragnastats,8,0
13151,Cyclone,14000,17000,npc,8,0
13152,Cyclone,14000,17000,npc,8,0
5135,Cyclop's Eye,0,0,,8,0
7053,Cyfar,1350,1600,kro,51,72
901,Daenggie,465,630,kro,76,18
1213,Dagger,11500,13500,npc,8,0
1214,Dagger,4750,5550,ragnastats,8,0
1215,Dagger,4750,5550,sibling,8,0
1242,Dagger of Counter,690000,810000,kro,4,0
13038,Dagger of Hunter,138000,162000,kro,4,0
1222,Damascus,40500,47500,npc,8,0
1226,Damascus,21500,25000,ragnastats,8,0
4392,Dame of Sentinel Card,368000,432000,kro,4,3
6100,Damp Darkness,655,885,ragnastats,12,3
12025,Dano Festival Egg,0,0,,12,0
12026,Dano Festival Egg,0,0,,12,0
5808,Dark Bacilium,92000,108000,kro,4,0
5104,Dark Blinder,36500,43000,kro,8,0
5329,Dark Blindfold C,598000,702000,kro,4,0
18002,Dark Cannon Ball,70,96,ragnastats,12,0
7315,Dark Crystal Fragment,11500,14000,kro,36,18
4170,Dark Frame Card,102000,120000,ragnastats,4,3
4169,Dark Illusion Card,3680000,4320000,kro,2,3
4168,Dark Lord Card,406844000,477600000,kro,2,0
7157,Dark Mask,58000,68500,ragnastats,51,18
6089,Dark Piece,9200,10500,kro,36,18
4171,Dark Priest Card,782000,918000,kro,32,3
6091,Dark Red Scale,105500,124000,kro,7,0
4449,Dark Shadow Card,8280000,9720000,kro,2,3
979,Darkgreen Dyestuffs,255500,300000,ragnastats,46,3
5653,Darkness Helm,0,0,,8,0
7836,Dawn Essence,1,2,npc,12,3
2005,Dea Staff,460000,540000,kro,4,0
604,Dead Branch,13500,16000,kro,54,72
14233,Dead Branch 10 Box,0,0,,12,0
12999,Dead Branch Box,19000,22500,estimate,12,0
1047,Dead Medusa,54500,64000,ragnastats,12,3
1643,Dead Tree Cane,8250,9700,kro,8,0
631,Deadly Noxious Herb,299000,351000,kro,7,3
1186,Death Guidance,46000,54000,kro,8,0
4388,Death Word Card,91000,106500,kro,6,3
7722,Debt Note,0,0,,12,0
957,Decayed Nail,680,920,kro,51,18
6035,Decaying Stem,0,0,,12,0
7218,Decomposed Rope,1250,1500,ragnastats,36,18
5455,Decorative Geographer,0,0,,8,0
5091,Decorative Golden Bell,3055000,3586500,ragnastats,2,0
5082,Decorative Mushroom,25500,30000,ragnastats,8,0
5340,Defolty Doll Hat,0,0,,8,0
1081,Delivery Box,1350,1600,ragnastats,27,0
1082,Delivery Box,1350,1600,sibling,12,0
1083,Delivery Box,1350,1600,sibling,12,0
1091,Delivery Box,1350,1600,sibling,12,0
1072,Delivery Message,0,0,,12,0
4173,Demon Pungus Card,4863000,5708500,ragnastats,2,3
7266,Denture from Dragon Mask,2000,2350,ragnastats,36,18
13034,Desert Twilight,40000,47000,estimate,8,0
4082,Desert Wolf Card,167500,197000,kro,4,3
4397,Despero of Thanatos Card,276000,324000,kro,4,3
7069,Destroyed Armor,920,1050,kro,36,36
13160,Destroyer,91000,106500,npc,8,0
13161,Destroyer,91000,106500,npc,8,0
4386,Detardeurus Card,71300000,83700000,kro,2,0
1051,Detonator,1600,1900,ragnastats,36,18
971,Detrimindexta,2750,3200,kro,76,3
4125,Deviace Card,333000,390500,ragnastats,4,3
4174,Deviling Card,708000,831500,kro,4,3
5254,Deviling Hat,0,0,,8,0
4122,Deviruchi Card,483000,567000,kro,4,3
9023,Deviruchi Egg,4830000,5670000,kro,4,0
6169,Deviruchi Exchange Ticket,0,0,,12,0
5038,Deviruchi Hat,27500,32000,ragnastats,8,0
630,Dew Laden Moss,92000,108000,kro,22,3
4720,DEX+1,0,0,,6,0
4780,DEX+1,0,0,,6,0
4729,DEX+10,0,0,,6,0
4721,DEX+2,0,0,,6,0
4781,DEX+2,0,0,,6,0
4722,DEX+3,0,0,,6,0
4782,DEX+3,0,0,,6,0
4723,DEX+4,0,0,,6,0
4724,DEX+5,0,0,,6,0
4725,DEX+6,0,0,,6,0
4726,DEX+7,0,0,,6,0
4727,DEX+8,0,0,,6,0
4728,DEX+9,0,0,,6,0
4182,Diabolic Card,414000,486000,kro,4,3
9036,Diabolic Egg,46000000,54000000,kro,4,0
2375,Diabolus Armor,415000,487000,estimate,4,0
2433,Diabolus Boots,115000,135000,kro,4,0
2537,Diabolus Manteau,92000,108000,kro,4,0
2729,Diabolus Ring,3284000,3855000,estimate,2,0
2374,Diabolus Robe,368000,432000,kro,4,0
7723,Diamond of Ruin,0,0,,12,0
2613,Diamond Ring,37000,43500,npc,8,0
14262,Diary Magic Powder Box,0,0,,12,0
14268,Diary Magic Powder Box,0,0,,12,0
1581,Diary Of Great Sage,0,0,,8,0
1582,Diary Of Great Sage,0,0,,8,0
11511,Diet Coca Cola,0,0,,12,0
7254,Digital Picture Printing Coupon,0,0,,12,0
4370,Dimik Card,73500,86000,kro,6,3
1210,Dirk,7000,8250,npc,8,0
1211,Dirk,7000,8250,npc,8,0
1212,Dirk,0,0,,8,0
4181,Disguise Card,1840000,2160000,kro,2,3
12720,Disheart,8500,10000,ragnastats,12,3
682,Distilled Fighting Spirit,1,2,npc,36,3
2205,Diver Goggles,2850,3400,npc,8,0
2366,Divine Cloth,115000,135000,ragnastats,4,0
2001,Divine Cross,82500,97000,kro,8,0
7852,Divx Player Raffle Ticket,0,0,,12,0
2273,Doctor Band,1651500,1938500,ragnastats,2,0
4098,Dokebi Card,460000,540000,kro,4,3
9019,Dokebi Egg,644000,756000,kro,7,0
6172,Dokebi Exchange Ticket,0,0,,12,0
1021,Dokebi Horn,4600,5400,kro,51,36
5573,Dokebi Horn,4600,5400,sibling,8,0
5298,Dokebi's Wig,0,0,,8,0
4398,Dolor of Thanatos Card,225000,264500,kro,4,3
5594,Donut In Mouth,4600000,5400000,kro,2,0
1370,Doom Slayer,736000,864000,kro,4,0
1371,Doom Slayer,92000,108000,kro,4,0
4142,Doppelganger Card,184000000,216000000,kro,2,0
1736,Double Bound,36500,43000,kro,8,0
562,Doublecrust Swiss Fondue,85,115,npc,12,0
563,Doublecrust Swiss Fondue,0,0,,12,0
4444,Draco Card,6440000,7560000,kro,2,3
4134,Dracula Card,202400000,237600000,kro,2,0
2527,Dragon Breath,1091000,1281000,ragnastats,2,0
12080,Dragon Breath Cocktail,46500,54500,ragnastats,12,18
12252,Dragon Breath Cocktail,46500,54500,sibling,12,0
14239,Dragon Breath Cocktail 20 Box,0,0,,12,0
13596,Dragon Breath Cocktail 30 Box,0,0,,12,0
13597,Dragon Breath Cocktail 50 Box,0,0,,12,0
13838,Dragon Breath Cocktail Box,0,0,,12,0
1035,Dragon Canine,340,460,kro,36,36
4385,Dragon Egg Card,1987500,2333500,ragnastats,2,3
4179,Dragon Fly Card,69000,81000,kro,6,3
7265,Dragon Horn,765,1000,kro,36,18
13001,Dragon Killer,460000,540000,kro,4,0
13030,Dragon Killer,460000,540000,kro,4,0
2553,Dragon Manteau,9200,10500,ragnastats,8,0
1036,Dragon Scale,1650,1950,kro,51,36
7123,Dragon Skin,1800,2150,kro,36,36
1166,Dragon Slayer,69000,81000,estimate,8,0
1180,Dragon Slayer,0,0,,8,0
1037,Dragon Tail,820,1100,kro,36,18
4178,Dragon Tail Card,902000,1059000,ragnastats,4,3
2399,Dragon Vest,46000,54000,ragnastats,8,0
1724,Dragon Wing,69000,81000,ragnastats,8,0
7858,Dragonball Yellow,10500,12500,estimate,12,0
4069,Drainliar Card,414000,486000,kro,5,3
4137,Drake Card,276000000,324000000,kro,2,0
5211,Dress Hat,0,0,,8,0
7887,Dried Fruit Box,0,0,,12,0
12293,Dried Yggdrasilberry,425,575,npc,36,3
13157,Drifter,66000,77500,npc,8,0
7092,Drifting Air,1,2,npc,12,3
1270,Drill Katar,1839500,2159500,kro,2,0
4180,Driller Card,5980000,7020000,kro,2,3
5198,Drooping Bunny,46000,54000,sibling,8,0
5290,Drooping Bunny,3192500,3747500,ragnastats,2,0
5459,Drooping Bunny,3192500,3747500,sibling,2,0
5058,Drooping Cat,207000,243000,npc,4,0
5671,Drooping Morocc Minion,0,0,,8,0
5296,Drooping Nine Tail,0,0,,8,0
5252,Drooping Ninetail,0,0,,8,0
4004,Drops Card,368000,432000,kro,4,3
9002,Drops Egg,1366000,1603500,kro,4,0
6158,Drops Exchange Ticket,0,0,,12,0
4421,Drosera Card,368000,432000,kro,4,3
12433,Drosera Herb Salad,184000,216000,kro,32,3
6259,Drosera Tentacle,11500,13500,kro,18,3
7264,Dry Sand,1100,1300,ragnastats,36,18
4177,Dryad Card,459500,539500,ragnastats,4,3
4176,Dullahan Card,401000,471000,ragnastats,4,3
9049,Dullahan Egg,5520000,6480000,kro,4,0
4154,Dumpling Child Card,416500,489000,ragnastats,4,3
12352,Dungeon Teleport Scroll 3,0,0,,12,0
14581,Dungeon Teleport Scroll II,0,0,,12,0
13835,Dungeon Teleport Scroll II 10 Box,0,0,,12,0
13834,Dungeon Teleport Scroll II 5 Box,0,0,,12,0
684,Durian,0,0,,12,3
13153,Dusk,19000,22500,npc,8,0
7835,Dusk Glow,1,2,npc,12,3
7320,Dust Pollutant,3650,4300,ragnastats,36,18
4056,Dustiness Card,92000,108000,kro,4,3
12514,E Abrasive,0,0,,12,0
12527,E Adrenaline Scroll,0,0,,12,0
12502,E Agi Dish10,0,0,,12,0
12524,E Aspersio 5 Scroll,0,0,,12,0
12525,E Assumptio 5 Scroll,0,0,,12,0
12520,E B Def Potion,0,0,,12,0
12518,E B Mdef Potion,0,0,,12,0
12495,E Battle Manual,0,0,,12,0
12522,E Blessing 10 Scroll,0,0,,12,0
12497,E Bubble Gum,0,0,,12,0
6310,E Cloth Dye Coupon,0,0,,12,0
6318,E Cloth Dye Coupon2,0,0,,12,0
12528,E Convex Mirror,0,0,,12,0
12504,E Dex Dish10,0,0,,12,0
12500,E Dun Tele Scroll1,0,0,,12,0
6314,E Enriched Elunium,0,0,,12,0
6315,E Enriched Oridecon,0,0,,12,0
12494,E Giant Fly Wing,0,0,,12,0
12513,E Glass Of Illusion,0,0,,12,0
12512,E Greed Scroll,0,0,,12,0
6311,E Happy Box,0,0,,12,0
12523,E Inc Agi 10 Scroll,0,0,,12,0
12496,E Insurance,0,0,,12,0
12503,E Int Dish10,0,0,,12,0
12498,E Kafra Card,0,0,,12,0
12505,E Luk Dish10,0,0,,12,0
6317,E Marriage Covenant,0,0,,12,0
6309,E Max Weight Up Scroll,0,0,,12,0
12515,E Med Life Potion,0,0,,12,0
6312,E Mysterious Dyestuff,0,0,,12,0
12499,E Neuralizer,0,0,,12,0
6313,E New Style Coupon,0,0,,12,0
12517,E Regeneration Potion,0,0,,12,0
12521,E S Def Potion,0,0,,12,0
12519,E S Mdef Potion,0,0,,12,0
12511,E Siege Teleport Scroll,0,0,,12,0
12516,E Small Life Potion,0,0,,12,0
12501,E Str Dish10,0,0,,12,0
6316,E Token Of Siegfried,0,0,,12,0
12506,E Vit Dish10,0,0,,12,0
12526,E Wind Walk 10 Scroll,0,0,,12,0
2515,Eagle Wing,459000,538500,kro,4,0
2283,Ear Muffs,913500,1072500,ragnastats,4,0
2602,Earring,184000,216000,kro,4,0
2622,Earring,27500,32000,kro,8,0
6515,Earth Amulet,100,135,ragnastats,12,3
1732,Earth Bow,189500,222500,ragnastats,4,0
4279,Earth Deleter Card,1380000,1620000,kro,16,3
4118,Earth Petite Card,211500,248000,kro,5,3
12120,Earthproof Potion,2750,3200,kro,54,3
1055,Earthworm Peeling,200,270,ragnastats,51,36
623,Earthworm the Dude,89500,105000,kro,12,3
4410,Echio Card,92000,108000,kro,4,3
4266,Eclipse Card,630500,740000,ragnastats,4,3
7220,Ectoplasm,1050,1250,ragnastats,36,36
4123,Eddga Card,218500000,256500000,kro,2,0
1132,Edge,291500,342500,estimate,4,0
581,Edible Mushroom,34,47,ragnastats,12,18
574,Egg,17,24,npc,51,3
5015,Egg Shell,47000,55500,estimate,22,0
7769,Egg Yolk,1,2,npc,12,0
4070,Eggyra Card,113500,133500,ragnastats,4,3
4346,Egnigem Cenia Card,184000,216000,kro,4,3
7200,Elastic Band,34000,39500,kro,51,18
7939,Elder Branch,5700,6650,kro,54,3
4251,Elder Card,568000,667000,estimate,22,3
1040,Elder Pixie's Moustache,6100,7200,ragnastats,51,36
4052,Elder Willow Card,92000,108000,kro,5,3
1972,Electric Eel,9200,10500,kro,8,0
1820,Electric Fist,73500,86000,kro,11,0
1913,Electric Guitar,46000,54000,ragnastats,8,0
1971,Electric Wire,9850,11500,ragnastats,8,0
12114,Elemental Converter,6200,7300,kro,54,3
12115,Elemental Converter,6200,7300,kro,54,3
12116,Elemental Converter,6200,7300,kro,54,3
12117,Elemental Converter,6200,7300,kro,54,3
7434,Elemental Potion Creation Guide,0,0,,12,3
11056,Elemental Spirit Guide,0,0,,12,0
13414,Elemental Sword,460000,540000,kro,4,0
5146,Elephant Hat,69000,81000,ragnastats,8,0
5259,Elephant Hat,46000,54000,sibling,8,0
985,Elunium,12000,14000,kro,76,72
12997,Elunium Box,0,0,,12,0
5244,Elven Blindfold,0,0,,8,0
2286,Elven Ears,32000,37500,kro,11,0
18507,Elven Ears,1840000,2160000,kro,2,0
5245,Elven Sunglasses,0,0,,8,0
7086,Emblem of the Sun God,161500,190000,estimate,16,3
7142,Embryo,8,12,npc,18,0
7419,Embryo Creation Guide,0,0,,12,3
721,Emerald,5500,6450,ragnastats,51,18
12968,Emergency Level 1 Scroll,0,0,,12,0
12965,Emergency Level 1 Scroll Box,0,0,,12,0
12969,Emergency Level 2 Scroll,0,0,,12,0
12966,Emergency Level 2 Scroll Box,0,0,,12,0
12970,Emergency Level 3 Scroll,0,0,,12,0
12967,Emergency Level 3 Scroll Box,0,0,,12,0
714,Emperium,82500,97000,kro,76,3
989,Emperium Anvil,736000,864000,kro,16,3
14282,Emperium Box,0,0,,12,0
5533,Emperor Wreath,0,0,,8,0
5205,Emperor's Laurel Crown,0,0,,8,0
713,Empty Bottle,5,7,ragnastats,51,36
13761,Empty Bottle Box,0,0,,12,0
1093,Empty Potion Bottle,8,12,ragnastats,27,3
1092,Empty Test Tube,2,4,ragnastats,27,3
1011,Emveretarcon,980,1150,ragnastats,51,18
4217,Enchanted Peach Tree Card,2277000,2673000,kro,2,3
1564,Encyclopedia,23000,27000,kro,8,0
7288,Engagement Ring,0,0,,12,0
7781,Engrave Treasure Box,1100,1300,estimate,12,0
13610,Enriched Elunium 5 Box,0,0,,12,0
13611,Enriched Oridecon 5 Box,0,0,,12,0
4451,Entweihen Crothen Card,823000,966000,estimate,4,3
7782,Episode 13.1 Poporing Key,16500,19500,estimate,12,0
7783,Episode 13.2 Poring Key,16500,19500,estimate,12,0
1475,Equestrian's Spear,0,0,,8,0
1637,Eraser,1909500,2241500,ragnastats,2,0
16000,Erde,340000,399500,kro,4,0
4360,Eremes Guile Card,1334000,1566000,kro,11,3
4349,Errende Ebecee Card,1090500,1280000,ragnastats,2,3
7921,Essence Of Dragon,0,0,,12,0
6001,Essence of Fire,0,0,,12,3
5282,Europe Baseball Cap,0,0,,8,0
14530,Evasion Scroll,0,0,,12,0
13624,Evasion Scroll Box,0,0,,12,0
6300,event,0,0,,12,0
6301,event,0,0,,12,0
7711,Event Ticket,0,0,,12,0
12281,Event Treasure Box,10500,12000,estimate,12,0
1615,Evil Bone Wand,184000,216000,kro,7,0
4141,Evil Druid Card,2300000,2700000,kro,3,3
923,Evil Horn,6300,7450,kro,36,6
4258,Evil Nymph Card,2244000,2634500,ragnastats,2,3
4330,Evil Snake Lord Card,437000000,513000000,kro,2,0
5364,Evil Snake Lord Hat,91500,107000,kro,8,0
2255,Evil Wing,414000,486000,kro,4,0
5044,Evil Wing Ears,46000,54000,sibling,8,0
5068,Evil Wing Ears,46000,54000,ragnastats,8,0
5328,Evil Wing Ears C,0,0,,8,0
12226,Examination 1,0,0,,12,0
12227,Examination 2,0,0,,12,0
12228,Examination 3,0,0,,12,0
12229,Examination 4,0,0,,12,0
12230,Examination 5,0,0,,12,0
12231,Examination 6,0,0,,12,0
1137,Excalibur,910500,1069000,kro,4,0
6243,Exchange Coupon,0,0,,12,0
1169,Executioner,0,0,,8,0
1174,Executioner,0,0,,8,0
1179,Executioner,0,0,,8,0
13505,Executioner Box,0,0,,12,0
4250,Executioner Card,322000,378000,kro,4,3
7017,Executioner's Mitten,14500,17000,ragnastats,12,3
1233,Exorciser,224500,263500,ragnastats,4,0
2665,Exorcising Ring,0,0,,8,0
2129,Exorcism Bible,920000,1080000,kro,2,0
11012,Expedition Report,0,0,,12,0
11013,Expedition Report Vol1,0,0,,12,0
11014,Expedition Report Vol2,0,0,,12,0
11015,Expedition Report Vol3,0,0,,12,0
11016,Expedition Report Vol4,0,0,,12,0
13501,Experience Scroll Box,0,0,,12,0
2703,Expert Ring,9200000,10800000,kro,2,0
4267,Explosion Card,1104000,1296000,kro,2,3
13294,Explosive Kunai,350,480,ragnastats,12,0
6213,Explosive Powder,4350,5100,ragnastats,12,3
13267,Extremely Hard Black Lump,4900,5800,ragnastats,12,0
2614,Eye of Dullahan,297500,349000,ragnastats,4,0
7337,Eye of Hellion,1,2,npc,12,0
2212,Eye Patch,765,1000,npc,8,0
2783,Eye Stone Ring,682500,801000,estimate,4,0
12458,F Abrasive,0,0,,12,0
12471,F Adrenaline Scroll,0,0,,12,0
12446,F Agi Dish10,0,0,,12,0
12468,F Aspersio 5 Scroll,0,0,,12,0
12464,F B Def Potion,0,0,,12,0
12462,F B Mdef Potion,0,0,,12,0
12439,F Battle Manual,0,0,,12,0
12466,F Blessing 10 Scroll,0,0,,12,0
12441,F Bubble Gum,0,0,,12,0
6287,F Clothing Dye Coupon,1,2,npc,18,0
6295,F Clothing Dye Coupon2,0,0,,12,0
12472,F Convex Mirror,0,0,,12,0
12448,F Dex Dish10,0,0,,12,0
12444,F Dun Tele Scroll1,0,0,,12,0
6291,F Enriched Elunium,0,0,,12,0
6292,F Enriched Oridecon,0,0,,12,0
12438,F Giant Fly Wing,0,0,,12,0
12457,F Glass Of Illusion,0,0,,12,0
12456,F Greed Scroll,0,0,,12,0
6288,F Happy Box,0,0,,12,0
12467,F Inc Agi 10 Scroll,0,0,,12,0
12440,F Insurance,0,0,,12,0
12447,F Int Dish10,0,0,,12,0
12442,F Kafra Card,0,0,,12,0
12449,F Luk Dish10,0,0,,12,0
6294,F Marriage Covenant,1,2,npc,12,0
6286,F Max Weight Up Scroll,0,0,,12,0
12459,F Med Life Potion,0,0,,12,0
6289,F Mysterious Dyestuff,0,0,,12,0
12443,F Neuralizer,0,0,,12,0
6290,F New Style Coupon,1,2,npc,12,0
12461,F Regeneration Potion,0,0,,12,0
12465,F S Def Potion,0,0,,12,0
12463,F S Mdef Potion,0,0,,12,0
12460,F Small Life Potion,0,0,,12,0
12445,F Str Dish10,0,0,,12,0
6293,F Token Of Siegfried,0,0,,12,0
12450,F Vit Dish10,0,0,,12,0
12470,F Wind Walk 10 Scroll,0,0,,12,0
12454,F WOB Local,0,0,,12,0
12453,F WOB Rachel,0,0,,12,0
12451,F WOB Rune,0,0,,12,0
12452,F WOB Schwarz,0,0,,12,0
4002,Fabre Card,88500,104000,kro,6,3
1059,Fabric,1100,1250,kro,76,36
6120,Face Paint,10500,12500,ragnastats,12,3
6343,Fade Notation Blue,0,0,,12,0
6340,Fade Notation Green,0,0,,12,0
6342,Fade Notation Purple,0,0,,12,0
6341,Fade Notation Red,0,0,,12,0
5437,Fairy Flower,3592000,4217000,ragnastats,2,0
1104,Falchion,1200,1450,npc,8,0
1105,Falchion,1200,1450,npc,8,0
1106,Falchion,0,0,,8,0
12848,Falcon Flute,0,0,,12,0
540,Falcon Food,0,0,,12,0
2516,Falcon Muffler,230000,270000,kro,4,0
1745,Falken Blitz,92000,108000,kro,4,0
4441,Fallen Bishop Hibram Card,148419000,174231000,estimate,2,0
12421,Falmons F,0,0,,12,0
4316,False Angel Card,141500,166500,ragnastats,4,3
7104,False Angel Wing,640,870,npc,12,3
7105,False Heaven Ring,785,1050,npc,12,3
4020,Familiar Card,73500,86000,kro,6,3
5771,Family Hat,0,0,,8,0
12358,Fan Of Wind,17,24,npc,12,3
12248,Fancy Ball Box,0,0,,12,0
2207,Fancy Flower,92000,108000,kro,20,0
1063,Fang,8400,9850,kro,36,18
7036,Fang of Hatii,90000,105500,kro,12,0
11507,Fanta Grape,0,0,,12,0
5425,Fanta Grape Can Hat,0,0,,8,0
11506,Fanta Orange,0,0,,12,0
5424,Fanta Orange Can Hat,0,0,,8,0
11709,Fanta Zero Lemon,0,0,,12,0
5522,Fanta Zero Lemon Hat,0,0,,8,0
12129,Fantastic Cooking Kit,101000,118500,ragnastats,22,0
5202,Fantastic Pumpkin-Head,0,0,,8,0
5276,Fantastic Wig,46000,54000,ragnastats,8,0
10024,Fashion Glasses,2205000,2588500,ragnastats,4,0
2641,Fashion Hip Sack,0,0,,8,0
5047,Fashionable Glasses,32000,37500,ragnastats,8,0
632,Fatty Chubby Earthworm,26500,31000,kro,12,3
949,Feather,4550,5350,kro,51,36
5170,Feather Beret,138000,162000,kro,7,0
5018,Feather Bonnet,633000,743000,ragnastats,4,0
7079,Feather of Angel Wing,161500,190000,estimate,7,3
916,Feather of Birds,1700,2050,kro,51,36
13259,Fell Poison Kunai,42,58,ragnastats,12,0
4026,Female Thief Bug Card,322000,378000,kro,4,3
5553,Festival Bunny Band,0,0,,8,0
5552,Festival Grand Circlet,0,0,,8,0
7187,Festival Mask,1000,1200,ragnastats,12,18
5356,Festival Pumpkin Hat,3198000,3754000,ragnastats,2,0
7919,Festival Ticket,0,0,,12,0
7160,Feudal Lord Permit,1,2,npc,12,3
14235,Field Manual 2 Box,0,0,,12,0
14532,Field Manual 25%,0,0,,12,0
13695,Field Manual 25% Box,0,0,,12,0
14545,Field Manual 300%,0,0,,12,0
13758,Field Manual 300% Box,0,0,,12,0
13599,Field Manual 5 Box,0,0,,12,0
13598,Field Manual Box,0,0,,12,0
13843,Field Manual Box,0,0,,12,0
6381,Field Shovel,0,0,,12,3
12234,Fierce Cacao 99%,3400,4000,ragnastats,12,0
12141,Fifth Stage Prize,0,0,,12,0
7298,Fig Leaf,3750,4450,ragnastats,36,18
5664,Filir's Pinions,0,0,,8,0
951,Fin,1100,1300,ragnastats,36,36
5014,Fin Helm,138000,162000,kro,4,0
7041,Fine Grit,4050,4800,ragnastats,36,3
6261,Fine Noodles,0,0,,12,3
7043,Fine Sand,1800,2150,kro,51,6
1066,Fine-grained Trunk,300,410,ragnastats,51,6
1811,Finger,48000,56000,npc,8,0
1812,Finger,48000,56000,npc,8,0
6512,Fire Amulet,75,100,ragnastats,12,3
1752,Fire Arrow,2,4,ragnastats,12,0
12008,Fire Arrow Quiver,15000,18000,ragnastats,54,3
7451,Fire Dragon Scale,92000,108000,kro,7,0
1133,Fireblend,46000,54000,kro,11,0
12018,Firecracker,8500,10000,ragnastats,27,18
4160,Firelock Soldier Card,1748000,2052000,kro,3,3
12118,Fireproof Potion,5500,6450,kro,36,3
12110,First Aid Kit,53000,62500,ragnastats,12,3
12137,First Stage Prize,0,0,,12,0
584,Fish Cake Soup,0,0,,12,3
5792,Fish Pin,0,0,,8,0
13550,Fish Slice Box,0,0,,12,0
1023,Fish Tail,11500,14000,kro,51,18
6096,Fish With Blue Back,17,24,kro,12,3
2443,Fisher's Boots,0,0,,8,0
2550,Fisher's Muffler,0,0,,8,0
1249,Fisherman's Dagger,8250,9700,npc,8,0
5317,Fisherman's Hat,0,0,,8,0
1807,Fist,43500,51500,npc,8,0
1808,Fist,43500,51500,npc,8,0
1510,Flail,13000,15500,npc,8,0
1511,Flail,13000,15500,npc,8,0
1512,Flail,0,0,,8,0
9033,Flail Goblin Egg,1342000,1575500,ragnastats,4,0
1129,Flamberge,49500,58000,npc,8,0
1149,Flamberge,49500,58000,npc,8,0
6114,Flame Gemstone,920,1050,ragnastats,36,3
994,Flame Heart,6350,7500,kro,51,6
2542,Flame Manteau of Naght Sieger,326000,382500,ragnastats,7,0
4439,Flame Skull Card,505500,593000,kro,4,3
7521,Flame Stone,125,170,ragnastats,27,3
2139,Flame Thrower,16500,19000,npc,8,0
5269,Flapping Angel Wing,0,0,,8,0
5334,Flapping Angeling,23000000,27000000,kro,2,0
13203,Flare Sphere,425,575,ragnastats,12,0
12148,Flare Sphere Pack,1,3,npc,12,3
1760,Flash Arrow,17,24,ragnastats,12,0
13252,Flash Shuriken,8,12,ragnastats,12,0
7327,Flashlight,18000,21000,ragnastats,36,3
6095,Flavored Alcohol,920,1050,npc,12,3
4763,FLEE+12,0,0,,6,0
4762,FLEE+6,0,0,,6,0
7325,Flexible Tube,505,685,ragnastats,51,18
4080,Flora Card,46000,54000,kro,9,3
7604,Flour,0,0,,12,0
712,Flower,1,3,npc,51,18
11712,Flower,0,0,,12,0
2215,Flower Band,92000,108000,kro,4,0
5303,Flower Crown,0,0,,8,0
5061,Flower Hairpin,1238000,1453000,ragnastats,2,0
5525,Flower Hat,0,0,,8,0
5302,Flower Lily,849500,997500,ragnastats,4,0
2612,Flower Ring,1200,1450,npc,8,0
2218,Flu Mask,225,310,npc,8,0
2219,Flu Mask,0,0,,8,0
914,Fluff,920,1050,kro,51,36
7326,Fluorescent Liquid,1800,2150,kro,36,36
601,Fly Wing,51,70,kro,54,18
7262,Folding Fan of Cat Ghost,4700,5550,ragnastats,36,18
13811,Food Box Vol 1,0,0,,12,0
13812,Food Box Vol 2,0,0,,12,0
13813,Food Box Vol 3,0,0,,12,0
7610,Food Exchange Ticket,0,0,,12,0
7021,Foolishness of the Blind,41000,48000,ragnastats,51,3
12764,Fools Day Box Tw,0,0,,12,0
5824,Fools Day Hat,0,0,,8,0
2737,Foot Ring,0,0,,8,0
660,Forbidden Red Candle,828000,972000,kro,7,3
7724,Forbidden Secret Art,0,0,,12,0
11708,Fore Flank Sirloin,0,0,,12,0
2320,Formal Suit,688500,808500,ragnastats,4,0
7458,Fortune Horn,0,0,,12,0
1223,Fortune Sword,46000,54000,kro,8,0
706,Four Leaf Clover,81500,96000,kro,54,3
12140,Fourth Stage Prize,0,0,,12,0
5400,Fox Hat,0,0,,8,0
7094,Fragment,1700,2000,ragnastats,36,18
7436,Fragment of Agony,4300,5050,kro,36,36
7798,Fragment of Darkness,4100,4850,kro,12,0
7439,Fragment of Despair,4550,5350,kro,36,36
7438,Fragment of Hatred,1800,2150,kro,36,36
7918,Fragment Of Memory,0,0,,12,0
7437,Fragment of Misery,4600,5400,kro,36,36
7211,Fragment of Rossata Stone,156000,183500,kro,7,0
5180,France Holiday Hat,0,0,,8,0
7311,Free Ticket for Flyship,0,0,,27,0
7059,Free Ticket for Kafra Storage,0,0,,12,0
7060,Free Ticket for Kafra Transportation,0,0,,27,0
7310,Free Ticket for Peco Ride,2550,3000,ragnastats,12,0
7061,Free Ticket for the Cart Service,0,0,,27,0
4319,Freezer Card,460000,540000,kro,4,3
7574,Freezing Snow Powder,1,2,npc,36,3
13207,Freezing Sphere,425,575,ragnastats,12,0
12147,Freezing Sphere Pack,1,3,npc,12,3
579,Fresh Fish,210,285,ragnastats,36,36
2791,Fresh Fish,210,285,sibling,8,0
6112,Fresh Plant,765,1000,ragnastats,12,3
7868,Fresh Water,0,0,,12,0
14264,Freshman Magic Powder Box,0,0,,12,0
14270,Freshman Magic Powder Box,0,0,,12,0
13692,Freya's Boots Box,0,0,,12,0
13691,Freya's Clothes Box,0,0,,12,0
13694,Freya's Crown Box,0,0,,12,0
7073,Freya's Jewel,161500,190000,estimate,22,3
13693,Freya's Manteau Box,0,0,,12,0
2428,Freyja Boots,0,0,,8,0
2533,Freyja Cape,0,0,,8,0
5541,Freyja SCirclet30,0,0,,8,0
5542,Freyja SCirclet60,0,0,,8,0
5540,Freyja SCirclet7,0,0,,8,0
5543,Freyja SCirclet90,0,0,,8,0
5124,Fricca's Circlet,92000,108000,kro,7,0
2417,Fricco's Shoes,46000,54000,kro,8,0
12041,Fried Grasshopper Legs,12500,15000,ragnastats,12,3
14551,Fried Grasshopper Legs,12500,15000,sibling,12,0
12066,Fried Monkey Tails,11000,13000,ragnastats,51,3
14566,Fried Monkey Tails,11000,13000,sibling,12,0
12070,Fried Scorpion Tails,20500,24000,ragnastats,12,3
14580,Fried Scorpion Tails,20500,24000,sibling,12,0
12068,Fried Sweet Potato,14000,16500,ragnastats,12,3
14568,Fried Sweet Potato,14000,16500,sibling,12,0
1012,Frill,425,575,kro,51,36
4088,Frilldora Card,1840000,2160000,kro,2,3
12056,Frog Egg Squid Ink Soup,7250,8500,ragnastats,12,3
14560,Frog Egg Squid Ink Soup,7250,8500,sibling,12,0
5447,Frog Hat,2284000,2681500,ragnastats,2,0
1759,Frozen Arrow,17,24,ragnastats,12,0
1731,Frozen Bow,228000,267500,ragnastats,4,0
6305,Frozen Piece Of Skin,0,0,,12,0
749,Frozen Rose,33500,39500,ragnastats,51,3
5390,Frozen Twin Pompom,0,0,,8,0
12573,Fruit Basket,9200,10500,kro,12,0
12063,Fruit Mix,4800,5650,ragnastats,12,3
14565,Fruit Mix,4800,5650,sibling,12,0
5056,Fruit of Love,0,0,,8,0
4405,Frus Card,961500,1129000,ragnastats,2,3
2316,Full Plate,66000,77500,npc,8,0
2317,Full Plate,66000,77500,npc,11,0
12418,Full SwingK,0,0,,12,3
2290,Funeral Hat,9000,10500,ragnastats,8,0
6020,Fur,3300,3850,ragnastats,36,36
1474,Gae Bolg,210000,247000,ragnastats,7,0
1480,Gae Bolg,210000,247000,sibling,4,0
1143,Gaia Sword,1458500,1712000,ragnastats,2,0
1967,Gaia Whip,9900,11500,ragnastats,8,0
4151,Gajomart Card,920000,1080000,kro,2,3
1714,Gakkung Bow,38500,45000,kro,8,0
1716,Gakkung Bow,184000,216000,kro,4,0
5111,Galapago Cap,1840000,2160000,kro,2,0
4152,Galapago Card,320500,376000,ragnastats,4,3
12022,Galbi,0,0,,12,0
4423,Galion Card,151500,178000,kro,4,3
5144,Gambler Hat,0,0,,8,0
7859,Game Ticket,0,0,,12,0
2265,Gangster Mask,4600,5400,kro,8,0
4149,Gargoyle Card,13000,15500,ragnastats,6,3
910,Garlet,34,47,kro,36,36
13561,Garment Card Pet Egg Scroll,0,0,,12,0
13521,Garment Card Pet Egg Scroll Box,0,0,,12,0
718,Garnet,3250,3800,ragnastats,36,18
13104,Garrison,172000,202000,ragnastats,4,0
13105,Garrison,39500,46500,npc,8,0
5005,Gas Mask,46000,54000,kro,8,0
13156,Gate Keeper,46000,54000,npc,8,0
13167,Gate Keeper-DD,63000,74000,ragnastats,8,0
2663,Gauntlet of Hit,0,0,,8,0
4418,Gazeti Card,641000,752500,ragnastats,4,3
2243,Geek Glasses,16500,19000,npc,22,0
1414,Gelerdria,460000,540000,kro,4,0
4354,Gemini-S58 Card,8946500,10502500,ragnastats,2,3
2230,Gemmed Sallet,41000,48500,npc,8,0
2231,Gemmed Sallet,41000,48500,npc,8,0
7300,Gemstone,303500,356000,kro,22,0
4352,General Egnigem Cenia Card,145518000,170825500,estimate,2,0
12737,General Rune,1,3,npc,12,3
1917,Gentle Breeze Guitar,46000,54000,ragnastats,8,0
1629,Gentleman's Staff,803500,943000,ragnastats,4,0
5186,Geographer Band,0,0,,8,0
4280,Geographer Card,2709000,3180500,kro,2,3
7976,Gf Magic Coin,0,0,,12,0
2274,Ghost Bandana,138000,162000,kro,4,0
4047,Ghostring Card,713000,837000,kro,4,3
4110,Ghoul Card,92000,108000,kro,4,3
1387,Giant Axe,181000,212500,estimate,4,0
5063,Giant Band Aid,224000,263000,ragnastats,4,0
12083,Giant Burito,0,0,,12,3
7168,Giant Butterfly Wing,22500,26500,ragnastats,36,18
13571,Giant Fly Wing 100 Box,0,0,,12,0
13570,Giant Fly Wing 50 Box,0,0,,12,0
4271,Giant Hornet Card,2760000,3240000,kro,2,3
4270,Giant Spider Card,297000,348500,ragnastats,4,3
4303,Giant Whisper Card,1840000,2160000,kro,2,3
4278,Gibbet Card,23000,27000,ragnastats,6,3
4087,Giearth Card,874000,1026000,kro,4,3
644,Gift Box,11000,13000,kro,54,6
664,Gift Box,11000,13000,kro,12,18
665,Gift Box,11000,13000,kro,12,18
666,Gift Box,11000,13000,kro,12,18
667,Gift Box,11000,13000,kro,12,18
22777,Gift Buff Set,0,0,,12,0
12477,Gift Bundle,1,2,npc,12,0
4165,Gig Card,92000,108000,kro,4,3
5518,Gigantic Majestic Goat,45954000,53946000,kro,2,0
12027,Giggling Box,13000,15500,ragnastats,12,3
956,Gill,1100,1300,ragnastats,36,36
12232,Ginger Bread,0,0,,12,0
13002,Ginnungagap,110000,129500,kro,4,0
13019,Ginnungagap,110000,129500,kro,4,0
7856,Girl's Bouquet,0,0,,12,0
11701,Girl's Bouquet,0,0,,12,0
1558,Girl's Diary,276000,324000,kro,14,0
12366,Girl's Doll,230000,270000,kro,7,3
7057,Gjallar,0,0,,12,3
7561,Glacial Heart,595,805,kro,76,36
1219,Gladius,35500,41500,npc,8,0
1220,Gladius,49500,58000,ragnastats,8,0
1221,Gladius,49500,58000,sibling,8,0
1454,Glaive,16500,19000,npc,8,0
1455,Glaive,3600,4200,ragnastats,8,0
1456,Glaive,3600,4200,sibling,8,0
5341,Glaris Doll Hat,0,0,,8,0
746,Glass Bead,1200,1400,ragnastats,51,18
7143,Glass Tube,4600,5400,ragnastats,12,3
2203,Glasses,3650,4300,kro,22,0
2204,Glasses,18399500,21599500,kro,2,0
7058,Gleipnir,0,0,,12,3
7139,Glistening Coat,425,575,kro,18,0
7132,Glistening Coat Creation Guide,546000,641000,ragnastats,7,3
7009,Glitter Shell,445,605,npc,36,18
2319,Glittering Jacket,138000,162000,kro,4,0
6030,Glittering Paper,0,0,,27,0
6031,Glittering Paper,0,0,,27,0
4408,Gloom Under Night Card,598000000,702000000,kro,2,0
7152,Glossy Hair,5550,6550,ragnastats,36,18
2604,Glove,1150000,1350000,kro,3,0
2624,Glove,27500,32000,kro,8,0
6302,GM Handwriting,0,0,,12,0
4150,Goat Card,82500,97000,kro,36,3
4157,Goblin Archer Card,447500,525500,ragnastats,4,3
4060,Goblin Card,736000,864000,kro,4,3
4155,Goblin Leader Card,2295000,2694500,kro,2,3
9046,Goblin Leader Egg,0,0,,12,0
5090,Goblin Leader Mask,224500,264000,ragnastats,4,0
2297,Goblin Mask,69000,81000,kro,8,0
4156,Goblin Steamrider Card,480500,564500,ragnastats,4,3
7806,God Anvil,0,0,,12,0
7809,God Furnace,0,0,,12,0
7808,God Hammer,0,0,,12,0
7807,God Mineral,0,0,,12,0
12315,Goddess Of Blessing,0,0,,12,0
2652,Goddess of Fortune's Cursed Brooch,276000,324000,kro,7,0
7830,Goddess Tear,1,2,npc,12,3
2224,Goggles,17,24,ragnastats,8,0
2225,Goggles,9200,10500,ragnastats,8,0
2354,Goibne's Armor,345000,405000,kro,7,0
2419,Goibne's Greaves,271500,318500,ragnastats,7,0
5128,Goibne's Helm,2438000,2862000,kro,3,0
2520,Goibne's Spaulders,24500,29000,npc,8,0
969,Gold,174500,205000,kro,46,3
4378,Gold Acidus Card,414000,486000,kro,4,3
7228,Gold Bullion,43683500,51280500,ragnastats,4,3
2636,Gold Christmas Ring,0,0,,8,0
671,Gold Coin,72500,85000,sibling,12,0
7517,Gold Coin,72500,85000,ragnastats,12,0
7720,Gold Coin,72500,85000,sibling,12,0
10022,Gold Earring,0,0,,12,0
13106,Gold Lux,184000,216000,kro,4,0
7231,Gold Ore,0,0,,12,0
2610,Gold Ring,9900,11500,ragnastats,8,0
7946,Gold Ring Of Valentine,0,0,,12,0
988,Golden Anvil,339000,398000,ragnastats,7,3
1308,Golden Axe,0,0,,8,0
10016,Golden Bell,1743000,2046500,kro,4,0
13726,Golden Box,0,0,,12,0
5666,Golden Crown,0,0,,8,0
6394,Golden Feather,151000,177500,ragnastats,7,3
2246,Golden Gear,46000,54000,kro,8,0
5159,Golden Gear,46000,54000,kro,8,0
1060,Golden Hair,8250,9700,kro,76,36
614,Golden Hammer,6050,7100,ragnastats,12,3
7779,Golden Key,0,0,,12,0
13728,Golden Key 1 Box,0,0,,12,0
13729,Golden Key 5 Box,0,0,,12,0
7253,Golden Korean Flag,0,0,,12,0
5433,Golden Laurel,0,0,,8,0
1524,Golden Mace,92000,108000,kro,4,0
1539,Golden Mace,92000,108000,kro,4,0
7435,Golden Ornament,546000,641000,ragnastats,22,3
4128,Golden Thief Bug Card,108224000,127045500,estimate,2,0
5179,Golden Tiara,0,0,,8,0
5262,Golden Tiara,0,0,,8,0
4072,Golem Card,159000,186500,ragnastats,4,3
9053,Golem Egg,184000,216000,kro,7,0
12188,Grace Moon Cake,0,0,,12,0
2241,Grampa Beard,4100,4850,npc,8,0
5007,Grand Circlet,460000,540000,kro,4,0
1528,Grand Cross,46000,54000,ragnastats,8,0
1540,Grand Cross,46000,54000,sibling,8,0
4161,Grand Peco Card,91500,107000,kro,9,3
514,Grape,8250,9700,kro,51,18
13515,Grape Box,0,0,,12,0
533,Grape Juice,49500,58000,kro,51,36
12046,Grape Juice Herbal Tea,7650,9000,ragnastats,12,3
14554,Grape Juice Herbal Tea,7650,9000,sibling,12,0
940,Grasshopper's Leg,920,1050,kro,51,36
10020,Grave Keeper's Sword,644000,756000,kro,11,0
1364,Great Axe,46000,54000,ragnastats,8,0
1707,Great Bow,8250,9700,npc,8,0
1708,Great Bow,8250,9700,npc,8,0
1709,Great Bow,0,0,,8,0
997,Great Nature,4600,5400,kro,76,18
4283,Greatest General Card,134500,157500,ragnastats,4,3
2411,Greaves,39500,46500,npc,8,0
2412,Greaves,44500,52000,npc,8,0
14529,Greed Scroll,0,0,,12,0
13623,Greed Scroll 100 Box,0,0,,12,0
13621,Greed Scroll 30 Box,0,0,,12,0
13622,Greed Scroll 50 Box,0,0,,12,0
1916,Green Acre Guitar,46000,54000,kro,8,0
12135,Green Ale,17000,19500,ragnastats,18,0
12245,Green Ale,221500,260000,ragnastats,7,0
12712,Green Beer,0,0,,12,0
7445,Green Bijou,18000,21500,kro,36,6
12508,Green Butterfly Wing,0,0,,12,0
14583,Green Butterfly Wing,0,0,,12,0
13851,Green Butterfly Wing 5 Box,0,0,,12,0
13852,Green Butterfly Wing Box,0,0,,12,0
2298,Green Feeler,92000,108000,kro,4,0
4381,Green Ferus Card,920000,1080000,kro,2,3
511,Green Herb,4100,4850,kro,76,36
7814,Green Jenoss's Family Ring,0,0,,12,0
10023,Green Jewel Bag,0,0,,12,0
10015,Green Lace,15500,18000,ragnastats,18,0
993,Green Live,1700,2050,kro,76,6
4373,Green Maiden Card,966000,1134000,kro,2,3
9030,Green Maiden Egg,2760000,3240000,kro,4,0
7774,Green Maiden Ticket,0,0,,12,0
9022,Green Petite Egg,690000,810000,kro,11,0
506,Green Potion,34,47,npc,27,3
5193,Green Ribbon,610,825,npc,8,0
5681,Green Ribbon,0,0,,8,0
12065,Green Salad,20000,23500,ragnastats,12,3
14579,Green Salad,20000,23500,sibling,12,0
4355,Gremlin Card,91500,107500,kro,6,3
5021,Grief for Greed,542500,637000,ragnastats,4,0
12338,Grilled Corn,0,0,,12,0
12335,Grilled Delicious Skewer,0,0,,12,0
12336,Grilled Mushroom,0,0,,12,0
6099,Grilled Rice Cake,17,24,npc,12,3
12337,Grilled Sausages,255,345,npc,12,0
12102,Grilled Skewer,0,0,,12,3
1237,Grimtooth,69000,81000,kro,8,0
1056,Grit,3650,4300,kro,36,36
4162,Grizzly Card,25500,30000,ragnastats,6,3
4377,Grove Card,22000,26000,ragnastats,6,3
4163,Gryphon Card,577000,677000,estimate,4,3
5660,Gryphon Hat,0,0,,8,0
12414,Guarana Candy,10000,11500,ragnastats,36,3
2101,Guard,425,575,kro,8,0
2102,Guard,9200,10500,kro,8,0
14288,Guardian Stone Repair Kit,0,0,,12,0
1369,Guillotine,963000,1130500,ragnastats,2,0
1451,Guisarme,10500,12500,npc,8,0
1452,Guisarme,1250,1450,ragnastats,8,0
1453,Guisarme,1250,1450,sibling,8,0
1907,Guitar,38500,45500,npc,8,0
1908,Guitar,38500,45500,npc,8,0
7743,Gulaman,8650,10000,estimate,12,0
4164,Gullinbursti Card,920000,1080000,kro,2,3
1911,Gumoongoh,44500,52000,npc,8,0
1912,Gumoongoh,86000,101000,ragnastats,8,0
11049,Gun Book Basic,0,0,,12,0
11051,Gun Book Misc,0,0,,12,0
11050,Gun Book Practice,0,0,,12,0
6244,Gun Powder,1450,1700,ragnastats,12,3
1413,Gungnir,1298500,1524500,ragnastats,2,0
1418,Gungnir,1298500,1524500,sibling,2,0
7204,Gunpowder,0,0,,12,3
2707,GUSLI,0,0,,8,0
1733,Gust Bow,192500,226000,ragnastats,4,0
7792,Guyak,0,0,,12,0
12709,Guyak Candy,0,0,,12,0
12710,Guyak Pudding,0,0,,12,0
2126,Guyak Shield,0,0,,8,0
1123,Haedonggum,41000,48500,npc,8,0
1128,Haedonggum,106500,125500,estimate,4,0
7180,Hahn Sukbong's Recommendation,0,0,,12,0
5176,Hahoe Mask,24500,29000,npc,8,0
2210,Hair Band,920,1050,kro,8,0
5444,Hair Brush,695500,816000,ragnastats,4,0
10025,Hairband Of Stars,0,0,,12,0
13014,Hakujin,11000,13000,ragnastats,8,0
13015,Hakujin,5750,6750,ragnastats,8,0
1463,Halberd,44500,52000,npc,8,0
1464,Halberd,150500,177000,ragnastats,4,0
1465,Halberd,150500,177000,sibling,4,0
7941,Halloween Ticket,0,0,,12,0
2282,Halo,1840000,2160000,kro,2,0
12247,Halo-Halo,0,0,,12,0
1354,Hammer,12500,15000,npc,8,0
1355,Hammer,12500,15000,npc,8,0
1356,Hammer,0,0,,8,0
9034,Hammer Goblin Egg,0,0,,12,0
1005,Hammer of Blacksmith,1,3,npc,51,3
1009,Hand of God,18000,21500,kro,36,3
559,Hand-made Chocolate,1150,1350,ragnastats,12,0
7857,Hand-made Kitty Doll,0,0,,12,0
7345,Handcuffs,7650,9000,ragnastats,51,36
7715,Handmade Chocolate Recipe,0,0,,12,0
560,Handmade White Chocolate,745,1000,ragnastats,12,0
7519,Handsel,0,0,,12,0
5273,Happy Wig,0,0,,8,0
13266,Hard Black Lump,4900,5800,ragnastats,12,0
6306,Hard Bloodstain,0,0,,12,0
7163,Hard Feeler,9200,10500,kro,36,18
6022,Hard Skin,750,1000,npc,36,18
1561,Hardcover Book,69000,81000,ragnastats,8,0
7400,Hari,0,0,,12,0
1909,Harp,57000,66500,kro,8,0
1910,Harp,276000,324000,kro,4,0
1926,Harp of Nepenthes,105500,124000,ragnastats,4,0
4325,Harpy Card,92000,108000,kro,32,3
7115,Harpy Feather,1700,2050,kro,51,18
7116,Harpy Talon,670,910,ragnastats,36,18
2220,Hat,765,1000,npc,8,0
2221,Hat,765,1000,npc,22,0
5022,Hat of the Sun God,223000,261500,estimate,4,0
5353,Hat of the Sun God,0,0,,8,0
4323,Hatii Babe Card,1042500,1223500,ragnastats,2,3
4324,Hatii Card,119600000,140400000,kro,2,0
1815,Hatii Claw,125000,147000,ragnastats,4,0
18506,Hattah Black,0,0,,8,0
5516,hawk Eyes,0,0,,8,0
5517,Hawk Eyes,0,0,,8,0
7838,Hazy Starlight,1,2,npc,12,3
17105,HD Elunium 50 Box,17,24,npc,12,0
17104,HD Oridecon 50 Box,17,24,npc,12,0
12411,HE Battle Manual,1,3,npc,18,0
12412,HE Bubble Gum,1,3,npc,18,0
7920,He's Arsenal,0,0,,12,0
5001,Headset,552000,648000,kro,4,0
13814,Healing Box,0,0,,12,0
1625,Healing Staff,46000,54000,estimate,8,0
14280,Healing Staff Box,0,0,,12,0
7855,Heart,0,0,,12,0
1376,Heart Breaker,199000,233500,estimate,4,0
18620,Heart Eyepatch,0,0,,8,0
5041,Heart Hairpin,3197500,3754000,ragnastats,2,0
950,Heart of Mermaid,1800,2150,kro,51,36
7612,Heart of Queen Fox,0,0,,12,0
12196,Hearty Rice Cake,18000,21500,kro,12,3
13258,Heat Wave Kunai,42,58,ragnastats,12,0
4331,Heater Card,649000,762000,ragnastats,4,3
7331,Heaven Flower,0,0,,12,0
12094,Heavenly Fruit Juice,12500,15000,ragnastats,12,3
2513,Heavenly Maiden Robe,115000,135000,kro,7,0
12372,Hell Contract,414000,486000,kro,7,3
4437,Hell Poodle Card,721000,846500,ragnastats,4,3
1471,Hellfire,919500,1079500,kro,7,0
5319,Hello Mother Hat,0,0,,8,0
2228,Helm,40000,47500,kro,8,0
2229,Helm,46000,54000,kro,8,0
5363,Helm Of Abyss,0,0,,8,0
5025,Helm of Angel,3655000,4290500,ragnastats,2,0
5181,Helm of Darkness,0,0,,8,0
7209,Helm of Dullahan,1550,1850,ragnastats,36,18
13560,Helmet Card Pet Egg Scroll,0,0,,12,0
13520,Helmet Card Pet Egg Scroll Box,0,0,,12,0
5094,Helmet of Orc Hero,414000,486000,npc,4,0
659,Her Heart,257500,302000,kro,7,3
7872,Herb,0,0,,12,0
12044,Herb Marinade Beef,3650,4300,kro,12,3
683,Herb of Incantation,1,2,npc,12,3
7252,Herbal Medicine,0,0,,12,0
4232,Hermit Plant Card,1830000,2148000,ragnastats,2,3
7833,Hero's Remains,1,2,npc,36,3
968,Heroic Emblem,46000,54000,kro,27,0
7825,Heroic Stone,0,0,,12,0
13844,Heroic Stone Box,0,0,,12,0
5139,Hibiscus,2832500,3325000,ragnastats,2,0
2422,High Fashion Sandals,110000,129500,kro,4,0
2409,High Heels,7000,8250,npc,8,0
2432,High Heels,7000,8250,npc,8,0
4322,High Orc Card,4344000,5100000,ragnastats,2,3
4363,High Priest Card,215960000,253518000,estimate,2,0
2809,High Quality Cooler,0,0,,8,0
7764,High Strength Adhesive,0,0,,12,0
13257,High Wind Kunai,42,58,ragnastats,12,0
4365,High Wizard Card,215960000,253518000,estimate,2,0
4345,Hill Wind Card,92000,108000,kro,4,3
4453,Hillsrion Card,23000000,27000000,kro,2,3
703,Hinalle,6250,7350,ragnastats,51,3
520,Hinalle Leaflet,470,635,ragnastats,51,18
11000,History book of Prontera,0,0,,12,3
4081,Hode Card,115000,135000,kro,4,3
4413,Hodremlin Card,1380000,1620000,kro,16,3
6010,Hoe,1,2,npc,27,3
4343,Holden Card,91000,106500,kro,6,3
5097,Holiday Hat,201000,236500,ragnastats,4,0
7287,Holier Threads,1,3,npc,12,0
1535,Hollgrehenn's Hammer,0,0,,8,0
1772,Holy Arrow,85,115,ragnastats,12,0
12183,Holy Arrow Quiver,5050,5900,ragnastats,12,3
1145,Holy Avenger,372500,437000,npc,4,0
18001,Holy Cannon Ball,170,230,npc,12,0
1244,Holy Dagger,0,0,,8,0
12019,Holy Egg,12000,14500,ragnastats,12,0
12703,Holy Egg,12000,14500,sibling,12,0
12280,Holy Elemental Scroll,0,0,,12,0
2110,Holy Guard,78000,91500,kro,8,0
2327,Holy Robe,920000,1080000,kro,2,0
2373,Holy Robe,920000,1080000,kro,2,0
1631,Holy Stick,7360000,8640000,kro,3,0
7285,Holy Threads,1,3,npc,12,0
523,Holy Water,2750,3200,kro,76,3
12126,Home Cooking Kit,465,630,ragnastats,12,3
12194,Hometown Gift,17,24,npc,12,3
518,Honey,1000,1150,ragnastats,76,36
13760,Honey Box,0,0,,12,0
12061,Honey Grape Juice,14500,17000,ragnastats,12,3
14563,Honey Grape Juice,14500,17000,sibling,12,0
12048,Honey Herbal Tea,2750,3200,kro,12,3
14556,Honey Herbal Tea,1800,2150,kro,12,0
593,Honey Pancake,3200,3750,ragnastats,12,3
12123,Honey Pastry,20000,23500,ragnastats,36,3
7121,Honey Pot,9650,11000,kro,51,18
5828,Honor Gold Ring,0,0,,8,0
2501,Hood,920,1050,kro,8,0
2502,Hood,920000,1080000,kro,2,0
947,Horn,2750,3200,kro,36,18
10038,Horn Barrier,234500,275000,kro,7,0
4045,Horn Card,64000,75500,kro,9,3
18595,Horn of Ancient,0,0,,8,0
10036,Horn Of Hell,0,0,,12,0
1825,Horn of Hillslion,291500,342000,ragnastats,4,0
6032,Horn of Hillslion,1200,1400,ragnastats,51,18
6033,Horn of Tendrilion,425,575,npc,12,18
4019,Hornet Card,220500,259000,kro,4,3
4103,Horong Card,1656000,1944000,kro,2,3
1048,Horrendous Hair,9200,10500,kro,51,18
958,Horrendous Mouth,5850,6850,ragnastats,51,36
944,Horseshoe,2100,2450,kro,36,36
5070,Hot-blooded Headband,913500,1072500,ragnastats,4,0
2801,Hovering Booster,337500,396500,ragnastats,4,0
6284,How To Grow Plant Genes,920,1050,npc,12,3
4362,Howard Alt-Eisen Card,920000,1080000,kro,2,3
7727,HP Doctor Ticket,0,0,,12,0
12424,HP Increase Potion (Large),6400,7550,kro,54,3
12423,HP Increase Potion (Medium),23000,27000,ragnastats,12,3
12422,HP Increase Potion (Small),34500,40500,ragnastats,12,3
7198,Huge Leaf,1450,1750,ragnastats,51,36
5249,Human Blindfold,0,0,,8,0
7212,Hung Doll,2150,2550,ragnastats,36,6
1718,Hunter Bow,58500,69000,kro,8,0
1726,Hunter Bow,322000,378000,kro,4,0
4115,Hunter Fly Card,1380000,1620000,kro,3,3
9008,Hunter Fly Egg,1518000,1782000,kro,4,0
6177,Hunter Fly Exchange Ticket,0,0,,12,0
12576,Hunting Arrow Cntr,3000,3550,ragnastats,54,3
7977,Hunting Medal Badge,0,0,,12,0
1422,Hunting Spear,23000,27000,ragnastats,11,0
1377,Hurricane's Fury,266500,313000,estimate,7,0
13303,Huuma Blaze Shuriken,234500,275500,ragnastats,4,0
13304,Huuma Calm Mind,867000,1018000,ragnastats,4,0
13301,Huuma Giant Wheel Shuriken,36500,43000,ragnastats,8,0
13302,Huuma Giant Wheel Shuriken,36500,43000,sibling,8,0
13300,Huuma Wing Shuriken,29500,34500,ragnastats,8,0
12095,Hwergelmir's Tonic,41000,48000,ragnastats,12,3
12253,Hwergelmir's Tonic,41000,48000,sibling,12,0
14240,Hwergelmir's Tonic 20 Box,0,0,,12,0
13572,Hwergelmir's Tonic 30 Box,0,0,,12,0
13573,Hwergelmir's Tonic 50 Box,0,0,,12,0
13839,Hwergelmir's Tonic Box,0,0,,12,0
4035,Hydra Card,276000,324000,kro,5,3
4384,Hydrolancer Card,276000,324000,kro,22,3
4321,Hylozoist Card,3220000,3780000,kro,2,3
1621,Hypnotist's Staff,46000,54000,kro,8,0
1622,Hypnotist's Staff,46000,54000,kro,8,0
14546,I Love You Firecracker,0,0,,12,0
13804,I Love You Firecracker Box,0,0,,12,0
2726,Icarus Wings,681000,799000,ragnastats,4,0
6513,Ice Amulet,0,0,,12,3
536,Ice Cream,50,68,ragnastats,12,18
6257,Ice Crystal,85,115,npc,18,3
7066,Ice Cubic,1800,2150,kro,54,36
1131,Ice Falchion,46000,54000,ragnastats,8,0
12374,Ice Fireworks,17,24,npc,12,3
1230,Ice Pick,920000,1080000,kro,2,0
13017,Ice Pick,920000,1080000,kro,2,0
6256,Ice Piece,9650,11000,kro,18,3
7562,Ice Scale,82500,97000,kro,12,0
7522,Ice Stone,125,170,ragnastats,12,3
4417,Ice Titan Card,112500,132000,kro,4,3
1819,Icicle Fist,118000,138500,kro,4,0
13255,Icicle Kunai,42,58,ragnastats,12,0
1966,Icicle Whip,52500,61500,ragnastats,8,0
7628,Idiot Key,0,0,,12,0
7459,Idul Fitri Card,0,0,,12,0
4430,Ifrit Card,128800000,151200000,kro,2,0
710,Illusion Flower,368000,432000,kro,46,3
1757,Immaterial Arrow,25,35,ragnastats,12,0
12014,Immaterial Arrow Quiver,1,3,npc,36,3
1141,Immaterial Sword,460000,540000,kro,4,0
929,Immortal Heart,1800,2150,kro,54,18
12085,Immortal Stew,65000,76500,ragnastats,12,3
12255,Immortal Stew,65000,76500,sibling,12,0
14238,Immortal Stew 20 Box,0,0,,12,0
13841,Immortal Stew Box,0,0,,12,0
12748,Immune Scroll,0,0,,12,0
4433,Imp Card,782000,918000,kro,4,3
9056,Imp Egg,2944000,3456000,kro,4,0
5658,Imp Hat,0,0,,8,0
2390,Improved Tights,2234500,2623000,ragnastats,2,0
13698,Increase Agility Scroll 10 Box,0,0,,12,0
13576,Increase Agility Scroll 30 Box,0,0,,12,0
13577,Increase Agility Scroll 50 Box,0,0,,12,0
11023,Increase Stamina Study,8,12,npc,12,3
2397,Incredible Event Resignation Coat,0,0,,8,0
12088,Incredibly Spicy Curry,64500,75500,ragnastats,12,3
4269,Incubus Card,2116000,2484000,kro,16,3
9052,Incubus Egg,36800000,43200000,kro,5,0
5072,Incubus Horn,299000,351000,kro,4,0
5190,Independence Memorial Hat,0,0,,8,0
5010,Indian Fillet,27500,32000,kro,8,0
5071,Indian Headband,1272500,1494000,ragnastats,2,0
12716,Indian Rice Cake,0,0,,12,0
6361,Indigo Point,85,115,npc,12,3
7403,Indonesia,0,0,,12,0
13162,Inferno,190000,223500,npc,4,0
1261,Infiltrator,115000,135000,kro,7,0
1266,Infiltrator,184000,216000,kro,4,0
4268,Injustice Card,414000,486000,kro,4,3
928,Insect Feeler,205,275,ragnastats,36,36
7316,Insect Leg,72500,85000,ragnastats,36,18
4710,INT+1,0,0,,6,0
4771,INT+1,0,0,,6,0
4719,INT+10,0,0,,6,0
4711,INT+2,0,0,,6,0
4772,INT+2,0,0,,6,0
4712,INT+3,0,0,,6,0
4773,INT+3,0,0,,6,0
4713,INT+4,0,0,,6,0
4714,INT+5,0,0,,6,0
4715,INT+6,0,0,,6,0
4716,INT+7,0,0,,6,0
4717,INT+8,0,0,,6,0
4718,INT+9,0,0,,6,0
12282,Internet Cafe1,0,0,,12,0
12283,Internet Cafe2,0,0,,12,0
12284,Internet Cafe3,0,0,,12,0
12285,Internet Cafe4,0,0,,12,0
1269,Inverse Scale,46000,54000,kro,11,0
7028,Invite for Duel,0,0,,12,0
7853,iPod nano Raffle Ticket,0,0,,12,0
7173,iROGM02's Backpack,1,2,npc,12,0
998,Iron,3850,4550,ragnastats,76,36
1770,Iron Arrow,1,3,ragnastats,12,0
12005,Iron Arrow Quiver,10000,11500,ragnastats,12,3
2266,Iron Cain,46000,54000,kro,11,0
18004,Iron Cannon Ball,425,575,npc,12,0
1529,Iron Driver,46000,54000,kro,8,0
4239,Iron Fist Card,726500,853000,kro,4,3
613,Iron Hammer,5050,5900,ragnastats,12,3
7075,Iron Maiden,1,2,npc,12,3
1002,Iron Ore,4100,4850,kro,76,36
2719,Iron Wrist,58000,68000,ragnastats,8,0
4412,Isilla Card,772500,907000,kro,22,3
4116,Isis Card,3588000,4212000,kro,2,3
9021,Isis Egg,23000000,27000000,kro,4,0
6170,Isis Exchange Ticket,0,0,,12,0
13039,Ivory Knife,276000,324000,kro,4,0
1483,Ivory Lance,529500,621500,ragnastats,4,0
1737,Ixion Wings,2361500,2772000,ragnastats,2,0
709,Izidor,21000,25000,ragnastats,36,3
2271,Jack be Dandy,2760000,3240000,kro,2,0
1062,Jack o' Pumpkin,315,430,ragnastats,51,36
2303,Jacket,150,205,npc,8,0
2304,Jacket,150,205,npc,8,0
10029,Jade Trinket,0,0,,12,0
4109,Jakk Card,82500,97000,kro,6,3
592,Jam Pancake,3200,3750,ragnastats,12,3
1254,Jamadhar,30500,36000,npc,8,0
1255,Jamadhar,30500,36000,npc,8,0
11020,Japan Book1,0,0,,12,3
11021,Japan Book2,0,0,,12,3
7147,Jasmine,0,0,,12,3
5396,Jasper Crest,0,0,,8,0
1401,Javelin,110,155,npc,8,0
1402,Javelin,110,155,npc,8,0
1403,Javelin,0,0,,8,0
909,Jellopy,5,7,kro,51,36
7861,Jelly Bean,2550,3000,estimate,12,0
7818,Jessur's Necklace,0,0,,12,0
5002,Jewel Crown,184000,216000,kro,7,0
7582,Jewel of Destruction,6500,7650,estimate,12,0
1142,Jeweled Sword,147000,172500,kro,4,0
12106,Jewelry Box,3847500,4516500,ragnastats,4,3
4265,Jing Guai Card,297500,349500,ragnastats,4,3
13007,Jitte,15500,18000,sibling,8,0
13008,Jitte,15500,18000,ragnastats,8,0
14267,JJangu Magic Powder Box,0,0,,12,0
14273,JJangu Magic Powder Box,0,0,,12,0
12380,Job Change Flute,8,12,npc,12,0
4139,Joker Card,901500,1058000,kro,4,3
5003,Joker Jester,322000,378000,kro,4,0
5150,Joker Jester,322000,378000,sibling,4,0
7312,Jubilee,920,1050,kro,51,36
11530,Jujube,0,0,,12,0
13000,Jujube Dagger,8250,9700,npc,8,0
5335,Jumping Poring,4057000,4763000,ragnastats,2,0
13165,Jungle Carbine,46000,54000,npc,8,0
13166,Jungle Carbine,0,0,,8,0
12237,Junky Chocolate,0,0,,12,0
1250,Jur,17500,21000,kro,8,0
1251,Jur,46000,54000,kro,8,0
5143,Kabuki Mask,0,0,,8,0
5020,Kafra Band,0,0,,8,0
13602,Kafra Card 30 Box,0,0,,12,0
13603,Kafra Card 50 Box,0,0,,12,0
11003,Kafra Legend Vol.1,92000000,108000000,kro,4,3
1084,Kafra Pass,1,2,npc,12,0
2640,Kafra Ring,0,0,,8,0
4065,Kaho Card,552000,648000,kro,4,3
1813,Kaiser Knuckle,92000,108000,ragnastats,4,0
13009,Kamaitachi,23000,27000,ragnastats,8,0
11528,Kanafeh,0,0,,12,0
2388,Kandura,243000,285000,estimate,7,0
7742,Kaong,3850,4500,estimate,12,0
4287,Kapha Card,12500,15000,ragnastats,6,3
11508,Karada Meguricha,0,0,,12,0
5426,Karada Meguricha Hat,0,0,,8,0
4286,Karakasa Card,168000,197000,ragnastats,4,3
972,Karvodailnirol,15500,18000,kro,54,3
4431,Kasa Card,276000,324000,kro,4,3
1116,Katana,1800,2150,kro,8,0
1117,Katana,9200,10500,kro,8,0
1118,Katana,1334000,1566000,kro,2,0
1252,Katar,37500,44000,kro,8,0
1253,Katar,92000,108000,kro,4,0
1256,Katar of Frozen Icicle,138000,162000,kro,4,0
1275,Katar of Frozen Icicle,92000,108000,kro,4,0
1259,Katar of Piercing Wind,37000,43500,npc,8,0
1278,Katar of Piercing Wind,37000,43500,npc,8,0
1257,Katar of Quaking,37000,43500,npc,8,0
1276,Katar of Quaking,37000,43500,npc,8,0
1258,Katar of Raging Blaze,37000,43500,npc,8,0
1277,Katar of Raging Blaze,37000,43500,npc,8,0
4366,Kathryne Keyron Card,31019500,36414000,kro,11,3
1170,Katzbalger,139500,164000,ragnastats,4,0
4351,Kavach Icarus Card,6626500,7778500,ragnastats,2,3
7404,Ke-60,0,0,,12,0
7401,Kemerdekaan,0,0,,12,0
552,Ketupat,0,0,,12,0
11704,Ketupat,0,0,,12,0
583,Ketupat Sayur,0,0,,12,0
7026,Key of Clock Tower,7650,9000,ragnastats,36,18
7483,Key of the Seal,0,0,,12,0
7027,Key of Underground,13500,16000,kro,36,18
4136,Khalitzburg Card,690000,810000,kro,32,3
13006,Khukri,47000,55500,ragnastats,8,0
14265,Kid Magic Powder Box,0,0,,12,0
14271,Kid Magic Powder Box,0,0,,12,0
4403,Kiel-D-01 Card,180808000,212253000,estimate,2,0
4301,Killer Mantis Card,460000,540000,kro,4,3
1247,Kindle Dagger,8250,9700,npc,8,0
1229,Kitchen Knife,9108000,10692000,kro,2,0
5069,Kitsune Mask,1233500,1448000,ragnastats,2,0
2213,Kitty Band,9200,10500,kro,22,0
1201,Knife,42,58,kro,22,0
1202,Knife,92000,108000,kro,4,0
1203,Knife,92000,108000,kro,4,0
9032,Knife Goblin Egg,3221000,3781500,ragnastats,4,0
6209,Knight's Honor,0,0,,12,0
4434,Knocker Card,358500,421000,kro,4,3
1803,Knuckle Dusters,20500,24000,npc,8,0
1804,Knuckle Dusters,20500,24000,npc,8,0
4292,Kobold Archer Card,460000,540000,kro,4,3
4091,Kobold Card,542500,637000,kro,4,3
4291,Kobold Leader Card,368500,432500,ragnastats,4,3
663,Korean Rice Cake,9200,10500,kro,12,3
4295,Kraben Card,459000,538500,kro,4,3
1189,Krasnaya,1699000,1994500,ragnastats,2,0
7302,Krathong,0,0,,12,0
13046,Krierg,367500,431500,kro,4,0
1284,Krishna,138000,162000,kro,7,0
5330,kRO Drooping Kitty C,0,0,,8,0
2004,Kronos,115000,135000,kro,4,0
4419,Ktullanux Card,230000000,270000000,kro,2,0
2799,Kuirpenring,0,0,,8,0
4027,Kukre Card,113500,133000,kro,4,3
12362,Kuloren,17,24,npc,12,3
12233,Kvass,0,0,,12,0
6376,KVM Badge,1,2,npc,12,0
11017,KVM Reward Items Catalog,0,0,,12,0
1646,La'cryma Stick,138000,162000,kro,7,0
2657,Laboratory Permit,3401000,3992500,ragnastats,7,0
4394,Lady Solace Card,230000,270000,kro,4,3
4376,Lady Tanee Card,92000000,108000000,kro,2,0
7191,Lamp,1,2,npc,12,3
1410,Lance,49500,58000,npc,8,0
1411,Lance,33000,38500,ragnastats,8,0
1412,Lance,33000,38500,sibling,8,0
7747,Langka,3700,4350,estimate,12,0
1041,Lantern,7350,8600,kro,36,18
2666,Lantern of Hope,0,0,,8,0
6255,Large Cookpot,0,0,,12,3
12326,Large Firecracker,0,0,,12,0
7126,Large Jellopy,2200,2600,ragnastats,51,36
1962,Lariat Whip,18000,21500,ragnastats,22,0
5185,Laurel Wreath,41000,48500,ragnastats,8,0
4350,Laurell Weinder Card,102000,120000,kro,4,3
7096,Lava,8700,10000,kro,36,18
4184,Lava Golem Card,129000,152000,ragnastats,22,3
5084,Lazy Smokie,69000,81000,ragnastats,8,0
12408,Leaf Cat Ball,1,2,npc,12,0
4195,Leaf Cat Card,1978000,2322000,kro,2,3
9041,Leaf Cat Egg,368000,432000,kro,7,0
7042,Leather Bag of Infinity,0,0,,12,0
2544,Leather of Tendrilion,147500,173500,ragnastats,4,0
6068,Leather Rabbit,0,0,,12,0
5419,Leaves Of Grass,0,0,,8,0
7744,Leche Flan,4450,5250,estimate,12,0
1565,Ledger of Death,920000,1080000,kro,3,0
12718,Leech End,6500,7650,ragnastats,36,3
1559,Legacy of Dragon,23000,27000,ragnastats,8,0
7328,Legend of Songkran,0,0,,12,0
2341,Legion Plate Armor,77500,91000,npc,8,0
2342,Legion Plate Armor,84500,99500,npc,8,0
5418,Legionnaire Hat,0,0,,8,0
4188,Leib Olmai Card,3220000,3780000,kro,2,3
568,Lemon,350,475,ragnastats,36,18
976,Lemon Dyestuffs,184000,216000,ragnastats,31,3
7172,Leopard Claw,805,1050,ragnastats,51,18
7171,Leopard Skin,500,680,ragnastats,36,18
2680,Lesser Elemental Ring,598000,702000,kro,4,0
6043,Letter from Lugen,0,0,,12,0
6044,Letter from Otto,0,0,,12,0
7183,Letter from Sister,0,0,,27,0
6062,Letter Moon Cake,0,0,,12,0
6063,Letter Moon Cake,0,0,,12,0
6064,Letter Moon Cake,0,0,,12,0
6065,Letter Moon Cake,0,0,,12,0
6066,Letter Moon Cake,0,0,,12,0
6067,Letter Moon Cake,0,0,,12,0
7278,Letter to Wife,0,0,,12,0
7589,Lettered Moon Snack 01,0,0,,12,0
7590,Lettered Moon Snack 02,0,0,,12,0
7591,Lettered Moon Snack 03,0,0,,12,0
7592,Lettered Moon Snack 04,0,0,,12,0
7593,Lettered Moon Snack 05,0,0,,12,0
7472,Level 1 Cookbook,209000,245000,ragnastats,7,3
696,Level 1 Fire Ball,1000,1150,ragnastats,12,3
698,Level 1 Fire Wall,1000,1200,ragnastats,12,3
700,Level 1 Frost Diver,455,615,ragnastats,12,3
12003,Level 1 Teleport,0,0,,12,3
7481,Level 10 Cookbook,5520000,6480000,kro,11,3
7473,Level 2 Cookbook,920,1050,npc,12,3
688,Level 3 Cold Bolt,1000,1150,ragnastats,12,3
7474,Level 3 Cookbook,61000,71500,ragnastats,12,3
686,Level 3 Earth Spike,1950,2300,ragnastats,12,3
690,Level 3 Fire Bolt,410,555,ragnastats,12,3
12001,Level 3 Heal,1650,1950,ragnastats,12,3
692,Level 3 Lightening Bolt,555,755,ragnastats,36,3
694,Level 3 Soul Strike,1250,1450,ragnastats,12,3
7475,Level 4 Cookbook,920,1050,npc,12,3
689,Level 5 Cold Bolt,1400,1600,ragnastats,12,3
7476,Level 5 Cookbook,116000,136500,ragnastats,7,3
687,Level 5 Earth Spike,2350,2750,ragnastats,12,3
697,Level 5 Fire Ball,1050,1250,ragnastats,12,3
691,Level 5 Fire Bolt,985,1150,ragnastats,12,3
699,Level 5 Fire Wall,2350,2750,ragnastats,12,3
12000,Level 5 Frost Diver,2350,2800,ragnastats,12,3
12002,Level 5 Heal,550,745,ragnastats,12,3
693,Level 5 Lightening Bolt,1950,2300,ragnastats,12,6
695,Level 5 Soul Strike,545,740,ragnastats,12,3
7477,Level 6 Cookbook,73500,86000,kro,36,3
7478,Level 7 Cookbook,24000,28500,ragnastats,36,3
7479,Level 8 Cookbook,920,1050,npc,36,3
7480,Level 9 Cookbook,920,1050,npc,36,3
13170,Lever Action Rifle,33000,38500,ragnastats,8,0
14515,Lex Aeterna Scroll,0,0,,12,0
13541,Lex Aeterna Scroll Box,0,0,,12,0
2716,Librarian Glove,123000,144500,ragnastats,4,0
1624,Lich's Bone Wand,46000,54000,kro,8,0
5253,Lif Doll Hat,73500,86000,ragnastats,8,0
13580,Life Insurrance 30 Box,0,0,,12,0
13581,Life Insurrance 50 Box,0,0,,12,0
13500,Life Insurrance Box,0,0,,12,0
14500,Life Insurrance Certificate,0,0,,12,0
2391,Life Link,2507000,2943000,ragnastats,2,0
14510,Light Awakening Potion,0,0,,12,0
13536,Light Awakening Potion Box,0,0,,12,0
14511,Light Berserk Potion,0,0,,12,0
13537,Light Berserk Potion Box,0,0,,12,0
11502,Light Blue Potion,0,0,,12,0
14509,Light Concentration Potion,0,0,,12,0
13535,Light Concentration Potion Box,0,0,,12,0
1315,Light Epsilon,46000,54000,sibling,8,0
1366,Light Epsilon,46000,54000,ragnastats,8,0
1390,Light Epsilon,46000,54000,sibling,8,0
7938,Light Granule,9200,10500,kro,18,3
599,Light Orange Potion,0,0,,12,0
13532,Light Orange Potion Box,0,0,,12,0
598,Light Red Potion,0,0,,12,0
13531,Light Red Potion Box,0,0,,12,0
11501,Light White Potion,0,0,,12,0
13534,Light White Potion Box,0,0,,12,0
11500,Light Yellow Potion,0,0,,12,0
13533,Light Yellow Potion Box,0,0,,12,0
13204,Lightning Sphere,47,65,ragnastats,12,0
12144,Lightning Sphere Pack,1,3,npc,12,3
6363,Lime Green Point,0,0,,12,3
2749,Linen Glove,322000,378000,kro,4,0
5422,Linguistic Book Hat,0,0,,8,0
5130,Lion Mask,0,0,,8,0
6147,Liquid Condensed Bullet,51,70,ragnastats,12,3
1038,Little Evil Horn,6100,7200,kro,51,36
1039,Little Evil Wing,4400,5150,kro,36,36
7268,Little Ghost Doll,87500,102500,ragnastats,36,6
7098,Live Coal,920,1050,kro,51,18
7201,Log,3650,4300,kro,51,36
5332,Loki Mask,0,0,,8,0
1262,Loki's Nail,18000,21500,ragnastats,8,0
7019,Loki's Whispers,1242000,1458000,kro,15,3
4191,Loli Ruri Card,1554500,1825000,kro,11,3
9042,Loli Ruri Egg,828000,972000,kro,11,0
1915,Loner's Guitar,3300,3850,ragnastats,8,0
13163,Long Barrel,33000,38500,npc,8,0
13164,Long Barrel,43000,50500,ragnastats,8,0
1420,Long Horn,252000,296000,ragnastats,7,0
1525,Long Mace,1748000,2052000,kro,2,0
7560,Longing Heart,0,0,,12,0
1469,Longinus's Spear,295000,346500,estimate,4,0
6383,Lope's Clue,0,0,,12,0
6384,Lope's Ring,0,0,,12,0
5013,Lord Kaho's Horn,0,0,,8,0
4357,Lord Knight Card,215960000,253518000,estimate,2,0
4276,Lord of The Dead Card,110400000,129600000,kro,2,0
14514,Lord of Vermilion Scroll,0,0,,12,0
13540,Lord of Vermilion Scroll Box,0,0,,12,0
2675,Lord Ring,0,0,,8,0
2318,Lord's Clothes,255500,300000,estimate,4,0
7955,Lost Card1,0,0,,12,0
7956,Lost Card2,0,0,,12,0
7957,Lost Card3,0,0,,12,0
7958,Lost Card4,0,0,,12,0
7528,Lottery Ticket,0,0,,12,0
7361,Lotto Ball 01,0,0,,12,0
7362,Lotto Ball 02,49000,57500,ragnastats,12,0
7363,Lotto Ball 03,1,2,npc,12,0
7364,Lotto Ball 04,1,2,npc,12,0
7365,Lotto Ball 05,1,2,npc,12,0
7366,Lotto Ball 06,0,0,,12,0
7367,Lotto Ball 07,1,2,npc,12,0
7368,Lotto Ball 08,0,0,,12,0
7369,Lotto Ball 09,0,0,,12,0
7370,Lotto Ball 10,1,2,npc,12,0
7371,Lotto Ball 11,1,2,npc,12,0
7372,Lotto Ball 12,1,2,npc,12,0
7373,Lotto Ball 13,0,0,,12,0
7374,Lotto Ball 14,1,2,npc,12,0
7375,Lotto Ball 15,49000,57500,ragnastats,12,0
7376,Lotto Ball 16,49000,57500,ragnastats,12,0
7377,Lotto Ball 17,0,0,,12,0
7378,Lotto Ball 18,1,2,npc,12,0
7379,Lotto Ball 19,1,2,npc,12,0
7380,Lotto Ball 20,0,0,,12,0
7381,Lotto Ball 21,1,2,npc,12,0
7382,Lotto Ball 22,1,2,npc,12,0
7383,Lotto Ball 23,0,0,,12,0
7384,Lotto Ball 24,0,0,,12,0
7385,Lotto Ball 25,27000,32000,ragnastats,12,0
7386,Lotto Ball 26,1,2,npc,12,0
7387,Lotto Ball 27,1,2,npc,12,0
7388,Lotto Ball 28,0,0,,12,0
7389,Lotto Ball 29,0,0,,12,0
7390,Lotto Ball 30,0,0,,12,0
7391,Lotto Ball 31,0,0,,12,0
7392,Lotto Ball 32,0,0,,12,0
7393,Lotto Ball 33,54500,64000,ragnastats,12,0
7394,Lotto Ball 34,1,2,npc,12,0
7395,Lotto Ball 35,1,2,npc,12,0
7396,Lotto Ball 36,1,2,npc,12,0
7397,Lotto Ball 37,0,0,,12,0
7398,Lotto Ball 38,0,0,,12,0
7540,Lotto Ball 39,0,0,,12,0
7541,Lotto Ball 40,0,0,,12,0
7542,Lotto Ball 41,0,0,,12,0
7543,Lotto Ball 42,0,0,,12,0
7544,Lotto Ball 43,0,0,,12,0
7545,Lotto Ball 44,0,0,,12,0
7546,Lotto Ball 45,0,0,,12,0
12035,Lotto Box 01,0,0,,12,0
12036,Lotto Box 02,0,0,,12,0
12037,Lotto Box 03,0,0,,12,0
12038,Lotto Box 04,0,0,,12,0
12039,Lotto Box 05,0,0,,12,0
7771,Lotus Leaf,0,0,,12,0
12356,Louise Costume Box,1,3,npc,12,3
7908,Louise's Beauty Coupon,0,0,,12,0
5366,Love Dad Bandana,0,0,,8,0
5209,Love Dad Cap,0,0,,8,0
5489,Love Daddy Hat,0,0,,8,0
7864,Love Flower,21500,25500,ragnastats,12,0
5803,Love Flower Hat,0,0,,8,0
5393,Love Valentine's Hat,0,0,,8,0
597,Lovely Choco-Tart,3200,3750,ragnastats,12,0
12757,Loyal Ring1 Box,0,0,,12,0
12758,Loyal Ring2 Box,0,0,,12,0
5844,Loyal Ring3,0,0,,8,0
12759,Loyal Ring3 Box,0,0,,12,0
4445,Luciola Vespa Card,92000,108000,kro,4,3
2344,Lucius's Fierce Armor of Volcano,1379500,1619500,kro,3,0
2345,Lucius's Fierce Armor of Volcano,1379500,1619500,kro,2,0
570,Lucky Candy,4200,4900,ragnastats,12,18
571,Lucky Candy Cane,125,170,ragnastats,12,18
572,Lucky Cookie,145,200,ragnastats,12,3
12706,Lucky Cookie,145,200,sibling,12,0
12707,Lucky Cookie,145,200,sibling,12,0
12708,Lucky Cookie,145,200,sibling,12,0
12416,Lucky Egg C3,0,0,,12,0
12545,Lucky Egg C5,0,0,,12,0
12577,Lucky Egg C6,0,0,,12,0
12403,Lucky Egg2,0,0,,12,0
12131,Lucky Potion,0,0,,12,0
12198,Lucky Rice Cake,17,24,npc,12,3
12096,Lucky Soup,32000,37500,ragnastats,12,3
4193,Lude Card,874000,1026000,kro,4,3
4750,LUK+1,0,0,,6,0
4783,LUK+1,0,0,,6,0
4759,LUK+10,0,0,,6,0
4751,LUK+2,0,0,,6,0
4784,LUK+2,0,0,,6,0
4752,LUK+3,0,0,,6,0
4785,LUK+3,0,0,,6,0
4753,LUK+4,0,0,,6,0
4754,LUK+5,0,0,,6,0
4755,LUK+6,0,0,,6,0
4756,LUK+7,0,0,,6,0
4757,LUK+8,0,0,,6,0
4758,LUK+9,0,0,,6,0
1723,Luna Bow,69000,81000,ragnastats,8,0
1544,Lunakaligo,276000,324000,kro,7,0
2718,Lunatic Brooch,868000,1019000,ragnastats,4,0
4006,Lunatic Card,92000,108000,kro,4,3
9004,Lunatic Egg,920000,1080000,kro,4,0
6160,Lunatic Exchange Ticket,0,0,,12,0
5392,Luoyang NewYear Hat,0,0,,8,0
2775,Lure,0,0,,8,0
1905,Lute,20000,23500,npc,8,0
1906,Lute,20000,23500,npc,8,0
12059,Lutie Cold Noodle,12000,14000,ragnastats,12,3
12045,Lutie Lady's Pancake,4600,5400,kro,12,3
14575,Lutie Lady's Pancake,425,575,kro,12,0
12734,Luxurious Rune,6400,7550,kro,12,3
5562,Luxurious Wedding Veil,0,0,,8,0
14607,Luxurious Western Food,0,0,,12,0
5558,Luxury Hat,0,0,,8,0
12367,Luxury Whisky Bottle,17,24,npc,12,3
11529,Maamoul,0,0,,12,0
7750,Macapuno,3550,4150,estimate,12,0
1504,Mace,1450,1700,kro,8,0
1505,Mace,18000,21500,kro,8,0
1506,Mace,138000,162000,kro,4,0
5006,Machoman's Glasses,1380000,1620000,kro,2,0
4395,Maero of Thanatos Card,174000,204500,kro,4,3
11037,Mage Book Basic,0,0,,12,0
11039,Mage Book Misc,0,0,,12,0
11038,Mage Book Practice,0,0,,12,0
2334,Mage Coat,558000,655500,ragnastats,4,0
2372,Mage Coat,558000,655500,sibling,4,0
2768,Mage Figure,0,0,,8,0
5027,Mage Hat,1313500,1541500,ragnastats,2,0
2131,Magic Bible Vol1,303500,356000,kro,4,0
680,Magic Carnation,0,0,,12,0
5138,Magic Eyes,138000,162000,ragnastats,4,0
6146,Magic Gear Fuel,150,205,ragnastats,12,3
7761,Magic Gourd Bottle,0,0,,12,0
14266,Magic Magic Powder Box,0,0,,12,0
14272,Magic Magic Powder Box,0,0,,12,0
12723,Magic Mushroom,8250,9700,kro,12,3
7045,Magic Paint,0,0,,12,0
7917,Magic Potion,0,0,,12,0
5561,Magic Rabbit Hat,32660000,38340000,kro,2,0
7597,Magic Stone,0,0,,12,0
12371,Magical Lithography,920000,1080000,kro,4,3
5045,Magician Hat,212000,248500,ragnastats,4,0
12558,Magingiorde Piece Box,0,0,,12,0
5173,Magistrate Hat,24500,29000,npc,8,0
1818,Magma Fist,62500,73500,estimate,8,0
4432,Magmaring Card,184000,216000,kro,5,3
2805,Magnetic Field Generator,269500,316500,ragnastats,4,0
5122,Magni's Cap,73500,86000,kro,8,0
14516,Magnificat Scroll,0,0,,12,0
13542,Magnificat Scroll Box,0,0,,12,0
611,Magnifier,29,41,ragnastats,12,18
4076,Magnolia Card,89500,105000,ragnastats,6,3
5365,Magnolia Hat,46000,54000,kro,8,0
1225,Mailbreaker,377000,442500,ragnastats,4,0
13032,Mailbreaker,377000,442500,sibling,4,0
1207,Main Gauche,2200,2550,kro,8,0
1208,Main Gauche,18000,21500,kro,8,0
1209,Main Gauche,920000,1080000,kro,2,0
2256,Majestic Goat,69000,81000,kro,8,0
5160,Majestic Goat,828000,972000,kro,4,0
4201,Majoruros Card,92000,108000,kro,4,3
6493,Makibishi,0,0,,12,3
4050,Male Thief Bug Card,92000,108000,kro,4,3
7795,Mammi's Photo Album,0,0,,12,0
12419,Mana Plus,0,0,,12,3
1098,Manacles,4450,5200,ragnastats,36,18
1903,Mandolin,14500,17000,npc,8,0
1904,Mandolin,14500,17000,npc,8,0
5399,Mandragora Cap,46000,54000,kro,8,0
4030,Mandragora Card,207000,243000,kro,4,3
6217,Mandragora Flowerpot,5050,5900,kro,18,3
1028,Mane,1800,2150,kro,36,36
1032,Maneater Blossom,1200,1450,kro,76,36
1033,Maneater Root,1550,1800,kro,36,36
2505,Manteau,26000,31000,npc,8,0
2506,Manteau,26000,31000,npc,8,0
4079,Mantis Card,1150000,1350000,kro,3,3
1031,Mantis Scythe,595,805,kro,36,36
2307,Mantle,8250,9700,npc,8,0
2308,Mantle,8250,9700,npc,8,0
6285,Manual: How To Make High Quality Potion,109000,128000,ragnastats,7,3
11019,Manuk Selling Item,0,0,,12,0
7526,Manuscript Paper,0,0,,12,0
4202,Mao Guai Card,1658000,1946500,ragnastats,2,3
4105,Marc Card,1840000,2160000,kro,3,3
4112,Marduk Card,910500,1069000,kro,4,3
4364,Margaretha Sorin Card,27600000,32400000,kro,2,3
4196,Marin Card,3450000,4050000,kro,2,3
4055,Marina Card,125500,147500,kro,4,3
7138,Marine Sphere Bottle,425,575,kro,12,0
4084,Marine Sphere Card,1426000,1674000,kro,2,3
7131,Marine Sphere Creation Guide,96000,112500,ragnastats,7,3
4113,Marionette Card,4416000,5184000,kro,2,3
5141,Marionette Doll,460000,540000,kro,7,0
9043,Marionette Egg,4600000,5400000,kro,4,0
6049,Marlin,0,0,,12,0
4095,Marse Card,641000,752500,ragnastats,4,3
7862,Marshmallow,2550,3000,estimate,12,0
4046,Martin Card,46000,54000,kro,6,3
2714,Marvelous Pendant,0,0,,8,0
5275,Marvelous Wig,0,0,,8,0
1165,Masamune,46000,54000,kro,8,0
10034,Masked Ball,0,0,,12,0
7114,Masque of Tutankhamen,174500,205000,kro,7,0
2291,Masquerade,147000,172500,ragnastats,4,0
12286,Masquerade Ball Box2,0,0,,12,0
5326,Masquerade C,0,0,,8,0
522,Mastela Fruit,7350,8600,kro,54,18
12050,Mastela Fruit Wine,5800,6850,kro,12,3
14576,Mastela Fruit Wine,5800,6850,sibling,12,0
4197,Mastering Card,110000,129500,kro,4,3
4361,MasterSmith Card,215960000,253518000,estimate,2,0
7035,Matchstick,85,115,npc,51,18
4760,MATK+1%,0,0,,6,0
4761,MATK+2%,0,0,,6,0
4097,Matyr Card,874000,1026000,kro,5,3
2618,Matyr's Leash,9200,10500,ragnastats,8,0
4146,Maya Card,151378000,177704500,estimate,2,0
4198,Maya Purple Card,1380000,1620000,kro,2,3
12133,McDonald's Ice Cone,0,0,,12,0
517,Meat,12,18,ragnastats,27,36
7134,Medicine Bowl,83,110,ragnastats,51,3
4124,Medusa Card,644000,756000,kro,22,3
9050,Medusa Egg,86888500,102000000,kro,4,0
6036,Meeting Invitation,0,0,,12,0
4200,Megalith Card,89000,104500,ragnastats,6,3
4067,Megalodon Card,69000,81000,kro,6,3
7040,Megaphone,1,2,npc,12,0
13609,Megaphone 5 Box,0,0,,12,0
13608,Megaphone Box,0,0,,12,0
2629,Megingjard,0,0,,8,0
6248,Melange Pot,0,0,,12,3
6264,Melon,655,885,ragnastats,12,3
13262,Melon Bomb,0,0,,12,0
6282,Melon Bomb Guidebook,0,0,,12,3
6155,Member Card,0,0,,12,0
7348,Membership Card,0,0,,12,0
934,Memento,510,690,kro,51,36
2109,Memory Book,240000,282000,ragnastats,4,0
2121,Memory Book,492500,578500,ragnastats,4,0
4399,Memory of Thanatos Card,215960000,253518000,estimate,2,0
708,Ment,425,575,npc,51,3
11040,Mer Book Basic,0,0,,12,0
11042,Mer Book Misc,0,0,,12,0
11041,Mer Book Practice,0,0,,12,0
12242,Mercenary Awakening Potion,1900,2250,ragnastats,12,3
12243,Mercenary Berserk Potion,2750,3200,npc,12,3
12185,Mercenary Blue Potion,3150,3700,ragnastats,12,3
12241,Mercenary Concentration Potion,4950,5800,ragnastats,12,3
6050,Mercenary Contract,0,0,,12,0
12184,Mercenary Red Potion,2100,2450,ragnastats,12,3
2771,Merchant Figure,0,0,,8,0
18597,Mercury Riser,0,0,,8,0
4199,Merman Card,2300000,2700000,kro,2,3
6037,Messy File,0,0,,12,0
7095,Metal Fragment,15500,18000,ragnastats,36,36
4341,Metaling Card,631000,740500,ragnastats,4,3
4057,Metaller Card,110500,129500,ragnastats,4,3
2364,Meteo Plate Armor,138000,162000,ragnastats,7,0
14512,Meteor Storm Scroll,0,0,,12,0
13538,Meteor Storm Scroll Box,0,0,,12,0
4231,Mi Gao Card,15500,18000,ragnastats,6,3
1613,Mighty Staff,288500,339000,ragnastats,4,0
519,Milk,21,29,npc,27,36
4205,Mimic Card,920000,1080000,kro,2,3
5031,Mine Hat,0,0,,8,0
4339,Mineral Card,184000,216000,kro,4,3
7827,Mineral Evals,0,0,,12,0
4204,Mini Demon Card,1104000,1296000,kro,2,3
612,Mini Furnace,5050,5900,ragnastats,51,3
2260,Mini Glasses,230000,270000,kro,4,0
14263,Mini Heart Magic Powder Box,0,0,,12,0
2259,Mini Propeller,40000,47000,ragnastats,8,0
14269,Mini_Heart_Magic Powder Box,0,0,,12,0
7616,Miniboss Voucher,0,0,,12,0
2311,Mink Coat,46000,54000,kro,8,0
12431,Minor Stew,138000,162000,kro,32,3
4126,Minorous Card,460000,540000,kro,4,3
1725,Minstrel Bow,0,0,,8,0
2107,Mirror Shield,55000,64500,kro,8,0
2108,Mirror Shield,55000,64500,kro,8,0
7730,Mission Ticket 1,0,0,,12,0
7739,Mission Ticket 10,0,0,,12,0
7740,Mission Ticket 11,0,0,,12,0
7741,Mission Ticket 12,0,0,,12,0
7731,Mission Ticket 2,0,0,,12,0
7732,Mission Ticket 3,0,0,,12,0
7733,Mission Ticket 4,0,0,,12,0
7734,Mission Ticket 5,0,0,,12,0
7735,Mission Ticket 6,0,0,,12,0
7736,Mission Ticket 7,0,0,,12,0
7737,Mission Ticket 8,0,0,,12,0
7738,Mission Ticket 9,0,0,,12,0
4132,Mistress Card,613333000,720000000,kro,2,0
4393,Mistress of Shelter Card,828000,972000,kro,4,3
7757,Mithril,0,0,,12,0
674,Mithril Coin,0,0,,12,0
2532,Mithril Magic Cape,144000,169500,ragnastats,4,0
7233,Mithril Ore,0,0,,12,0
11022,Mix Cook Book,8,12,npc,12,3
12067,Mixed Juice,0,0,,12,3
14567,Mixed Juice,0,0,,12,0
974,Mixture,160000,188000,ragnastats,16,3
4208,Miyabi Doll Card,1265000,1485000,kro,2,3
9048,Miyabi Ningyo Egg,6440000,7560000,kro,4,0
1530,Mjolnir,0,0,,8,0
12557,Mjolnir Piece Box,0,0,,12,0
4317,Mobster Card,920000,1080000,kro,2,3
554,Mochi,340,460,ragnastats,12,0
5073,Model Training Hat,1752000,2056500,ragnastats,2,0
1018,Mole Claw,1050,1250,ragnastats,36,18
1017,Mole Whiskers,750,1000,ragnastats,36,36
2251,Monk Hat,161000,189000,kro,4,0
5158,Monk Hat,161000,189000,kro,4,0
10018,Monkey Circlet,457500,537000,kro,7,0
6186,Monkey Wrench,425,575,npc,12,3
2239,Monocle,8250,9700,npc,8,0
12713,Monster Extract,0,0,,12,0
626,Monster Juice,138000,162000,kro,7,3
10002,Monster Oxygen Mask,216000,253500,ragnastats,7,0
7514,Monster Ticket,0,0,,12,0
7617,Monster Voucher,0,0,,12,0
528,Monster's Feed,51,70,ragnastats,27,36
12190,Moon Cake,0,0,,12,0
11702,Moon Cookie,0,0,,12,0
1234,Moonlight Dagger,828000,972000,kro,7,0
13026,Moonlight Dagger,828000,972000,kro,4,0
13513,Moonlight Dagger Box,0,0,,12,0
4131,Moonlight Flower Card,322000000,378000000,kro,2,0
5214,Moonlight Flower Hat,0,0,,8,0
2645,Moonlight Ring,0,0,,8,0
12574,Mora Berry,1,2,npc,12,3
6380,Mora Coin,0,0,,12,0
11525,Mora HIp Tea,0,0,,12,3
11520,Mora Mandar,46000,54000,kro,12,3
6105,Morning Dew,0,0,,12,3
7141,Morning Dew of Yggdrasil,18000,21500,ragnastats,12,3
1513,Morning Star,33500,39500,npc,8,0
1514,Morning Star,33500,39500,npc,8,0
1515,Morning Star,0,0,,8,0
12049,Morocc Fruit Wine,95500,112000,ragnastats,7,3
1088,Morocc Solution,47500,55500,ragnastats,27,3
6029,Morocc Tracing Log,0,0,,12,0
2649,Morpheus's Bracelet,46000,54000,kro,8,0
5126,Morpheus's Hood,92000,108000,kro,4,0
2648,Morpheus's Ring,46000,54000,kro,8,0
2518,Morpheus's Shawl,24500,29000,npc,11,0
2650,Morrigane's Belt,78000,91500,kro,11,0
5127,Morrigane's Helm,184000,216000,kro,7,0
2519,Morrigane's Manteau,55000,64500,kro,11,0
2651,Morrigane's Pendant,322000,378000,kro,7,0
5586,Mosquito Coil,0,0,,8,0
1057,Moth Dust,1150,1400,ragnastats,36,36
1058,Moth Wings,26500,31000,ragnastats,36,6
586,Mother's Cake,0,0,,12,0
7148,Mother's Letter,1,2,npc,12,0
7020,Mother's Nightmare,690000,810000,kro,7,0
7001,Mould Powder,560,760,ragnastats,36,36
2288,Mr. Scream,69000,81000,kro,34,0
2278,Mr. Smile,41000,48500,kro,22,0
7004,Mud Lump,1000,1200,ragnastats,36,18
2503,Muffler,4600,5400,kro,8,0
2504,Muffler,9200,10500,kro,8,0
7891,Mug,0,0,,12,0
4036,Muka Card,92000,108000,kro,4,3
4106,Mummy Card,92000,108000,kro,5,3
4090,Munak Card,920000,1080000,kro,2,3
7277,Munak Doll,101000,118500,kro,22,3
9018,Munak Egg,239000,280500,kro,7,0
6180,Munak Exchange Ticket,0,0,,12,0
2264,Munak Hat,91000,106500,kro,8,0
5167,Munak Hat,91000,106500,kro,8,0
1164,Muramasa,46000,54000,kro,8,0
13012,Murasame,7200,8450,ragnastats,8,0
13013,Murasame,39500,46500,ragnastats,8,0
4420,Muscipular Card,616000,723500,kro,4,3
1176,Muscle Cutter,1534000,1801000,ragnastats,2,0
6344,Muscle Story,0,0,,12,0
7292,Muscovite,159500,187500,ragnastats,22,3
595,Mushroom Pancake,0,0,,12,3
921,Mushroom Spore,765,1000,kro,51,36
2545,Musika,199500,234000,estimate,4,0
5354,Muslim Hat M,0,0,,8,0
4203,Mutant Dragonoid Card,308000,361500,kro,4,3
1769,Mute Arrow,25,35,ragnastats,12,0
7873,MVP Monster Scroll,0,0,,12,0
12551,MVP Tele Scroll,0,0,,12,0
7615,MVP Voucher,0,0,,12,0
4108,Myst Card,63000,74000,kro,6,3
4206,Myst Case Card,1380000,1620000,kro,2,3
1138,Mysteltainn,184000,216000,ragnastats,4,0
4207,Mysteltainn Card,1380000,1620000,kro,2,3
12290,Mysterious Can Magic Powder,0,0,,12,3
12376,Mysterious Can2,0,0,,12,3
6220,Mysterious Dyestuff,1,2,npc,12,0
12291,Mysterious PET Bottle,0,0,,12,3
12377,Mysterious PET Bottle2,0,0,,12,3
13268,Mysterious Powder,85,115,npc,12,0
12561,Mysterious Seed,50500,59000,ragnastats,12,3
11703,Mystery Blood,0,0,,12,0
13845,Mystery Travel Sack A,0,0,,12,0
13846,Mystery Travel Sack B,0,0,,12,0
13847,Mystery Travel Sack C,0,0,,12,0
13848,Mystery Travel Sack D,0,0,,12,0
995,Mystic Frozen,5950,7000,kro,76,3
6023,Mystic Horn,16000,18500,kro,36,18
6221,Mystic Leaf Cat Ball,15500,18000,ragnastats,12,0
7255,Mystic Orb,0,0,,12,0
7256,Mystic Orb,0,0,,12,0
7257,Mystic Orb,0,0,,12,0
7258,Mystic Orb,0,0,,12,0
7259,Mystic Orb,0,0,,12,0
7260,Mystic Orb,0,0,,12,0
7261,Mystic Orb,0,0,,12,0
7330,Mystic Orb,0,0,,12,0
5117,Mystic Rose,1719000,2018000,ragnastats,2,0
12736,Mystic Rune,22500,26000,kro,36,3
12749,Mystic Scroll,0,0,,12,0
6111,Mystic Stone,920,1050,npc,12,3
12544,Mystic Tree Branch,0,0,,12,0
14274,Mystical Amplification Scroll 10 Box,0,0,,12,0
14275,Mystical Amplification Scroll 30 Box,0,0,,12,0
14276,Mystical Amplification Scroll 50 Box,0,0,,12,0
12246,Mystical Card Album,1800000,2250000,set,16,3
5177,Mythical Lion Mask,24500,29000,npc,8,0
1130,Nagan,92000,108000,ragnastats,4,0
2736,Navel Ring,0,0,,8,0
6038,Neat Report,0,0,,12,0
557,Neatly Sliced Rice Cake,8,12,npc,12,0
7607,Neck of Demon Dragon,6500,7650,estimate,12,0
2603,Necklace,122000,143000,ragnastats,4,0
2623,Necklace,24500,29000,npc,8,0
1008,Necklace of Oblivion,828000,972000,kro,31,3
1007,Necklace of Wisdom,5450,6400,ragnastats,51,3
5442,Necktie,1370500,1608500,ragnastats,2,0
4440,Necromancer Card,138000,162000,kro,4,3
1095,Needle of Alarm,1000,1200,ragnastats,36,36
7213,Needle Packet,11500,14000,kro,36,18
5099,Neko Mimi,0,0,,8,0
1541,Nemesis,161000,189000,kro,4,0
2548,Neo Muffler,92000,108000,kro,4,0
2763,Neo Skull Ring,0,0,,8,0
2137,Neo Valkyrja's Shield,0,0,,8,0
1740,Nepenthes Bow,551500,647500,ragnastats,4,0
4167,Nereid Card,205500,241500,ragnastats,4,3
9038,New Year Doll Egg,0,0,,12,0
12238,New Year Rice Cake,9700,11000,estimate,12,0
12239,New Year Rice Cake,9700,11000,estimate,12,0
7039,Newbie Tag,0,0,,12,0
5686,Nice Hat Feather,0,0,,8,0
7460,Niflheim Express Ticket,1,3,npc,12,0
7102,Nightmare,0,0,,12,3
4127,Nightmare Card,5600000,6574000,ragnastats,2,3
4166,Nightmare Terror Card,183500,215500,kro,22,3
9054,Nightmare Terror Egg,414000,486000,kro,7,0
2658,Nile Rose,460000,540000,kro,4,0
13251,Nimbus Shuriken,6,10,ragnastats,12,0
4159,Nine Tail Card,920000,1080000,kro,2,3
14241,Nine Tail Dish 20 Box,0,0,,12,0
13574,Nine Tail Dish 30 Box,0,0,,12,0
13575,Nine Tail Dish 50 Box,0,0,,12,0
1022,Nine Tails,6400,7550,kro,51,18
11046,Ninja Book Basic,0,0,,12,0
11048,Ninja Book Misc,0,0,,12,0
11047,Ninja Book Practice,0,0,,12,0
2337,Ninja Suit,143000,168000,ragnastats,4,0
2359,Ninja Suit,4714000,5534000,ragnastats,2,0
960,Nipper,1700,2050,kro,51,36
7894,Nitrogen Acid,0,0,,12,0
636,No Recipient,92000,108000,kro,7,3
12314,Noive Box,0,0,,12,0
7819,Nokia 5300,0,0,,12,0
7712,Nokia 5500,0,0,,12,0
941,Nose Ring,660,890,ragnastats,36,18
5151,Note Headphones,69000,81000,ragnastats,8,0
7705,Note of Geologist,0,0,,12,0
2628,Novice Armlet,305,410,npc,8,0
2340,Novice Breastplate,73500,86500,npc,8,0
5055,Novice False Eggshell,69000000,81000000,kro,2,0
2765,Novice Figure,0,0,,8,0
7271,Novice Figure,0,0,,12,0
2112,Novice Guard,0,0,,8,0
1243,Novice Main-Gauche,0,0,,8,0
2512,Novice Manteau,41000,48500,npc,8,0
569,Novice Potion,1,2,npc,12,3
2113,Novice Shield,4600,5400,kro,8,0
2416,Novice Shoes,28500,34000,npc,8,0
2414,Novice Slippers,0,0,,8,0
4334,Noxious Card,73500,86000,kro,6,3
6054,Number 6 Card,0,0,,12,0
2277,Nurse Cap,46000,54000,kro,8,0
7270,Nursing Bottle,40500,47500,ragnastats,36,6
5037,Nut Shell,49000,57500,ragnastats,8,0
12536,NY Rice Cake Soup,0,0,,12,3
2554,Nydhorgg's Shadow Garb,633000,743500,estimate,4,0
7972,Oath Day Letter,0,0,,12,0
4093,Obeaune Card,11000,13000,ragnastats,6,3
12719,Oblivion Curse,1,3,npc,36,3
4338,Obsidian Card,91000,106500,kro,6,3
1248,Obsidian Dagger,8250,9700,npc,8,0
2639,Occult Incense,16500,19000,npc,8,0
5807,October Fest Cap,0,0,,8,0
2353,Odin's Blessing,69000,81000,kro,8,0
4396,Odium of Thanatos Card,170000,199500,kro,4,3
7002,Ogre Tooth,12500,15000,kro,51,18
4254,Ogretooth Card,1085500,1274000,kro,2,3
6216,Oil Bottle,1500,1800,ragnastats,12,3
7151,Oil Paper,2250,2650,ragnastats,27,18
12369,Oilpalm Coconut,17,24,npc,12,3
5408,Old Bandana,0,0,,8,0
603,Old Blue Box,9150,10500,kro,54,6
12701,Old Blue Box,9150,10500,kro,12,0
11004,Old Book,0,0,,12,3
7329,Old Bronze Key,0,0,,12,0
637,Old Broom,358500,421000,kro,22,3
616,Old Card Album,600000,750000,set,32,18
7031,Old Frying Pan,2150,2550,ragnastats,51,36
12244,Old Gift Box,0,0,,12,0
12187,Old Green Box,0,0,,12,0
13825,Old Green Box,0,0,,12,0
2392,Old Green Pantie,0,0,,8,0
7022,Old Hilt,125,170,npc,51,3
1006,Old Magicbook,92000,108000,kro,31,3
7207,Old Manteau,11000,13000,ragnastats,36,18
12702,Old Navy Box,0,0,,12,0
12609,Old Ore Box,0,0,,12,0
7052,Old Papers,0,0,,12,0
7318,Old Pick,11500,14000,kro,36,18
7014,Old Portrait,165500,194000,kro,22,3
617,Old Purple Box,18000,21000,kro,54,18
12186,Old Red Box,0,0,,12,0
12189,Old Red Box,0,0,,12,0
7072,Old Shuriken,354500,416500,ragnastats,22,3
7751,Old White Cloth,31000,36500,ragnastats,36,18
12240,Old Yellow Box,0,0,,12,0
7089,Omen of Tempest,161500,190000,estimate,7,3
7338,One-way Ticket,0,0,,12,0
727,Opal,18000,21500,kro,51,6
2281,Opera Masque,23000,27000,ragnastats,22,0
5043,Opera Phantom Mask,228000,268000,ragnastats,4,0
701,Ora Ora,95000,111500,ragnastats,22,3
582,Orange,2300,2700,kro,36,36
980,Orange Dyestuffs,174000,204500,ragnastats,46,3
1070,Orange Gooey Mushroom,1,3,npc,27,0
620,Orange Juice,184000,216000,kro,7,3
1069,Orange Net Mushroom,1,3,npc,27,0
502,Orange Potion,49,67,ragnastats,12,0
5196,Orange Ribbon,610,825,npc,8,0
1734,Orc Archer Bow,123000,144500,estimate,4,0
4256,Orc Archer Card,102000,120000,ragnastats,4,3
4375,Orc Baby Card,69000,81000,kro,6,3
1043,Orc Claw,340,460,kro,36,18
2299,Orc Helm,27500,32000,kro,8,0
5157,Orc Helm,73500,86000,kro,8,0
5687,Orc Helm,50500,59000,sibling,8,0
4143,Orc Hero Card,184000000,216000000,kro,2,0
4255,Orc Lady Card,87000,102500,kro,6,3
4135,Orc Lord Card,69000000,81000000,kro,2,0
4085,Orc Skeleton Card,138000,162000,kro,5,3
635,Orc Trophy,184000,216000,kro,7,3
4066,Orc Warrior Card,736000,864000,kro,5,3
9017,Orc Warrior Egg,460000,540000,kro,7,0
6178,Orc Warrior Exchange Ticket,0,0,,12,0
4071,Orc Zombie Card,82500,97000,kro,6,3
922,Orc's Fang,1350,1600,kro,36,18
5370,Orchid Hairband,0,0,,8,0
1304,Orcish Axe,92000,108000,kro,4,0
1309,Orcish Axe,69000,81000,kro,8,0
1124,Orcish Sword,46000,54000,kro,8,0
931,Orcish Voucher,425,575,kro,54,36
6042,Ordinary Branch,0,0,,12,0
984,Oridecon,12500,14500,kro,76,72
987,Oridecon Anvil,105500,124000,ragnastats,7,3
1765,Oridecon Arrow,34,47,ragnastats,12,0
12007,Oridecon Arrow Quiver,1,3,npc,36,3
12998,Oridecon Box,0,0,,12,0
615,Oridecon Hammer,303500,356000,kro,7,3
1918,Oriental Lute,22500,26500,ragnastats,8,0
1922,Oriental Lute,22500,26500,sibling,8,0
14526,Oriental Pastry,0,0,,12,0
2701,Orleans's Glove,69000,81000,estimate,8,0
2365,Orleans's Gown,460000,540000,kro,4,0
2123,Orleans's Server,46000,54000,ragnastats,8,0
5684,Ornate Crown,0,0,,8,0
4144,Osiris Card,202400000,237600000,kro,2,0
751,Osiris Doll,230000,270000,kro,31,3
12125,Outdoor Cooking Kit,840,1100,ragnastats,12,6
4238,Owl Baron Card,874000,1026000,kro,4,3
4237,Owl Duke Card,827500,971500,kro,22,3
5004,Oxygen Mask,685000,804000,ragnastats,4,0
10004,Pacifier,82500,97000,kro,18,0
2312,Padded Armor,39500,46500,npc,8,0
2313,Padded Armor,39500,46500,npc,8,0
5299,Pagdayaw,0,0,,8,0
525,Panacea,7350,8600,kro,36,18
5030,Panda Hat,460000,540000,kro,4,0
2339,Pantie,765,1000,npc,8,0
2371,Pantie,765,1000,npc,8,0
4310,Panzer Goblin Card,2668000,3132000,kro,2,3
5225,Parade Hat,0,0,,8,0
12717,Paralyze,1,3,npc,12,3
4309,Parasite Card,675000,792500,ragnastats,4,3
5023,Parcel Hat,300000,352000,ragnastats,4,0
6040,Part of a Report,0,0,,12,0
1457,Partizan,22000,26000,npc,8,0
1458,Partizan,87500,103000,ragnastats,8,0
1459,Partizan,87500,103000,sibling,8,0
5060,Party Hat,160500,188500,ragnastats,4,0
4099,Pasana Card,690000,810000,kro,32,3
7350,Pass,17,24,npc,12,0
13552,Pastry Box,0,0,,12,0
2514,Pauldron,46000,54000,estimate,8,0
7056,Payment Statement for Kafra Employee,1,2,npc,12,3
12249,Payment Statement for Kafra Employee,0,0,,12,0
13842,Payment Statement for Kafra Employee Box,0,0,,12,0
1089,Payon Solution,28500,33500,ragnastats,51,3
12407,PCBang Coupon Box,0,0,,12,0
12091,Peach Cake,155000,182000,ragnastats,7,3
6021,Peaked Hat,2800,3250,ragnastats,36,18
722,Pearl,18000,21500,kro,76,18
4031,Peco Peco Card,828000,972000,kro,5,3
9014,Peco Peco Egg,92000,108000,kro,7,0
4007,Peco Peco Egg Card,138000,162000,kro,4,3
6162,Peco Peco Exchange Ticket,0,0,,12,0
7101,Peco Peco Feather,5950,7000,kro,27,18
13722,Peco Peco Hairband Box,0,0,,12,0
13734,Peco Peco Hairband Box,0,0,,12,0
541,PecoPeco Food,0,0,,12,0
7860,Peeps,2550,3000,estimate,12,0
7226,Pellet,21500,25500,ragnastats,36,3
738,Pencil Case,340,460,npc,12,3
6003,Pendant of Spirit,0,0,,12,3
4314,Penomena Card,3675000,4314500,kro,2,3
7289,Peridot,12000,14000,ragnastats,36,6
4311,Permeter Card,101000,118500,kro,4,3
5781,Persika,0,0,,8,0
4315,Pest Card,500500,588000,ragnastats,4,3
13701,Pet Egg Scroll 12,0,0,,12,0
13702,Pet Egg Scroll 13,0,0,,12,0
13703,Pet Egg Scroll 14,0,0,,12,0
13526,Pet Egg Scroll Box 12,0,0,,12,0
13527,Pet Egg Scroll Box 13,0,0,,12,0
13528,Pet Egg Scroll Box 14,0,0,,12,0
13529,Pet Egg Scroll Box 15,0,0,,12,0
13530,Pet Egg Scroll Box 16,0,0,,12,0
13708,Pet Egg Scroll E,0,0,,12,0
537,Pet Food,235,320,ragnastats,51,6
643,Pet Incubator,2250,2650,ragnastats,12,3
10027,Pet Soul Ring,0,0,,12,0
12434,Petite Tail Noodles,126500,148500,kro,32,3
6260,Petite's Tail,6400,7550,kro,18,3
5012,Ph.D Hat,90500,106000,ragnastats,8,0
5347,Ph.D Hat,2731000,3206000,ragnastats,2,0
5810,Ph.D Hat V,0,0,,8,0
4148,Pharaoh Card,915400000,1074600000,kro,2,0
4077,Phen Card,460000,540000,kro,5,3
4329,Phendark Card,179500,210500,ragnastats,22,3
7290,Phlogopite,9300,10500,ragnastats,36,6
5271,Phoenix Crown,0,0,,8,0
1010,Phracon,9200,10500,kro,51,6
4121,Phreeoni Card,216200000,253800000,kro,2,0
5148,Phrygian Cap,0,0,,8,0
7184,Piano Key,1,2,npc,27,0
4008,Picky Card,184000,216000,kro,4,3
9005,Picky Egg,92000,108000,kro,7,0
4011,Picky Egg Card,184000,216000,kro,4,3
6161,Picky Exchange Ticket,0,0,,12,0
7150,Piece of Bamboo,1350,1600,ragnastats,12,18
7205,Piece of Black Cloth,44000,51500,kro,36,18
539,Piece of Cake,28500,34000,kro,51,36
7703,Piece of Cogwheel,2350,2800,estimate,12,0
7032,Piece of Egg Shell,1600,1900,ragnastats,36,18
7108,Piece of Shield,137000,160500,kro,7,0
6092,Piece Of Singing Crystal,8000,9400,ragnastats,12,0
5559,Piece Of White Cloth,386400000,453600000,kro,2,0
1626,Piercing Staff,46000,54000,ragnastats,8,0
14596,Pierre's Treasure Box,1,2,npc,12,0
1407,Pike,2850,3350,npc,8,0
1408,Pike,2850,3350,npc,11,0
1409,Pike,0,0,,8,0
1549,Pile Bunker,8250,9700,npc,8,0
16031,Pile Bunker P,0,0,,8,0
16030,Pile Bunker S,0,0,,8,0
16032,Pile Bunker T,0,0,,8,0
14523,Pill,0,0,,12,0
13549,Pill Box,0,0,,12,0
679,Pilule,1353500,1589000,ragnastats,4,3
7269,Pinafore,13000,15000,ragnastats,36,18
7202,Pincher of Beetle,845,1100,ragnastats,12,18
6265,Pineapple,11500,13500,ragnastats,12,3
13263,Pineapple Bomb,0,0,,12,0
6280,Pineapple Bomb Guidebook,0,0,,12,3
11521,Pingui Berry Juice,0,0,,12,3
2745,Pinguicula Corsage,377500,443500,ragnastats,4,0
5507,Pink Night Cap,0,0,,8,0
5194,Pink Ribbon,610,825,npc,8,0
5458,Pinwheel Hat,0,0,,8,0
2268,Pipe,432000,507500,kro,4,0
2287,Pirate Bandana,92000,108000,kro,4,0
5350,Pirate Bandana,92000,108000,kro,4,0
5804,Pirate Eye Bandage,765,1000,npc,8,0
4073,Pirate Skeleton Card,82500,97000,kro,6,3
5515,Pisces Crown,3950500,4637500,ragnastats,2,0
5514,Pisces Diadem,2741000,3217500,ragnastats,2,0
4335,Pitman Card,12500,15000,ragnastats,6,3
589,Pizza,0,0,,12,0
12195,Plain Rice Cake,1600,1850,ragnastats,12,3
4024,Plankton Card,300000,352500,ragnastats,4,3
7137,Plant Bottle,425,575,kro,12,0
7130,Plant Bottle Creation Guide,66000,77500,ragnastats,12,3
6109,Plant Neutrient,0,0,,12,3
4389,Plasma Card,1794000,2106000,kro,2,3
7230,Platinum Bullion,1092000,1282000,ragnastats,4,3
677,Platinum Coin,0,0,,12,0
2122,Platinum Shield,6440000,7560000,kro,2,0
13404,Platinum Shotel,41000,48500,kro,8,0
7520,Please Be Rich,0,0,,12,0
2717,Pocket Watch,138000,162000,kro,4,0
7513,Pocket Watch,138000,162000,kro,7,0
906,Pointed Scale,1800,2150,kro,51,36
1763,Poison Arrow,25,35,ragnastats,12,0
678,Poison Bottle,4600,5400,kro,54,3
7937,Poison Herb Amoena,4650,5450,ragnastats,12,3
7934,Poison Herb Makulata,1,2,npc,12,3
7932,Poison Herb Nerium,1,2,npc,12,3
7933,Poison Herb Rantana,4900,5800,ragnastats,12,3
7936,Poison Herb Scoporia,4350,5100,ragnastats,12,3
7935,Poison Herb Seratum,92000,108000,kro,22,3
7931,Poison Kit,49500,58000,ragnastats,12,3
1239,Poison Knife,184000,216000,kro,4,0
13016,Poison Knife,184000,216000,kro,4,0
13205,Poison Sphere,62,86,ragnastats,12,0
12146,Poison Sphere Pack,1,3,npc,12,3
7033,Poison Spore,920,1050,kro,76,36
4048,Poison Spore Card,91500,107500,kro,6,3
9013,Poison Spore Egg,138000,162000,kro,7,0
6165,Poison Spore Exchange Ticket,0,0,,12,0
7154,Poisonous Powder,135,185,ragnastats,36,18
4175,Poisonous Toad Card,984000,1155500,kro,2,3
7155,Poisonous Toad Skin,5200,6150,ragnastats,51,18
5087,Poker Face,44000,51500,ragnastats,8,0
1417,Pole Axe,69000,81000,ragnastats,8,0
1431,Pole Axe,69000,81000,sibling,8,0
1432,Pole Axe,69000,81000,sibling,8,0
2289,Poo Poo Hat,73500,86000,kro,11,0
5413,Pop Corn Hat,0,0,,8,0
12379,Pope Cookie,8,12,npc,12,36
4033,Poporing Card,82500,97000,kro,6,3
9003,Poporing Egg,92000,108000,kro,7,0
6159,Poporing Exchange Ticket,0,0,,12,0
4337,Porcellio Card,1495000,1755000,kro,3,3
1027,Porcupine Quill,475,645,ragnastats,51,18
12109,Poring Box,348500,409500,ragnastats,7,3
5415,Poring Cake Hat,0,0,,8,0
5487,Poring Cake Hat,0,0,,8,0
5590,Poring Cake Hat,0,0,,8,0
4001,Poring Card,82500,97000,kro,6,3
741,Poring Doll,1650,1900,kro,51,3
9001,Poring Egg,175000,205500,ragnastats,7,0
6157,Poring Exchange Ticket,0,0,,12,0
5035,Poring Hat,230000,270000,kro,4,0
12021,Pork,0,0,,12,0
7482,Pot,170,230,ragnastats,12,3
516,Potato,12,18,kro,51,36
12831,Potion Box,0,0,,12,0
7144,Potion Creation Guide,73000,85500,ragnastats,12,3
924,Powder of Butterfly,400,545,ragnastats,51,36
13826,Power Box 1,0,0,,12,0
13827,Power Box 2,0,0,,12,0
12752,Prayer Scroll,0,0,,12,0
7608,Premium Ticket,0,0,,12,0
2293,Pretend Murdered,59500,70000,ragnastats,8,0
590,Pretzel,0,0,,12,0
12193,Pretzel,0,0,,12,0
12711,Pretzel,0,0,,12,0
576,Prickly Fruit,6900,8100,kro,36,18
1240,Princess Knife,2194000,2575500,ragnastats,2,0
1572,Principles of Magic,46000,54000,ragnastats,8,0
12256,PRO Gift Box,0,0,,12,0
12127,Professional Cooking Kit,15500,18500,ragnastats,12,3
7179,Proof of Donation,0,0,,12,0
6304,Proof Of Sapha's Honor,0,0,,12,0
11513,Protect Neck Candy,480,650,ragnastats,36,3
535,Pumpkin,2,4,ragnastats,27,36
7225,Pumpkin Lantern,6300,7400,ragnastats,36,18
7609,Pumpkin Mojo,1,2,npc,12,0
6097,Pumpkin Pie,17,24,ragnastats,12,3
12192,Pumpkin Pie,840,1100,ragnastats,12,0
5134,Pumpkin-Head,2344000,2752000,ragnastats,2,0
10008,Punisher,1656000,1944000,kro,4,0
4313,Punk Card,184000,216000,kro,4,3
4003,Pupa Card,483000,567000,kro,4,3
740,Puppet,920,1050,kro,51,6
5182,Puppy Hat,2706000,3176500,ragnastats,2,0
5454,Puppy Hat,2706000,3176500,sibling,2,0
5118,Puppy Headband,460000,540000,kro,4,0
5008,Puppy Love,92000,108000,kro,4,0
11517,Puri Potion,17,24,npc,12,3
5409,Purple Cowboy Hat,0,0,,8,0
5816,Purple Cowboy Hat,0,0,,8,0
2242,Purple Glasses,22000,25500,kro,8,0
5051,Pussy Cat Bell,0,0,,8,0
14528,PVP Teleport Scroll,0,0,,12,0
13569,PVP Teleport Scroll Box,0,0,,12,0
12722,Pyrexia,14500,17000,kro,12,3
7296,Pyroxene,280000,329000,ragnastats,22,3
1527,Quadrille,1549000,1818500,ragnastats,2,0
14277,Quagmire Scroll 10 Box,0,0,,12,0
14278,Quagmire Scroll 30 Box,0,0,,12,0
14279,Quagmire Scroll 50 Box,0,0,,12,0
6326,Queen Wing Piece,230000,270000,kro,7,3
10032,Queen's Coronet,0,0,,12,0
10006,Queen's Hair Ornament,1840000,2160000,kro,4,0
1970,Queen's Whip,82500,97000,kro,8,0
1976,Queen's Whip,46000,54000,kro,8,0
12552,Quest Tele Scroll,0,0,,12,0
12004,Quiver,1250,1450,ragnastats,12,3
7185,Quiz Entry,0,0,,12,0
4294,Quve Card,690000,810000,kro,4,3
5568,Rabbit Bonnet,0,0,,8,0
5593,Rabbit Bonnet,0,0,,8,0
5520,Rabbit Earplugs,0,0,,8,0
754,Raccoon Doll,36500,43000,kro,51,3
5033,Raccoon Hat,59500,70000,ragnastats,8,0
945,Raccoon Leaf,360,490,ragnastats,51,18
11526,Rafflecino,0,0,,12,3
4083,Rafflesia Card,184000,216000,kro,4,3
2508,Ragamuffin Manteau,51500,60000,kro,11,0
4436,Ragged Zombie Card,92000,108000,kro,4,3
4186,Raggler Card,712500,836000,ragnastats,4,3
2712,Ragnarok Limited Edition,0,0,,8,0
7145,Ragnarok T-shirt,1,2,npc,12,0
12124,Rainbow Cake,20500,24000,ragnastats,12,3
622,Rainbow Carrot,229500,269000,kro,22,3
5039,Rainbow Eggshell,4568500,5363000,ragnastats,2,0
1013,Rainbow Shell,1000,1200,ragnastats,51,36
6321,Rakehorn Helm,695,945,npc,12,3
685,Ramadan,0,0,,12,0
13725,Ramen Hat Box,0,0,,12,0
13737,Ramen Hat Box,0,0,,12,0
4407,Randgris Card,215960000,253518000,estimate,2,0
12104,Random Quiver,80500,94500,ragnastats,12,3
1956,Rante Whip,26000,31000,npc,8,0
1957,Rante Whip,69500,81500,ragnastats,8,0
12578,Rapid Life Water,0,0,,12,0
1110,Rapier,8250,9700,npc,8,0
1111,Rapier,9600,11000,ragnastats,8,0
1112,Rapier,9600,11000,sibling,8,0
1963,Rapture Rose,46000,54000,ragnastats,22,0
12738,Rare Rune,2500,2950,kro,12,3
1016,Rat Tail,3200,3750,kro,36,18
544,Raw Fish,545,740,ragnastats,12,3
4187,Raydric Archer Card,73500,86000,kro,6,3
4133,Raydric Card,1748000,2052000,kro,3,3
7181,Receipt,0,0,,27,0
2275,Red Bandana,673500,790500,ragnastats,4,0
7447,Red Bijou,18000,21500,kro,36,6
990,Red Blood,1800,2150,kro,51,6
5109,Red Bonnet,0,0,,8,0
12509,Red Butterfly Wing,0,0,,12,0
14584,Red Butterfly Wing,0,0,,12,0
13853,Red Butterfly Wing 5 Box,0,0,,12,0
13854,Red Butterfly Wing Box,0,0,,12,0
12143,Red Can,0,0,,12,0
7286,Red Chile,17,24,npc,36,6
9035,Red Deleter Egg,2684000,3151000,ragnastats,4,0
668,Red Envelope,1,2,npc,12,3
12134,Red Envelope,1,2,npc,12,0
7440,Red Feather,292500,343500,ragnastats,22,3
4380,Red Ferus Card,598000,702000,kro,4,3
1965,Red Flame Whip,9250,10500,ragnastats,11,0
734,Red Frame,2750,3200,ragnastats,36,6
716,Red Gemstone,425,575,kro,76,36
13723,Red Glasses Box,0,0,,12,0
13735,Red Glasses Box,0,0,,12,0
507,Red Herb,1350,1600,kro,51,72
7813,Red Jenoss's Family Ring,0,0,,12,0
5435,Red Minstrel Hat,0,0,,8,0
7216,Red Muffler,2150,2550,ragnastats,36,18
12076,Red Mushroom Wine,60000,70500,ragnastats,12,3
4383,Red Novus Card,96000,112500,ragnastats,4,3
501,Red Potion,12,18,ragnastats,27,0
12024,Red Pouch,0,0,,12,0
587,Red Prickly Fruit,1700,2000,ragnastats,12,18
11522,Red Raffle Sap,1250,1500,ragnastats,12,3
5083,Red Ribbon,4140000,4860000,kro,2,0
5195,Red Ribbon,610,825,npc,8,0
10019,Red Scarf,276000,324000,kro,7,0
2700,Red Silk Seal,56500,66500,ragnastats,8,0
7456,Red Spice,920,1050,npc,12,3
16001,Red Square Bag,244500,287000,ragnastats,4,0
7034,Red Stocking,85,115,npc,12,36
2442,Red Stocking Boots,0,0,,8,0
5801,Red Tailed Ribbon,0,0,,8,0
5690,Red Wing Hat,0,0,,8,0
13658,Refined Apple of Archer Box,0,0,,12,0
13657,Refined Ashura Box,0,0,,12,0
13655,Refined Ballista Box,0,0,,12,0
13783,Refined Bloodied Shackle Ball Box,0,0,,12,0
13802,Refined Bloodied Shackle Ball Box,0,0,,12,0
1373,Refined Bloody Axe,0,0,,8,0
13506,Refined Bloody Axe Box,0,0,,12,0
13680,Refined Bloody Axe Box,0,0,,12,0
1273,Refined Bloody Roar,0,0,,8,0
13771,Refined Bloody Roar Box,0,0,,12,0
13790,Refined Bloody Roar Box,0,0,,12,0
6090,Refined Bradium,18000,21500,kro,36,6
1424,Refined Brocca,0,0,,8,0
13767,Refined Brocca Box,0,0,,12,0
13786,Refined Brocca Box,0,0,,12,0
13669,Refined Brooch Box,0,0,,12,0
13659,Refined Bunny Band Box,0,0,,12,0
13649,Refined Combat Knife Box,0,0,,12,0
13782,Refined Corsair Box,0,0,,12,0
13801,Refined Corsair Box,0,0,,12,0
13664,Refined Critical Ring Box,0,0,,12,0
13683,Refined Cutlus Box,0,0,,12,0
13650,Refined Dagger of Counter Box,0,0,,12,0
13780,Refined Dark Blinder Box,0,0,,12,0
13799,Refined Dark Blinder Box,0,0,,12,0
5281,Refined Deviruchi Hat,0,0,,8,0
13504,Refined Deviruchi Hat Box,0,0,,12,0
13678,Refined Deviruchi Hat Box,0,0,,12,0
5279,Refined Drooping Cat,0,0,,8,0
13502,Refined Drooping Cat Box,0,0,,12,0
13676,Refined Drooping Cat Box,0,0,,12,0
13781,Refined Drooping Cat Box,0,0,,12,0
13800,Refined Drooping Cat Box,0,0,,12,0
13665,Refined Earring Box,0,0,,12,0
13662,Refined Elven Ears Box,0,0,,12,0
13648,Refined Excalibur Box,0,0,,12,0
13679,Refined Executioner Box,0,0,,12,0
13408,Refined Fireblend,460000,540000,kro,4,0
13773,Refined Fireblend Box,0,0,,12,0
13792,Refined Fireblend Box,0,0,,12,0
13668,Refined Glove Box,0,0,,12,0
13661,Refined Grand Circlet Box,0,0,,12,0
1378,Refined Great Axe,0,0,,8,0
13770,Refined Great Axe Box,0,0,,12,0
13789,Refined Great Axe Box,0,0,,12,0
1567,Refined Hardcover Book,0,0,,8,0
13772,Refined Hardcover Book Box,0,0,,12,0
13791,Refined Hardcover Book Box,0,0,,12,0
5327,Refined Helmet of Orc Hero,0,0,,8,0
13778,Refined Helmet of Orc Hero Box,0,0,,12,0
13797,Refined Helmet of Orc Hero Box,0,0,,12,0
13409,Refined Immaterial Sword,460000,540000,kro,4,0
13774,Refined Immaterial Sword Box,0,0,,12,0
13793,Refined Immaterial Sword Box,0,0,,12,0
13646,Refined Infiltrator Box,0,0,,12,0
13651,Refined Kaiser Knuckle Box,0,0,,12,0
13654,Refined Light Epsilon Box,0,0,,12,0
13025,Refined Mailbreaker,0,0,,8,0
13512,Refined Mailbreaker Box,0,0,,12,0
13686,Refined Mailbreaker Box,0,0,,12,0
13677,Refined Majestic Goat Box,0,0,,12,0
13777,Refined Masquerade Box,0,0,,12,0
13796,Refined Masquerade Box,0,0,,12,0
13653,Refined Mighty Staff Box,0,0,,12,0
13687,Refined Moonlight Dagger Box,0,0,,12,0
13647,Refined Muramasa Box,0,0,,12,0
13407,Refined Nagan,0,0,,8,0
13766,Refined Nagan Box,0,0,,12,0
13785,Refined Nagan Box,0,0,,12,0
13667,Refined Necklace Box,0,0,,12,0
13652,Refined Pole Axe Box,0,0,,12,0
1537,Refined Quadrille,0,0,,8,0
13769,Refined Quadrille Box,0,0,,12,0
13788,Refined Quadrille Box,0,0,,12,0
13666,Refined Ring Box,0,0,,12,0
13663,Refined Romantic Flower Box,0,0,,12,0
13670,Refined Rosary Box,0,0,,12,0
13682,Refined Rudra Bow Box,0,0,,12,0
13671,Refined Safety Ring Box,0,0,,12,0
13656,Refined Sage's Diary Box,0,0,,12,0
13660,Refined Sakkat Box,0,0,,12,0
13684,Refined Solar Sword Box,0,0,,12,0
13784,Refined Spiritual Ring Box,0,0,,12,0
13803,Refined Spiritual Ring Box,0,0,,12,0
13776,Refined Survivor's Manteau Box,0,0,,12,0
13795,Refined Survivor's Manteau Box,0,0,,12,0
1628,Refined Survivor's Rod,147000,172500,kro,4,0
13768,Refined Survivor's Rod Box,0,0,,12,0
13787,Refined Survivor's Rod Box,0,0,,12,0
13024,Refined Swordbreaker,0,0,,8,0
13511,Refined Swordbreaker Box,0,0,,12,0
13685,Refined Swordbreaker Box,0,0,,12,0
13681,Refined Tomahawk Box,0,0,,12,0
1274,Refined Unholy Touch,0,0,,8,0
13775,Refined Unholy Touch Box,0,0,,12,0
13794,Refined Unholy Touch Box,0,0,,12,0
13672,Refined Vesper Core 01 Box,0,0,,12,0
13673,Refined Vesper Core 02 Box,0,0,,12,0
13674,Refined Vesper Core 03 Box,0,0,,12,0
13675,Refined Vesper Core 04 Box,0,0,,12,0
13779,Refined Wing of Diablo Box,0,0,,12,0
13798,Refined Wing of Diablo Box,0,0,,12,0
13688,Refined Wrench Box,0,0,,12,0
7625,Registration Ticket,0,0,,12,0
6144,Regrettable Tears,3200,3750,ragnastats,12,3
1064,Reins,9500,11000,ragnastats,36,18
1630,Release of Wish,48500,57000,ragnastats,8,0
4353,Remover Card,174500,205000,kro,4,3
2667,Renown Archer's Gloves,0,0,,8,0
5108,Renown Detective's Cap,0,0,,8,0
12392,Repair A,0,0,,12,3
12393,Repair B,0,0,,12,3
12394,Repair C,0,0,,12,3
2807,Repair Kit,377500,443500,ragnastats,4,0
1721,Repeating Crossbow,73500,86500,npc,8,0
903,Reptile Tongue,3600,4250,ragnastats,36,18
2681,Republic Anniversary Ring,0,0,,8,0
7402,Republik,0,0,,12,0
4104,Requiem Card,44000,51500,ragnastats,6,3
7347,Research Chart,1800,2150,kro,36,18
7755,Research Note,0,0,,12,0
6385,Research Tool Bag,0,0,,12,0
907,Resin,4500,5250,kro,51,36
13828,Resist Box 1,0,0,,12,0
13829,Resist Box 2,0,0,,12,0
2208,Ribbon,680,920,kro,8,0
2209,Ribbon,92000,108000,kro,4,0
5793,Ribbon Of Life,0,0,,8,0
564,Rice Ball,595,805,ragnastats,12,18
7272,Rice Ball Doll,425,575,npc,12,0
5575,Rice Ball Hat,0,0,,8,0
550,Rice Cake,1650,1950,ragnastats,12,36
6183,Rice Cake Exchange Ticket,0,0,,12,0
12378,Rice Cake Soup,0,0,,12,0
556,Rice Cake Stick,3550,4150,ragnastats,12,0
7869,Rice Pouch,0,0,,12,0
2529,Rider Insignia,520000,610500,ragnastats,4,0
2530,Rider Insignia,520000,610500,sibling,4,0
4185,Rideword Card,276000,324000,kro,4,3
5208,Rideword Hat,0,0,,8,0
2601,Ring,92000,108000,kro,4,0
2621,Ring,27500,32000,kro,11,0
10031,Ring Of Death,0,0,,12,0
2685,Ring of Earth,0,0,,8,0
2683,Ring of Fire,0,0,,8,0
2678,Ring Of Flame Lord,11500000,13500000,kro,3,0
2679,Ring Of Resonance,9200000,10800000,kro,3,0
12579,Ring Of Valkyrie Box,0,0,,12,0
2682,Ring of Water,0,0,,8,0
2684,Ring of Wind,0,0,,8,0
1122,Ring Pommel Saber,19500,23000,npc,8,0
1125,Ring Pommel Saber,70000,82500,ragnastats,8,0
7090,Ripple,1,2,npc,12,3
2669,RJC Necklace,0,0,,8,0
7360,RO Festival Invitation,0,0,,12,0
11707,Roast Beef,0,0,,12,0
2343,Robe of Cast,103000,121000,npc,4,0
2360,Robe of Cast,103000,121000,npc,4,0
5325,Robo Eye,69000,81000,kro,8,0
5248,Robotic Blindfold,0,0,,8,0
5250,Robotic Ears,0,0,,8,0
4021,Rocker Card,97000,114000,kro,4,3
752,Rocker Doll,45000,52500,kro,51,6
9011,Rocker Egg,230000,270000,kro,7,0
6176,Rocker Exchange Ticket,0,0,,12,0
10014,Rocker Glasses,37500,44000,ragnastats,12,0
1601,Rod,42,58,kro,8,0
1602,Rod,18000,21500,kro,8,0
1603,Rod,460000,540000,kro,4,0
4014,Roda Frog Card,234500,275000,kro,4,3
2620,Rogue's Treasure,8250,9700,npc,8,0
1719,Roguemaster's Bow,1926000,2261000,ragnastats,2,0
7729,Rok Star Badge,0,0,,12,0
7905,Rok Star Badge,0,0,,12,0
13154,Rolling Stone,9900,11500,npc,8,0
2269,Romantic Flower,4600,5400,kro,8,0
2247,Romantic Gent,27500,32000,kro,8,0
2270,Romantic Leaf,4600,5400,kro,11,0
7082,Root of Stone,161500,190000,estimate,7,3
1950,Rope,2050,2400,npc,8,0
1951,Rope,2050,2400,npc,8,0
2608,Rosary,13500,16000,kro,34,0
2626,Rosary,27500,32000,kro,11,0
7293,Rose Quartz,361000,424000,ragnastats,7,3
4192,Rotar Zairo Card,1378500,1618500,ragnastats,2,3
930,Rotten Bandage,1350,1600,kro,51,36
624,Rotten Fish,34000,40000,ragnastats,36,3
7564,Rotten Meat,595,805,kro,36,18
739,Rouge,18500,22000,ragnastats,36,6
757,Rough Elunium,3450,4100,kro,76,18
756,Rough Oridecon,1800,2150,kro,76,18
996,Rough Wind,11000,12500,kro,51,6
5251,Round Ears,0,0,,8,0
6393,Round Feather,1250,1500,kro,12,3
1096,Round Shell,1800,2150,kro,36,18
4422,Roween Card,92000,108000,kro,5,3
7176,Royal Certificate,0,0,,12,0
12128,Royal Cooking Kit,1267500,1488000,ragnastats,11,3
12078,Royal Family Tea,48000,56500,ragnastats,12,3
526,Royal Jelly,16500,19000,kro,76,18
13516,Royal Jelly Box,0,0,,12,0
13762,Royal Jelly Box,0,0,,12,0
12747,Royal Scroll,0,0,,12,0
4342,RSX-0806 Card,92000000,108000000,kro,2,0
13421,Ruber,115000,135000,kro,4,0
723,Ruby,5500,6450,ragnastats,51,6
5742,Rudolph Santa Hat,5062000,5942500,ragnastats,2,0
5204,Rudolph's Nose,4600000,5400000,kro,2,0
1720,Rudra Bow,46000,54000,estimate,8,0
1729,Rudra Bow,0,0,,8,0
18101,Rudra Bow,0,0,,8,0
18102,Rudra Bow,0,0,,8,0
13508,Rudra Bow Box,0,0,,12,0
5585,Rune Cloth Circlet,0,0,,8,0
12401,Rune Kn Test Int,0,0,,12,0
7511,Rune of Darkness,4400,5150,kro,51,36
11005,Rune Royal Family Book,0,0,,12,3
12319,Rune Strawberry Cake,0,0,,12,0
1762,Rusty Arrow,11,17,ragnastats,12,0
12015,Rusty Arrow Quiver,30500,36000,ragnastats,12,3
625,Rusty Iron,82500,97000,kro,12,3
7208,Rusty Kitchen Knife,25500,30000,ragnastats,36,18
7317,Rusty Screw,1350,1600,kro,51,36
7273,RWC Necklace,0,0,,12,0
7922,RWC Voucher Items,0,0,,12,0
4194,Rybio Card,92000,108000,kro,22,3
1365,Sabbath,46000,54000,ragnastats,8,0
1126,Saber,45000,52500,kro,8,0
1127,Saber,115000,135000,kro,4,0
7635,Sachet,0,0,,12,0
2638,Sacred Incense,16500,19000,npc,8,0
2111,Sacred Mission,116500,137000,kro,7,0
2128,Sacred Mission,118500,139000,kro,4,0
2653,Sacrifice Ring,0,0,,8,0
2413,Safety Boots,0,0,,8,0
5009,Safety Helmet,45500,53500,ragnastats,8,0
2615,Safety Ring,460000,540000,kro,4,0
7627,Sage Key,0,0,,12,0
4219,Sage Worm Card,1416000,1662000,ragnastats,2,3
1560,Sage's Diary,2366000,2777500,ragnastats,2,0
7746,Sago,3800,4500,estimate,12,0
5691,Sailor's Bandana,0,0,,8,0
2325,Saint's Robe,49500,58000,kro,8,0
2326,Saint's Robe,55000,64500,kro,8,0
2280,Sakkat,18000,21500,ragnastats,8,0
11711,Sakura Milk Tea,0,0,,12,0
5524,Sakura Milk Tea Hat,0,0,,8,0
11710,Sakura Mist,0,0,,12,0
5523,Sakura Mist Hat,0,0,,8,0
4429,Salamander Card,257500,302000,kro,4,3
12197,Salty Rice Cake,1800,2150,kro,12,3
6389,Sample Of Puddle Research,0,0,,12,0
4263,Samurai Spector Card,124260500,145871500,estimate,2,0
7124,Sand Clump,3550,4200,kro,36,18
2401,Sandals,340,460,kro,8,0
2402,Sandals,1610000,1890000,kro,2,0
4101,Sandman Card,524000,615500,kro,4,3
13035,Sandstorm,35500,41500,estimate,8,0
2236,Santa Hat,47500,56000,ragnastats,22,0
4005,Santa Poring Card,146000,171500,kro,5,3
12132,Santa's Bag,919500,1079500,kro,7,3
5811,Santa's Beard,563500,661500,ragnastats,4,0
2346,Saphien's Armor of Ocean,165500,194000,kro,4,0
2347,Saphien's Armor of Ocean,165500,194000,kro,4,0
726,Sapphire,5500,6450,ragnastats,51,18
725,Sardonyx,53000,62000,ragnastats,36,3
1144,Sashimi,1322000,1552000,ragnastats,2,0
4216,Sasquatch Card,781500,917000,ragnastats,4,3
5247,Satanic Helm,0,0,,8,0
5212,Satellite Hairband,0,0,,8,0
4017,Savage Babe Card,51000,60000,ragnastats,6,3
9009,Savage Babe Egg,276000,324000,kro,7,0
6163,Savage Babe Exchange Ticket,0,0,,12,0
5572,Savage Babe Hat,0,0,,8,0
4078,Savage Card,46000,54000,kro,6,3
12429,Savage Full Roast,138000,162000,kro,32,3
6249,Savage Meat,85,115,npc,18,3
7454,Savory Sauce,595,805,npc,12,3
6388,Scale Sample,0,0,,12,0
936,Scale Shell,18000,21500,kro,36,18
13027,Scalpel,31000,36500,ragnastats,11,0
2323,Scapulare,5350,6300,npc,8,0
2324,Scapulare,5350,6300,npc,8,0
975,Scarlet Dyestuffs,191500,224500,ragnastats,31,3
6360,Scarlet Point,85,115,npc,12,3
911,Scell,135,185,ragnastats,36,72
12320,Schwarzwald Pine Jubilee,0,0,,12,0
1167,Schweizersabel,174500,205000,ragnastats,4,0
1178,Schweizersabel,2373500,2786500,ragnastats,2,0
1113,Scimitar,14000,16500,npc,8,0
1114,Scimitar,14000,16500,npc,8,0
1115,Scimitar,0,0,,8,0
4068,Scorpion Card,151500,178000,ragnastats,4,3
7125,Scorpion Claw,1350,1600,kro,36,18
4130,Scorpion King Card,0,0,,6,3
1046,Scorpion Nipper,520,705,npc,12,3
904,Scorpion Tail,1800,2150,kro,51,36
12108,Scroll Package,35000,41500,ragnastats,12,3
5692,Sea Cat Hat,0,0,,8,0
1973,Sea Witch's Foot,5000,5850,ragnastats,11,0
4326,Sea-Otter Card,82500,97000,kro,6,3
7065,Sea-Otter Fur,9100,10500,kro,51,18
5078,Sea-Otter Hat,2408000,2827000,ragnastats,2,0
6346,Seagate Mark,0,0,,12,0
4312,Seal Card,638000,748500,ragnastats,4,3
5556,Seal Hat,920000,1080000,kro,2,0
7756,Sealed Book,0,0,,12,0
7777,Sealed Golden Box,0,0,,12,0
6028,Sealed Scroll,0,0,,12,0
7778,Sealed Silver Box,0,0,,12,0
12054,Seasoned Jellyfish,3650,4300,kro,12,3
12042,Seasoned Sticky Webfoot,12000,14000,ragnastats,12,3
14552,Seasoned Sticky Webfoot,12000,14000,sibling,12,0
12138,Second Stage Prize,0,0,,12,0
7140,Seed of Life,55000,64500,npc,12,3
6210,Seed Of Thorny Plant,109500,128500,ragnastats,7,3
4414,Seeker Card,1130000,1326500,ragnastats,2,3
1821,Seismic Fist,699500,821500,ragnastats,4,0
7399,Selamat,0,0,,12,0
5355,Selendang,0,0,,8,0
2643,Serin's Gold Ring,37000,43500,npc,8,0
7867,Sesame Bag,0,0,,12,0
12122,Sesame Pastry,34000,40000,ragnastats,12,3
4358,Seyren Windsor Card,920000,1080000,kro,2,3
12548,Shabby Purchase Street Stall License,1500,1800,ragnastats,12,0
2408,Shackles,42000,49000,ragnastats,11,0
12013,Shadow Arrow Quiver,20000,23500,ragnastats,12,3
2135,Shadow Guard,1380000,1620000,kro,2,0
7524,Shadow Orb,255,345,ragnastats,12,3
2426,Shadow Walk,92000,108000,kro,7,0
5665,Shaman Hat,0,0,,8,0
2803,Shape Shifter,82500,97000,npc,8,0
1764,Sharp Arrow,22,30,ragnastats,12,0
7100,Sharp Leaf,2150,2550,ragnastats,36,36
13253,Sharp Leaf Shuriken,34,47,ragnastats,12,0
7112,Sharp Paper,1600,1850,ragnastats,36,18
963,Sharp Scale,1050,1250,ragnastats,36,36
1260,Sharpened Legbone of Ghoul,96000,113000,ragnastats,4,0
5213,Sheila Hairnet,0,0,,8,0
935,Shell,425,575,kro,51,36
4273,Shell Fish Card,32000,37500,ragnastats,6,3
2105,Shield,51500,60000,kro,8,0
2106,Shield,55000,64500,kro,8,0
13562,Shield Card Pet Egg Scroll,0,0,,12,0
13522,Shield Card Pet Egg Scroll Box,0,0,,12,0
2134,Shield of Naga,184000,216000,kro,7,0
6222,Shining Beads,0,0,,12,0
954,Shining Scale,1700,2050,kro,51,18
7109,Shining Spear Blade,2208000,2592000,kro,4,0
640,Shining Stone,161000,189000,kro,7,3
4230,Shinobi Card,402000,472000,ragnastats,4,3
9044,Shinobi Egg,1018500,1196000,ragnastats,4,0
2654,Shinobi Sash,15000,18000,ragnastats,11,0
12071,Shiny Marinade Beef,8050,9450,ragnastats,12,3
5274,Shiny Wig,0,0,,8,0
12357,Shiny Wing Gown,17,24,npc,12,0
2403,Shoes,3200,3750,kro,8,0
2404,Shoes,9200,10500,kro,8,0
13563,Shoes Card Pet Egg Scroll,0,0,,12,0
13523,Shoes Card Pet Egg Scroll Box,0,0,,12,0
711,Shoot,18000,21500,kro,51,18
18100,Shooting Star,0,0,,8,0
1094,Short Daenggie,3550,4200,ragnastats,36,18
7196,Shoulder Protector,580,790,ragnastats,51,18
5510,Shower Cap,0,0,,8,0
567,Shrimp,295,400,ragnastats,36,6
13250,Shuriken,3,5,ragnastats,12,0
5535,Side Cap,0,0,,8,0
4117,Sidewinder Card,3219500,3779500,kro,3,3
12415,Siege Teleport Scroll Silver,0,0,,12,0
5592,Sigrun's Wings,0,0,,8,0
7051,Silk Mat,0,0,,12,0
10007,Silk Ribbon,10000,12000,kro,27,0
2321,Silk Robe,6600,7750,npc,8,0
2322,Silk Robe,6600,7750,npc,11,0
1751,Silver Arrow,2,4,ragnastats,12,0
12009,Silver Arrow Quiver,16000,18500,ragnastats,36,3
13727,Silver Box,0,0,,12,0
13201,Silver Bullet,5,7,ragnastats,12,0
7229,Silver Bullion,546000,641000,ragnastats,7,3
12151,Silver Cartridge,24500,29000,ragnastats,12,3
2637,Silver Christmas Ring,0,0,,8,0
675,Silver Coin,24500,29000,sibling,12,0
7916,Silver Coin,24500,29000,ragnastats,12,0
7780,Silver Key,0,0,,12,0
13730,Silver Key 1 Box,0,0,,12,0
13731,Silver Key 5 Box,0,0,,12,0
638,Silver Knife of Chastity,151500,178000,kro,7,3
7232,Silver Ore,0,0,,12,0
7077,Silver Ornament,161500,190000,estimate,7,3
2611,Silver Ring,16500,19000,npc,8,0
7947,Silver Ring Of Valentine,0,0,,12,0
2332,Silver Robe,5750,6800,npc,8,0
2333,Silver Robe,5750,6800,npc,11,0
5149,Silver Tiara,0,0,,8,0
5261,Silver Tiara,0,0,,8,0
7085,Sinew of Bear,1,2,npc,12,3
629,Singing Flower,43000,50500,kro,36,3
707,Singing Plant,13500,16000,kro,51,3
1052,Single Cell,39,53,kro,36,36
6324,Single Horned Helmet,595,805,npc,12,3
4416,Siroma Card,920000,1080000,kro,2,3
12432,Siroma Iced Tea,138000,162000,kro,32,3
13100,Six Shooter,0,0,,8,0
13101,Six Shooter,3700,4350,npc,8,0
4406,Skeggiold Card,460000,540000,kro,4,3
932,Skel-Bone,510,690,kro,76,36
7450,Skeletal Armor Piece,92000,108000,kro,7,0
4025,Skeleton Card,92000,108000,kro,4,3
4221,Skeleton General Card,1085500,1274000,kro,2,3
2511,Skeleton Manteau,0,0,,8,0
4222,Skeleton Prisoner Card,137500,161000,kro,4,3
4092,Skeleton Worker Card,634500,745000,kro,5,3
2536,Skin of Ventus,614500,721500,estimate,4,0
1968,Skipping Rope,54500,64000,ragnastats,8,0
1049,Skirt of Virgin,1550,1800,npc,51,3
4404,Skogul Card,201000,236000,ragnastats,4,3
7005,Skull,3650,4300,kro,36,36
18539,Skull Cap,920,1050,npc,8,0
10001,Skull Helm,20000,24000,kro,12,0
2609,Skull Ring,8250,9700,npc,8,0
2715,Skull Ring,0,0,,8,0
4158,Sky Deleter Card,294000,345500,kro,32,3
4120,Sky Petite Card,211500,248000,kro,4,3
6168,Sky Petite Exchange Ticket,0,0,,12,0
1526,Slash,1817500,2133500,ragnastats,2,0
1367,Slaughter,1825500,2143000,ragnastats,2,0
1151,Slayer,12000,14500,npc,8,0
1152,Slayer,12000,14500,npc,8,0
1153,Slayer,0,0,,8,0
1768,Sleep Arrow,25,35,ragnastats,12,0
4228,Sleeper Card,91000,106500,kro,36,3
5659,Sleeper Hat,1219500,1432000,ragnastats,2,0
2410,Sleipnir,0,0,,8,0
12556,Sleipnir Piece Box,0,0,,12,0
7111,Slick Paper,705,955,ragnastats,51,18
7195,Slingshot,510,690,kro,36,18
6188,Slotting Advertisement,17,24,npc,12,0
12017,Slow Potion,46000,54000,kro,36,3
12353,Small Bottle,20000,23500,ragnastats,36,3
6319,Small Bradium,52500,61500,ragnastats,12,0
18503,Small Devil Horns,0,0,,8,0
13861,Small Field Manual Box,0,0,,12,0
2764,Small Fishing Rod,0,0,,8,0
12318,Small Hearts,0,0,,12,0
6390,Small Pocket,0,0,,12,0
5085,Small Ribbons,460000,540000,kro,4,0
7613,Small Rice Cake Dough,3250,3800,ragnastats,12,0
6098,Small Snow Flower,920,1050,ragnastats,12,3
1507,Smasher,7450,8700,npc,8,0
1508,Smasher,4850,5700,ragnastats,8,0
1509,Smasher,4850,5700,sibling,8,0
5203,Smiling Mask,0,0,,8,0
6214,Smoke Powder,1600,1900,ragnastats,12,3
4044,Smokie Card,460000,540000,kro,5,3
9015,Smokie Egg,184000,216000,kro,7,0
6171,Smokie Exchange Ticket,0,0,,12,0
5064,Smokie Leaf,685000,804000,ragnastats,4,0
12057,Smooth Noodle,1950,2300,ragnastats,12,3
14561,Smooth Noodle,1950,2300,sibling,12,0
11052,SN Book Basic,0,0,,12,0
11054,SN Book Misc,0,0,,12,0
11053,SN Book Practice,0,0,,12,0
946,Snail's Shell,920,1050,kro,36,18
4037,Snake Card,82500,97000,kro,6,3
926,Snake Scale,595,805,kro,36,36
4367,Sniper Card,215960000,253518000,estimate,2,0
2367,Sniping Suit,92000,108000,ragnastats,4,0
7088,Snow Crystal,1,2,npc,12,3
12739,Snow Flowers,1,2,npc,12,3
12317,Snow Powder,10500,12500,ragnastats,12,0
4415,Snowier Card,460000,540000,kro,4,3
661,Soft Apron,138000,162000,kro,7,3
7194,Soft Blade of Grass,8550,10000,ragnastats,27,18
7063,Soft Feather,1250,1500,kro,51,18
7166,Soft Silk,9200,10500,kro,51,18
4100,Sohee Card,1012000,1188000,kro,3,3
9020,Sohee Egg,8382000,9840000,ragnastats,4,0
6175,Sohee Exchange Ticket,0,0,,12,0
1136,Solar Sword,88500,104000,kro,8,0
13403,Solar Sword,88500,104000,kro,8,0
13510,Solar Sword Box,0,0,,12,0
4059,Soldier Andre Card,0,0,,6,3
4086,Soldier Skeleton Card,1380000,1620000,kro,3,3
7190,Solid Husk,655,885,ragnastats,36,18
7507,Solid Iron Piece,9000,10500,ragnastats,36,18
7164,Solid Peach,2200,2600,ragnastats,36,18
943,Solid Shell,765,1000,kro,51,36
1067,Solid Trunk,200,270,ragnastats,51,18
4220,Solider Card,581500,682500,ragnastats,4,3
12537,Solo Gift Basket,202000,237000,ragnastats,7,0
5448,Soloplay Box1,2760000,3240000,kro,2,0
5449,Soloplay Box2,2760000,3240000,kro,2,0
2510,Somber Novice Hood,0,0,,8,0
5067,Sombrero,3372500,3959000,ragnastats,2,0
7594,Sonia's Letter,0,0,,12,0
5342,Sorin Doll Hat,0,0,,8,0
7701,Soul,6500,7650,estimate,12,0
18003,Soul Cannon Ball,225,305,ragnastats,12,0
7849,Soul Crystal,9500,11000,estimate,12,0
12092,Soul Haunted Bread,18000,21500,kro,12,3
12753,Soul Scroll,0,0,,12,0
1472,Soul Staff,100500,118000,kro,4,0
5297,Soul Wing,0,0,,8,0
594,Sour-Cream Pancake,9200,10500,ragnastats,12,3
7728,SP Doctor Ticket,0,0,,12,0
12427,SP Increase Potion (Large),17500,21000,kro,36,3
12426,SP Increase Potion (Medium),34000,40000,ragnastats,12,3
12425,SP Increase Potion (Small),85,115,npc,12,3
588,Spaghetti,0,0,,12,0
908,Spawn,920,1050,kro,51,18
1404,Spear,1550,1800,kro,8,0
1405,Spear,18000,21500,kro,8,0
1406,Spear,1932000,2268000,kro,2,0
7940,Special Alloy Trap,125,170,ragnastats,12,3
12341,Special Alloy Trap Box,17000,20000,ragnastats,12,3
7702,Special Cogwheel,0,0,,12,0
2810,Special Cooler,828000,972000,kro,4,0
12089,Special Meat Stew,66000,77000,ragnastats,12,3
12191,Special Moon Cake,0,0,,12,0
12152,Special Present,0,0,,12,0
12077,Special Royal Jelly Herbal Tea,18000,21500,kro,12,3
7596,Special Shield,0,0,,12,0
7595,Special Sword,0,0,,12,0
12093,Special Toast,61000,71500,ragnastats,12,3
1264,Specialty Jur,460000,540000,kro,4,0
1477,Spectral Spear,818500,961000,kro,4,0
1479,Spectral Spear,818500,961000,kro,4,0
12016,Speed Potion,635,860,kro,54,3
6203,Spell Book (Chain Lightning),1,2,npc,12,3
6190,Spell Book (Cold Bolt),1,2,npc,12,3
6195,Spell Book (Comet),1,2,npc,12,3
6204,Spell Book (Crimson Rock),1,2,npc,12,3
6205,Spell Book (Drain Life),1,2,npc,12,3
6201,Spell Book (Earth Spike),0,0,,12,3
6202,Spell Book (Earth Strain),1,2,npc,12,3
6189,Spell Book (Fire Bolt),0,0,,12,3
6200,Spell Book (Heaven's Drive),1,2,npc,12,3
6198,Spell Book (Jupitel Thunder),1,2,npc,12,3
6191,Spell Book (Lightening Bolt),0,0,,12,3
6193,Spell Book (Lord Of Vermilion),1,2,npc,12,3
6194,Spell Book (Meteor Storm),1,2,npc,12,3
6192,Spell Book (Storm Gust),54500,64000,ragnastats,12,3
6196,Spell Book (Tetra Vortex),1,2,npc,12,3
6197,Spell Book (Thunder Storm),1,2,npc,12,3
6199,Spell Book (Water Ball),1,2,npc,12,3
5053,Sphinx Hat,276000,324000,kro,7,0
5166,Sphinx Hat,276000,324000,kro,4,0
12055,Spicy Fried Bao,12500,15000,ragnastats,12,3
14577,Spicy Fried Bao,12500,15000,sibling,12,0
7455,Spicy Sauce,595,805,ragnastats,12,3
1523,Spike,23000,27000,ragnastats,8,0
1538,Spike,23000,27000,sibling,8,0
2258,Spiky Band,41000,48500,kro,8,0
5161,Spiky Band,184000,216000,kro,4,0
7239,Spirit of Advance,0,0,,12,0
7237,Spirit of Association,0,0,,12,0
7235,Spirit of Charge,0,0,,12,0
7242,Spirit of Combination,0,0,,12,0
7243,Spirit of Cooperation,0,0,,12,0
7238,Spirit of Coordination,0,0,,12,0
7247,Spirit of Determination,0,0,,12,0
7083,Spirit of Fish,1,2,npc,36,3
7245,Spirit of Friendship,0,0,,12,0
7250,Spirit of Glory,0,0,,12,0
7234,Spirit of Guild,1,2,npc,12,0
7248,Spirit of Honor,0,0,,12,0
7246,Spirit of Peace,0,0,,12,0
7236,Spirit of Protection,0,0,,12,0
7249,Spirit of Service,0,0,,12,0
7244,Spirit of Solidarity,0,0,,12,0
7240,Spirit of Trust,0,0,,12,0
7241,Spirit of Union,0,0,,12,0
7251,Spirit of Victory,0,0,,12,0
6087,Spiritual Crystal,245000,288000,ragnastats,7,3
6088,Spiritual Crystal,307000,360500,ragnastats,7,3
2677,Spiritual Ring,253000,297000,kro,7,0
2711,Spiritual Ring,253000,297000,kro,4,0
2786,Spiritual Ring,253000,297000,kro,4,0
12539,Splendid Box,17,24,npc,12,3
12368,Splendid Mirror,17,24,npc,12,3
6391,Splendid Supply Kit,0,0,,12,0
11018,Splendide Selling Item,0,0,,12,0
14609,Spoiled Cuisine,0,0,,12,0
7217,Spool,64000,75500,kro,51,18
7016,Spoon Stub,1350,1600,ragnastats,12,18
4022,Spore Card,82500,97000,kro,9,3
743,Spore Doll,27500,32000,kro,51,3
9012,Spore Egg,92000,108000,kro,7,0
6164,Spore Exchange Ticket,0,0,,12,0
5029,Spore Hat,0,0,,8,0
10035,Spring,0,0,,12,0
4227,Spring Rabbit Card,435500,511500,ragnastats,4,3
9031,Spring Rabbit Egg,0,0,,12,0
7775,Spring Rabbit Ticket,0,0,,12,0
2387,Sprint Mail,92000,108000,kro,7,0
2744,Sprint Ring,1380000,1620000,kro,2,0
2440,Sprint Shoes,276000,324000,kro,4,0
7193,Sprout,8850,10000,ragnastats,27,18
18596,Sprout Hat,0,0,,8,0
7084,Sputum of Bird,1,2,npc,12,3
7768,Squid,1,2,npc,12,0
1024,Squid Ink,4600,5400,kro,51,18
1607,Staff,7850,9200,npc,8,0
1608,Staff,7850,9200,npc,8,0
1609,Staff,0,0,,8,0
1648,Staff Of Bordeaux,92000,108000,kro,4,0
2000,Staff of Destruction,460000,540000,kro,7,0
12364,Staff Of Leader,17,24,npc,12,3
4039,Stainer Card,302500,355000,ragnastats,4,3
4223,Stalactic Golem Card,39000,45500,ragnastats,6,3
12420,Stamina Up M,0,0,,12,0
4424,Stapo Card,55000,64500,kro,6,3
1000,Star Crumb,6900,8100,kro,51,6
7758,Star Crystal,0,0,,12,0
1001,Star Dust,1150,1350,ragnastats,51,6
1148,Star Dust Blade,3850,4500,ragnastats,8,0
13830,Stat Boost 1,0,0,,12,0
13831,Stat Boost 2,0,0,,12,0
13832,Stat Boost 3,0,0,,12,0
13833,Stat Boost 4,0,0,,12,0
5443,Statue Of Baby Angel,2121000,2490000,ragnastats,2,0
11706,Steak,0,0,,12,0
12087,Steamed Alligator with Vegetable,6450,7550,ragnastats,12,6
12069,Steamed Ancient Lips,3650,4300,kro,12,3
12060,Steamed Bat Wing in Pumpkin,14500,17000,ragnastats,12,3
14578,Steamed Bat Wing in Pumpkin,14500,17000,sibling,12,0
12051,Steamed Crab Nippers,6000,7050,ragnastats,27,3
14557,Steamed Crab Nippers,6000,7050,sibling,12,0
12090,Steamed Desert Scorpions,32000,37500,ragnastats,12,0
12251,Steamed Desert Scorpions,32000,37500,sibling,12,0
13837,Steamed Desert Scorpions Box,0,0,,12,0
14237,Steamed Desert Scorpions Box(20),0,0,,12,0
13592,Steamed Scorpion 30 Box,0,0,,12,0
13593,Steamed Scorpion 50 Box,0,0,,12,0
12075,Steamed Tongue,290500,341500,ragnastats,7,3
12250,Steamed Tongue,290500,341500,sibling,7,0
14236,Steamed Tongue 20 Box,0,0,,12,0
13604,Steamed Tongue 30 Box,0,0,,12,0
13605,Steamed Tongue 50 Box,0,0,,12,0
13836,Steamed Tongue Box,0,0,,12,0
999,Steel,5200,6150,kro,76,36
1753,Steel Arrow,15,21,ragnastats,12,0
12006,Steel Arrow Quiver,1,3,npc,54,3
4042,Steel Chonchon Card,96500,113000,kro,4,3
9007,Steel Chonchon Egg,82500,97000,kro,12,0
6167,Steel Chonchon Exchange Ticket,0,0,,12,0
2294,Stellar,27000,32000,ragnastats,22,0
10011,Stellar Hairpin,551000,647000,ragnastats,7,0
905,Stem,380,515,kro,76,36
1979,Stem of Nepenthes,61000,71500,ragnastats,8,0
4224,Stem Worm Card,690000,810000,kro,4,3
13578,Stew of Immortality 30 Box,0,0,,12,0
13579,Stew of Immortality 50 Box,0,0,,12,0
7763,Sticky Herb,0,0,,12,0
938,Sticky Mucus,340,460,kro,76,72
7565,Sticky Poison,1250,1500,kro,36,18
918,Sticky Webfoot,920,1050,kro,54,36
7008,Stiff Horn,81000,95000,ragnastats,36,18
1216,Stiletto,16000,18500,npc,8,0
1217,Stiletto,16000,18500,npc,11,0
1218,Stiletto,0,0,,8,0
4226,Sting Card,62500,73500,ragnastats,6,3
959,Stinky Scale,500,680,ragnastats,51,18
7910,Stolen Candy,0,0,,12,0
7909,Stolen Cookie,0,0,,12,0
7529,Stolen Sandal,0,0,,12,0
7049,Stone,5450,6400,ragnastats,51,36
1756,Stone Arrow,14,20,ragnastats,12,0
12011,Stone Arrow Quiver,18000,21000,ragnastats,12,3
2114,Stone Buckler,27500,32000,kro,11,0
7067,Stone Fragment,5350,6300,ragnastats,36,18
953,Stone Heart,125,170,ragnastats,51,36
7224,Stone of Sage,119500,140000,kro,7,0
12040,Stone of Sage,119500,140000,kro,32,3
4225,Stone Shooter Card,828000,972000,kro,4,3
9051,Stone Shooter Egg,4140000,4860000,kro,4,0
2272,Stop Post,204500,240000,ragnastats,4,0
14513,Storm Gust Scroll,0,0,,12,0
13539,Storm Gust Scroll Box,0,0,,12,0
4318,Stormy Knight Card,75900000,89100000,kro,2,0
4700,STR+1,0,0,,6,0
4768,STR+1,0,0,,6,0
4709,STR+10,0,0,,6,0
4701,STR+2,0,0,,6,0
4769,STR+2,0,0,,6,0
4702,STR+3,0,0,,6,0
4770,STR+3,0,0,,6,0
4703,STR+4,0,0,,6,0
4704,STR+5,0,0,,6,0
4705,STR+6,0,0,,6,0
4706,STR+7,0,0,,6,0
4707,STR+8,0,0,,6,0
4708,STR+9,0,0,,6,0
7167,Strange Steel Piece,9000,10500,ragnastats,36,18
7299,Straw Basket,26500,31000,ragnastats,36,18
5062,Straw Hat,1758000,2063500,ragnastats,2,0
7303,Straw Rice Bag,1,2,npc,12,18
578,Strawberry,2750,3200,kro,54,18
12098,Strawberry Flavored Rice Ball,79000,92500,ragnastats,12,3
7772,String,1,2,npc,12,0
5049,Striped Hairband,1045500,1227000,ragnastats,2,0
7219,Striped Sock,1100,1300,ragnastats,36,18
7203,Strong Branch,35500,42000,ragnastats,36,18
2125,Strong Shield,8740000,10260000,kro,2,0
6041,Strong Vine,7950,9300,ragnastats,12,0
4111,Strouf Card,5980000,7020000,kro,2,3
1805,Studded Knuckles,26000,31000,npc,8,0
1806,Studded Knuckles,26000,31000,npc,8,0
1758,Stun Arrow,8,12,ragnastats,12,0
1522,Stunner,49500,58000,npc,8,0
1532,Stunner,49500,58000,npc,8,0
4218,Succubus Card,552000,648000,kro,22,3
9055,Succubus Egg,6900000,8100000,kro,5,0
5066,Succubus Horn,414000,486000,kro,4,0
1236,Sucsamad,69000,81000,ragnastats,8,0
13018,Sucsamad,69000,81000,sibling,8,0
2802,Suicidal Device,1889000,2218000,ragnastats,2,0
7893,Sulphur,0,0,,12,0
10030,Summer Fan,0,0,,12,0
5456,Summer Hat,0,0,,8,0
5851,Summer Knight,0,0,,8,0
12765,Summer Knight Box,0,0,,12,0
12330,Summon Female GameMaster Scroll,1,2,npc,12,3
12329,Summon Male GameMaster Scroll,1,2,npc,12,3
7415,Summoning Stone,0,0,,12,0
12082,Sumptuous Feast,34500,40500,ragnastats,12,3
5032,Sunday Hat,0,0,,8,0
2253,Sunflower,50500,59000,kro,11,0
5351,Sunflower,50500,59000,kro,8,0
2201,Sunglasses,4600,5400,kro,8,0
2202,Sunglasses,41000,48500,kro,8,0
6107,Sunset On The Rock,17,24,npc,12,3
13630,Super Card Pet Egg 1,0,0,,12,0
13631,Super Card Pet Egg 2,0,0,,12,0
13632,Super Card Pet Egg 3,0,0,,12,0
13633,Super Card Pet Egg 4,0,0,,12,0
13626,Super Card Pet Egg Box 1,0,0,,12,0
13627,Super Card Pet Egg Box 2,0,0,,12,0
13628,Super Card Pet Egg Box 3,0,0,,12,0
13629,Super Card Pet Egg Box 4,0,0,,12,0
5112,Super Novice Hat,7800,9150,kro,8,0
5119,Super Novice Hat,736000,864000,kro,4,0
13617,Super Pet Egg 1,0,0,,12,0
13618,Super Pet Egg 2,0,0,,12,0
13619,Super Pet Egg 3,0,0,,12,0
13620,Super Pet Egg 4,0,0,,12,0
13613,Super Pet Egg Box 1,0,0,,12,0
13614,Super Pet Egg Box 2,0,0,,12,0
13615,Super Pet Egg Box 3,0,0,,12,0
13616,Super Pet Egg Box 4,0,0,,12,0
14524,Superb Fish Slice,0,0,,12,0
6045,Supply Box,0,0,,12,0
6123,Surface Paint,1000,1200,ragnastats,12,3
5088,Surprised Mask,30500,35500,ragnastats,8,0
2509,Survivor's Manteau,92000,108000,kro,7,0
1617,Survivor's Rod,78000,91500,kro,8,0
1618,Survivor's Rod,78000,91500,kro,11,0
1619,Survivor's Rod,78000,91500,kro,8,0
1620,Survivor's Rod,78000,91500,kro,8,0
551,Sushi,185,255,ragnastats,27,3
12546,Suspicious Dish,0,0,,12,0
7567,Suspicious Hat,70000,82500,ragnastats,36,18
7749,Sweet Bananas,4100,4800,estimate,12,0
7748,Sweet Beans,3250,3800,estimate,12,0
5412,Sweet Candy,0,0,,8,0
12225,Sweet Candy Cane,49500,58000,ragnastats,12,0
2245,Sweet Gent,27500,32000,kro,8,0
681,Sweet Memory of Marriage,201000,235500,ragnastats,7,3
627,Sweet Milk,690000,810000,kro,7,3
633,Sweet Potato,92000,108000,kro,7,3
7770,Sweet Rice,1,2,npc,12,0
7453,Sweet Sauce,595,805,ragnastats,12,3
1101,Sword,76,100,npc,8,0
1102,Sword,76,100,npc,8,0
1103,Sword,0,0,,8,0
4427,Sword Guardian Card,253000,297000,kro,4,3
1516,Sword Mace,41000,48500,npc,8,0
1517,Sword Mace,41000,48500,npc,8,0
1518,Sword Mace,0,0,,8,0
1224,Swordbreaker,423500,497500,ragnastats,4,0
13031,Swordbreaker,423500,497500,sibling,4,0
4089,Swordfish Card,776000,911500,kro,5,3
11025,Swordman Book Basic,0,0,,12,0
11026,Swordman Book Practice,0,0,,12,0
2766,Swordman Figure,0,0,,8,0
11027,Swrodman Book Misc,0,0,,12,0
7812,Symbol of Bravery,0,0,,12,0
7816,Symbol of Faith,0,0,,12,0
7611,Symbol of Fox,0,0,,12,0
7817,Symbol of Peace,0,0,,12,0
7810,Symbol of Richness,0,0,,12,0
19505,T Cigarette,0,0,,8,0
19500,T Mr Smile,0,0,,8,0
19501,T Spinx Helm,0,0,,8,0
19504,T Sunglasses,0,0,,8,0
19506,T Valkyrie Feather Band,0,0,,8,0
1552,Tablet,42000,49500,npc,8,0
1181,Tae Goo Lyeon,646000,758500,ragnastats,7,0
7010,Tail of Steel Scorpion,1250,1450,ragnastats,12,18
1958,Tail Whip,33500,39500,npc,8,0
1959,Tail Whip,19000,22500,ragnastats,8,0
5101,Takius's Blindfold,0,0,,8,0
917,Talon,17,24,npc,12,36
7048,Talon of Griffon,274000,321500,ragnastats,7,9
5379,Tam,0,0,,8,0
12105,Taming Gift Set,1265000,1485000,ragnastats,4,3
4304,Tamruan Card,92000,108000,kro,4,3
7221,Tangled Chains,4250,5000,ragnastats,36,18
12395,Tantan Noodle,437000,513000,kro,7,3
4302,Tao Gunka Card,121832000,143020000,estimate,2,0
4028,Tarou Card,46000,54000,kro,6,3
7301,Tassel,1350,1600,kro,51,18
10026,Tassel for Durumagi,0,0,,12,0
4442,Tatacho Card,920000,1080000,kro,2,3
7071,Tattered Clothes,11500,14000,kro,36,36
2352,Tattered Novice Ninja Suit,0,0,,8,0
7227,TCG Card,1,2,npc,12,0
6215,Tear Gas,3250,3800,ragnastats,12,3
4340,Teddy Bear Card,1656000,1944000,kro,11,3
5059,Teddybear Hat,92000,108000,ragnastats,4,0
6387,Teeth Sample,0,0,,12,0
12977,Teleport Scroll 1,0,0,,12,0
12978,Teleport Scroll 2,0,0,,12,0
12979,Teleport Scroll 3,0,0,,12,0
12980,Teleport Scroll 4,0,0,,12,0
12981,Teleport Scroll 5,0,0,,12,0
12982,Teleport Scroll 6,0,0,,12,0
12971,Teleport Scroll Box 1,0,0,,12,0
12972,Teleport Scroll Box 2,0,0,,12,0
12973,Teleport Scroll Box 3,0,0,,12,0
12974,Teleport Scroll Box 4,0,0,,12,0
12975,Teleport Scroll Box 5,0,0,,12,0
12976,Teleport Scroll Box 6,0,0,,12,0
5343,Telling Doll Hat,0,0,,8,0
7570,Temple Lottery Ticket,0,0,,12,0
669,Tempting Rice-Cake Soup,425,575,npc,12,3
1050,Tendon,3600,4250,ragnastats,36,18
12074,Tendon Satay,54500,64500,ragnastats,12,3
4282,Tengu Card,407500,478500,ragnastats,4,3
7159,Tengu Nose,7400,8700,ragnastats,36,18
12560,Tenkaippin Clean,0,0,,12,0
12559,Tenkaippin Strong,0,0,,12,0
962,Tentacle,195,265,kro,51,36
12058,Tentacle Cheese Gratin,3800,4450,kro,12,3
14562,Tentacle Cheese Gratin,3800,4450,kro,12,0
4058,Thara Frog Card,368000,432000,kro,5,3
4172,The Paper Card,736000,864000,kro,5,3
12312,Thick Battle Manual,1,2,npc,12,0
12410,Thick Pork Belly H,0,0,,12,0
11028,Thief Book Basic,0,0,,12,0
11030,Thief Book Misc,0,0,,12,0
11029,Thief Book Practice,0,0,,12,0
4016,Thief Bug Card,82500,97000,kro,6,3
4012,Thief Bug Egg Card,644000,756000,kro,4,3
2335,Thief Clothes,61000,71500,npc,8,0
2336,Thief Clothes,61000,71500,npc,8,0
2770,Thief Figure,0,0,,8,0
7186,Thin Trunk,190,260,ragnastats,12,18
12139,Third Stage Prize,0,0,,12,0
7074,Thor's Gauntlets,1,2,npc,12,3
13254,Thorn Needle Shuriken,85,115,npc,12,0
1636,Thorn Staff of Darkness,460000,540000,kro,7,0
2124,Thorny Buckler,46000,54000,estimate,8,0
7443,Three-Headed Dragon's Head,10500,12500,ragnastats,36,18
13290,Throwing Black Mass,0,0,,12,0
13269,Throwing Boost 500,0,0,,12,0
6297,Throwing Bottle,0,0,,12,3
13283,Throwing Ceromain Soup,0,0,,12,0
13285,Throwing Cocktail Warg Blood,0,0,,12,0
13281,Throwing Concentrated White Potion Z,0,0,,12,0
13272,Throwing Cure Free,0,0,,12,0
13288,Throwing Drosera Herb Salad,0,0,,12,0
13274,Throwing Falmons F,0,0,,12,0
13270,Throwing Full Swing K,0,0,,12,0
13277,Throwing Increase HP Potion (Large),7400,8700,ragnastats,12,0
13276,Throwing Increase HP Potion (Medium),0,0,,12,0
13275,Throwing Increase HP Potion (Small),0,0,,12,0
13280,Throwing Increase SP Potion (Large),85,115,npc,12,0
13279,Throwing Increase SP Potion (Medium),0,0,,12,0
13278,Throwing Increase SP Potion (Small),0,0,,12,0
13271,Throwing Mana Plus,0,0,,12,0
13286,Throwing Minor Stew,0,0,,12,0
13273,Throwing Muramura M,0,0,,12,0
13289,Throwing Petite Tail Soup,0,0,,12,0
13284,Throwing Savage Full Roast,0,0,,12,0
13287,Throwing Siroma Iced Tea,0,0,,12,0
13282,Throwing Vitata 500,0,0,,12,0
13168,Thunder P,62500,73500,npc,8,0
13169,Thunder P,6150,7200,ragnastats,8,0
12121,Thunderproof Potion,2750,3200,kro,54,3
2234,Tiara,46000,54000,kro,8,0
5164,Tiara,276000,324000,kro,4,0
12488,Ticket Gift Box,0,0,,12,0
12489,Ticket Gift Box2,0,0,,12,0
2424,Tidal Shoes,46000,54000,kro,8,0
5485,Tiger Face,0,0,,8,0
7267,Tiger Panty,1050,1250,ragnastats,36,18
1029,Tiger Skin,82500,97000,kro,12,3
1030,Tiger's Footskin,193000,226500,kro,7,0
2330,Tights,65000,76500,kro,8,0
2331,Tights,69000,81000,kro,8,0
10012,Tiny Egg Shell,24500,29000,ragnastats,12,0
1139,Tirfing,184000,216000,ragnastats,4,0
1416,Tjungkuletti,0,0,,8,0
11043,TK Book Basic,0,0,,12,0
11045,TK Book Misc,0,0,,12,0
11044,TK Book Practice,0,0,,12,0
4306,Toad Card,59500,70000,kro,6,3
6002,Token of Apostle,0,0,,12,3
7726,Token of King,0,0,,12,0
13601,Token of Siegfried 20 Box,0,0,,12,0
13600,Token of Siegfried 5 Box,0,0,,12,0
7606,Token of the Ox,1,2,npc,12,0
566,Tom Yum Goong,2900,3400,ragnastats,12,3
1314,Tomahawk,809000,949500,sibling,4,0
1368,Tomahawk,809000,949500,ragnastats,4,0
1374,Tomahawk,809000,949500,sibling,4,0
1389,Tomahawk,809000,949500,sibling,4,0
13507,Tomahawk Box,0,0,,12,0
1015,Tongue,965,1100,ragnastats,51,18
5272,Tongue Mask,0,0,,8,0
13028,Tooth Blade,33000,38500,ragnastats,8,0
913,Tooth of Bat,1250,1500,kro,51,18
728,Topaz,5500,6450,kro,36,18
7117,Torn Magic Book,4600,5400,kro,36,18
7118,Torn Scroll,35000,41000,ragnastats,36,6
7012,Tough Scalelike Stem,920,1050,kro,36,18
7197,Tough Vines,19000,22500,kro,51,36
2133,Tournament Shield,524500,616000,estimate,4,0
6025,Towel of Memory,0,0,,12,0
4229,Tower Keeper Card,1196000,1404000,kro,2,3
1146,Town Sword,34500,40500,npc,8,0
1147,Town Sword,22500,26500,ragnastats,8,0
7322,Toxic Gas,565,765,npc,36,18
12721,Toxin,5450,6400,kro,36,3
555,Traditional Rice Cake,255,350,ragnastats,12,0
6094,Traditional Sweets,17,24,npc,12,0
7274,Translated Ancient Language,1,2,npc,12,0
7165,Transparent Celestial Robe,1300,1500,ragnastats,36,18
10003,Transparent Head Protector,220500,258500,ragnastats,7,0
7352,Transparent Plate,27000,32000,ragnastats,36,3
7353,Transparent Plate,27000,32000,ragnastats,36,3
7354,Transparent Plate,27000,32000,ragnastats,36,3
7355,Transparent Plate,27000,32000,ragnastats,36,3
1065,Trap,65,89,ragnastats,36,6
7631,Trash Debris,0,0,,12,0
7444,Treasure Box,707500,830500,ragnastats,32,9
7721,Treasure Box,707500,830500,sibling,7,0
12339,Treasure Edition Box,0,0,,12,0
12334,Treasure Edition Helm Box,0,0,,12,0
902,Tree Root,10,14,kro,36,36
4308,Tri Joint Card,288500,338500,ragnastats,4,3
13862,Trial Box,0,0,,12,0
5682,Triangle Rune Cap,0,0,,8,0
1460,Trident,42000,49500,npc,8,0
1461,Trident,27000,31500,estimate,8,0
1462,Trident,0,0,,8,0
5255,Triple Poring Hat,59500,70000,ragnastats,8,0
12079,Tristan XII,226000,265500,ragnastats,7,3
634,Tropical Banana,184000,216000,kro,7,3
12112,Tropical Sograt,17000,19500,ragnastats,27,3
1019,Trunk,1550,1800,kro,51,36
1119,Tsurugi,42000,49500,npc,8,0
1120,Tsurugi,42000,49500,npc,8,0
1121,Tsurugi,0,0,,8,0
5077,Tulip Hairpin,380500,446500,ragnastats,4,0
2222,Turban,3700,4350,npc,8,0
2223,Turban,3700,4350,npc,8,0
7294,Turquoise,328500,385500,ragnastats,7,18
4305,Turtle General Card,276000000,324000000,kro,2,0
967,Turtle Shell,8250,9700,kro,36,36
7170,Tuxedo,39500,46000,npc,27,3
13412,Twin Edge of Naght Sieger,214500,252000,estimate,7,0
13413,Twin Edge of Naght Sieger,217500,255500,estimate,7,0
5384,Twin Pompom By JB,0,0,,8,0
5187,Twin Ribbon,0,0,,8,0
5488,Twin Santa Hat,0,0,,8,0
1360,Two-Handed Axe,45500,53000,npc,8,0
1361,Two-Handed Axe,136000,160000,ragnastats,4,0
1362,Two-Handed Axe,136000,160000,sibling,4,0
1157,Two-Handed Sword,49500,58000,npc,8,0
1158,Two-Handed Sword,49500,58000,npc,8,0
1159,Two-Handed Sword,0,0,,8,0
6323,Two-Horned Helmet,54500,64000,ragnastats,12,3
7745,Ube Jam,7400,8650,estimate,12,0
2531,Ulfhedinn,9200,10500,ragnastats,8,0
5123,Ulle's Cap,391000,459000,kro,4,0
18505,Umbala Spirit,0,0,,8,0
5316,Umbrella Hat,0,0,,8,0
12279,Undead Elemental Scroll,0,0,,12,0
2522,Undershirt,276000,324000,kro,7,0
2523,Undershirt,276000,324000,kro,4,0
4336,Ungoliant Card,1288000,1512000,kro,2,3
1263,Unholy Touch,18000,21500,ragnastats,11,0
2257,Unicorn Horn,46000,54000,kro,8,0
6308,Unidentified Relic,0,0,,12,0
658,Union of Tribe,1,3,npc,36,36
12591,Universal Catalog Bronze,0,0,,12,0
12581,Universal Catalog Gold,0,0,,12,0
16677,Universal Catalog Gold 10 Box,0,0,,12,0
16679,Universal Catalog Gold 10 Box,0,0,,12,0
16776,Universal Catalog Gold 10 Box,0,0,,12,0
16678,Universal Catalog Gold 50 Box,0,0,,12,0
16680,Universal Catalog Gold 50 Box,0,0,,12,0
16777,Universal Catalog Gold 50 Box,0,0,,12,0
12580,Universal Catalog Silver,10000,11500,ragnastats,12,0
7103,Unknown Liquid Bottle,0,0,,12,3
1071,Unknown Test Tube,0,0,,12,0
1085,Unknown Test Tube,0,0,,12,0
1086,Unknown Test Tube,0,0,,12,0
1087,Unknown Test Tube,0,0,,12,0
1090,Unknown Test Tube,0,0,,12,0
7725,Unlucky Emerald,0,0,,12,0
619,Unripe Apple,85500,100000,kro,51,3
12292,Unripe Fruit,425,575,npc,36,3
14595,Unsealed Magic Spell,0,0,,12,0
7970,Unwritten Letter1,0,0,,12,0
7971,Unwritten Letter2,0,0,,12,0
5802,Upgraded Elephant Hat,0,0,,8,0
6382,Urn,0,0,,12,3
7319,Used Iron Plate,2750,3200,kro,51,36
7146,Vacation Ticket,0,0,,12,0
4049,Vadon Card,644000,756000,kro,4,3
4183,Vagabond Wolf Card,533500,626000,kro,22,3
12742,Valentine Gift Box,0,0,,12,0
12743,Valentine Gift Box,0,0,,12,0
14548,Valentine's Day Firecracker,0,0,,12,0
13806,Valentine's Day Firecracker Box,0,0,,12,0
7510,Valhalla's Flower,275500,323000,kro,22,3
2517,Vali's Manteau,24500,29000,npc,11,0
2357,Valkyrian Armor,460000,540000,kro,4,0
2524,Valkyrian Manteau,920000,1080000,kro,3,0
2421,Valkyrian Shoes,460000,540000,kro,7,0
5171,Valkyrie Helm,1150000,1350000,kro,2,0
5826,Valkyrie Helmet,0,0,,8,0
7831,Valkyrie's Token,1,2,npc,12,3
2115,Valkyrja's Shield,5085500,5970000,kro,2,0
4411,Vanberk Card,874000,1026000,kro,5,3
7192,Vane,2150,2550,ragnastats,12,18
2423,Variant Shoes,184000,216000,kro,7,0
11011,Varmunt's Note,0,0,,12,0
1311,Vecer Axe,115000,135000,kro,4,0
4369,Venatu Card,404500,475000,kro,22,3
12724,Venom Bleed,15500,18000,ragnastats,12,3
937,Venom Canine,1050,1200,kro,54,36
1771,Venom Knife,22,30,kro,12,0
4333,Venomous Card,55000,64500,kro,6,3
4107,Verit Card,1840000,2160000,kro,3,3
12113,Vermilion on the Beach,21000,24500,ragnastats,12,3
12360,Very Red Juice,248000,291500,kro,7,3
12359,Very Soft Plant,17,24,npc,12,3
4374,Vesper Card,207600000,243704500,estimate,2,0
2659,Vesper Core 01,2179000,2558000,ragnastats,2,0
2660,Vesper Core 02,1164000,1366500,estimate,2,0
2661,Vesper Core 03,1164000,1366500,estimate,2,0
2662,Vesper Core 04,1164000,1366500,estimate,2,0
1384,Veteran Axe,8250,9700,npc,8,0
1548,Veteran Hammer,8250,9700,npc,8,0
1188,Veteran Sword,1840000,2160000,kro,2,0
5301,Victory Hairband,0,0,,8,0
2418,Vidar's Boots,24500,29000,npc,8,0
7044,Vigorgra,0,0,,12,0
981,Violet Dyestuffs,206500,242500,ragnastats,32,3
1185,Violet Fear,5980000,7020000,kro,2,0
1901,Violin,3300,3850,npc,22,0
1902,Violin,3300,3850,npc,8,0
4209,Violy Card,28500,33500,ragnastats,6,3
4740,VIT+1,0,0,,6,0
4774,VIT+1,0,0,,6,0
4749,VIT+10,0,0,,6,0
4741,VIT+2,0,0,,6,0
4775,VIT+2,0,0,,6,0
4742,VIT+3,0,0,,6,0
4776,VIT+3,0,0,,6,0
4743,VIT+4,0,0,,6,0
4744,VIT+5,0,0,,6,0
4745,VIT+6,0,0,,6,0
4746,VIT+7,0,0,,6,0
4747,VIT+8,0,0,,6,0
4748,VIT+9,0,0,,6,0
565,Vita500,0,0,,12,0
7279,Vita500 Lid,8,12,npc,12,0
11024,Vital Drink CB,0,0,,12,3
6110,Vital Flower,920,1050,ragnastats,12,3
6113,Vital Flower,920,1050,npc,12,3
2450,Vital Tree Shoes,1244000,1460500,ragnastats,2,0
12436,Vitata 500,27500,32000,kro,36,3
4053,Vitata Card,460000,540000,kro,5,3
12490,Vivid Notation,10000,11500,ragnastats,12,3
4211,Vocal Card,920000,1080000,kro,2,3
1073,Voucher,0,0,,27,0
1074,Voucher,0,0,,12,0
1075,Voucher,0,0,,12,0
1076,Voucher,0,0,,12,0
1077,Voucher,0,0,,12,0
1078,Voucher,0,0,,12,0
1079,Voucher,0,0,,12,0
1080,Voucher,0,0,,12,0
5578,Voyage_Hat,0,0,,8,0
6145,Vulcan Bullet,0,0,,12,3
12383,Vulcan Bullet Magazine,0,0,,12,3
5345,W Doll Hat,0,0,,8,0
1801,Waghnak,6600,7750,npc,8,0
1802,Waghnak,6600,7750,npc,8,0
1604,Wand,2050,2400,npc,8,0
1605,Wand,2050,2400,npc,8,0
1606,Wand,0,0,,8,0
1614,Wand of Occult,13000,15000,ragnastats,8,0
4210,Wanderer Card,634500,745000,kro,22,3
9037,Wanderer Egg,3174000,3726000,kro,4,0
5188,Wandering Minstrel Hat,0,0,,8,0
1306,War Axe,18000,21500,estimate,8,0
4332,Waste Stove Card,2024000,2376000,kro,2,3
13109,Wasteland Outlaw,91500,107500,kro,8,0
13107,Wasteland's Outlaw,91500,107500,kro,8,0
12400,Water Of Blessing,0,0,,12,0
2787,Waterdrop Brooch,0,0,,8,0
13558,Weapon Card Pet Egg Scroll,0,0,,12,0
13565,Weapon Card Pet Egg Scroll,0,0,,12,0
13566,Weapon Card Pet Egg Scroll,0,0,,12,0
13518,Weapon Card Pet Egg Scroll Box,0,0,,12,0
13554,Weapon Card Pet Egg Scroll Box,0,0,,12,0
13555,Weapon Card Pet Egg Scroll Box,0,0,,12,0
745,Wedding Bouquet,11000,12500,npc,27,3
2338,Wedding Dress,39500,46000,kro,8,0
2206,Wedding Veil,21000,24500,kro,8,0
1227,Weeder Knife,0,0,,8,0
13047,Weihna,351000,412000,ragnastats,4,0
6034,Weird Part,0,0,,12,0
2292,Welding Mask,46000,54000,ragnastats,8,0
6106,Well Ripened Berry,1050,1250,ragnastats,12,3
538,Well-baked Cookie,3050,3600,ragnastats,51,18
628,Well-Dried Bone,184000,216000,kro,7,3
2248,Western Grace,460000,540000,kro,4,0
7076,Wheel of the Unknown,1,2,npc,36,3
1952,Whip,9900,11500,npc,8,0
1953,Whip,9900,11500,npc,8,0
1960,Whip,31000,36500,npc,22,0
1961,Whip,35000,41000,ragnastats,8,0
1980,Whip of Balance,27000,31500,ragnastats,8,0
4102,Whisper Card,418500,491000,kro,5,3
9045,Whisper Egg,9200000,10800000,kro,4,0
13724,Whisper Mask Box,0,0,,12,0
13736,Whisper Mask Box,0,0,,12,0
561,White Chocolate,1400,1600,ragnastats,12,0
982,White Dyestuffs,545500,640500,ragnastats,31,3
509,White Herb,425,575,kro,76,72
12995,White Herb Box,0,0,,12,0
4372,White Lady Card,257140000,301860000,kro,2,0
7568,White Mask,3450,4050,ragnastats,36,36
18612,White Musang Hat,0,0,,8,0
504,White Potion,295,400,ragnastats,40,0
6247,White Powder,605,815,ragnastats,36,3
11524,White Raffle Sap,1900,2250,ragnastats,12,3
5197,White Ribbon,610,825,npc,8,0
5411,White Snake Hat,0,0,,8,0
6325,White Spider Limb,118000,138500,ragnastats,7,3
14547,Whiteday Firecracker,0,0,,12,0
13805,Whiteday Firecracker Box,0,0,,12,0
12072,Whole Roast,38500,45500,ragnastats,12,3
4348,Wickebine Tres Card,1288000,1512000,kro,2,3
9047,Wicked Nymph Egg,1840000,2160000,kro,4,0
10005,Wig,64000,75500,kro,12,0
7851,Wii Raffle Ticket,0,0,,12,0
1268,Wild Beast Claw,92000,108000,ragnastats,7,0
10009,Wild Flower,35500,41500,ragnastats,12,0
4257,Wild Rose Card,1748000,2052000,kro,2,3
7566,Will of Red Darkness,3500,4150,kro,12,0
7340,Will of the Darkness,3550,4200,kro,36,18
4010,Willow Card,92000,108000,kro,4,3
6514,Wind Amulet,90,120,ragnastats,12,3
12010,Wind Arrow Quiver,14000,16500,ragnastats,36,3
4264,Wind Ghost Card,1104000,1296000,kro,2,3
992,Wind of Verdure,4500,5250,kro,76,6
7523,Wind Stone,125,170,ragnastats,12,3
13699,Wind Walk Scroll 10 Box,0,0,,12,0
13594,Wind Walk Scroll 30 Box,0,0,,12,0
13595,Wind Walk Scroll 50 Box,0,0,,12,0
1307,Windhawk,41000,48500,kro,8,0
7064,Wing of Dragonfly,1050,1250,ragnastats,36,18
7006,Wing of Red Bat,765,1000,kro,36,36
1616,Wing Staff,553500,650000,ragnastats,4,0
6378,Winning Mark,0,0,,12,0
5115,Winter Hat,6330500,7432000,ragnastats,2,0
1954,Wire Whip,14000,17000,npc,8,0
1955,Wire Whip,14000,17000,npc,8,0
7313,Witch's Medal,0,0,,12,0
18656,Witch's Pumpkin Hat,0,0,,8,0
1061,Witched Starsand,605,820,kro,54,36
6086,Withered Flower,12000,14000,ragnastats,36,6
748,Witherless Rose,50500,59000,kro,51,3
2252,Wizard Hat,46000,54000,kro,8,0
1473,Wizardry Staff,69000,81000,kro,8,0
4029,Wolf Card,147000,172500,kro,4,3
920,Wolf Claw,18000,21500,kro,51,36
7081,Woman's Moustache,161500,190000,estimate,7,3
12136,Women's Bundle,0,0,,12,0
5050,Wonder Nutshell,159500,187500,ragnastats,4,0
6008,Wood,0,0,,12,3
7850,Wooden Block,1300,1550,estimate,12,0
7222,Wooden Gnarl,4650,5500,ragnastats,36,18
4259,Wooden Golem Card,9150000,10741000,ragnastats,2,3
7189,Wooden Heart,1200,1450,ragnastats,36,18
2328,Wooden Mail,5050,5900,kro,8,0
2329,Wooden Mail,138000,162000,kro,4,0
5309,Wool Mask,0,0,,8,0
2528,Wool Scarf,78000,91500,ragnastats,11,0
4261,Wootan Fighter Card,575000,675000,kro,4,3
4260,Wootan Shooter Card,82500,97000,kro,6,3
955,Worm Peeling,765,1000,kro,36,72
4034,Wormtail Card,685000,804500,kro,4,3
1097,Worn Out Page,1150,1400,kro,51,18
618,Worn Out Scroll,13500,16000,ragnastats,12,3
7153,Worn-out Kimono,6550,7650,ragnastats,36,18
7099,Worn-out Magic Scroll,13500,16000,kro,51,18
1099,Worn-out Prison Uniform,845,1100,kro,36,18
4190,Wraith Card,82500,97000,kro,6,3
4189,Wraith Dead Card,780500,916000,ragnastats,4,3
12023,Wrapped Box,0,0,,12,0
12107,Wrapped Mask,1719000,2018000,ragnastats,4,3
7174,Wrapping Lace,1,2,npc,27,18
7175,Wrapping Paper,1,2,npc,27,18
7078,Wrath of Valkyrie,161500,190000,estimate,7,3
1531,Wrench,46000,54000,ragnastats,8,0
1534,Wrench,46000,54000,sibling,8,0
13514,Wrench Box,0,0,,12,0
6026,Written Oath Of Marriage,0,0,,12,0
14283,Written Oath Of Marriage Box,0,0,,12,0
5079,X Hairpin,1112500,1306000,ragnastats,2,0
12200,X-mas Cake,17,24,npc,12,0
14550,Xmas Firecracker,0,0,,12,0
13808,Xmas Firecracker Box,0,0,,12,0
12355,Xmas Gift,1,3,npc,12,3
7760,Yaga's Magic Book,0,0,,12,3
7762,Yaga's Pestle,3650,4300,kro,36,18
549,Yam,2750,3250,ragnastats,12,18
4328,Yao Jun Card,736000,864000,kro,4,3
7038,Yarn,6700,7900,ragnastats,51,18
7448,Yellow Bijou,56500,66000,kro,36,6
12507,Yellow Butterfly Wing,0,0,,12,0
14582,Yellow Butterfly Wing,0,0,,12,0
13849,Yellow Butterfly Wing 5 Box,0,0,,12,0
13850,Yellow Butterfly Wing Box,0,0,,12,0
715,Yellow Gemstone,510,690,kro,51,36
508,Yellow Herb,920,1050,kro,76,36
4382,Yellow Novus Card,276000,324000,kro,4,3
7149,Yellow Plate,970,1100,ragnastats,12,18
503,Yellow Potion,125,170,ragnastats,27,0
6246,Yellow Powder,1750,2050,ragnastats,12,3
11523,Yellow Raffle Sap,935,1100,ragnastats,12,3
5192,Yellow Ribbon,610,825,npc,8,0
7452,Yellow Spice,920,1050,kro,12,3
6362,Yellow Wish Point,14000,16500,ragnastats,12,3
607,Yggdrasil Berry,16000,19000,kro,76,72
14232,Yggdrasil Berry 10 Box,0,0,,12,0
13517,Yggdrasil Berry Box,0,0,,12,0
610,Yggdrasil Leaf,3650,4300,kro,76,18
608,Yggdrasil Seed,50500,59000,kro,76,72
7018,Young Twig,42,58,npc,12,0
4051,Yoyo Card,460000,540000,kro,5,3
753,Yoyo Doll,46000,54000,kro,51,3
9016,Yoyo Egg,874000,1026000,kro,7,0
6174,Yoyo Exchange Ticket,0,0,,12,0
942,Yoyo Tail,1550,1800,kro,51,36
7406,Yuebing,0,0,,12,0
7407,Yuebing,0,0,,12,0
7408,Yuebing,0,0,,12,0
7409,Yuebing,0,0,,12,0
7410,Yuebing,0,0,,12,0
7411,Yuebing,0,0,,12,0
7412,Yuebing,0,0,,12,0
7413,Yuebing,0,0,,12,0
7414,Yuebing,0,0,,12,0
7911,Yulia's Hat,0,0,,12,0
912,Zargon,405,550,kro,51,72
4277,Zealotus Card,1932000,2268000,kro,2,3
9026,Zealotus Egg,25300000,29700000,kro,4,0
5121,Zealotus Mask,92000,108000,ragnastats,4,0
4096,Zenorc Card,78000,91500,kro,6,3
1044,Zenorc's Fang,255,345,kro,36,18
1238,Zeny Knife,782000,918000,kro,4,0
1468,Zephyrus,161000,189000,kro,4,0
1481,Zephyrus,161000,189000,kro,4,0
4064,Zerom Card,910500,1069000,kro,5,3
6184,Zherlthsh Exchange Ticket,0,0,,12,0
4272,Zhu Po Long Card,801500,941000,ragnastats,4,3
4281,Zipper Bear Card,138000,162000,kro,4,3
729,Zircon,5500,6450,ragnastats,36,6
4038,Zombie Card,73500,86000,kro,6,3
4274,Zombie Master Card,670000,786500,ragnastats,22,3
4275,Zombie Prisoner Card,828000,972000,kro,4,3
4435,Zombie Slaughter Card,82500,97000,kro,6,3
2263,Zorro Masque,92000,108000,kro,4,0
1168,Zweihander,46000,54000,kro,8,0
1171,Zweihander,920000,1080000,kro,2,0
